path,file,thread,label_at_scoring,audio_sha256,logistic-compact-c005_score,logistic-compact-c005_above_training_threshold,forest-rich-depth3_score,forest-rich-depth3_above_training_threshold
/b/src/336185346/17881465967250984170.mp4,17881465967250984170.mp4,336185346,negative,c735f3b4e11bf6e7eba277751624badbbefb9a521a932a2e067f09f2d858f19a,0.03803109148978584,False,0.0,False
/b/src/336185346/17881465967631001463.mp4,17881465967631001463.mp4,336185346,negative,f5a9d1c421d868fef52ed02d517954c06c6809e74a886756ecfd109c667fe17c,0.2798956407929073,False,0.0,False
/b/src/336185346/17881465968552291618.mp4,17881465968552291618.mp4,336185346,negative,7d64826948f75c81ab0d2dc2527332a50c5edad461494541af887eb0a1d12339,0.09943611569346203,False,0.0,False
/b/src/336185346/17881465969503404529.mp4,17881465969503404529.mp4,336185346,negative,e4eb3243fb4899691b3a90ff75063b67597bce318ca7c06c6f7f7fa18f1e455c,0.2723075282116746,False,0.0,False
/b/src/336185346/17881471347760391895.webm,17881471347760391895.webm,336185346,negative,3185291d2dea504d31c724e5274c9342dd51149f95112b07c7ec6f679769d689,0.034187072388079255,False,0.0,False
/b/src/336185346/17881471348221852491.webm,17881471348221852491.webm,336185346,negative,5d46105874d224fad34f3f4290435fdb7a6750ef98eac077ab3f5f3cbffcda75,0.22504319728003225,False,0.0,False
/b/src/336185346/17881471348652832636.webm,17881471348652832636.webm,336185346,negative,22769e8dc2a0726d40cb8f12538f9e90d1e839915d34e7d61ed9e7f698e6b9a0,0.06250566958442273,False,0.0,False
/b/src/336185346/17881471349043346110.webm,17881471349043346110.webm,336185346,negative,2133f2ccf87a4d737a0b5966180038ce2271786ddd9ea93ed1f61a9b9a93665b,0.1625248705711384,False,0.0,False
/b/src/336185346/17881472051890532784.webm,17881472051890532784.webm,336185346,negative,9213ea1c8736355ef5587d0ef55146b1f986029a378a6db23642251a00e69b1c,0.0483568904651602,False,0.0,False
/b/src/336185346/17881472052311188908.mp4,17881472052311188908.mp4,336185346,negative,f85a1032a780f69130c04c788387b742728e92eb22287cb86f10984e580f793a,0.06588969571289884,False,0.0,False
/b/src/336185346/17881472052642249983.mp4,17881472052642249983.mp4,336185346,negative,c61fb1c1eb77068f0379667d589d8a7e810cdf156c4ac3296f02e9512ef1a328,0.07889451698278788,False,0.0,False
/b/src/336185346/17881472052943974876.mp4,17881472052943974876.mp4,336185346,negative,a36bdc25a511ec8b573a84a061ffb003df88d0d8f2e5cc7bfb140b5146e4f799,0.08555114017227394,False,0.0,False
/b/src/336185346/17881473451750796322.webm,17881473451750796322.webm,336185346,negative,a9eeb6038c7e47eb3f3721677b6a61f0f39d2d1a183b31f0eb97819ba281a478,0.04158319058070011,False,0.0,False
/b/src/336185346/17881473452011163774.webm,17881473452011163774.webm,336185346,negative,dcd0c85e7898ce15c468af07ec46566d78c35e94c2e76fd0a06dd2a4bdac50d6,0.03480149462514322,False,0.0,False
/b/src/336185346/17881473452652718877.mp4,17881473452652718877.mp4,336185346,negative,e8598c85b9608b04d4ad47ec7cd8a8e1fc17938571b79551584a171d6aeff73e,0.09738356393859675,False,0.0,False
/b/src/336185346/17881473453033698719.mp4,17881473453033698719.mp4,336185346,negative,ec30c5c2b72b0c316acd98be097551c67d3a4d7ece5131fdca621e79b32f6401,0.05681586556889674,False,0.0,False
/b/src/336185346/17881473718100484612.mp4,17881473718100484612.mp4,336185346,negative,dd69efdb2996120ae48a7e0a819869b18d386b53830ab461c151234a627a4fc6,0.16201552901310462,False,0.0,False
/b/src/336185346/17881473718391599780.webm,17881473718391599780.webm,336185346,negative,8118acb3a20e15e452a8e6d85ca357b6406d183398f0dbe10edf2e30d09d302c,0.034987663343271545,False,0.0,False
/b/src/336185346/17881473718592141064.webm,17881473718592141064.webm,336185346,negative,7ad18a2d5877ff30edcdaa8462c856c5b0bac8ba33e6b81707a5a1998b6a283c,0.3162724547111562,False,0.0024367816091954027,False
/b/src/336185346/17881473718963999081.mp4,17881473718963999081.mp4,336185346,negative,545536a7f51d14a42be532b08611327a1a9b5a238ba8a5185210a556fc6ac321,0.05307040878546442,False,0.0,False
/b/src/336185346/17881476137660153150.mp4,17881476137660153150.mp4,336185346,negative,8beae0512380e88ff5b4573290b2bec482cc2ef736320e21ce257ee88b20e205,0.08348736804188384,False,0.0,False
/b/src/336185346/17881476137901395338.webm,17881476137901395338.webm,336185346,negative,bfe712d356ba6265a160a3a5c2013fff3c80558b18d40cc38ed763c0ecfe497a,0.14535831695008927,False,0.0,False
/b/src/336185346/17881476138422688186.mp4,17881476138422688186.mp4,336185346,negative,d4e957fe5b78816aa02d3ebabaf3871e333ebd9ddb409bd2c4fdb7d0295ae12c,0.17418319691088777,False,0.0,False
/b/src/336185346/17881476139173281009.mp4,17881476139173281009.mp4,336185346,negative,c3a39849e18fbcc844ad098351ec2dabb4bbdd2b52274d76ce446297b76b5f2c,0.10272854350520946,False,0.0,False
/b/src/336185346/17881476529170788169.mp4,17881476529170788169.mp4,336185346,negative,38d1ec1dec2e34786fab7e9ebd0fb6bb223050b49ec88a3ae62b077f6e0b1687,0.1871733767377024,False,0.0,False
/b/src/336185346/17881476530211282024.mp4,17881476530211282024.mp4,336185346,negative,86c28c5efb64c8bea54046b994e5788dc1ab4301286973eac4e763601d1d6e38,0.060432831350134414,False,0.0,False
/b/src/336185346/17881476531272575763.mp4,17881476531272575763.mp4,336185346,negative,5b6264a78c31f1d2037bd6596a2ea47cf2555945c3d6694a26cb1aedae4f7e44,0.14946922883169053,False,0.0,False
/b/src/336185346/17881476531723610876.mp4,17881476531723610876.mp4,336185346,negative,8f94eaa9fe7a182dfa339a0ef351370d9ec88dcc700d186779e78aaaa4273c65,0.05814976314718748,False,0.0,False
/b/src/336185346/17881479227760332500.mp4,17881479227760332500.mp4,336185346,negative,ebf4e4d3dde7920d4aa1a5e15f12b5dcee0f067a1b7c938ad86d839d1d6d6161,0.063452927185436,False,0.0,False
/b/src/336185346/17881479229061655868.mp4,17881479229061655868.mp4,336185346,negative,9ae4b20f179eefe978667735788d618e1577365d2dac141a7d03a558aaf7e2c7,0.19799602972747682,False,0.0,False
/b/src/336185346/17881479230062576023.mp4,17881479230062576023.mp4,336185346,negative,1ed1fed04ed95af14ffe47c05aeb4ba11c7ca747907eefb5c744f337fb3adbba,0.08966528413750126,False,0.0,False
/b/src/336185346/17881481519880705376.mp4,17881481519880705376.mp4,336185346,negative,c089e4cc083084f50dcf726a482d03c4ae0073e170d3474c98058072374914f6,0.04895788002374016,False,0.0,False
/b/src/336185346/17881481520481940448.mp4,17881481520481940448.mp4,336185346,negative,c78aa7f3496e3ea50dc9c5f6752c97848804b6e317ec50d1bd87fd7add9dcf92,0.07517669810463115,False,0.0,False
/b/src/336185346/17881481520942199957.mp4,17881481520942199957.mp4,336185346,negative,243cf81ad3255cc9bac7a298d447997c798682a5d506604bddadcaa10d90bf55,0.3439757863783083,False,0.0,False
/b/src/336185346/17881481521233653944.mp4,17881481521233653944.mp4,336185346,negative,8bd4548a9f5be8ee46d33607ebe7a80de3abe978cba0484002e47f2ed6bc78f5,0.1472348247662348,False,0.0,False
/b/src/336185346/17881481936410534871.mp4,17881481936410534871.mp4,336185346,negative,5301c607861ad5e7a5b8e1c498060311dde6594fa24c267ba27676ff3799f8af,0.23100273984002329,False,0.0,False
/b/src/336185346/17881484728990977741.webm,17881484728990977741.webm,336185346,negative,fa4597a479b0a38d6ac0ef2da9abd0227e5e584ea6d31e3ca9f36d6e2aefeca0,0.08177215082410759,False,0.0,False
/b/src/336185346/17881484729291653886.webm,17881484729291653886.webm,336185346,negative,4e9d67bf9d18de926924fd502bf32bfa84f48c5725612a6f11364d5b1e438a97,0.1656434705110426,False,0.0,False
/b/src/336185346/17881484729772461168.mp4,17881484729772461168.mp4,336185346,negative,25c6a6a1fa3217a256ca5d4a427ae8793dcbe047e5197870445bd0146ca3b91b,0.10686406387068917,False,0.0,False
/b/src/336185346/17881484730143694931.mp4,17881484730143694931.mp4,336185346,negative,618f311022824a5ff368c33fcb2d94b781482bc6d17e0b7df826b3744829d10f,0.06984396674184595,False,0.0,False
/b/src/336185346/17881493032740090439.mp4,17881493032740090439.mp4,336185346,negative,09055d9b37c4c60acd923ffe005ef96325318f83bb926b6b62b32fa71c26d2e1,0.11441898289682383,False,0.0,False
/b/src/336185346/17881493033801858155.mp4,17881493033801858155.mp4,336185346,negative,c03397e961f6fa341adf0e135cfb552ede10e7a43734250dce75fcfc7b3c0142,0.15647577414289085,False,0.0,False
/b/src/336185346/17881493034282328083.mp4,17881493034282328083.mp4,336185346,negative,8fd1a7b101985f939569a139fe3f5605059a49664cf4e300f6493c67d6333b12,0.2232693921435536,False,0.0,False
/b/src/336185346/17881495343690864519.mp4,17881495343690864519.mp4,336185346,negative,b1094d429c872b12ad920d8d36b057f36580ff7156a8d74d5fd639f696bbc49b,0.14493428618389514,False,0.0,False
/b/src/336185346/17881495344031601800.mp4,17881495344031601800.mp4,336185346,negative,37607f9b94886fa76da4c1c8cecc2fb9cc67e4bb17356c09a6f8e55ab9e7abb3,0.3798414244521858,False,0.11565904258231063,False
/b/src/336185346/17881495344432979953.mp4,17881495344432979953.mp4,336185346,negative,e7cb92af2156baf41ed5c0e2e0fb9651fec95b3e78461ecd8df574562c2287e2,0.10428394185910556,False,0.0,False
/b/src/336185346/17881496993390411915.mp4,17881496993390411915.mp4,336185346,negative,b5f7f5449e764753cdff0a149e05d8d446de9eab5958961696e19808cbe281b9,0.06312477521755461,False,0.0,False
/b/src/336185346/17881496993831205749.webm,17881496993831205749.webm,336185346,negative,d6501242bdd59d789bcf7b26cb4b11674da136dd436e5b392232acfaf24600ee,0.06190690043272734,False,0.0,False
/b/src/336185346/17881496994252130104.mp4,17881496994252130104.mp4,336185346,negative,617a79c8d01f2abd70d22be05a81725b690572dc7c1683713cbf0499a96a7e4c,0.04774516131959181,False,0.0,False
/b/src/336185346/17881496994623646990.mp4,17881496994623646990.mp4,336185346,negative,305682ef1f8d5dc0b6273af60ae4b0fcdc0cf1172ee2cb32730d5078c69948c3,0.08538078995493481,False,0.0,False
/b/src/336185346/17881499155950627802.mp4,17881499155950627802.mp4,336185346,negative,9bfc845643b47dc0095725353ba257a4745d2a9466fd7e1adacabdd238a4add2,0.10433698347793371,False,0.0,False
/b/src/336185346/17881499156381470998.webm,17881499156381470998.webm,336185346,negative,d9a830a3f51cc08c9d4245fd88d7b578c5ee2cae02f43d5e8c737e557627231a,0.19893249678957392,False,0.0,False
/b/src/336185346/17881499156742826778.mp4,17881499156742826778.mp4,336185346,negative,0a65d2dbbc0c71a007ccba416a9281ee60e732e0da6029cb9862933f14168d93,0.2824085198749793,False,0.0,False
/b/src/336185346/17881499157083617683.mp4,17881499157083617683.mp4,336185346,negative,56d5fe9b449dfd92cabca86eea185350628c781c6d372e16c7f9f2de43cda2b4,0.06397876064116576,False,0.0,False
/b/src/336185346/17881502697500250146.webm,17881502697500250146.webm,336185346,negative,48726eae1552facb0e30a4af05e037d67bfba5e8ad7d8d5ff178f32969f2629a,0.05718846602261622,False,0.0,False
/b/src/336185346/17881502697761807473.mp4,17881502697761807473.mp4,336185346,negative,343617555626e9014bc002152d63e85427b0a9d07b227ba6e54c631657d3e114,0.05519949143405161,False,0.0,False
/b/src/336185346/17881502698032195206.webm,17881502698032195206.webm,336185346,negative,0648deb047d5b9759882c1dfa32ac9f7738f84a7dd5734561e15413ba48edfa9,0.07017267264575322,False,0.0,False
/b/src/336185346/17881502698213073002.webm,17881502698213073002.webm,336185346,negative,d5e897687cb93e2ee0e7e16a079117674e1237c16455f5b88359f09572d5f368,0.04457734436374197,False,0.0,False
/b/src/336185346/17881506700780914850.mp4,17881506700780914850.mp4,336185346,negative,9f59d9b311c3cbb582f6037625e1dc37db6c8ccf06e65e4b5e379eb139c01fe0,0.2015991509643177,False,0.0,False
/b/src/336185346/17881514246470411526.mp4,17881514246470411526.mp4,336185346,negative,8886290fcda3d3488fe0ae961bbc1b3b6f91012466a81b4cdaf38814926acc33,0.05269244130564713,False,0.0,False
/b/src/336185346/17881514246931196290.mp4,17881514246931196290.mp4,336185346,negative,3b0aa574da42a36887322953478f3f4c8bec7f958861f6180b9f35a93909e4d8,0.085738114907233,False,0.0,False
/b/src/336185346/17881514247692206034.mp4,17881514247692206034.mp4,336185346,negative,588b8bb553d1eec8c0bc5e999a702f2476a6c75328dba478b142420948ced620,0.14579539135901082,False,0.0,False
/b/src/336185346/17881514248273582072.mp4,17881514248273582072.mp4,336185346,negative,46c5810a84e1f57d2aadc1e3744e5586dde93585970d1e69aca5fe59932a179b,0.07539443459703024,False,0.0,False
/b/src/336185346/17881516956110873643.mp4,17881516956110873643.mp4,336185346,negative,aad89ac53d265bbed2b5447200b245a25e8dc88fe69f55ef489e2f59c0d6b572,0.04888694930922766,False,0.0,False
/b/src/336185346/17881516956381828635.webm,17881516956381828635.webm,336185346,negative,e8a8634d437fb615503fe52983c89635c95322936a858a367fe5a30de0baa06e,0.07594012972051722,False,0.0025,False
/b/src/336185346/17881516957352928235.mp4,17881516957352928235.mp4,336185346,negative,98b94479420ae505398abcb10becfeeb3150c665d200a35e9a92233bd73b6fa4,0.05960350555306841,False,0.0,False
/b/src/336185346/17881516958083668963.mp4,17881516958083668963.mp4,336185346,negative,819cfb89c449fcd6c8aa6ab2c091cda5673c1ecc0a36fe1b8434e129102518db,0.09215784662963453,False,0.0,False
/b/src/336185346/17881518395660582444.webm,17881518395660582444.webm,336185346,negative,97f54837cf66e1afe950e507ea4226d7a2514ac4db98c8c6bd5d969d6729cdc8,0.06545093992067899,False,0.0,False
/b/src/336185346/17881522181840728730.mp4,17881522181840728730.mp4,336185346,negative,88713bec2947216c9cb1ae1b0cf429be560f85ec33c2c7e78010f9e6ec74857f,0.08024581194749345,False,0.0,False
/b/src/336185346/17881522182391635807.mp4,17881522182391635807.mp4,336185346,negative,c6cc4cd655998dfcb8dfbc340e44443f48da16a7acbea85a87f1e795ff9707de,0.05587729200251646,False,0.0,False
/b/src/336185346/17881522183152175284.mp4,17881522183152175284.mp4,336185346,negative,115ae74c2ed1b7def7a3fc5a5e31949c092796a202785b23c01dfcd2e510c102,0.20515613193476667,False,0.0,False
/b/src/336185346/17881522183613364161.mp4,17881522183613364161.mp4,336185346,negative,4db758ff04a739e1a802c5c519e8735556813255ad48388d010a7069014e2cea,0.1542024521751965,False,0.0,False
/b/src/336185346/17881525425650729167.mp4,17881525425650729167.mp4,336185346,negative,d8cb2526146241f415c223cfa0f627ab42550d9b5b3240daea0f53fe565b4a1c,0.08096655011879483,False,0.0,False
/b/src/336185346/17881525426301284739.mp4,17881525426301284739.mp4,336185346,negative,088c8eea73fef4fa4a6f9f2e0b1e5671cd70a0f12c0238ce0739e1ec9ea0ebf9,0.12706739853283877,False,0.0,False
/b/src/336185346/17881525426672798638.mp4,17881525426672798638.mp4,336185346,negative,4ce94b1dcba3f1990933ddb4ec1bc1a61fa1e14406088490511f0e9c671f1603,0.05993895623570097,False,0.0,False
/b/src/336185346/17881525427333106028.mp4,17881525427333106028.mp4,336185346,negative,d861d219c1259dde6675a5fb4804ec804359965f68d86076bf8c31244f39ff74,0.15285708687022587,False,0.0,False
/b/src/336185346/17881538833950739136.mp4,17881538833950739136.mp4,336185346,negative,4997bf27873b4f7a0903e3a143df84b34b34aedb56159d8292086e5b9855db50,0.051394612006694616,False,0.0,False
/b/src/336185346/17881538834371167966.mp4,17881538834371167966.mp4,336185346,negative,464e8ef3f9d8fda7a84aad9d84858dd35556b3c099714d08270ebbced4f0af39,0.07156876268201882,False,0.0,False
/b/src/336185346/17881538834632092673.mp4,17881538834632092673.mp4,336185346,negative,ec2f72c625d86ce69633a969af4665a2ba5d8a1643ceb8c12301d6bc849c7659,0.0831634054877466,False,0.0,False
/b/src/336185346/17881538834843012170.mp4,17881538834843012170.mp4,336185346,negative,227a3ce1a839627989ce4fd64988d31e4e577d715c2f769087366ba93962a198,0.11687493219121425,False,0.0,False
/b/src/336185346/17881567896650092707.mp4,17881567896650092707.mp4,336185346,negative,678af61f7a1ab2ba831d99694305296d3053567f7038bc13b093dc151c2af2fd,0.15809022833293537,False,0.0,False
/b/src/336185346/17881567896901561719.mp4,17881567896901561719.mp4,336185346,negative,81f384f4f4686e547110946187db67353ad2a1779243a019bc64beee21060db8,0.05584976972628169,False,0.0,False
/b/src/336185346/17881590043080834075.mp4,17881590043080834075.mp4,336185346,negative,9dfa97a7ee8f533e14146057961bce62e533f8a345ce94c3f4d5af77d005ea0a,0.10353646940010285,False,0.0,False
/b/src/336185346/17881590044631874482.mp4,17881590044631874482.mp4,336185346,negative,ffa0909a966f9dd5e0e5c00fbbee480f62b6569998d51bfb0f6034f82dd3f548,0.10169455439549162,False,0.0,False
/b/src/336185346/17881590045102676479.mp4,17881590045102676479.mp4,336185346,negative,573ce7abd5f3671b8fd9c0af0f44ea8fe1db5c1749a7cc6f53b8d5eb1eb68a6a,0.0660870400033101,False,0.0,False
/b/src/336185346/17881598292840484733.mp4,17881598292840484733.mp4,336185346,negative,42603b44546f5475eaaf3cb6f1a54464203dea73372d8bb38c1fb315e8f5a2c5,0.0587545038661149,False,0.0,False
/b/src/336185346/17881598293911823985.mp4,17881598293911823985.mp4,336185346,negative,ae2f15b23ddc351b5b80505cb555af1004c4e02faed51a3fdf27ec2980846e87,0.04090850404209031,False,0.0,False
/b/src/336185346/17881598294452677409.mp4,17881598294452677409.mp4,336185346,negative,6d94af114ddd9a7d20bb4480d9c03ec6f0c0ba61d8b66aa1495ea7813b16b488,0.0587648061415,False,0.0,False
/b/src/336185346/17881616150380719588.mp4,17881616150380719588.mp4,336185346,negative,b0124e1a40c8a6623801414c96d51c8a425fc22126c329fe61632322c8081762,0.44213511468041566,False,0.027290888079136207,False
/b/src/336185346/17881678655770021558.mp4,17881678655770021558.mp4,336185346,negative,0cb1112f1e7e8501708e46147e05a4d9615b5e8ebc51882ed1e9366a2281721b,0.3470174620798837,False,0.0,False
/b/src/336185346/17881699235020275717.mp4,17881699235020275717.mp4,336185346,negative,1e5bf0348d28c76902b4b54a43a50d3a0e4890eddd6501ff637d3cd4963865c1,0.0751658361174931,False,0.0,False
/b/src/336185346/17881699235521999990.mp4,17881699235521999990.mp4,336185346,negative,64394f4164d38610cfc61310f1eeaa3366fe2d9ae422a2235e26c799acb6db5c,0.4069359738097674,False,0.004991145218417946,False
/b/src/336185346/17881699235842241856.mp4,17881699235842241856.mp4,336185346,negative,1c71725759308a8fb3832dd1c55dd9e8f06d64dca3ecc14552b8f03ed243c0d7,0.055271611214998045,False,0.0,False
/b/src/336185346/17881699236063425442.mp4,17881699236063425442.mp4,336185346,negative,5634e0300bb09fda080c3fc240620cc830afedd485d89e1b77cbdfbb58c0009d,0.2943562965924393,False,0.2098345963873531,False
/b/src/336185346/17881780161750148146.mp4,17881780161750148146.mp4,336185346,negative,ba3df9fd93bfe600c4b42c614a1525d2b57d04e39c29e844c95f26ad051f1c23,0.04227357333316117,False,0.0,False
/b/src/336185346/17881789560600731133.mp4,17881789560600731133.mp4,336185346,negative,acc7b56976229677be4357cb9d9b102086e3c3e51b22b493b68e0c63192695cd,0.061306853462065554,False,0.0,False
/b/src/336185346/17881806178130843016.mp4,17881806178130843016.mp4,336185346,negative,87d67d886188e4e74cc270c6ce92563f32057ca69f6a46c59a4dc282e539e42f,0.4855848172940416,False,0.0,False
/b/src/336185346/17881815532170277075.mp4,17881815532170277075.mp4,336185346,negative,026a28fe0323f5b8cd4729a2f57b9e20e194c830e5ffa9e4c7e9cb0bed1bdb86,0.09548524952053898,False,0.0,False
/b/src/336185346/17881815532691588957.mp4,17881815532691588957.mp4,336185346,negative,752f2e1487ef15d7965dfb1e1aedca35af9708f90276a129092463fc20eb9998,0.07522805832835053,False,0.0,False
/b/src/336185346/17881815533612790759.mp4,17881815533612790759.mp4,336185346,negative,207c01f810dd5eda0528e7b023dc5732f3dfc7dd8d2f4c6a554060e78d523023,0.29442544750174127,False,0.0,False
/b/src/336185346/17881818513370293310.webm,17881818513370293310.webm,336185346,negative,4b32c794db44169046a3f72c7e601f5239e65b614761ebd0106cb873a375ae13,0.09185665985467571,False,0.0,False
/b/src/336185346/17881818514861948656.webm,17881818514861948656.webm,336185346,negative,d4c5fa254e39d1da500dba1592dd3eed2e8236f9dd2aa102a37db48c7dc3d708,0.1517986325832335,False,0.0,False
/b/src/336185346/17881818515382911741.mp4,17881818515382911741.mp4,336185346,negative,9aac6375f61be5c07bc67ee6b624967984c2397934288d11f9c5c8f5cd2802f8,0.0923178857353706,False,0.0,False
/b/src/336185346/17881818515883672838.mp4,17881818515883672838.mp4,336185346,negative,8c827d519a983459faf9d0a906272057d913c889b29ad6ebefb57aacbe430107,0.8670526554257421,False,0.012124448387292507,False
/b/src/336185346/17881822071920401395.mp4,17881822071920401395.mp4,336185346,negative,c2544fadc0479eb0384e64ded25b929af3337b6fa0c42c9957e05549989dfe58,0.07384094371416638,False,0.0,False
/b/src/336185346/17881822072441258580.mp4,17881822072441258580.mp4,336185346,negative,e26c646b1fc3f1d859518d3af05e174016662e012a19cf870ef961ea5d164223,0.11068843691718322,False,0.0,False
/b/src/336185346/17881823853020854252.mp4,17881823853020854252.mp4,336185346,negative,38303ca50e146846f93355d580cb48e1347212b8e74261abbbf08589bafc0309,0.07846398279200484,False,0.0,False
/b/src/336185346/17881823853491102384.webm,17881823853491102384.webm,336185346,negative,84672327f7558fbbcbe68d194e1622f233824ac15f4a3f480ae817a61fa0945a,0.07639485175891722,False,0.0,False
/b/src/336185346/17881824657500120138.webm,17881824657500120138.webm,336185346,negative,57ce62f653272bf9c1aef6cf4c184bb6a8031dd522add8260b0134e44fdf14de,0.07000625130009272,False,0.0,False
/b/src/336185346/17881824658061612723.webm,17881824658061612723.webm,336185346,negative,4da99245bae253f6eeb4c2cb8654c62bf38b36833991c5d5477d630f019ad369,0.037795028290330476,False,0.0,False
/b/src/336185346/17881833404270949457.mp4,17881833404270949457.mp4,336185346,negative,6198293969da3fe8cdc24ef6abd1adf6948a317fc31062433afaba12c1993f5b,0.09368736677176472,False,0.0,False
/b/src/336185346/17881833404941157385.mp4,17881833404941157385.mp4,336185346,negative,b7ec3fef28a6b948995bd1c3e0b5fc4fbccb00b2a294dcc5b2b21a88fa4e82da,0.4971146581191124,False,0.0,False
/b/src/336185346/17881833405432952478.webm,17881833405432952478.webm,336185346,negative,6acdda8cc6bcc28396ab212486418183b5195f51d2141180e7433128e09ea9a4,0.14996680618236496,False,0.0,False
/b/src/336185346/17881839597600883347.mp4,17881839597600883347.mp4,336185346,negative,20b9397ac6f5ead41cc5a009861645ad68872802f175b0a9cb1b3124656f1741,0.23000175409643048,False,0.0,False
/b/src/336185346/17881842512440169283.mp4,17881842512440169283.mp4,336185346,negative,bd9777f5f4db708763de0173172a01e60976352edb4e2721c3eddf2213aa6352,0.06832256850453518,False,0.0,False
/b/src/336185346/17881842512811766709.mp4,17881842512811766709.mp4,336185346,negative,20dfd43e58594a33d68a5df59c76531da4dccc97ce524e5c61a983cb2f118fa5,0.10444673072213045,False,0.0,False
/b/src/336185346/17881842513112074762.mp4,17881842513112074762.mp4,336185346,negative,fe4b4ed43a960645a6771b5ad5f15c65bca079b473af112ba337f4b3c4db29c7,0.06690389014809789,False,0.0,False
/b/src/336185346/17881842513483638014.mp4,17881842513483638014.mp4,336185346,negative,9761587222b81693b0b0c82bbc9ea8f09813bd7dcba4b8df71a496dfd260131e,0.15875041199974493,False,0.0,False
/b/src/336185346/17881843899950445778.mp4,17881843899950445778.mp4,336185346,negative,0a2907120491e7e0542f714c59f56ea12ef9fb14d5be46045e49a558de01dbe9,0.08828266175582612,False,0.0,False
/b/src/336185346/17881844799460675138.mp4,17881844799460675138.mp4,336185346,negative,42d44553edd186e90e0143d500b0496faa28da0efaed5d65d20c0a308488b28d,0.03357118460496549,False,0.0,False
/b/src/336185346/17881844800231147259.mp4,17881844800231147259.mp4,336185346,negative,40dfb222551d82c540baf8a50122ca193eefd2065763fc4432ee3a619d1a5280,0.06619960531166087,False,0.0,False
/b/src/336185346/17881844800972489424.mp4,17881844800972489424.mp4,336185346,negative,6ca65b9dd7c3c4bf373f3b7a6c094a50ff3d3bbe758f26ff0fb44ddaf985f2e5,0.05670356060574646,False,0.0,False
/b/src/336185346/17881844801293313034.mp4,17881844801293313034.mp4,336185346,negative,bab64a1f4852a640b33e7f930637adbb92f7ec725dd840f3662baa269ebf9613,0.05356783997419342,False,0.0,False
/b/src/336185346/17881849126390123196.mp4,17881849126390123196.mp4,336185346,negative,b2e8f9e2ff9be32102e62d068eac973c670d39a19975f713239de69bc2c998af,0.13188364110412149,False,0.0,False
/b/src/336185346/17881849126721037862.mp4,17881849126721037862.mp4,336185346,negative,862164517740cdb4b32915554bbc3283c93cee6f6a706ccbb4d05c8080546939,0.09876705204593672,False,0.0,False
/b/src/336185346/17881849127142692915.mp4,17881849127142692915.mp4,336185346,negative,462d71061a13217b5055642f9046b168dd94b9f3b56968241070a8f96de3bdc8,0.1817344143896752,False,0.0,False
/b/src/336185346/17881849127553145308.mp4,17881849127553145308.mp4,336185346,negative,bf8723cb1838f37796cdf3c282e004c18044a3617008174556cc9099230b2152,0.0550216404363583,False,0.0,False
/b/src/336185346/17881852577250135979.mp4,17881852577250135979.mp4,336185346,negative,af734dea0d7bf669ac10f80c0bc92a7af6bf8c0d95a13bbc2aa415c2175bbace,0.11140424085648852,False,0.0,False
/b/src/336185346/17881853219990637659.webm,17881853219990637659.webm,336185346,negative,779b7423f8356f8b30480c18254a0271a5140bf33e4620e1cf8a5101f9d8186f,0.09365386485593635,False,0.0,False
/b/src/336185346/17881853885400517838.mp4,17881853885400517838.mp4,336185346,negative,c376ca6208eeb9c95716ae81fd4287f496ae68482da8c1630bf8b806eccc99af,0.06614051752392591,False,0.0,False
/b/src/336185346/17881869853450677826.mp4,17881869853450677826.mp4,336185346,negative,a1d8855993d018a6de02ce0386ecb2bb278c5f54d0e7c053595b3a9b3042b136,0.038446182155249364,False,0.0,False
/b/src/336185346/17881869854811113740.mp4,17881869854811113740.mp4,336185346,negative,d7fca9f859c9661bfbe3eb981f8dee411cffe6c613aadbe1299694f8098e9318,0.3278721959932229,False,0.0,False
/b/src/336185346/17881877958380397469.mp4,17881877958380397469.mp4,336185346,negative,f1a7dde765dbd989f25dfcc206186d301904ec9b1faf42dbfbfa46ac66e06b41,0.030239094256739006,False,0.0,False
/b/src/336185346/17881881757080122173.webm,17881881757080122173.webm,336185346,negative,d4c5fa254e39d1da500dba1592dd3eed2e8236f9dd2aa102a37db48c7dc3d708,0.1517986325832335,False,0.0,False
/b/src/336185346/17881881758271725081.webm,17881881758271725081.webm,336185346,negative,25ef5f8aee1e24ab2da5380cd4a184d2ea120d59adf553297c3ca616f5a3bd96,0.08021852683029872,False,0.0,False
/b/src/336185346/17881884012000161628.mp4,17881884012000161628.mp4,336185346,negative,b622d1490ee0055a501bc5473b9d4cfb11ce427d72af6553629fc0ac8ca147d9,0.10185263918019188,False,0.0,False
/b/src/336185346/17881884012271551970.mp4,17881884012271551970.mp4,336185346,negative,aa1522524c7b68ed94849f552c3010f1f23e02c6aef5b851d2ff8d66ba9d66da,0.17892729653707284,False,0.0,False
/b/src/336185346/17881887456220927927.webm,17881887456220927927.webm,336185346,negative,942bb6225746f85e3feb142b132a816bbe8f371db56b0582299a2bab0cc82029,0.06321938817610104,False,0.0,False
/b/src/336185346/17881887457541053716.mp4,17881887457541053716.mp4,336185346,negative,7065d5d8acd186c753ddb92b359a6e59bdfcf3ebb752fe94aa9be7c5511d6966,0.9592378442529657,False,0.022287723708160314,False
/b/src/336185346/17881892465490698469.mp4,17881892465490698469.mp4,336185346,negative,37e73c56325393e9d63d45ade63636d66f554965766d891fdf77b3796ef163e8,0.13112927740027688,False,0.0,False
/b/src/336185346/17881892466801410370.mp4,17881892466801410370.mp4,336185346,negative,0ae34a322de76abd951420cd5af1b5876d77554b5ed25fe6e03099744178bf91,0.11854432642342524,False,0.0,False
/b/src/336185346/17881893522620492608.mp4,17881893522620492608.mp4,336185346,negative,5baff698e0b606197e142bd06a037a264edf6ec6539f165bb08e5401ba5898d5,0.0682282575822816,False,0.0,False
/b/src/336185346/17881895671860182913.mp4,17881895671860182913.mp4,336185346,negative,17f9a848ae80fd358f3f89a05ebb79a6835029466fda9c97f1e4557d85417776,0.07313629988472689,False,0.0,False
/b/src/336185346/17881897216290648887.webm,17881897216290648887.webm,336185346,negative,496ca0e93ae07d5087b46c9f517691dee56d4b4cd5d7275f55a8a813483fcbbf,0.1179715488442866,False,0.0,False
/b/src/336185346/17881898671850776960.mp4,17881898671850776960.mp4,336185346,negative,8823529157303d5d7024bc8cc9b1d4d2085b4d7c84652b51f8e8c97721e24b2c,0.04183656377235186,False,0.0,False
/b/src/336185346/17881898672571490536.mp4,17881898672571490536.mp4,336185346,negative,f3e99117509570dd317df38adf2c333996402f49f9e494e4432e9632b1f1a7ce,0.08092454717030934,False,0.0,False
/b/src/336185346/17881898673292643739.webm,17881898673292643739.webm,336185346,negative,c78c27a2ff5c3fb2c4441c3069a53e1b660c80399e5f0e66a6c9197e242b2171,0.29889844800876864,False,0.0,False
/b/src/336185346/17881898673623789229.mp4,17881898673623789229.mp4,336185346,negative,9aac6375f61be5c07bc67ee6b624967984c2397934288d11f9c5c8f5cd2802f8,0.0923178857353706,False,0.0,False
/b/src/336185346/17881908209530860625.mp4,17881908209530860625.mp4,336185346,negative,b51a04a611a3612eb076839e6429505358d4af530af4bfa6af273e7c6a86e0ce,0.08020836849514036,False,0.0,False
/b/src/336185346/17881910378980818126.webm,17881910378980818126.webm,336185346,negative,f969390c6553ac1a2723918b197d7a5ada1a64ab80de45d651b80aaa108f214c,0.11163761983293427,False,0.0,False
/b/src/336185346/17881920536740800036.webm,17881920536740800036.webm,336185346,negative,32c6c71e591d9c82055a1247a04493477ee8992b847f5b047362ec81db0c5048,0.11197293151695152,False,0.0,False
/b/src/336185346/17881920537372788499.webm,17881920537372788499.webm,336185346,negative,8122d2300b1c600a4a2879cab1517e30db36ceb61f3ab3a0daccbe10aa764c34,0.1588780984923149,False,0.0,False
/b/src/336185346/17881920537863481690.mp4,17881920537863481690.mp4,336185346,negative,270d07f055deffe3e06c3cce1e36ccfcf272edb2600e0d64cba4cc216f629531,0.05418569693063642,False,0.0,False
/b/src/336185346/17881922260000501051.mp4,17881922260000501051.mp4,336185346,negative,adbce65f21b2e35d662b237afb5bfb2fe6ce8bd423a16f8a6b9f572b1a3808a3,0.12474824892276994,False,0.0,False
/b/src/336185346/17881922260521632941.mp4,17881922260521632941.mp4,336185346,negative,d9b38000d56f8c1dd9ab073b2a50618f02bd705ed0cff0fc17e56f430d52f7f1,0.07449004809008287,False,0.0,False
/b/src/336185346/17881923385050870151.mp4,17881923385050870151.mp4,336185346,negative,1da36e9c3011ffbd7b05cd0ca9d63d40b5d567bc20a1865e40ea23de68f2ba2f,0.035745525199137235,False,0.0,False
/b/src/336185346/17881923386011202257.mp4,17881923386011202257.mp4,336185346,negative,fb96207410b116cf9f988ddbc58a585ed2bc2f322170472b79d2750ba41f640b,0.0665059852485125,False,0.0,False
/b/src/336185346/17881944209360229122.mp4,17881944209360229122.mp4,336185346,negative,aa18bbe45e3394a171505d115a13a2457d2782b425323309eba491a5812cbbd8,0.048018786792788586,False,0.0,False
/b/src/336185346/17881947664830962460.mp4,17881947664830962460.mp4,336185346,negative,986c0cfce5802545aa9749b3ec9f200019dc12ed8a0de96b83508c2130e4590f,0.07602115787830165,False,0.0,False
/b/src/336185346/17881948203820764830.mp4,17881948203820764830.mp4,336185346,negative,917f81911ee2eec37496f99b461f65cb6e6555a793967450c12be8454570c98d,0.028890055609554495,False,0.0,False
/b/src/336185346/17881978418230702878.mp4,17881978418230702878.mp4,336185346,negative,2451d33b53639283726b3b7d7ef68791bbfb759e824f73f3dd897d9b013680ff,0.07480580626826248,False,0.0,False
/b/src/336185346/17881986555800022636.mp4,17881986555800022636.mp4,336185346,negative,f1049f8f0e8f764a850edfdac292bfd8ec6cf72d7b786f08477f7ec2f88d5abe,0.08533671941603413,False,0.0,False
/b/src/336185346/17881986556121348761.mp4,17881986556121348761.mp4,336185346,negative,60648507c5f1b15c5e5ef33b5b557c507de01614b192943478fa5e661faa77a7,0.06389425831847072,False,0.0,False
/b/src/336185346/17881986556882053632.mp4,17881986556882053632.mp4,336185346,negative,b7edf89f935632e17591d4af6ba7c14a535ed1d0b4ecb76fece6342cbef2873b,0.08173524669731187,False,0.0,False
/b/src/336185346/17882037452810555157.mp4,17882037452810555157.mp4,336185346,negative,1f045f07ed75f19126f31a02bb1178ee420d76e05c09b4d07d00fc5a65000cd6,0.544613575259707,False,0.0,False
/b/src/336185346/17882046897390441550.mp4,17882046897390441550.mp4,336185346,negative,aab0deec84e0cac173d9792f1507a28722351c1c2138d21154a9b7d9b3087f4a,0.05980974502382805,False,0.0,False
/b/src/336185346/17882072935740453586.mp4,17882072935740453586.mp4,336185346,negative,a34958d53efd8800bc4434d5bca974f3402e7ba2b3937d3b6a3c7ff569ebd788,0.04898602594208352,False,0.0,False
/b/src/336185346/17882081298050386567.mp4,17882081298050386567.mp4,336185346,negative,17a00801e8e655b4c5c2b04c2dd705201b3aa466558bd586a88f96ed7fcfe86d,0.08672018157919548,False,0.0,False
/b/src/336185346/17882090533310864737.mp4,17882090533310864737.mp4,336185346,negative,154397fe3973301b393c652830c727ff10a5b303a2244e641df521b279ff1ddf,0.14357215996138778,False,0.0023984198645598197,False
/b/src/336185346/17882090533771199600.mp4,17882090533771199600.mp4,336185346,negative,0a5206b7be77765e28f5c4e48b3bbb877d5e8e959f40db6a1364e7e409411519,0.08563852307954041,False,0.0,False
/b/src/336185346/17882090534452069388.mp4,17882090534452069388.mp4,336185346,negative,5654295ba5a13986c3238f2ff4f2f8f18835a760ef4a68bc8f2eff910cef90b2,0.026485478154175745,False,0.0,False
/b/src/336185346/17882142861460897201.mp4,17882142861460897201.mp4,336185346,negative,d82c9c0e7692aefb1b7fb98fffba9f23213912d72417ca48696b0cab6f6dce41,0.07904058890005876,False,0.0,False
/b/src/336185346/17882142862031400089.mp4,17882142862031400089.mp4,336185346,negative,2362426a040c5a755c3c5c0814cdbb3d55702bbdded8499d9097a656e99de482,0.4148206315650376,False,0.0,False
/b/src/336185346/17882142862662576753.mp4,17882142862662576753.mp4,336185346,negative,c188ed35f26dc617496b450be55d4919abdc4df2877c569a32ab5e0ba1185675,0.04124146591288641,False,0.0,False
/b/src/336185346/17882149982100791760.mp4,17882149982100791760.mp4,336185346,negative,f713a6e2d69df2ca71e5e88e7ef631eda64a8dd3b1b20f504667dbd1b12d5e73,0.12966684399183745,False,0.0,False
/b/src/336185346/17882164214940608849.mp4,17882164214940608849.mp4,336185346,negative,e0aecaf3912c2863e144351b684d5d5c45d09ea4bca07247dcb92e0cc4510a0c,0.06606870692397894,False,0.0,False
/b/src/336185346/17882164215571138755.mp4,17882164215571138755.mp4,336185346,negative,77a5f4e814a234a3f85faf15b4250dc4364d0ddd2c942533b2b2e246309151b2,0.08674904784622568,False,0.0,False
/b/src/336185346/17882317148630125539.mp4,17882317148630125539.mp4,336185346,negative,ef210d4ea179742cfd6b21fceef1a922e89428188d0f49ec3a904e1225ab229e,0.24869734389456274,False,0.0,False
/b/src/336185346/17882365492620433646.webm,17882365492620433646.webm,336185346,negative,ff964f229b75443a2620d777f58b41d8c488f4a8c66e84fc544039daf29046e5,0.12499090373920058,False,0.0,False
/b/src/336185346/17882375422560632870.mp4,17882375422560632870.mp4,336185346,negative,83b7b96fac291e07bf9d62fba39fc2448489c905ec556b268fbaf002783b837e,0.09790302442943422,False,0.0,False
/b/src/336185346/17882517691840177195.mp4,17882517691840177195.mp4,336185346,negative,00af96a3a6b968c0d655f45d023f7d47f756b422d79c21c36f5164c0cc505510,0.038113795717598396,False,0.0,False
/b/src/336185346/17882518278190594065.mp4,17882518278190594065.mp4,336185346,negative,fd450b66c725e8e4321f066751cdfedfdd6758a8ec972bf01c7c6b5e7b74940f,0.11025720063477495,False,0.0,False
/b/src/336185346/17882518681650361236.mp4,17882518681650361236.mp4,336185346,negative,994c37f4ff19e6f49789faec866753c0fdd9ff7ea57c7081359d090eb38aa2df,0.47917455296054046,False,0.0023984198645598197,False
/b/src/336185346/17882534069290052993.mp4,17882534069290052993.mp4,336185346,negative,a5ea49e6679033ca5acd02d8271fc5ecb609accb63f88dd6746b49253759cda0,0.19423050077976145,False,0.0,False
/b/src/336185346/17882534069561866380.mp4,17882534069561866380.mp4,336185346,negative,b68e008f23008aa3424b1236393b4831464e7f6a4c6481e78ccf4cf6459d6f6f,0.11767483351003585,False,0.0,False
/b/src/336185346/17882539535520684803.mp4,17882539535520684803.mp4,336185346,negative,9eaf8460ca70dfe52517fbfc9416d1470eb1799acbe3f3c20427eae435d87588,0.10379331245319925,False,0.0,False
/b/src/336185346/17882539536361467310.mp4,17882539536361467310.mp4,336185346,negative,24f8dfcf720211994a7513f5a6ce4c053f6b6cf34a677b38f8e75a2e6b1c6eb6,0.06765431399443445,False,0.0,False
/b/src/336185346/17882544348580814982.mp4,17882544348580814982.mp4,336185346,negative,2ed82b85f8c4e254d7a505c090e5937da531737bea9beedb03cea820735c836c,0.4437430510741635,False,0.0,False
/b/src/336185346/17882548075240997522.mp4,17882548075240997522.mp4,336185346,negative,935605ad9181d412443e19c7f0b6cf94abad12cffdf6ad3b413f64225a662281,0.08354004642429767,False,0.0,False
/b/src/336185346/17882550136550547106.webm,17882550136550547106.webm,336185346,negative,0fb43f7912957f3dad4733c519ae4d91d5601430e65ccc744264094a6c6b28e6,0.0684362931417135,False,0.0,False
/b/src/336185346/17882585302370019716.mp4,17882585302370019716.mp4,336185346,negative,a3611afa4e21eb338c0e0a3f2c3aed6e05deddc2a58abc1abc16959864c78aeb,0.04970484082795151,False,0.0,False
/b/src/336185346/17882585302661816725.mp4,17882585302661816725.mp4,336185346,negative,0b4c46ae967187e6c0e5487ad6c300522a5e07c4e28624d795014f84a0be7785,0.04628223576594352,False,0.0,False
/b/src/336185346/17882590630500236667.mp4,17882590630500236667.mp4,336185346,negative,31956b539c863cfd7065261777c0734ab9be7e1993c732de661c051140996a89,0.22699586290100587,False,0.0,False
/b/src/336185346/17882593057480989355.mp4,17882593057480989355.mp4,336185346,negative,c1d960cb6a9e3b37bdece115d804d6cdcb0889d6c0160202870cbd4653f152c9,0.10508059814101753,False,0.0,False
/b/src/336185346/17882594178270253269.mp4,17882594178270253269.mp4,336185346,negative,83fa8ef59d1f93e143f3efc776dd67d034daa53bcfee5650ee665d403e7abe63,0.08809037959268994,False,0.0,False
/b/src/336185346/17882594178701321642.mp4,17882594178701321642.mp4,336185346,negative,036a55092bc63c3f47f17dc92cdee81a868655eb052f115a20fb43c336410492,0.06645055407027192,False,0.0,False
/b/src/336185346/17882594179132271601.mp4,17882594179132271601.mp4,336185346,negative,7f7478f2530e3c0e79e06475579d7c0b981a6f20af827b92810f89e7b85da9fd,0.04431165767284864,False,0.0,False
/b/src/336185346/17882594179563830039.mp4,17882594179563830039.mp4,336185346,negative,a5dc8dcec39efb3b5f152799c9c48711aa14334d6d125bdb047e41a3849b244b,0.05463783221503339,False,0.0,False
/b/src/336185346/17882609730050165123.webm,17882609730050165123.webm,336185346,negative,0a2c2bf1e88135833c0428802c005c597d07bad4b685a5f310ab77711656c956,0.10278593977677943,False,0.0,False
/b/src/336185346/17882616869150172882.mp4,17882616869150172882.mp4,336185346,negative,10414f79240d2d9f78ccea3c38592eb168e741388b477715f89071e42354e18e,0.06544507808475104,False,0.0,False
/b/src/336185346/17882712076360302520.mp4,17882712076360302520.mp4,336185346,negative,9875f466f41001fc2812aaab48c95ced99d82ddfa036cd026215eff758872afc,0.12464332433465904,False,0.0,False
/b/src/336185346/17882723413080939974.mp4,17882723413080939974.mp4,336185346,negative,95b3ee324f7e9a7b6ff627cd26ebd920fbb90ec6c8a7b556b8ca5a90d0bdea3b,0.05603034001919267,False,0.0,False
/b/src/336185346/17882729831740370000.webm,17882729831740370000.webm,336185346,negative,dd1d7a06cd192caf733a2e43a8371d54a478f78b56b7200141a04e6474f5fc9b,0.05942680506782787,False,0.0,False
/b/src/336185346/17882765960050099587.mp4,17882765960050099587.mp4,336185346,negative,896912cd761852171407e46d54a1036f1baf99fac4b1c1ff0ecbf95307ad4645,0.0741982095925419,False,0.0,False
/b/src/336185346/17882819828330716268.mp4,17882819828330716268.mp4,336185346,negative,92a3980f05cff991211f7855d5dde8ea47d55b1d07e3d37df3ab9f79f752c889,0.0790992407303225,False,0.0,False
/b/src/336185346/17882819829021538170.mp4,17882819829021538170.mp4,336185346,negative,478ea7de0e9a6469d813c51f2782127810dac6cbfcee6bfefdaa1e1af9667d1f,0.0362201892853204,False,0.0,False
/b/src/336185346/17882819830292345092.mp4,17882819830292345092.mp4,336185346,negative,bb4c4d1fdfa8054588e6581eca148912626c63b5687ce615e8f2f75d2bfeb964,0.13566973187467385,False,0.0,False
/b/src/336185346/17882819830783393469.mp4,17882819830783393469.mp4,336185346,negative,bb3faef47ca9a537c7e20a24be807f7b16eb8306320b8209b1f9c2fbd7f87a16,0.10353179026214626,False,0.0,False
/b/src/336185346/17882819831234546964.mp4,17882819831234546964.mp4,336185346,negative,ba1efdb7ae902cd22a5c027fd5296a3c1f722022aabebcbb12e5bb7c0f617b8b,0.10630103453764013,False,0.0,False
/b/src/336185346/17882847299710161108.webm,17882847299710161108.webm,336185346,negative,1981e6ace1f696dd0e4f8cebdc10680db6b544de6ecaf00a287c64b3e89bcec1,0.131801869435429,False,0.0,False
/b/src/336185346/17882847300471118232.webm,17882847300471118232.webm,336185346,negative,2afea2215910b1aa600157ef4b9c8a9876242f0abfe54f4e3d591d59d42498c4,0.10120632470411176,False,0.0,False
/b/src/336185346/17882847301132299361.webm,17882847301132299361.webm,336185346,negative,f0b8bbc53ac68fc7fcd2e737261b245173ff4716cf8da22bae35a9b173a394af,0.0609013671698547,False,0.0,False
/b/src/336185346/17882847301893826052.webm,17882847301893826052.webm,336185346,negative,b3a75a08cb37bfd9fad05d4bc32dd298d46531fc2eefacce2087195a43f4fe0f,0.037521338030535575,False,0.0,False
/b/src/336185346/17882851775970918705.webm,17882851775970918705.webm,336185346,negative,b66e2d133510de5f3121eaa136f0c00bf50e3aa62ef4d01b6d1422dcf1489627,0.1103549150850368,False,0.0,False
/b/src/336185346/17882851776401181958.mp4,17882851776401181958.mp4,336185346,negative,89a043af20505e0dff667283dd93d347778d8741a10ebedf8a600224bbac8ef3,0.03234295854244306,False,0.0,False
/b/src/336185346/17882851777052748645.webm,17882851777052748645.webm,336185346,negative,580cd32634a4167d8226af07298a32ec640a294c9f37236d11cc294586d00b73,0.06502307234159403,False,0.0,False
/b/src/336185346/17882851777843317706.mp4,17882851777843317706.mp4,336185346,negative,1322485c9929aa04cb075f2b7d410e2e3c20576de7aaa66594346a5cebaa7366,0.08157842913227126,False,0.0,False
/b/src/336185346/17882852782200122443.mp4,17882852782200122443.mp4,336185346,negative,01d17ab5acb1bcc8ddb2f806b211b92a52a5af665ae86c27ef0302ce35f995bc,0.06126235969982681,False,0.0,False
/b/src/336185346/17882852783301885668.mp4,17882852783301885668.mp4,336185346,negative,9a29d00b963dd55b33dd70ad15442c643f09d00ad2ba7248eaea41527c15d28c,0.0445558217596581,False,0.0,False
/b/src/336185346/17882853209070223372.mp4,17882853209070223372.mp4,336185346,negative,12b14d1a52323c56b9a0b54f0f7359f57b4e8b4133cbc935df2bc13dd3c843b9,0.049622720741108337,False,0.0,False
/b/src/336185346/17882856216440155389.webm,17882856216440155389.webm,336185346,negative,3d61d38ef66f1c7a4bddcf8034a77a4a4aca5505379a70d0b847965992a8b0c2,0.0686444292073696,False,0.0,False
/b/src/336185346/17882856216711764090.mp4,17882856216711764090.mp4,336185346,negative,1540de446e4e5628d8351348da91c0038f94342504f0dd12adcb1ea2ea0762d3,0.1483592259163158,False,0.0,False
/b/src/336185346/17882856217302108584.mp4,17882856217302108584.mp4,336185346,negative,bd96d7ad8541caae6789d490c82b9dee8eaf3a4e45f786165c7f40679705cac8,0.062271697086681836,False,0.0,False
/b/src/336185346/17882856217603363762.webm,17882856217603363762.webm,336185346,negative,79f65ebb6e5709f9155314b73aac665094b349fe6db7a9ac25c023e971809c32,0.03962634966828304,False,0.0,False
/b/src/336185346/17882860419140208430.mp4,17882860419140208430.mp4,336185346,negative,537aab5d1e68dad71126462b929486aad364363df2e6c3713c8e6afce894ffb3,0.06591924256913549,False,0.0,False
/b/src/336185346/17882860419571926260.mp4,17882860419571926260.mp4,336185346,negative,72ba7cd0f3ada88fbac20d089f80427a4d89ba8f5d3c48a2a736a7bdcc93c230,0.06687221764854584,False,0.0,False
/b/src/336185346/17882905244210598028.mp4,17882905244210598028.mp4,336185346,negative,fc9ebbb7f80974086e9126af93b4d73d25107f1912506f54745fa8bf34823572,0.21404107292563296,False,0.0,False
/b/src/336185346/17882908582780350407.mp4,17882908582780350407.mp4,336185346,negative,2f5fc543392ec31f188c5b60a3138028d69096f023819432ac1556c764d3c28c,0.014967258834999025,False,0.0,False
/b/src/336185346/17882908583491395272.mp4,17882908583491395272.mp4,336185346,negative,1a4385f36a6969728385b65da8198a950cfd511c3fe52e61c9b5ff72955bd512,0.0535397770328012,False,0.0,False
/b/src/336185346/17882910606490191844.mp4,17882910606490191844.mp4,336185346,negative,a85a4cc8fd3d16fd7de31ee3bb3e2007333b145f5034f8329cf383aea5953d65,0.10970246442656584,False,0.0,False
/b/src/336185346/17882910606891101170.mp4,17882910606891101170.mp4,336185346,negative,1e2d9c7503ec4655a7f0bb206739016814a1996e67d11b8011f41957de50df26,0.04343765894865473,False,0.0,False
/b/src/336185346/17882910607282800541.mp4,17882910607282800541.mp4,336185346,negative,523bffa3c0d0f3afabcc9b8611d8afb4ed9011d02ae3a6ccc348c55381277a46,0.08700865441378246,False,0.0,False
/b/src/336185346/17882910607593763509.mp4,17882910607593763509.mp4,336185346,negative,e9a6cd950b5580a396a51104f048b50535689084e5e7949551a9fa6e4a86806b,0.09154250267244365,False,0.0,False
/b/src/336185346/17882920323820146127.mp4,17882920323820146127.mp4,336185346,negative,1232c1c974203420bd694dc5be932ff56f060356d91fe4165216c2e0c0375b78,0.05242046070387202,False,0.0,False
/b/src/336185346/17882923944320851432.mp4,17882923944320851432.mp4,336185346,negative,6f9f536220f2e96d49c27d9676e05c9b9bdd636cd4a71c3d1866ab5e9d462e1c,0.16790714945803156,False,0.0,False
/b/src/336185346/17882931055810954040.mp4,17882931055810954040.mp4,336185346,negative,3922f415282d00b03dd8650d50fe251b0a1641a7940cdad52745a67259b23fbe,0.06704739726077566,False,0.0,False
/b/src/336185346/17882931056081260382.mp4,17882931056081260382.mp4,336185346,negative,71a2fe513a3c1c4e3a7bf9af9dc3e3000d30266ec328c2770c8908232c623772,0.236537241695806,False,0.0,False
/b/src/336185346/17882931262390659617.mp4,17882931262390659617.mp4,336185346,negative,ca0f9a53552d73905ea6e76bd91922fac905309364204351591f050f9933e872,0.05649640518444662,False,0.0,False
/b/src/336185346/17882936700390770586.mp4,17882936700390770586.mp4,336185346,negative,e23dcf89360aa8a0aa223ac6458234086adce511a24273c10e95a995c1d58b96,0.06909391619000198,False,0.0,False
/b/src/336185346/17882937250210556712.mp4,17882937250210556712.mp4,336185346,negative,428c32311c777402055600d727bfac5a6a80bd3ac398ec7a04ea1926d09c3560,0.06085182534556272,False,0.0,False
/b/src/336185346/17882937521930748240.mp4,17882937521930748240.mp4,336185346,negative,83d032d890a50f462a96e3eaa5408141bfe848b3d9bae13941eee42b59d0ad2d,0.037196379075669965,False,0.0,False
/b/src/336185346/17882938794090442969.mp4,17882938794090442969.mp4,336185346,negative,2eca6b7217933758cbec8a7e80901dc01d62f9f6a2eacdbde0908e200c8f7f1b,0.10902473589343557,False,0.0,False
/b/src/336185346/17882938794501930324.mp4,17882938794501930324.mp4,336185346,negative,3578bef0d48a8c0bf82ed38ebd262cc3d5c82e758de179cd5abd1db0912d742f,0.2597580275950766,False,0.0,False
/b/src/336185346/17882939404220894189.mp4,17882939404220894189.mp4,336185346,negative,8c87fd8aa6c384ea893c7e2f33701893d3dd4cd9c6491f5a04cdd718f95f5a35,0.06750753340462552,False,0.0,False
/b/src/336185346/17882939809090048056.mp4,17882939809090048056.mp4,336185346,negative,0c6a78a62754c44218e0fcb63b67848744ec2bf4bc152f66ebcccf430bd54fdd,0.16730739374457257,False,0.0,False
/b/src/336185346/17882940054640517783.mp4,17882940054640517783.mp4,336185346,negative,313ce9d99a8db6698d0fe4ca7845858e9429d08d49e32bd7c0eafcff9b349c30,0.0885127140952419,False,0.0,False
/b/src/336185346/17882944915240874307.mp4,17882944915240874307.mp4,336185346,negative,a56dde9fb7d6ffbaa16972e790162a0c9eef4bbca63b9527f739478a6b8a6648,0.10946148971214126,False,0.0,False
/b/src/336185346/17882944915551769231.mp4,17882944915551769231.mp4,336185346,negative,7c4cbd2df54d0cba562f635c0082651d5695da51197f32ff0226b0c99cb1dcd4,0.038197415002325444,False,0.0,False
/b/src/336185346/17882945491800634635.mp4,17882945491800634635.mp4,336185346,negative,67ccb091f2186128d658fddd783645877442078287042be21a9c838d249a0d1e,0.05003807615680086,False,0.0,False
/b/src/336185346/17882945991710981247.mp4,17882945991710981247.mp4,336185346,negative,542fc1967f874ebdaca219a9dad158189a6163fac0d9019917b5293d7fcd2357,0.02580302594386749,False,0.0,False
/b/src/336185346/17882945993071288122.mp4,17882945993071288122.mp4,336185346,negative,cfbdda8fa45bf8a44dc320a98cc2f33dd5188ece8b2d58a0deca97b695760f95,0.549553540303287,False,0.017466321882524043,False
/b/src/336185346/17882945993762639895.mp4,17882945993762639895.mp4,336185346,negative,c53091851d617603b663072a4bd059d82897fded6659f5c55288a61189fca48b,0.20443536709584897,False,0.0,False
/b/src/336185346/17882945994513992858.mp4,17882945994513992858.mp4,336185346,negative,4173179a9738008e0ed027f233d3ad4e07c5071c17d435b92c2ebf93ed99b414,0.05856183853475691,False,0.0,False
/b/src/336185346/17882948671120350716.mp4,17882948671120350716.mp4,336185346,negative,53743981f1648f34c0e9c75102bef2eab1638ee67c1071fd6330e1d152599454,0.33525219077348206,False,0.002497058823529412,False
/b/src/336185346/17882949991720333320.mp4,17882949991720333320.mp4,336185346,negative,5fa7383ad2629d20f713283cce69c8bb2ba000b40ca33107a4953b98494b6190,0.060673815771421585,False,0.0,False
/b/src/336185346/17882954661130346827.mp4,17882954661130346827.mp4,336185346,negative,1084727f631379c371179ca8b1070a48f1211bbca3a1579a89e9c3786148fda2,0.09185188441776099,False,0.0,False
/b/src/336185346/17882955702580117579.mp4,17882955702580117579.mp4,336185346,negative,f16ee0ff4f5a3db127ef216575bd3149255d264ac814abcd1de3780991c7756d,0.07169895013990435,False,0.0,False
/b/src/336185346/17882955703091635425.webm,17882955703091635425.webm,336185346,negative,cd8dc97acc9c414c1daf1cd1b011cc09b27df3aa6913da72f29713b4909b4e2d,0.05314934414037944,False,0.0,False
/b/src/336185346/17882955703762940250.webm,17882955703762940250.webm,336185346,negative,28787e7495c60eea1b23918638eeaa0b05f36430450702564e67ee83a5431f64,0.09439953890279447,False,0.0,False
/b/src/336185346/17882955704203865653.webm,17882955704203865653.webm,336185346,negative,c7df1879a1e9a855a39b4ad64cae482a826b1fa6f932dad72fe77c884d3417d0,0.06905637946380015,False,0.0,False
/b/src/336185346/17882960030910245827.mp4,17882960030910245827.mp4,336185346,negative,518a05f85c0ea31ce654c6b362941e4dd4add4237950ecf52c959e41d3ce7f7e,0.2833138008896555,False,0.0,False
/b/src/336185346/17882960031271834150.mp4,17882960031271834150.mp4,336185346,negative,3c2f601bf2dcdacea2d8e6268a61a7efb60797db83783bb287d8218f452908f6,0.07074060753582403,False,0.0,False
/b/src/336185346/17882962082150616264.mp4,17882962082150616264.mp4,336185346,negative,f5220e04ce602d1b607727dc54e65ab06404981511721a34742dac6298c66e92,0.04146488232306537,False,0.0,False
/b/src/336185346/17882962082381729239.mp4,17882962082381729239.mp4,336185346,negative,76db9c545ca9a84dd8c0d2242420885c6cd66db35fd8559e4f816cc9031a1073,0.04515495475954729,False,0.0,False
/b/src/336185346/17882962082822601629.mp4,17882962082822601629.mp4,336185346,negative,7896254a2b703196d84c87567226f56a4d35be944c58c83628e7ec01d8a0d338,0.7212916006405586,False,0.0,False
/b/src/336185346/17882962933470283935.webm,17882962933470283935.webm,336185346,negative,646bd321c90b025bfaeccafb7a8872c038b7b4e0fdb0c8054738552733741443,0.28593821082935916,False,0.0025,False
/b/src/336185346/17882962934711007516.webm,17882962934711007516.webm,336185346,negative,63b46ee970239cffcf0a867960d61b4cbdb89ed5a3eb785d208767d8a2d4ebeb,0.08841638045764891,False,0.0,False
/b/src/336185346/17882965448980531443.mp4,17882965448980531443.mp4,336185346,negative,cfd73de23f793d4deab634eef52be53c887442448b7a19e4852178afd3360abd,0.16282931954842145,False,0.0,False
/b/src/336185346/17882965449321446019.mp4,17882965449321446019.mp4,336185346,negative,3cc1a0fad330f372946cf82e9209f1d9ab1a854393305c2c0317ee4fd1cebe82,0.18652022709860713,False,0.0024968406918884764,False
/b/src/336185346/17882967461090824186.mp4,17882967461090824186.mp4,336185346,negative,6ee438138a98207b8725cbb0a63dc3950da151af32620aada1dba090e9148c44,0.04296298191031839,False,0.0,False
/b/src/336185346/17882967676990494377.mp4,17882967676990494377.mp4,336185346,negative,e49c6ad8325dc203e324cec04375f46433dea1b1d6aa4b8a8a412ceeddf26a07,0.22340714127183686,False,0.0,False
/b/src/336185346/17882967677241094012.mp4,17882967677241094012.mp4,336185346,negative,c9f71147f0e403fc0814c62a6aabdc1b8eacb9ee88812175779c506867d5aa56,0.28958290763930367,False,0.0,False
/b/src/336185346/17882968512990599919.mp4,17882968512990599919.mp4,336185346,negative,4d4b4dce9503313f5c160be4ffb8a020aed4e24becff88279195c1a6ea49ec69,0.06667021013144532,False,0.0,False
/b/src/336185346/17882970587180891282.mp4,17882970587180891282.mp4,336185346,negative,910d5b8ad92e8ad9e928455679555991680455d1030f716bcee4873df62712b6,0.04469943481957325,False,0.0,False
/b/src/336185346/17882970587451170223.mp4,17882970587451170223.mp4,336185346,negative,7ccd86fd2ce778afeb7262613c9164ad6a6de04094cb13554e8b2d691f4b058e,0.15286410543300336,False,0.0,False
/b/src/336185346/17882972983590180763.mp4,17882972983590180763.mp4,336185346,negative,4b3f1d8157b31e2e45ca3c6931e89c0a6b128e7ab6cc55108d6b7161bdbfbf91,0.20595518379102923,False,0.0,False
/b/src/336185346/17882972983881866350.webm,17882972983881866350.webm,336185346,negative,5bfe43adf148e3c8ab80f8cfc7830ad41fc9a9c3fda4f6ee5bc49c17375765af,0.0797909424464698,False,0.0,False
/b/src/336185346/17882972984082725586.webm,17882972984082725586.webm,336185346,negative,d48417a9e2b2e31f706807d1c3d4d66a9b99dbdad53795097ea3356722108c11,0.04338268832703833,False,0.0,False
/b/src/336185346/17882972984413111584.webm,17882972984413111584.webm,336185346,negative,54ae3c635f92fb21d7a6cadd507700fc25879eab08d89ea783fb94ed4550a608,0.046312435726122876,False,0.0,False
/b/src/336185346/17882975301490671662.webm,17882975301490671662.webm,336185346,negative,c53bf5f54b0f07b7341bebca179a431dd15382b518a7f0f87d798ccf8594d384,0.16591935639084016,False,0.007494186046511629,False
/b/src/336185346/17882975301801483476.webm,17882975301801483476.webm,336185346,negative,0e76b69040fe002868ff4a53eab4e71034fc4176e81d1cd5cc5d734683c67340,0.07190608071646687,False,0.0,False
/b/src/336185346/17882975302122573741.webm,17882975302122573741.webm,336185346,negative,10f17acb00f9868358aab886f182d370ea8841a551d248ea1f8418050f7b8b69,0.11219835029104465,False,0.0,False
/b/src/336185346/17882976403980356911.webm,17882976403980356911.webm,336185346,negative,6d8467e99bf898922643ead7d23db791e4c27125b8c7d3b8ffe312a7d606249c,0.04855640923117536,False,0.0,False
/b/src/336185346/17882976404191622434.webm,17882976404191622434.webm,336185346,negative,7d0d335a30fdb5dc9ff634e03aff031e4bd303e2907a729869e88298c11bdc34,0.04266141513732114,False,0.0,False
/b/src/336185346/17882976404672109878.webm,17882976404672109878.webm,336185346,negative,b4e602e7e42694fbe914d7f01754e673a360859b68b75eea25c2a8698dfe6350,0.09164228404699096,False,0.0,False
/b/src/336185346/17882976404913259385.webm,17882976404913259385.webm,336185346,negative,8ac959fcf829771cc96275be46ea35ba436027b7a384e4985801fda034125818,0.4402943535734849,False,0.05152175579185924,False
/b/src/336185346/17882978896570357207.webm,17882978896570357207.webm,336185346,negative,361f174c1492ed0cbc4719e8f8da9c6087b33eba85ada21ff8dd0c0f26eefc5d,0.0737582995647619,False,0.0,False
/b/src/336185346/17882978897021502132.webm,17882978897021502132.webm,336185346,negative,bc5a628112b46e8d40fcb26dc34eca1d9c3a6476d5d2d581c0952565ab67360d,0.3627016456547713,False,0.0,False
/b/src/336185346/17882978897452723012.webm,17882978897452723012.webm,336185346,negative,7417ec5d8601271d6d8688aa714c5d93997e79a0c7bda14289c6e5d9fd59d4e7,0.1625392513708928,False,0.034718218660986434,False
/b/src/336185346/17882978897743706220.webm,17882978897743706220.webm,336185346,negative,0e94aeed262598cbedb3b51c86514d8d89372fb1154a97665c232a578ffd7720,0.047333217827132436,False,0.0,False
/b/src/336185346/17882980389100005723.webm,17882980389100005723.webm,336185346,negative,c7e22192a87f9ec8da2b927cc416bf0c8710b64aad9c4d845177a23a1953d64b,0.12782963536769845,False,0.0,False
/b/src/336185346/17882980389391368202.webm,17882980389391368202.webm,336185346,negative,c9406e3fbd56b7cc312b9c0696e78420da28f1b69d44da35d13ad8697cfdbb5b,0.04468398487640062,False,0.0,False
/b/src/336185346/17882980389732774341.webm,17882980389732774341.webm,336185346,negative,a464fb0ef3a5d00bf323c1ef5ce583c7af3567373dd1901267fd2197b7ca787e,0.18335282401194364,False,0.0,False
/b/src/336185346/17882980390403839363.webm,17882980390403839363.webm,336185346,negative,bb8eb429ff48c59aa296ff689d6ecb0881af5ca0b123aae8d124bb6e462c8988,0.17890995146916858,False,0.0,False
/b/src/336185346/17882982721130887430.webm,17882982721130887430.webm,336185346,negative,1acce4d287c831c2e3206f8ed4f9fcbbaff7ffd3ba6c763058b39845c3b04726,0.14280615502018984,False,0.0,False
/b/src/336185346/17882982721471559521.webm,17882982721471559521.webm,336185346,negative,7dfa7ee71a1ef918f9c4edacf256179fd70f9436a9e30d55156eb326c6bb48c6,0.09607008973001226,False,0.0,False
/b/src/336185346/17882982721692706082.webm,17882982721692706082.webm,336185346,negative,69b66dc767616a57581c91429b7dfd9caa2b1048a6759e7021a9a1e9af7690af,0.04580912138243118,False,0.0,False
/b/src/336185346/17882982722043698200.webm,17882982722043698200.webm,336185346,negative,b9ef9a1736df448b58c9ede191163ed73d1cd3c02f5ce81a3eff144e3abbc2c5,0.15537326727965547,False,0.0,False
/b/src/336185346/17882984410940294217.webm,17882984410940294217.webm,336185346,negative,c64889a583d1aaae5824f7e2f418d4352a0887f55ca925f2e432e2d8a2161349,0.03308351346404649,False,0.0,False
/b/src/336185346/17882984411551286220.webm,17882984411551286220.webm,336185346,negative,643adf445cc588d74799e48cdf6e8b6c1b0f074ba3fcba01f8c37cfc38363733,0.09042483517043318,False,0.0,False
/b/src/336185346/17882984411912776904.webm,17882984411912776904.webm,336185346,negative,f32d5a4d1571d787a7b1c7de143cbebf20dfb0a87c66e481c47e93f835e6295d,0.13060250112716337,False,0.0,False
/b/src/336185346/17882984412463159365.webm,17882984412463159365.webm,336185346,negative,7f148883a945735c44b5ef5c87bbfe423f84184032cb2f991eb418f1aa29b59a,0.07462856163633218,False,0.0,False
/b/src/336185346/17882985386730935150.webm,17882985386730935150.webm,336185346,negative,71506a47c2daae5a979b18269a1c565493d4cf3aadda917e39a6b9eebdf03c9f,0.04603083377829143,False,0.0,False
/b/src/336185346/17882985387201630437.webm,17882985387201630437.webm,336185346,negative,e15b969265f2ea1b2cb2ff2c36ad623d6e84193d7726f3ed7943c41552826d8c,0.11914178307418627,False,0.0,False
/b/src/336185346/17882985387882427698.webm,17882985387882427698.webm,336185346,negative,4d8a5d45bb6ce5b7a6ff0ce082776dc12032cca40388219ad937d1d8638ff19e,0.09401507127954487,False,0.0,False
/b/src/336185346/17882986903210194666.webm,17882986903210194666.webm,336185346,negative,8e3685cc3f712385548e80a346fb145e5d51292e18544cf30ae11d4a5739950f,0.32701912619518453,False,0.0,False
/b/src/336185346/17882986903551391286.webm,17882986903551391286.webm,336185346,negative,245ff424c70ad52d906d51648714525240491708270c1a15c95e5be49591f14a,0.05119747715040521,False,0.0,False
/b/src/336185346/17882986904072261398.webm,17882986904072261398.webm,336185346,negative,d6b6ef742663f1f6a301e4b99ef4a5711da3de63d7472a4640225d0c5fc713b5,0.047995392500428,False,0.0,False
/b/src/336185346/17882986904743056536.webm,17882986904743056536.webm,336185346,negative,db2896f0e98af252066dc0b0df05d058263dcc07018c3df1f5479bcff5327a2f,0.12650408257181092,False,0.0,False
/b/src/336185346/17882989062590377833.webm,17882989062590377833.webm,336185346,negative,172da10ae9a277afcc900a2b39ca34bedf44e22f76db0c1d706f30118df5d9f9,0.5165041823119528,False,0.0024883040935672514,False
/b/src/336185346/17882989063041961052.webm,17882989063041961052.webm,336185346,negative,c63e5b9fb492132618c7dc41837b502b4c6797e3668ccd386a3a905bca3db144,0.4699694389613641,False,0.10177303053292913,False
/b/src/336185346/17882989063332331138.webm,17882989063332331138.webm,336185346,negative,f5a2726d7119dd4f038c9eb3dafca75ec670b5e0a66540d9891d828fdd333ad8,0.02540225753374069,False,0.0,False
/b/src/336185346/17882989064383254931.webm,17882989064383254931.webm,336185346,negative,0336d1edcf300bd4c67b03bac71229a90fbcdcaf802d630f621d7146b7a1a36f,0.07041073417497756,False,0.0,False
/b/src/336185346/17882990551990848425.webm,17882990551990848425.webm,336185346,negative,f263d000dec6facfd9ea081624e29311f88173efc6e0062a558b9ece19b084ae,0.040007810785549776,False,0.0,False
/b/src/336185346/17882990552741630557.webm,17882990552741630557.webm,336185346,negative,51cc60eecad4688a6cb458ccf95f83941c0e538bc004b3af35e218db07b5cdd5,0.15259323525848983,False,0.0,False
/b/src/336185346/17882990553482999670.webm,17882990553482999670.webm,336185346,negative,6fe9509916f916b9966bcfc5405a2387c9f8a2175bf4f1e922fdf90f29eaaf73,0.10761892593463115,False,0.0,False
/b/src/336185346/17882990553793679533.webm,17882990553793679533.webm,336185346,negative,c7f040c0cfce8f22768cc6d08fef135b7f68b58187b62e30306f71c3bfa3a49c,0.8918100451776617,False,0.24255782479857807,False
/b/src/336185346/17882991085720833082.webm,17882991085720833082.webm,336185346,negative,41efc04a824620ef532a8bc83e7aafe22bc4803e963680bae30656c64f2e6084,0.03366470581703054,False,0.00242545871559633,False
/b/src/336185346/17882991086611750790.webm,17882991086611750790.webm,336185346,negative,6ed30fa26499c3127f5e9e49cd06772720eef36ee29906222b76f2c172a6a9d2,0.608118929237455,False,0.0,False
/b/src/336185346/17882991087122403545.webm,17882991087122403545.webm,336185346,negative,a4b7fa89c51016d3c206b963d9529f14e5d8b8858fe2bc60f8e6b990320ae1e6,0.08330005730950499,False,0.0,False
/b/src/336185346/17882991087553114912.webm,17882991087553114912.webm,336185346,negative,0b0e36a2ef26fe8779f6334a04bfd9c80267ef57b11ad631c4e6753ab160cefd,0.055705794881374185,False,0.0,False
/b/src/336185346/17882992284800942409.webm,17882992284800942409.webm,336185346,negative,7c8a15165d23dc326462ba5ec2d8310459238b644e0d24f2f75e7af0abc1c6a0,0.11447024338034158,False,0.0,False
/b/src/336185346/17882992285351296835.webm,17882992285351296835.webm,336185346,negative,e036dd4794aa0066b3ff9fda152520cdd391b54523e389317e7b7db228dca138,0.11801122064980023,False,0.0,False
/b/src/336185346/17882992285692418554.webm,17882992285692418554.webm,336185346,negative,cd2956ca5b038b4d9c8792b78385462439caee65548c6094b1fb7c342b0af6a5,0.07330560218119904,False,0.0,False
/b/src/336185346/17882992285883671797.webm,17882992285883671797.webm,336185346,negative,3126e2ee992b76966fa16020d53b1533002e4709adc5ff500b6a785c42568960,0.11993567637498928,False,0.0,False
/b/src/336185346/17882993665370549260.webm,17882993665370549260.webm,336185346,negative,5b0d2720f624f3ade3a369ea02fd39745cf77f9f8f29e680e47d76d7261b6cd9,0.12170722789879573,False,0.0,False
/b/src/336185346/17882993665621506103.webm,17882993665621506103.webm,336185346,negative,ff9439d3d54cfe4d0690a4ffdaecf8641e42bb752a2cdfac626d5318bf589c05,0.229947059409238,False,0.0024970760233918128,False
/b/src/336185346/17882993665842931619.webm,17882993665842931619.webm,336185346,negative,d67f60f24fe0b48e8e655073a01abb43ac4280571e14fcf3d519b00a08af705a,0.2930324767952648,False,0.0,False
/b/src/336185346/17882993666093723185.webm,17882993666093723185.webm,336185346,negative,44ff6ba58fa3feef7dd20c7eb36363bee4f509ab5fd351673256050260ebf3a7,0.18866551872671397,False,0.0,False
/b/src/336185346/17882995026990600966.webm,17882995026990600966.webm,336185346,negative,2b291a5790500dcfb01e3a885a24c1b5e51ffef9682bb8b69591c18c2545b35d,0.058570911217233096,False,0.0,False
/b/src/336185346/17882995027191980515.webm,17882995027191980515.webm,336185346,negative,3b1865ea21dbfe23b285d76c423c920d8a3544fa71ea8b9b2e6eff023caaf30b,0.024833726060669532,False,0.0,False
/b/src/336185346/17882995027713414405.webm,17882995027713414405.webm,336185346,negative,716f0c9303e5b5dd2b4d3f709815479c2076173a6223da35918326f84999ae07,0.06194663666636468,False,0.0,False
/b/src/336185346/17882997636670649166.webm,17882997636670649166.webm,336185346,negative,9d5b54643858097290a9c4598f200f84c97bb9f2a3eea68cc2b3f88f1f4d31b3,0.6195963307878266,False,0.2347000004983135,False
/b/src/336185346/17882997637261376198.webm,17882997637261376198.webm,336185346,negative,b5accacf2c8a1e54bc4ce867410f12ab2970a663c1428367f3ebdeddbdf60fcc,0.06784672447627463,False,0.0,False
/b/src/336185346/17882997637612360215.webm,17882997637612360215.webm,336185346,negative,ce5d3e4f6745cf097d9efc7b54bf6f964358ee0a11d45b7fae1ee780c4c710f8,0.517370621766265,False,0.009975083524769331,False
/b/src/336185346/17882997638273590912.webm,17882997638273590912.webm,336185346,negative,a51010b1776a34994c6982b7e47faccfa428b8eeebaf33e9f960f7a543109dad,0.048044297275626036,False,0.0,False
/b/src/336185346/17883011129180875556.mp4,17883011129180875556.mp4,336185346,negative,11a6ced9b52f9ab54f74e7e1c1a819718bcba13d34d76830a0c41b1d5164e3f8,0.04117768024549055,False,0.0,False
/b/src/336185346/17883011959490810183.mp4,17883011959490810183.mp4,336185346,negative,5a7619bcc013caeac6f6a1a0a214fe609181a7467347e9390336b74170145505,0.06155873231302108,False,0.0,False
/b/src/336185346/17883011960201727592.mp4,17883011960201727592.mp4,336185346,negative,d192b35b93afd2daa475aa0801904ea77d9b5b4c20443a6a395194395f65d1ac,0.09962303514425312,False,0.0,False
/b/src/336185346/17883011960512230584.mp4,17883011960512230584.mp4,336185346,negative,b45e4dd3dde405db81b7686c8314398a8e94e9bff51010a7593133b9fced8993,0.10792096580917461,False,0.0,False
/b/src/336185346/17883011960943014363.mp4,17883011960943014363.mp4,336185346,negative,27890c87730cd9878a4dd8a00c6dd50d6cb36fcf42de096ce1969419811ea535,0.0652273776320944,False,0.0,False
/b/src/336185346/17883030534910461038.mp4,17883030534910461038.mp4,336185346,negative,295ece51a8c072256819fd4c13d46b8529caec246e3f110c4aa13f04c43adb64,0.05078372472642321,False,0.0,False
/b/src/336185346/17883030535661461369.mp4,17883030535661461369.mp4,336185346,negative,f34cdacb6c32278834adfb0043a761522c7ec5f15d20299cd627e18b3b650404,0.03852413890924512,False,0.0,False
/b/src/336185346/17883030536082204315.mp4,17883030536082204315.mp4,336185346,negative,c6b31d3f6b73be276291ef6dc90b0cd5e7d5588935054b0a71fef2b4b0e5422c,0.05639364822227392,False,0.0,False
/b/src/336185346/17883030536483974021.mp4,17883030536483974021.mp4,336185346,negative,77922fd1d6ae451f1ba6504e99fb889c6fcc7d4fd53112b56bd3d739a9ae0879,0.09817916101256316,False,0.0,False
/b/src/336185346/17883123773750406054.webm,17883123773750406054.webm,336185346,negative,4b8dc2df064a6166c38858331b664009424e39cb26a7609b5e57f3b0493255d5,0.10364841470529482,False,0.0,False
/b/src/336185346/17883131702410799537.mp4,17883131702410799537.mp4,336185346,negative,976ee262bc0f0965c608fee2e71f53e3604b14586f8c12490f0b5cfcc560e41f,0.07100989634383571,False,0.0,False
/b/src/336185346/17883132059110703317.mp4,17883132059110703317.mp4,336185346,negative,3b01ff1aefbfc1ca0e553b5f8a570f2d737ee6ed05d67c4f709213a4d8e8db29,0.04782052413890522,False,0.0,False
/b/src/336185346/17883132061242944984.webm,17883132061242944984.webm,336185346,negative,79c3debdb0e6fab0311144abccc3551aef71bb27b898e0a94b30d31725f8d492,0.13516990465365364,False,0.0,False
/b/src/336185346/17883249491200883434.mp4,17883249491200883434.mp4,336185346,negative,06a36ba3a20332f4095e4118240295868652a3f94f8fa854d2157e5f50a86045,0.05083281992771891,False,0.0,False
/b/src/336185346/17883249492281720284.mp4,17883249492281720284.mp4,336185346,negative,5ecf2fdde491efbac48c338c3d2d6136db54a120213f5f63c139838b1a3f3a68,0.122620791199213,False,0.0,False
/b/src/336185346/17883249492962207833.mp4,17883249492962207833.mp4,336185346,negative,d40ff3e4a26df9c36e69d7a9aeaaece267cf11f65dd595e1a76161de6b013cf1,0.06414623741319427,False,0.0,False
/b/src/336185346/17883249493313130606.mp4,17883249493313130606.mp4,336185346,negative,11ee87821219058c64131c93b6bc3fb424ecea0ba6da2b7b1b0244ab08c8719c,0.18973254340229734,False,0.0,False
/b/src/336185346/17883264230180400013.mp4,17883264230180400013.mp4,336185346,negative,36d7d4bc3f0af61a92a9cb8e7c2f1fc4518d632b8db8149900e63e93c8479a47,0.05982392763544066,False,0.0,False
/b/src/336185346/17883264844040702798.mp4,17883264844040702798.mp4,336185346,negative,2d4c2fef16fed4944773bf60a8e559e77488ae9e18843ec19e0330ff7ff2f01e,0.1120668863868246,False,0.0,False
/b/src/336185346/17883283235460687238.mp4,17883283235460687238.mp4,336185346,negative,ef3b0d474a9c9c251fe57c6e4043d31b21c4b8d794cb4751ca594d8bed73e938,0.05251481970124856,False,0.0,False
/b/src/336185346/17883283236011299951.mp4,17883283236011299951.mp4,336185346,negative,c9251d1b73c98e760899d9e69dfb3850af4b7614ec84a6bddfc8806550b23e01,0.341518459503953,False,0.0,False
/b/src/336185346/17883283236322014768.mp4,17883283236322014768.mp4,336185346,negative,4a4cc3d63bf8af08620079bf7b12e70f3e2bc598d80e40312e4a4f4fd5c055c5,0.11850767748622956,False,0.0,False
/b/src/336185346/17883283236663245048.mp4,17883283236663245048.mp4,336185346,negative,07796cdd044d7b933e576a0150bff42854b38e7f0894ff5ff2c2d5b99b4657dd,0.07755303737153575,False,0.0,False
/b/src/336185346/17883296974660820360.mp4,17883296974660820360.mp4,336185346,negative,6a554eddde5912dfdf55ff6c2f2333474161f58eefc3d70a8f2d36a5b9b433ad,0.05333571590532859,False,0.0,False
/b/src/336185346/17883304730560851082.mp4,17883304730560851082.mp4,336185346,negative,b5e45ace45636a721edaa6c96a7c582391037940f3af52c9a79273948a3a5f4f,0.05908785651586482,False,0.0,False
/b/src/336185346/17883304731311404839.mp4,17883304731311404839.mp4,336185346,negative,4b16ae1850ce19b7620ef9847b7a1290c93bc7d436eb1e84696ce675b6156fd1,0.03015589662482139,False,0.0,False
/b/src/336185346/17883305672610271300.mp4,17883305672610271300.mp4,336185346,negative,9c354c24b1d49d52d4635d2317a729def3c267ae60d4dd8ad3c02937648e8813,0.07536729867918582,False,0.0,False
/b/src/336185346/17883341528280632878.mp4,17883341528280632878.mp4,336185346,negative,794f1407d9b03121e1f66ea0eff0b28d1f1ae6e00e1f09e73c8e7883ade9d57a,0.11213661091688666,False,0.0,False
/b/src/336185346/17883358865701824996.mp4,17883358865701824996.mp4,336185346,negative,33d53525d270caaac4395f0bfaea9e73ee92b2f7e6b605337a6c2c0e1d604a14,0.4524099079152821,False,0.004902757475083057,False
/b/src/336185346/17883360633120721659.mp4,17883360633120721659.mp4,336185346,negative,61fedbb2b2fc69bc5cc800ab9ab04b24379a84d8adea5fdf41404f636f2ee2dc,0.16188140532012743,False,0.0,False
/b/src/336185346/17883360634001954587.mp4,17883360634001954587.mp4,336185346,negative,4d24624b8644d31b121a66c29ecf5475868e1919b4f821da3d72d0e02aa9588c,0.07758532215090634,False,0.0,False
/b/src/336185346/17883360634552505099.mp4,17883360634552505099.mp4,336185346,negative,ddc09643905282969bf2120248d091ad97a3f1dc54a4724ebd75b0b5d9a4351c,0.13956720538340625,False,0.0,False
/b/src/336185346/17883360634863868593.mp4,17883360634863868593.mp4,336185346,negative,8b7af346378284e96609fbfe72de38af44d50d98c250979d7c0868afb85d87ad,0.14136312012442181,False,0.0,False
/b/src/336185346/17883360944130577634.mp4,17883360944130577634.mp4,336185346,negative,82507f08f46e23ac82f34152748e20bd151ab35e4262f0037e6c56394116f7b1,0.06863546215485782,False,0.0,False
/b/src/336185346/17883360944451558085.mp4,17883360944451558085.mp4,336185346,negative,0f4b928804984f8b320f2e6d3dac40db74f2b4080cc6dee9454525f4c7519408,0.040616681627384014,False,0.0,False
/b/src/336185346/17883360945522915501.mp4,17883360945522915501.mp4,336185346,negative,c7e9fe822037d5ef48fd06b89b2b9736421386e07109ec3f62310fcff1e8b74f,0.0615854075025313,False,0.0,False
/b/src/336185346/17883360946663175983.mp4,17883360946663175983.mp4,336185346,negative,9e6f0b19385a9564b0afc1feef14ba7731c2615ce36d0cb2bbd98b3e68fe86ce,0.08469497890304103,False,0.0,False
/b/src/336185346/17883361344750045998.mp4,17883361344750045998.mp4,336185346,negative,cea1d902a5755da463e0958648a131e204a30cfa662be319a551c21f5f95d7df,0.08034982643249348,False,0.0,False
/b/src/336185346/17883361345711406929.mp4,17883361345711406929.mp4,336185346,negative,39084a9618e9a06ea52ba29094c7705e566d4d3309fbe5c3f4a697fa7afa8739,0.06981748649561834,False,0.0,False
/b/src/336185346/17883361346872481526.mp4,17883361346872481526.mp4,336185346,negative,7a3ecff9f5bc678590e2453e7e98f7eec692951553f29124d1cd1df38c874686,0.04069347297468496,False,0.0,False
/b/src/336185346/17883361672780904158.mp4,17883361672780904158.mp4,336185346,negative,4810937c7c1dbdd08e837204bf4ce1c2fd10f92a02e286ab9c1a45a2b8260af6,0.061374585317600684,False,0.0,False
/b/src/336185346/17883361673852423266.mp4,17883361673852423266.mp4,336185346,negative,9d24c5ea40fb55749d35885cffc7d7869b6760c4643ff6ba86f7ff95d763db6f,0.10909834567349819,False,0.0,False
/b/src/336185346/17883361674593313438.mp4,17883361674593313438.mp4,336185346,negative,933f033fab4319e1450c4df56dc0cb89381228e312aac842035b10a20fa9fc8f,0.20316681081577256,False,0.0,False
/b/src/336185346/17883362291250847803.mp4,17883362291250847803.mp4,336185346,negative,81170f932d9af928c0ce4eec3b9c452d56b7f4f86582e35c68cef6a5d861814b,0.2736106229308956,False,0.00242545871559633,False
/b/src/336185346/17883362291631020109.mp4,17883362291631020109.mp4,336185346,negative,06e786255414b2561840d8b4900918abf3acb7fedce12468ba365556f58334bd,0.10058428165751779,False,0.0,False
/b/src/336185346/17883362292152505614.mp4,17883362292152505614.mp4,336185346,negative,ede6b9eaee788644f71c9b6c392ff6204be024e9acb37789edbca1bde7d962c3,0.1417602739534768,False,0.0,False
/b/src/336185346/17883362293243007980.mp4,17883362293243007980.mp4,336185346,negative,f42b4dd4249325a0151da639b25cacd2cbef98bfe150027c46000c67667e9bc8,0.06683176970403541,False,0.0,False
/b/src/336185346/17883362819580784808.mp4,17883362819580784808.mp4,336185346,negative,086986343349dec5ec30797a460796bd3d401bbef066318d2123d027434ab037,0.17806222766942992,False,0.0,False
/b/src/336185346/17883362820191984552.mp4,17883362820191984552.mp4,336185346,negative,2fc709064680241186706f634de6ea57f842fde1b3fac6b2bca126a45d230520,0.04220582213908887,False,0.0,False
/b/src/336185346/17883362820592751082.mp4,17883362820592751082.mp4,336185346,negative,d3ea2dfd7c36dab6c7f5f5c2a0ee8ef7e1bbd5cdbae4450bd37e24bc2ca3d0fc,0.09257281844677469,False,0.0,False
/b/src/336185346/17883362821053253349.mp4,17883362821053253349.mp4,336185346,negative,fc0493b5c9fc40187edd01c17079012c08812501111fe59f2e336d3fe0190d4b,0.12820138211309154,False,0.0,False
/b/src/336185346/17883362911410413672.mp4,17883362911410413672.mp4,336185346,negative,137a346a8452b31585150492f4f812636cbc006bd381eab0f455f9b7fc208103,0.08195885962579713,False,0.0,False
/b/src/336185346/17883362911711823606.webm,17883362911711823606.webm,336185346,negative,e45df5e1ce4959b1f3a3f2eb1e209f4d492bd95873f7f37a0dd6f732a00dd013,0.10091428136331693,False,0.0,False
/b/src/336185346/17883362912262081154.mp4,17883362912262081154.mp4,336185346,negative,0193a933bb4e5f7f03545f0a725d9a38a5f3fe196d6897c8be0b438bca1d7def,0.14620756557603415,False,0.0,False
/b/src/336185346/17883362912733587682.webm,17883362912733587682.webm,336185346,negative,6e4c8f1c359da6c8c81113bab8a9a26301252bfe0ed6708870bb3533ce5d8d96,0.060230224336809295,False,0.0,False
/b/src/336185346/17883363193190877432.mp4,17883363193190877432.mp4,336185346,negative,e66aea628a10a1ab2fad6b0deffc1695580a5a4be97080a2e1d78033ccf62e7a,0.08133351839561821,False,0.0,False
/b/src/336185346/17883363194091428342.mp4,17883363194091428342.mp4,336185346,negative,a4ca411a76d7e8ca8ae4352ae61c43b30049f9c8424d5fcc1f4b841df514a95d,0.04669128563247618,False,0.0,False
/b/src/336185346/17883363194642890073.mp4,17883363194642890073.mp4,336185346,negative,e8e69954b460df1c88810c843721e2c64369aa131aaa53bf96b3d29c16129fbb,0.05631765668150664,False,0.0,False
/b/src/336185346/17883363195093793356.mp4,17883363195093793356.mp4,336185346,negative,20dbb5d9a51b1fd5da3088135b98d1b70eff6c5d23373bedc8aed079f76bcb63,0.0727126290259642,False,0.0,False
/b/src/336185346/17883363578650118521.mp4,17883363578650118521.mp4,336185346,negative,56c35e79f929ae6b985cd4143e2b99d77d37cc9c61173154ce8f200ae38507b9,0.0627174202636114,False,0.0,False
/b/src/336185346/17883363578981334549.mp4,17883363578981334549.mp4,336185346,negative,cf9e29f1aad29d76fc3273eb3b04f6c341e4d2cc470765b1816f94f0ae84664e,0.05064649883599381,False,0.0,False
/b/src/336185346/17883363579372929706.mp4,17883363579372929706.mp4,336185346,negative,29d8f32f828d936ae8fbdb7e2e3fa3ab2bdbd3137a574dfe9be049efc47d8955,0.05875311107420449,False,0.0,False
/b/src/336185346/17883363580023828872.mp4,17883363580023828872.mp4,336185346,negative,bc053eea472e6d6da1e3c39258b91e227ca907ab8251ec042f430e6cc1432bac,0.03963869122722902,False,0.0,False
/b/src/336185346/17883364348090225558.mp4,17883364348090225558.mp4,336185346,negative,3475b36bda1016abbbd4d116644d0ae818940d5a488736229509b81c3d2ec271,0.09580933868921385,False,0.0,False
/b/src/336185346/17883364447800076185.mp4,17883364447800076185.mp4,336185346,negative,6240f6c158c7216d1362417737b28ca9269b6087da81f51a9e2ad4b7aa7a6f65,0.0316911906384242,False,0.0,False
/b/src/336185346/17883364448671411005.mp4,17883364448671411005.mp4,336185346,negative,eb47e0abce90e84906bc4540b1ee6462c5988f742c4ca738c9af36f16fd1aa9d,0.06282493719693452,False,0.0,False
/b/src/336185346/17883364449832636829.mp4,17883364449832636829.mp4,336185346,negative,7fd39586d8bc9109c79690e716725d352a28b599c5f132e1ed565ac327f2027a,0.12222499947480932,False,0.0,False
/b/src/336185346/17883364450273686137.mp4,17883364450273686137.mp4,336185346,negative,6c6e25ec10bedc1a832d32006ff99eaa92dbcf54bbdc7818b6a20c45646fe573,0.04757567288036257,False,0.0,False
/b/src/336185346/17883365078990995647.mp4,17883365078990995647.mp4,336185346,negative,b4bd8931c1f58a6d450ae9e19c3d8a17005bb4cad1b53493c437a334f3415290,0.030321585380845666,False,0.0,False
/b/src/336185346/17883365080211621025.mp4,17883365080211621025.mp4,336185346,negative,f569826ed12fbd5deb0154c3ba0bf376c951aede878692779570c419dcdbd8cc,0.6351265302717999,False,0.004835201473755222,False
/b/src/336185346/17883365080922216393.mp4,17883365080922216393.mp4,336185346,negative,5dc3bf6ecb3a9676cd202a24a00a5a0d44bf6ed6867ee27b4362998128116560,0.06480432709227035,False,0.0,False
/b/src/336185346/17883365081603004524.mp4,17883365081603004524.mp4,336185346,negative,bb9d2a8d689a70d0a60808bd4a91edc79b8be0630f34c8ed81f0418e795a309c,0.0758349316065941,False,0.0,False
/b/src/336185346/17883365205720296667.mp4,17883365205720296667.mp4,336185346,negative,df05ad97bee862fbd0824ed589abf57adc1ece822b141ec67471ac097451a6ba,0.0907748247098719,False,0.0,False
/b/src/336185346/17883365206031670206.mp4,17883365206031670206.mp4,336185346,negative,0877fcc905b5f39a2aee892cbcc2464a67e39004c2fc80595ca7e16774a5247b,0.03826341234365831,False,0.0,False
/b/src/336185346/17883365206332090010.mp4,17883365206332090010.mp4,336185346,negative,a500b4673eb75cffa4bf572db8466e631a7a39a7723513e08552b7e3726c58eb,0.160714204165335,False,0.0,False
/b/src/336185346/17883365206633075224.mp4,17883365206633075224.mp4,336185346,negative,edc1cd2701db80514edb1bada84ac60b88848b13b7b08b4f3e57cef19171284f,0.2101471086581018,False,0.0,False
/b/src/336185346/17883366593620010745.mp4,17883366593620010745.mp4,336185346,negative,cd14f718f1796df7580799b8d36f4fafb881bc3a13649ffbcb73c3cbafe54f95,0.11713371870689082,False,0.0,False
/b/src/336185346/17883366594111241955.mp4,17883366594111241955.mp4,336185346,negative,cfc8f5c28f35850794d6dff509b41d8c78456430522e9982c078332432857a5a,0.17575186890821864,False,0.0,False
/b/src/336185346/17883366594522148758.mp4,17883366594522148758.mp4,336185346,negative,b4dbb33278ab92255d25095f87c457f0488bc8af42004d78fc044eeef44f7f8b,0.43039689810164106,False,0.0,False
/b/src/336185346/17883366595193072013.mp4,17883366595193072013.mp4,336185346,negative,c6b3e19ee645e2533e4fb2ad84643d8bb053ecdef18505a5bef9a3dfad3e95c9,0.07422470641541085,False,0.0,False
/b/src/336185346/17883371443270039210.mp4,17883371443270039210.mp4,336185346,negative,dab70d70acb9fd7cbd8514b23d3f04637af34d82e644b4ec01e81ef89209493c,0.0971347074742228,False,0.0,False
/b/src/336185346/17883371444211728010.mp4,17883371444211728010.mp4,336185346,negative,1020d5a4fe129d7705f093650b7ada3f135d91002653df793f7b7d993ce2e522,0.12058458473360896,False,0.0,False
/b/src/336185346/17883371445182876700.mp4,17883371445182876700.mp4,336185346,negative,76996ecf0ed1bf6ccdb0e23b4a0c92f1356b6064f414857a174d8bde2f2057fe,0.07442101608983227,False,0.0,False
/b/src/336185346/17883371446173719070.mp4,17883371446173719070.mp4,336185346,negative,1656bac2d0e167cc80a3f795feb75cc84c13c85151dfba1ef3130d7f8eb513af,0.09854785292142562,False,0.0,False
/b/src/336185346/17883395202170259937.mp4,17883395202170259937.mp4,336185346,negative,d41dc2d2cc5df1d217bdf2c0e8f522ae832d22402dce4af2ea9ebf6f534f9a9c,0.10125784361157424,False,0.0,False
/b/src/336185346/17883395203571038295.mp4,17883395203571038295.mp4,336185346,negative,ca96fce8c082fca0b607abf1bded7809c0f8f7d23c5740deef1265c501bb57b0,0.04873001077990292,False,0.0,False
/b/src/336185346/17883395204372667121.mp4,17883395204372667121.mp4,336185346,negative,cc9e9e71a032ecc8bd1599d083cfe6ab20b4f406b6de514053fffff5d04e6fdc,0.09453688269457079,False,0.0,False
/b/src/336185346/17883395205093681646.webm,17883395205093681646.webm,336185346,negative,a0aea8e1d1b96a4213653b4ffcb5f2d0c6af2a11538333c170dacffd47a47a1e,0.05558155579455447,False,0.0,False
/b/src/336185346/17883402284080192306.webm,17883402284080192306.webm,336185346,negative,2188f0594bb0c32cb25d47daae1b8172e9790cc2fe149b086c138c989528a7a2,0.15192626756056157,False,0.0,False
/b/src/336185346/17883402285381557164.webm,17883402285381557164.webm,336185346,negative,5c38ffe7fe0321f2083e0dcc963ce2f5edacb3801e4bcd6b2560427d0a147bdc,0.0427437307034985,False,0.0,False
/b/src/336185346/17883403663590092685.mp4,17883403663590092685.mp4,336185346,negative,f4533efa9497c6665f6a52671029a7151e8ccd5a5311f12b649fabad36df152e,0.48414869742669886,False,0.0,False
/b/src/336185346/17883403664051995424.mp4,17883403664051995424.mp4,336185346,negative,b1fc7298d91d89dd89f9f05d2237f4552646e6c5c40040bf163348fdb6d2a006,0.05000929008928916,False,0.0,False
/b/src/336185346/17883403664482967427.mp4,17883403664482967427.mp4,336185346,negative,c18fa302933e8601b077f9e9fbee56f5095da1bae5e3ea3c7a96561e2a56748f,0.04012376422670129,False,0.0,False
/b/src/336185346/17883403664893796418.mp4,17883403664893796418.mp4,336185346,negative,fc43ee656fcde874f0dc8452d788601d0b12a6366c05712b16bcf439f04f31ea,0.06049801593595459,False,0.0,False
/b/src/336185346/17883404914270838653.mp4,17883404914270838653.mp4,336185346,negative,9933b6e850143b4443c0111bcfd34fb4e6f88355f1acfa78db824a16c5fb9013,0.06474186356966585,False,0.0,False
/b/src/336185346/17883494374140561343.mp4,17883494374140561343.mp4,336185346,negative,81c4791611e7fcdb72e130bde90e9e6bf7fe53a53bfa8dc53196b862071b0a55,0.053954087559392044,False,0.0,False
/b/src/336185346/17883494374481730749.mp4,17883494374481730749.mp4,336185346,negative,e9433585eaba75c1218be742d500f96db32b6ce8bf468b2e561908340494c836,0.1601172575402342,False,0.0,False
/b/src/336185346/17883494374802973670.mp4,17883494374802973670.mp4,336185346,negative,de3100d57e698ca12607c3aeb83c23eb0b1aef9aaad7a9a3abd2bb67bafb00b5,0.1147749075447565,False,0.0,False
/b/src/336185346/17883494375303884670.webm,17883494375303884670.webm,336185346,negative,4d8aaafde6e7e435167dcf9e4f440ca8366d59fda032a1b1a1c490f278d2552f,0.03402540469932671,False,0.0,False
/b/src/336185346/17883503339350300165.mp4,17883503339350300165.mp4,336185346,negative,62cff6c64494cc0a8dc91904b86eba6404fbcf2fd5fd1ce00b6f3a825b1c54c9,0.039742145006435095,False,0.0,False
/b/src/336185346/17883503340201876185.mp4,17883503340201876185.mp4,336185346,negative,196086cd0fd438ce8fa871000685de00932b585eb2a62ac7cec481ebaa2a5aeb,0.20220027870755308,False,0.0,False
/b/src/336185346/17883503341152539975.mp4,17883503341152539975.mp4,336185346,negative,5543e2d22b55e7c0cf4954b6c8b82f75634d13d0beabc40ae05ccd2e634c794c,0.057603667107641865,False,0.0,False
/b/src/336185346/17883503341513979297.webm,17883503341513979297.webm,336185346,negative,86c0fd73c1769dfc45c374e3d05938ce70679be6ad0118402aac43c30b2229a7,0.07729714886251778,False,0.0,False
/b/src/336185346/17883519406150144854.webm,17883519406150144854.webm,336185346,negative,462b28d0977b753773f3e636e2ba3ffc2410deea611faef965c2b223340e1825,0.08504888150586896,False,0.0,False
/b/src/336185346/17883519406481810980.mp4,17883519406481810980.mp4,336185346,negative,e141dfa2fa142cb5d3a74827adeec28e91983fcf7524c2b5c5cbe40a6cecc160,0.023260028274982025,False,0.0,False
/b/src/336185346/17883519406742910405.mp4,17883519406742910405.mp4,336185346,negative,570d3fa5f821cbd1a696bb67d256fe7a45b8148b60f5032e5748c377f61bb658,0.05204133485618787,False,0.0,False
/b/src/336185346/17883519407003730617.mp4,17883519407003730617.mp4,336185346,negative,ef0065c48427771cfc6372e81906d189525b6b457d36d7b17de459062ff61a6f,0.12128842567645554,False,0.0,False
/b/src/336185346/17883547927120583672.mp4,17883547927120583672.mp4,336185346,negative,183a101d8f29891061dd5e49fdca4d580439e71ab54ecbfed6278efe6b15ca34,0.17664948299169714,False,0.0,False
/b/src/336185346/17883547928121728384.mp4,17883547928121728384.mp4,336185346,negative,111cc6099446ece2567db22c257242a39b76f359eedc9cd18b0edd570ee1468c,0.08937283379520752,False,0.0,False
/b/src/336185346/17883547928902064187.webm,17883547928902064187.webm,336185346,negative,7f3d89e09fa8d28dd3d36cf6d455dfda1196fcfe971cfc77b2b0027a054af990,0.04585438552237283,False,0.0,False
/b/src/336185346/17883547929543896534.webm,17883547929543896534.webm,336185346,negative,40d566f5b58580dcbdfa616ae3216a3870d599b5177fa7dd085d83adf9528446,0.022798777806250774,False,0.0,False
/b/src/336185346/17883548477450301670.webm,17883548477450301670.webm,336185346,negative,367d224833b82132cb01b79c2fc47a83b3cd479cfd8c658d17e22036bbc66a71,0.5472774069082943,False,0.0024941245593419507,False
/b/src/336185346/17883548479281988737.mp4,17883548479281988737.mp4,336185346,negative,7cd1d1ecf47f5d640ff0fa53eedce1909b31ff5e16cd6a4e92dfd380f87591ec,0.11998145921803814,False,0.0,False
/b/src/336185346/17883548479992268949.webm,17883548479992268949.webm,336185346,negative,fc2b4e3e63e7cf6af6a1f45785c7b14db7cf714d2684f9b06502506a51909c3b,0.08800578812161226,False,0.0,False
/b/src/336185346/17883548480383421811.mp4,17883548480383421811.mp4,336185346,negative,045aff7e2cd90120e3eb92ee65ca02937fdfa0278c51a01cb417ac4f86f8bab4,0.09876052207780343,False,0.0,False
/b/src/336185346/17883557324650588814.webm,17883557324650588814.webm,336185346,positive,712324fdd5e05deb4f0658221ae99f788fcb7ae9d5b52e4d4551c78ebb2a9916,0.9999422682447854,True,0.9449186367635576,True
/b/src/336185346/17883557325041070677.mp4,17883557325041070677.mp4,336185346,negative,4e3ba7063262048b0092a0f036f342c1b0eb969b43cad9117a550b3e12ba1c71,0.04803682535053413,False,0.0,False
/b/src/336185346/17883557325462786367.mp4,17883557325462786367.mp4,336185346,positive,ca1e7647fe8fbe8b2b5b44655a8a9807eb9751fb212392a314929a4d09ab03ef,0.9905954378491407,True,0.9276117196149264,True
/b/src/336185346/17883557325803507124.mp4,17883557325803507124.mp4,336185346,negative,34f8fc83a30543b44a68b0a860b73c85c9d9a61f5681c853f9921b7c5705935d,0.07993088649640073,False,0.0,False
/b/src/336185346/17883557757900343322.mp4,17883557757900343322.mp4,336185346,negative,d92ccdcc6c5e6d62e00fb9c12be4ee1668773a5715db42ed00f4f67d29944edb,0.07327780464525652,False,0.0,False
/b/src/336185346/17883557758321049696.mp4,17883557758321049696.mp4,336185346,negative,3fecf626db8d14c065ac4251cf41f20c6906c4fa059ed305351756136c1fda78,0.06024821450513479,False,0.0,False
/b/src/336185346/17883557760272195201.mp4,17883557760272195201.mp4,336185346,negative,e8ac8136cba8bb9173a1c2aeb9a096fa541bb52f0c2d0406ae46eeaf9f31492c,0.05389157710039508,False,0.0,False
/b/src/336185346/17883557760913735794.mp4,17883557760913735794.mp4,336185346,negative,1d6f691d120c040952af81799f1be46f33aa8896dbf79e7662a8730dc28b9852,0.07285363156868196,False,0.0,False
/b/src/336185346/17883571651500890327.mp4,17883571651500890327.mp4,336185346,negative,7f5a044c3a6df777362b16649a57039f46152612f0e55fc9f42850735fbbaae0,0.04766424433568538,False,0.0,False
/b/src/336185346/17883601686640517785.mp4,17883601686640517785.mp4,336185346,negative,aa351286f843a6d5a6fe517046395eeeafe00f58780681bcd4b56e9188391097,0.056717579728517445,False,0.0,False
/b/src/336185346/17883601686941973122.mp4,17883601686941973122.mp4,336185346,negative,72a99998758e7d86d5ba6ddd8623b7762ce6ade64366f1eab1bc516034ffcc99,0.05902974138829475,False,0.0,False
/b/src/336185346/17883601687482130585.mp4,17883601687482130585.mp4,336185346,negative,f87b29d94aa699b3f964777cf9cd66188e0dbf7033e49dd0652dacc4cbd3870f,0.09790900130007078,False,0.0,False
/b/src/336185346/17883601688003901720.mp4,17883601688003901720.mp4,336185346,negative,32eb1d9317465f86715977f2958c80e3a5ced82a36108bd11691c35c13f8d204,0.10875329833389008,False,0.0,False
/b/src/336185346/17883605048280422393.mp4,17883605048280422393.mp4,336185346,negative,b75cb6f3408f5bac0f247e66364b5fe17473b85d8eef8e5e5896438b20f20767,0.09321543161418427,False,0.0,False
/b/src/336185346/17883605048671123964.mp4,17883605048671123964.mp4,336185346,negative,9d671336adb67170a376952ebb5afeb20370489f75ac1b04fa889ea1338f2cbf,0.04056195379942557,False,0.0,False
/b/src/336185346/17883605049102381609.mp4,17883605049102381609.mp4,336185346,negative,29f35f908cc344d28f5ca7c57edccdf43916b21cf4ac52aaa79fd0f63ea41f30,0.09256207923212974,False,0.0,False
/b/src/336185346/17883605049573356206.mp4,17883605049573356206.mp4,336185346,negative,8417f89725d6927b64cdd1d6eb4a9da27a033e836a3c66dace9a56af1cb8bc96,0.07826458146191964,False,0.0,False
/b/src/336185346/17883609750570181407.mp4,17883609750570181407.mp4,336185346,negative,d88ebd35c874a40c7bb4e062e9f2f4f5e914ca14d34f807adaa2fd3c6ff8a481,0.05732672774218242,False,0.0,False
/b/src/336185346/17883610290830020451.mp4,17883610290830020451.mp4,336185346,negative,f731f9b0a2ca6b68f452be0be13dd2669bdb42849e45775b2b4d03412e1bd62d,0.18911249138818237,False,0.0,False
/b/src/336185346/17883610291191258644.mp4,17883610291191258644.mp4,336185346,negative,892247971ecad5685e2d663da9f293c2915e7754f384d00354f44ac9bd6adeaa,0.09763735469639753,False,0.0,False
/b/src/336185346/17883610291612389703.mp4,17883610291612389703.mp4,336185346,negative,5a4a070abb676d5259546f1335891a5660184af7aa040fede5fef61323df187c,0.059002940090809045,False,0.0,False
/b/src/336185346/17883610291873190772.mp4,17883610291873190772.mp4,336185346,negative,efc89bc6c103b020d7279cce4cdb1144ce7148b179fc27bd643d1fe1c1b037f3,0.08430047538134844,False,0.0,False
/b/src/336185346/17883613748010161145.mp4,17883613748010161145.mp4,336185346,negative,27064a5de29763ad875227e1cefaa134168a1ffba3c727edd70981b00a126fe1,0.10057764470666518,False,0.0,False
/b/src/336185346/17883613748671458691.mp4,17883613748671458691.mp4,336185346,negative,2466e4cbd4db7ca6496964797e8ddcc0ccd23ad2978cf9095046a4cc18add401,0.060356949113531,False,0.0,False
/b/src/336185346/17883613749082552001.mp4,17883613749082552001.mp4,336185346,negative,d44ddfae49654fb67c876b3fad5d466a49c60dd67f433334eb75f111c4082650,0.047446359485867416,False,0.0,False
/b/src/336185346/17883613749663980555.mp4,17883613749663980555.mp4,336185346,negative,28f0905b7378afd6b933a8aada0c4c92fc24fe7b2d73ecc8befc00ed60dcd59f,0.10196616053218172,False,0.0,False
/b/src/336185346/17883618546620500101.mp4,17883618546620500101.mp4,336185346,negative,60df783f3c16242b96b4c126a0c3b6aff376393afc8657bd4a63852b91dd48f5,0.06914156333080858,False,0.0,False
/b/src/336185346/17883618548041341684.mp4,17883618548041341684.mp4,336185346,negative,4a035841d141844c2c2a8c7bad98984b3a592e811ebc31f2e543ebde134d872c,0.12119028250319012,False,0.0,False
/b/src/336185346/17883618548502002295.mp4,17883618548502002295.mp4,336185346,negative,d6aac00afb48f45df51146e5e05a417cd3bd498ba5866cf89bb2662192921373,0.07422337312934299,False,0.0,False
/b/src/336185346/17883621186740504663.mp4,17883621186740504663.mp4,336185346,negative,709c600f4831dae55022c791b60d16e04c342b81b3d20e0d870785fe7f3b73e3,0.10591960755749383,False,0.0,False
/b/src/336185346/17883621187581391416.mp4,17883621187581391416.mp4,336185346,negative,067af1c80e436d66c28a9d39925d14290149aea91ef7425671745f81646b63b2,0.06752962108732113,False,0.0,False
/b/src/336185346/17883630353490599943.mp4,17883630353490599943.mp4,336185346,negative,cd09d402f28c379922d617224cadd2b0d8dc8a89b7f4efc54499e40f20481e62,0.042335241593362244,False,0.0,False
/b/src/336185346/17883630353881004295.mp4,17883630353881004295.mp4,336185346,negative,f3fe494ca47052289ee8accb346cd0250f22c202dbc16ab230b45994ee42b89f,0.1376220021188392,False,0.0,False
/b/src/336185346/17883630354252600839.mp4,17883630354252600839.mp4,336185346,negative,61a4b5939a9e87d3f53c224a94b071c991a6f203eed0b1ee6434af9b6daafe90,0.06323065586084645,False,0.0,False
/b/src/336185346/17883630354503550822.mp4,17883630354503550822.mp4,336185346,negative,e6eb2b95d76e45f364746571d2f460a7d2d26642c74f6d695b16d3eca524666d,0.2748618578331582,False,0.0,False
/b/src/336185346/17883640325040839603.mp4,17883640325040839603.mp4,336185346,negative,123b5ec0a806318ef2c80d8af821850581edf821da30888d87e16ac5fe1a49bb,0.14770133886527875,False,0.0,False
/b/src/336185346/17883654583550484065.mp4,17883654583550484065.mp4,336185346,negative,2e9e5424d47b339306e1f9db52d004c50f5cdc4995684302e955b9d9373d22d2,0.3219819429430867,False,0.0,False
/b/src/336185346/17883654584451691280.mp4,17883654584451691280.mp4,336185346,negative,45592a474acfeeac2e77d5f360809a565428f01fe2a0148f718da84526108f90,0.06071944033407357,False,0.0,False
/b/src/336185346/17883654585152315193.mp4,17883654585152315193.mp4,336185346,negative,a375dceab79593ab4dd635d5d17d53c4bfdec7f6cf75d19b0c8035706b0c21f0,0.07499118278930983,False,0.0,False
/b/src/336185346/17883654585623318570.mp4,17883654585623318570.mp4,336185346,negative,cd3ee46c9f96585daf3121d8b7cd2b4a38ecdc93b8170f0c20a8cae997466ba0,0.12839442680017418,False,0.0,False
/b/src/336185346/17883654585914957727.mp4,17883654585914957727.mp4,336185346,negative,eed0eacef33f11d6acc6b9386b265b2bb1980b07572e00dcca769cce3b88e61a,0.053408528420279135,False,0.0,False
/b/src/336185346/17883689595390969867.mp4,17883689595390969867.mp4,336185346,negative,698a0dcd7dbc6fe1166b29b0543fb49008e4d58bec7dac89fdd88115c75899cd,0.03523913778356015,False,0.0,False
/b/src/336185346/17883697213580469129.mp4,17883697213580469129.mp4,336185346,negative,0adaeaaa617d7d6b7616be8cd473288d358e4e6f20a1da15693442dd0c02b64e,0.11354602666145566,False,0.0,False
/b/src/336185346/17883718694430279999.mp4,17883718694430279999.mp4,336185346,negative,d44f77acd4fb06c0df41056c05f707a610ca9f5bcfe433a187bfd99827b56d3b,0.04113218629685746,False,0.0,False
/b/src/336185346/17883728718860980858.mp4,17883728718860980858.mp4,336185346,negative,172356a049240172973f1232127be12c9abc443c23ebaa6032ff7f2dc8161edf,0.09448064799583708,False,0.0,False
/b/src/336185346/17883728720141485733.mp4,17883728720141485733.mp4,336185346,negative,4b4b86dac8e2c889cc0c9fbcc95513045280ae5e4aa255783bb83dfdd175a27f,0.05510203125171752,False,0.0,False
/b/src/336185346/17883728720642733225.mp4,17883728720642733225.mp4,336185346,negative,7de4e20922f9897a7c39d4920cb90f1c6c0c965db786431bd37f6cc5d7f641e4,0.07350544641220715,False,0.0,False
/b/src/336185346/17883728720923018388.mp4,17883728720923018388.mp4,336185346,negative,058647dcff1bbbaf034fbfa04fa88c7e90584d70c6f5bf80327d5a846839e706,0.11498740596313083,False,0.0,False
/b/src/336185346/17883736275220466253.mp4,17883736275220466253.mp4,336185346,negative,fe057cebd6355624d157ec13313125e1070b1cc38688fef32da13b30158766ad,0.04638336548700891,False,0.0,False
/b/src/336185346/17883736275501617633.mp4,17883736275501617633.mp4,336185346,negative,b55647e4b20c1511f2b5b5ca72cd45df8651bf5c740d659d12cead321c867b54,0.09407504970380777,False,0.0,False
/b/src/336185346/17883736276062910168.mp4,17883736276062910168.mp4,336185346,negative,ad4410c838f9cf32951ffd198ca3af1315eaebcf56c0eb1dc35bbc5cc84ffe26,0.29819060781522044,False,0.08619956659017115,False
/b/src/336185346/17883736276383310122.mp4,17883736276383310122.mp4,336185346,negative,3342d530218c8427bbf5786ac487779489d32aaf6f6bb3f3f4b97835776c57c0,0.062454103658079935,False,0.0,False
/b/src/336185346/17883738659350349591.mp4,17883738659350349591.mp4,336185346,negative,50d6f22739e3a17779eae2cc61eefcebc4d9acfd5407f409d2694116a0cef54d,0.13396497441358984,False,0.0,False
/b/src/336185346/17883738660381448444.mp4,17883738660381448444.mp4,336185346,negative,b02f904964b502fa918aa28a9472e33c27a04449ec4ccff6b2f6b9eac0f196e1,0.06497099627377041,False,0.0,False
/b/src/336185346/17883738660852484810.mp4,17883738660852484810.mp4,336185346,negative,2222c933fb3743ecede1b4921b606b0bbea377216bd97c8f2628835788df6b8f,0.09992820582778114,False,0.0,False
/b/src/336185346/17883738661123719295.mp4,17883738661123719295.mp4,336185346,negative,3ceeb66550b52ac0bbcaad5d11a17db9b6483eb218f3d7a82675c5b513622ead,0.15476101446204574,False,0.0,False
/b/src/336185346/17883743087750007302.mp4,17883743087750007302.mp4,336185346,negative,7040fdb239b23f51549fc286b4d6eeaafb23501b6734ecd5d8a53b42ea347ef6,0.05139721121723009,False,0.0,False
/b/src/336185346/17883743088121019212.mp4,17883743088121019212.mp4,336185346,negative,cf446c0867584df74430db8ace7dec8d8e8eb07ea9003cab52cba269ffb27f57,0.08549712265994275,False,0.0,False
/b/src/336185346/17883743088382660735.mp4,17883743088382660735.mp4,336185346,negative,36f49215737de21408a1fd8983f976235d2d6bfca7b0cb6d886cf3b36a3650b1,0.07228901760689406,False,0.0,False
/b/src/336185346/17883743088693138730.mp4,17883743088693138730.mp4,336185346,negative,03829f71c21f6e4d5a103b8f56994e81703e8eb9576bf53397d9b5409061e506,0.46466881533757093,False,0.0791274047473706,False
/b/src/336185346/17883746277340707150.mp4,17883746277340707150.mp4,336185346,negative,9ecf687cba26eca66cf55b8b241be8ebd7eda67321ffda1c253f78eeef42f4e5,0.13392304711229994,False,0.0024085714285714288,False
/b/src/336185346/17883746277901424436.mp4,17883746277901424436.mp4,336185346,negative,f64dc58f4072734613449b7d9ffc795cb50b6f29cdaa9877282160264e89e12a,0.25233453228987196,False,0.0,False
/b/src/336185346/17883746279262863686.mp4,17883746279262863686.mp4,336185346,negative,71f8dec3a3945c493819e6e7c5d48ad614e5857b4faa2324eaa349ed7123a4aa,0.0581607778371222,False,0.0,False
/b/src/336185346/17883746557930158710.mp4,17883746557930158710.mp4,336185346,negative,551f3f49218ed0d1c95cdb725e8f4b67af665df92a73ae4fa6e1571852fb0e85,0.10178879017307775,False,0.0,False
/b/src/336185346/17883749946690643421.mp4,17883749946690643421.mp4,336185346,negative,bb0d7f79509ddc7101e9b3d74812107e3ffbadf86f420a9e2d9398ce311643c5,0.09876601586444454,False,0.0,False
/b/src/336185346/17883749947011412113.mp4,17883749947011412113.mp4,336185346,negative,da933e39c000ebf1e0b56ca07af119e9f9ea44aee097f7986e5cc36a8b4864ac,0.03621911629499883,False,0.0,False
/b/src/336185346/17883749947242963847.mp4,17883749947242963847.mp4,336185346,negative,bf50914aab63eca882e825a143b3b4576dbfb0ef23ca9bc801a614694dc9edd6,0.0516263947561421,False,0.0,False
/b/src/336185346/17883749947663238255.mp4,17883749947663238255.mp4,336185346,negative,5bf1811f7e9487c17175572ec7dd0b2bfcab825a6ac7134ec0d60cfdf1409a21,0.05689909991393405,False,0.0,False
/b/src/336185346/17883754288070018447.mp4,17883754288070018447.mp4,336185346,negative,8a94e48aed595ae4500b1f94329aa17f574360720cf96d6bc8d37addba8e39a6,0.07330400197537469,False,0.0,False
/b/src/336185346/17883754289351458072.mp4,17883754289351458072.mp4,336185346,negative,8ad5342a984a87276e324a2024c56c68fe2b9d95de14c052a8a7b79fdacb8022,0.14886992366230453,False,0.0,False
/b/src/336185346/17883761167870514975.mp4,17883761167870514975.mp4,336185346,negative,d98606acb632908d0409a303ab80c3441e239cb55f45bc4d569f72095b86bce4,0.1311023605976406,False,0.0,False
/b/src/336185346/17883762413790883364.mp4,17883762413790883364.mp4,336185346,negative,f838d12ba0c7e49b8d092598cc441a676f248b560e19fd3dafbb8dc0766b0b8f,0.06491539817687664,False,0.0,False
/b/src/336185346/17883762414411720473.mp4,17883762414411720473.mp4,336185346,negative,a77121e0ec47ae48f494cd3112f19e40556598647bff69215e4109955188829f,0.06451596828053772,False,0.0,False
/b/src/336185346/17883762414982927116.mp4,17883762414982927116.mp4,336185346,negative,692d9c1f2be54a91dbad8a5d02c4b7b31e0917b11bbd4af3dcee54acedfe3a9d,0.1631739667490411,False,0.0,False
/b/src/336185346/17883762415313690799.mp4,17883762415313690799.mp4,336185346,negative,aa8a1f0f6f93819848950109b9c6a598503af89bd4fe29b4f60b9533df13e5ef,0.12107484011194646,False,0.0,False
/b/src/336185346/17883762708100871935.mp4,17883762708100871935.mp4,336185346,negative,935151a2270fef4f37973a23d7beb422e8e9e9ebea7b564a70f27cf2edf40be0,0.0837221764019973,False,0.0,False
/b/src/336185346/17883769631480014135.mp4,17883769631480014135.mp4,336185346,negative,52257adfc045e8bde370978caf087ce8a1572ad31ff705d38eb57bb660bc62a9,0.504193641400947,False,0.07332892129976337,False
/b/src/336185346/17883776984760501604.mp4,17883776984760501604.mp4,336185346,negative,1c0c94041ffc7ff85eb85385a6b8b70fbb63e4274a9e1f27ffc56a47368e4f56,0.10472462248656425,False,0.0,False
/b/src/336185346/17883789189970237990.webm,17883789189970237990.webm,336185346,negative,c6e47054d74066324cbc0bec64ed4274868ba1f2c4ff018c53b7c44561c458f6,0.08855777875841209,False,0.0,False
/b/src/336185346/17883789190941351406.webm,17883789190941351406.webm,336185346,negative,b5f620167f203a0e8762fc148fdc87025b3f47630f56ce42046927c2565cccb1,0.09989691336457836,False,0.0,False
/b/src/336185346/17883789192032741928.mp4,17883789192032741928.mp4,336185346,negative,8ec7229500c06afc37acfa20ae6a850888dda3a421e35af8f8c41fb507ab3a48,0.13447772312665168,False,0.0,False
/b/src/336185346/17883789192483407236.mp4,17883789192483407236.mp4,336185346,negative,91a441136887dce766f30dcc34d05c042a5c2f8b9442ec5d798fa13c69ef4116,0.07317555196067742,False,0.0,False
/b/src/336185346/17883792594060886381.mp4,17883792594060886381.mp4,336185346,negative,0105e56c47a522adc0e7f43ae833299a3b755d08fac5667ac39c2fa61a492d22,0.07261433892195768,False,0.0,False
/b/src/336185346/17883792594381253945.mp4,17883792594381253945.mp4,336185346,negative,99548ed2fa6bc98e0d5038ad780b97323b6a2d3e5a7e5b65145eafb6352e35cb,0.12310007106531137,False,0.0,False
/b/src/336185346/17883792594712215621.mp4,17883792594712215621.mp4,336185346,negative,b256d2dccfa667aa2434597a7f2506062039f198872aacb83e093a8b4913fade,0.26956928232423927,False,0.0,False
/b/src/336185346/17883795131750213465.mp4,17883795131750213465.mp4,336185346,negative,95b512a1c4cf6d445b44d614976cb46f44a88c50b2bfa7cc49ed6c0be0f69a28,0.11106631636496532,False,0.0,False
/b/src/336185346/17883796583770460166.mp4,17883796583770460166.mp4,336185346,negative,c0f567ce44584e27e057cabab432d1cf1e3eb014246ebbe774686cc01e469c18,0.12446646942443433,False,0.0,False
/b/src/336185346/17883796585271807228.mp4,17883796585271807228.mp4,336185346,negative,4add4c4daed6ea2418d93f7de9f94ccc99c551d23af34fe4cbcbedda8e6a8107,0.08343505479909738,False,0.0,False
/b/src/336243339/17883629069140053716.mp4,17883629069140053716.mp4,336243339,positive,b5ae00c522f2a9d17c2cacc36432c32275c61a2eff03e5831651226261601d23,0.9859673057139344,True,0.938103864112761,True
/b/src/336243339/17883659327260384359.webm,17883659327260384359.webm,336243339,positive,2dca40524f5fbaa441af09a0ca67a669ae16b7d53db6a0b8868353e70779f56a,0.9941899204853029,True,0.9261317931905029,True
/b/src/336272252/17884153410510767915.mp4,17884153410510767915.mp4,336272252,unlabeled,423bf5e8b76a10c1e2ef03aa340ae546628b5cd148329233dfc78385bd3b0a57,0.047593119276873284,False,0.0,False
/b/src/336272252/17884154421500468393.mp4,17884154421500468393.mp4,336272252,unlabeled,3f8c403510cad79975c0d37097abfd414b297a2d738ebf6fa279b21081164283,0.08127860513291932,False,0.0,False
/b/src/336272252/17884155603590625222.mp4,17884155603590625222.mp4,336272252,unlabeled,0ec5e471d0c0253d7133cdecefb5a0df7d37e09f8a07962dbf62b923d6ea499c,0.07279792748732354,False,0.0,False
/b/src/336272252/17884155924060903331.mp4,17884155924060903331.mp4,336272252,unlabeled,d357b340681d6381ba2976eb4beac00f7ad6139048b5a3f94a6df2334cb77523,0.10195266889207873,False,0.0,False
/b/src/336272252/17884156244630048183.mp4,17884156244630048183.mp4,336272252,unlabeled,8136a456975acfe3bd1b56fed701980d788d8ea792010f7a919291e8b2be9ba8,0.06374875697079063,False,0.0,False
/b/src/336272252/17884156597240209396.mp4,17884156597240209396.mp4,336272252,unlabeled,b2f9c78f8bfdaafdc27513ffb9acf805bf4a022458e3e70ea86bad4c916a6de1,0.06491080713283595,False,0.0,False
/b/src/336272252/17884157047020970126.mp4,17884157047020970126.mp4,336272252,unlabeled,e5dc83e31c97ea931016d9f93fd4780be2359c49140c849ca731918862436ad9,0.1175618549074345,False,0.0,False
/b/src/336272252/17884157769070428966.mp4,17884157769070428966.mp4,336272252,unlabeled,a4bcf24fa38d9c27c3e2825bfe16bc766d77721aed691b403e06ba79977b32f5,0.056539957129332116,False,0.0,False
/b/src/336272252/17884158648100497182.mp4,17884158648100497182.mp4,336272252,unlabeled,b8e23dae2e43f70192e37f7db44d559d6fd61f3caf5f7f67a93d3c77bd3523b8,0.055618679236557354,False,0.0,False
/b/src/336272252/17884158852970990549.mp4,17884158852970990549.mp4,336272252,unlabeled,a916e197d32c4f904ae2a088c4ebb7eb06408f2aab745fcfd4e3b023a6d855eb,0.0986231392758668,False,0.0,False
/b/src/336272252/17884159066470384086.mp4,17884159066470384086.mp4,336272252,unlabeled,b3ebdd00a14808b36abc4fc7cf6a4efb7f8509999bb8391f19bade1591bffeb8,0.08646964684504582,False,0.0,False
/b/src/336272252/17884160166740876822.mp4,17884160166740876822.mp4,336272252,unlabeled,cf88581e6e24cf0787eafe3e3142a347829e4c26c4fcd2c7b3e71d83715ec743,0.04938673682363706,False,0.0,False
/b/src/336272252/17884160566020432390.mp4,17884160566020432390.mp4,336272252,unlabeled,35d1253581b4f65c072c5566de3e2190ba4c48282d6e6a91e57815acfd801636,0.10367952720986966,False,0.0,False
/b/src/336272252/17884160903140576659.mp4,17884160903140576659.mp4,336272252,unlabeled,720f8b7f57358269f66610642a225fc3cb99f7bd403bd2a6cb77b7021e8613b1,0.10229269659821905,False,0.0,False
/b/src/336272252/17884160903631158138.mp4,17884160903631158138.mp4,336272252,unlabeled,e4a7f6d6f0bc4fb04b8995c896cfed6b40fa4d49dac285994256697bb9ba3412,0.04914465345626537,False,0.0,False
/b/src/336272252/17884160951810641158.mp4,17884160951810641158.mp4,336272252,unlabeled,16830ae04586af5dcd4da961495b2eb031950efa842dd898cac87a15d05e290c,0.06476967701157202,False,0.0,False
/b/src/336272252/17884161672220068826.mp4,17884161672220068826.mp4,336272252,unlabeled,6b3fdb7b2642c30b3c5f0f908e20552640445097ec68b38a66a8aeb962bbcdf7,0.16214743697322764,False,0.0,False
/b/src/336272252/17884161672601596261.mp4,17884161672601596261.mp4,336272252,unlabeled,b1dd9402cd431dcc927068663b229a6146de7b4075d3b5a0faec16cd5159ee53,0.0978233156585361,False,0.0,False
/b/src/336272252/17884161682060097824.mp4,17884161682060097824.mp4,336272252,unlabeled,4f2d343d01e7b81e55e08c3902aab445dacc8bc1879b4a30e51d55ec325235f8,0.09597936235143745,False,0.0,False
/b/src/336272252/17884162624340231082.mp4,17884162624340231082.mp4,336272252,unlabeled,95fd5a83c9a2e95eb9773a6da530977a132a7dced14ec9821d44eb58d9ed39d2,0.057346534459517096,False,0.0,False
/b/src/336272252/17884162624661882466.mp4,17884162624661882466.mp4,336272252,unlabeled,7eb31314670ec3628455962a04c460022064de7a628049829e3760f8a6d1a869,0.027568289281302026,False,0.0,False
/b/src/336272252/17884162966670628699.mp4,17884162966670628699.mp4,336272252,unlabeled,4897f3b708dc902e2e356b9bc58af854c4870f5ccec6dac6d30aa0ec21b6a6be,0.06811019741951033,False,0.0,False
/b/src/336272252/17884163014600592239.mp4,17884163014600592239.mp4,336272252,unlabeled,e58e99a9c36b3dcbfcaab2520be3f2e9479bee3df89af5ce0dbd4de6b3acbd0b,0.06667059810909365,False,0.0,False
/b/src/336272252/17884163014921656514.mp4,17884163014921656514.mp4,336272252,unlabeled,d95c944e0eca09c5f30d37c6afe1f03abecb0013a2a1bed8cd27deda8abbc097,0.09673721321543596,False,0.0,False
/b/src/336272252/17884163864320716232.mp4,17884163864320716232.mp4,336272252,unlabeled,f0d3dd4fcaaed1b894673265f8be18fa227055a71505565d3387cb79990e99af,0.08965773119022219,False,0.0,False
/b/src/336272252/17884163864811463593.mp4,17884163864811463593.mp4,336272252,unlabeled,aadc7a51bf21579d7610b7c42b97c78f18931689a78e0a07feec483f000a161d,0.05085840260410556,False,0.0,False
/b/src/336272252/17884164132170229288.mp4,17884164132170229288.mp4,336272252,unlabeled,c4a28a60312486eb20d0f574f6502edc9789beb2c103338d2e80a1aa00bf070c,0.0852139601236871,False,0.0,False
/b/src/336272252/17884164132561934466.mp4,17884164132561934466.mp4,336272252,unlabeled,2564cf2515c556839a1877efc2148ebd78aba3d578f42dab590af10b0355738e,0.07063666183444399,False,0.0,False
/b/src/336272252/17884164191550567351.mp4,17884164191550567351.mp4,336272252,unlabeled,4102e8acab099a2cc9ce763fc620831013f1d19b9bd20df28f80611bcf6afc61,0.042468998336432105,False,0.0,False
/b/src/336272252/17884164609900539723.mp4,17884164609900539723.mp4,336272252,unlabeled,31346bb201d17f481508b1cbd7fecaa046b2cb51d0948b032dd1656b2fa59d64,0.07560816165548395,False,0.0,False
/b/src/336272252/17884165075040962267.mp4,17884165075040962267.mp4,336272252,unlabeled,6bf359b5a5c52c512a0da8d15b04c2040bbbb2a5d2ee427aef55d31178203df1,0.0554383839943181,False,0.0,False
/b/src/336272252/17884165076051992115.mp4,17884165076051992115.mp4,336272252,unlabeled,c19fa705b141a8a878fd9eb14962e3a1a9f643e37b3009768623b892e636a53d,0.2779786124414661,False,0.0023984198645598197,False
/b/src/336272252/17884165642270261891.mp4,17884165642270261891.mp4,336272252,unlabeled,6d49c84346d3ee1e8cd5d18b98043d4d7b9fb6cc51b92bc4674ca4a7d729e56c,0.11086348986864906,False,0.0,False
/b/src/336272252/17884165642591842140.webm,17884165642591842140.webm,336272252,unlabeled,0666f31cb36ee7ed0840b67d34530b609e57ec4864c69da4a8aba35542096aa2,0.04821257342712899,False,0.0,False
/b/src/336272252/17884165679420859832.mp4,17884165679420859832.mp4,336272252,unlabeled,3163e06e3eadb45537be4b53f004084bb8ce78d8dc8d61672a31704e93bd551b,0.06494987364271115,False,0.0,False
/b/src/336272252/17884165679901657479.mp4,17884165679901657479.mp4,336272252,unlabeled,83a65535498ae19f5fe4ea5f3c26263df734fd568670347f97adb468948d1c8e,0.08463097647072271,False,0.0,False
/b/src/336272252/17884165680412689201.mp4,17884165680412689201.mp4,336272252,unlabeled,b3e4601b6cffb595c20c001a1c76322bf1b4b04504761e2d43c41a5980f9bb2c,0.0898258565293982,False,0.0,False
/b/src/336272252/17884165680963525658.mp4,17884165680963525658.mp4,336272252,unlabeled,84ae33f067ae358c37321423f856622ade439b22249196d0e6a9ce0bfc1136ce,0.0586171852481529,False,0.0,False
/b/src/336272252/17884165851780073897.mp4,17884165851780073897.mp4,336272252,unlabeled,70872a9e47eb086259f8fe7ab1555203f2a96065300793696e76607a3d9f435a,0.052630769419414324,False,0.0,False
/b/src/336272252/17884167068331321126.webm,17884167068331321126.webm,336272252,unlabeled,6bdd0ba9a409b054629f4ef2e1d1ecfe1ae38fd25333b78b380e945d79ffea36,0.05452971531995957,False,0.0,False
/b/src/336272252/17884167069382838181.mp4,17884167069382838181.mp4,336272252,unlabeled,b61a46be0e4fb03e7bc17657cd0a28ba6be3085497a7f4ec80928f0ecd1fd9a5,0.07063895797119304,False,0.0,False
/b/src/336272252/17884167349770499808.mp4,17884167349770499808.mp4,336272252,unlabeled,21a674e6fcc70d6119e19660ce40c9349a6948a2edae9020660614da9160f4cc,0.06844622093122192,False,0.0,False
/b/src/336272252/17884167350071456558.mp4,17884167350071456558.mp4,336272252,unlabeled,a041d295c321af7818120cc712e296478aafd9b9b7626b35e01b22dbeea3d5f3,0.08076577051886907,False,0.0,False
/b/src/336272252/17884168918470726007.mp4,17884168918470726007.mp4,336272252,unlabeled,4af68fdbf38206f9b35f5efe285d7c56da5ecdb3a615ca63d4dc62ad7861af44,0.15028311444377193,False,0.0,False
/b/src/336272252/17884168918811797348.mp4,17884168918811797348.mp4,336272252,unlabeled,195cbbc57d397807d256baa92c07881f9579ede062aee9f46ac4f4682a275497,0.09064784943204568,False,0.0,False
/b/src/336272252/17884169595150018395.mp4,17884169595150018395.mp4,336272252,unlabeled,8ed388d7fbe8c8be918a73157de010ebba99b8130bf466274057549d3f075668,0.054368343409448544,False,0.0,False
/b/src/336272252/17884171368830373818.mp4,17884171368830373818.mp4,336272252,unlabeled,97d630b27007781b9cd82327469831c798c489f6859524ba5bf294b6aec0ee1a,0.06309388581012748,False,0.0,False
/b/src/336272252/17884171369051420003.mp4,17884171369051420003.mp4,336272252,unlabeled,08c6a7e240eb09ce75c647fb5cef4a786f9d3a86d347c7399efc6cd8c562e171,0.06036050228809195,False,0.0,False
/b/src/336272252/17884172055790359268.webm,17884172055790359268.webm,336272252,unlabeled,c3b4d60361204a15be14d407a5739595cea87b128fae26edf2591951905048a9,0.05756286548419654,False,0.0,False
/b/src/336272252/17884172525020372615.mp4,17884172525020372615.mp4,336272252,unlabeled,d7597c47c7ef6e6820ac766dde0ad5036bbb26145176f4ca00212b6abc06fa21,0.0467396985400397,False,0.0,False
/b/src/336272252/17884174045020320133.mp4,17884174045020320133.mp4,336272252,unlabeled,3265d38569577256e9a5926ee7aac0091a9e07820abca4869ac1772ca55707d1,0.056689075726825404,False,0.0,False
/b/src/336272252/17884174673280229863.mp4,17884174673280229863.mp4,336272252,positive,2d1ab07310d549153fdb9dde60eee44c3313bb97049c590c12113ea54a44683f,0.9425569497074272,False,0.6985142841204032,True
/b/src/336272252/17884175112210775795.mp4,17884175112210775795.mp4,336272252,unlabeled,093ccafdc58ec9b8e77e5f115013a4ab5d5060462ca104c4f7338d0f90f96d79,0.060359404491706264,False,0.0,False
/b/src/336272252/17884175316620853451.mp4,17884175316620853451.mp4,336272252,unlabeled,3f7feb98c8fbc74310badf39120c3cd9e92a92a4484a6ee560ea68e0b18c4ee0,0.1000871801178689,False,0.0,False
/b/src/336272252/17884175801850884603.mp4,17884175801850884603.mp4,336272252,unlabeled,9468a6ff0b47fd35b616b0eb164b2dd894f9db29e8512cb45f1e58a7d53b9bd7,0.06434109875388062,False,0.0,False
/b/src/336272252/17884176536440400216.webm,17884176536440400216.webm,336272252,unlabeled,c3b4d60361204a15be14d407a5739595cea87b128fae26edf2591951905048a9,0.05756286548419654,False,0.0,False
/b/src/336272252/17884176789380901402.mp4,17884176789380901402.mp4,336272252,unlabeled,b214998aed13be2a39a61d7c9aa214a1f98673a7265d0e7fd3a52b047c260b38,0.06809693610136937,False,0.0,False
/b/src/336272252/17884177236940287209.mp4,17884177236940287209.mp4,336272252,unlabeled,b9bc2d8415ea6998967c5982c9e1c1b7e8ca642b75d7459a5305ffe0e828103f,0.0602023257672415,False,0.0,False
/b/src/336272252/17884177281510816707.mp4,17884177281510816707.mp4,336272252,unlabeled,ca0f9a53552d73905ea6e76bd91922fac905309364204351591f050f9933e872,0.05649640518444662,False,0.0,False
/b/src/336272252/17884177946510544377.webm,17884177946510544377.webm,336272252,unlabeled,c3b4d60361204a15be14d407a5739595cea87b128fae26edf2591951905048a9,0.05756286548419654,False,0.0,False
/b/src/336272252/17884178106740852994.mp4,17884178106740852994.mp4,336272252,unlabeled,796447524bbf2a789e956eb4bfa46398d180ee350829e06a95ae3c5d4f93e882,0.09807220263407829,False,0.0,False
/b/src/336272252/17884178107291743372.mp4,17884178107291743372.mp4,336272252,unlabeled,e04cc619208f731a4daa9218931133aed0f315194911adeb2697b24243c4be0f,0.2019212958234589,False,0.0,False
/b/src/336272252/17884178107802868381.mp4,17884178107802868381.mp4,336272252,unlabeled,9289b80c4ebb1c1a637eb3ca47522689b4cb0faa208008f0f1dd748f8e630afb,0.007722113886034025,False,0.0,False
/b/src/336272252/17884178462170333777.mp4,17884178462170333777.mp4,336272252,unlabeled,e4eb3243fb4899691b3a90ff75063b67597bce318ca7c06c6f7f7fa18f1e455c,0.2723075282116746,False,0.0,False
/b/src/336272252/17884178588660107882.mp4,17884178588660107882.mp4,336272252,unlabeled,0fd10e09603fc5a436e0620c8f621762900ab102d7b34326c69dd5f4c3f0d2e2,0.14792128120657091,False,0.0,False
/b/src/336272252/17884178588921018348.mp4,17884178588921018348.mp4,336272252,unlabeled,3ef9999bbb779c6b4fe6f2b7fcb4450d7584f80a5547aa519e9e43d4cb40a191,0.08761171111077685,False,0.0,False
/b/src/336272252/17884178589652561183.mp4,17884178589652561183.mp4,336272252,unlabeled,440b4edbabe1d362a61869572c9dc975b1e64bd35f42350a74e6ef7c515957e7,0.04980965128613463,False,0.0,False
/b/src/336272252/17884178590053196229.webm,17884178590053196229.webm,336272252,unlabeled,ca621786dc6b7ab68a0f7b3fc7d27a7c15e40c594f5823ca71ade675021c082d,0.17671693339398517,False,0.0,False
/b/src/336272252/17884178793230927684.mp4,17884178793230927684.mp4,336272252,unlabeled,43a0f969827626ab6a304892ca5d6f282bcef1d3b3f5e0b3a64a864d630eda53,0.059815430581179455,False,0.0,False
/b/src/336272252/17884178881990179261.mp4,17884178881990179261.mp4,336272252,unlabeled,80c3275bf35380023f4df9abf05d2e2706f1acb22b0c9fc3a6d4a87f3ccfdf1c,0.11681087696576603,False,0.0024367816091954027,False
/b/src/336272252/17884179082240219655.mp4,17884179082240219655.mp4,336272252,unlabeled,b1fc7298d91d89dd89f9f05d2237f4552646e6c5c40040bf163348fdb6d2a006,0.05000929008928916,False,0.0,False
/b/src/336272252/17884179197430691538.mp4,17884179197430691538.mp4,336272252,unlabeled,593c9be101257ab636ce57169af91cb7cf16ae12be6e6b976371d0beea4cf4ff,0.06640983013468535,False,0.0,False
/b/src/336272252/17884179197961553703.mp4,17884179197961553703.mp4,336272252,unlabeled,19b9203b9a968a59fb640672809c23b371ec70680f94b02765b63210df1e9b73,0.23077766035361919,False,0.0,False
/b/src/336272252/17884179198382787364.mp4,17884179198382787364.mp4,336272252,unlabeled,5ce8a4c676ba6413e6b805bbc17df7d6924d947a73c90fa0a669f57e55dd40ae,0.07219394425737319,False,0.0,False
/b/src/336272252/17884179198673261907.mp4,17884179198673261907.mp4,336272252,unlabeled,8150e4fe611beda3f0577242101b202807f3b1a44ad326522cfaffe25a88ade9,0.06109677158547844,False,0.0,False
/b/src/336272252/17884179844870790507.webm,17884179844870790507.webm,336272252,unlabeled,c3b4d60361204a15be14d407a5739595cea87b128fae26edf2591951905048a9,0.05756286548419654,False,0.0,False
/b/src/336272252/17884180398410901215.mp4,17884180398410901215.mp4,336272252,unlabeled,637337d2df4bc2b3b7fae1d74d303449fd87f8601bf9adeb55202472ee8e7b62,0.11497280070157917,False,0.0,False
/b/src/336272252/17884180432150901716.mp4,17884180432150901716.mp4,336272252,unlabeled,82d39e71f7c3e2d98545777e59f88cd84c1c03f39366f2bd8fa3820d355efa65,0.051124928606351865,False,0.0,False
/b/src/336272252/17884180501170682494.mp4,17884180501170682494.mp4,336272252,unlabeled,532c8833cd5bd591fd03ce569944a459b0e41043c91e0b056781d8d08f978045,0.029621194687618837,False,0.0,False
/b/src/336272252/17884181325050888225.mp4,17884181325050888225.mp4,336272252,unlabeled,2cd7f28e768a0b043ea233267fd2f0471b33f96685379c344b46e1cada5b3317,0.11801004149618216,False,0.0,False
/b/src/336272252/17884181338580133159.mp4,17884181338580133159.mp4,336272252,unlabeled,f061707e7e89f38bbb2173acf3e07a7fccb9617b2792db4c4717e72dc5a2b9eb,0.04897386096052387,False,0.0,False
/b/src/336272252/17884181457330282260.mp4,17884181457330282260.mp4,336272252,unlabeled,6ec0cbdd3d99d4edef586ccc764a4aafb04bb026be268183ef52a6154d750390,0.08663750076590468,False,0.0,False
/b/src/336272252/17884182258860032138.mp4,17884182258860032138.mp4,336272252,unlabeled,04c6d66bc7948071f44a5e87ca7eae0cc18a20c9909e1ea7a709c1c4c43e52dd,0.0982358619766302,False,0.0,False
/b/src/336272252/17884182508630255310.mp4,17884182508630255310.mp4,336272252,unlabeled,6d8f4855f57f5e044dfe5a0a7c5e830687523cafe28e025b6e707f8d939d1394,0.06951966294903406,False,0.0,False
/b/src/336272252/17884182868520966087.mp4,17884182868520966087.mp4,336272252,unlabeled,bcd3d6b793fdf345ac98510ebb4f079f728f7eac0e3cfc83bc39af8672c08fef,0.1368566531060958,False,0.0,False
/b/src/336272252/17884182869251895520.mp4,17884182869251895520.mp4,336272252,unlabeled,c5951d6871dae70e5f9a80eca29fcacc657db58474b34ed37dcbbd93d9d6bac1,0.1391326183402583,False,0.0,False
/b/src/336272252/17884182869662753713.mp4,17884182869662753713.mp4,336272252,unlabeled,52697e43844c9aea01e8261814544355ec54049f13fbdfe0765383509f0bb573,0.47913543759093785,False,0.0,False
/b/src/336272252/17884182870353974335.mp4,17884182870353974335.mp4,336272252,unlabeled,904812aa0d7e091031dc418a1d3c51be05e25cf000e400f50cbe8dbeb872d93f,0.08494454124122991,False,0.0,False
/b/src/336272252/17884184804590095596.mp4,17884184804590095596.mp4,336272252,unlabeled,0e88ad2e672df5e6995a28dbefc8d224b58464de2bd9a1270548c2fec41c55b9,0.07649388724027611,False,0.0,False
/b/src/336272252/17884185079360392667.mp4,17884185079360392667.mp4,336272252,unlabeled,d2b2d83cbb357c18848ca0880f3c53c2a863dc32cf5149d23c7e490f71364226,0.06028792274949358,False,0.0,False
/b/src/336272252/17884185605920498236.mp4,17884185605920498236.mp4,336272252,unlabeled,a3522f9b5a7eb7a7de96fd376e64721a7a47ba56e8dade1952c9c7246abef6a0,0.08324406525920089,False,0.0,False
/b/src/336272252/17884186386020508600.mp4,17884186386020508600.mp4,336272252,unlabeled,89fd88df4ea42116502c37f8eb5272341b80535af3d75f000cfaf21edea54ce0,0.098293877497499,False,0.0,False
/b/src/336272252/17884186902500726121.mp4,17884186902500726121.mp4,336272252,unlabeled,4d1fd7b3bb6b82305b902547874de71c187369f24f50768828826489237f361e,0.06363268855791261,False,0.0,False
/b/src/336272252/17884187837170695269.mp4,17884187837170695269.mp4,336272252,unlabeled,e95d25244efcc15a5a7498b947b58222bfeff6c9960ad5131bce80b7ff3891eb,0.06442185471900885,False,0.0,False
/b/src/336272252/17884187925780462900.mp4,17884187925780462900.mp4,336272252,unlabeled,23cd66e10a343743a4a33f61c9195f38b0b427d9de152b7993ea83cfd7cb0485,0.08125333021042776,False,0.0,False
/b/src/336272252/17884188400080960384.mp4,17884188400080960384.mp4,336272252,unlabeled,4de697dec761bab94239435c2548bff30f378552ec67c8d21efe56a3bec5c483,0.13038923432551022,False,0.0,False
/b/src/336272252/17884188787510967396.mp4,17884188787510967396.mp4,336272252,unlabeled,65e43d31ccfe18bf9fcf6cbccf349c9d78d51b0ebeebb8abed2bd33c678783dd,0.46460237752260986,False,0.0,False
/b/src/336272252/17884190052990143423.mp4,17884190052990143423.mp4,336272252,unlabeled,6a88309a13df5eb9440faa06e403a655466de2455d4bb52dbe632228f86998cd,0.08038224162240375,False,0.0,False
/b/src/336272252/17884190667020331545.mp4,17884190667020331545.mp4,336272252,unlabeled,bdd01597dba93ce6bcef0b30bf9503d00683e1ca4c6220cad6136520169f6982,0.08602416060250305,False,0.0,False
/b/src/336272252/17884191519600705753.mp4,17884191519600705753.mp4,336272252,unlabeled,e31266cdb8bab93adc8779eaed074c5078b4164c37a9edeb9eade9a2e3d94aae,0.048166589967972254,False,0.0,False
/b/src/336272252/17884192033100211375.mp4,17884192033100211375.mp4,336272252,unlabeled,ab5ca7762dff1a3c6b64f7fa5a1e09b47edd36faf51c9eca2abe25c404682f5a,0.2109345955437564,False,0.0023984198645598197,False
/b/src/336272252/17884192171930920080.mp4,17884192171930920080.mp4,336272252,unlabeled,cc4fb4f6a3272b37dd5aa830ccaba90498db4357d492c04039de299764542c6e,0.0932848140940187,False,0.0,False
/b/src/336272252/17884192172331565920.mp4,17884192172331565920.mp4,336272252,unlabeled,aa0bc37cda170af884e619f610cbedb560c36313645517b3d1823c8c3278ae84,0.10627035364892821,False,0.0,False
/b/src/336272252/17884192932370026086.mp4,17884192932370026086.mp4,336272252,unlabeled,8a9632ed83a894b11cdca41b84b6600f2175d1b21ed827fb7cbee25330f47f18,0.07805226482592198,False,0.0,False
/b/src/336272252/17884192976280989957.webm,17884192976280989957.webm,336272252,unlabeled,987605fa4353605497bf7b29da71ffdf21b4d6a684eb3fa52e7abfb6bba10bf8,0.2257580673424761,False,0.0,False
/b/src/336272252/17884193584890127045.mp4,17884193584890127045.mp4,336272252,unlabeled,aae3034ccf2e1cd53226e6fd294f5cf9c71d2cde7c7fa3be7e37f9798bdf9999,0.08465692369135838,False,0.0,False
/b/src/336272252/17884194731610335603.mp4,17884194731610335603.mp4,336272252,unlabeled,0d141042f6681f90f27d1fdb24278c5ce34f7d1701a02b55ce99b23677cb8a9c,0.11622433417188988,False,0.0,False
/b/src/336272252/17884194731941215886.mp4,17884194731941215886.mp4,336272252,unlabeled,a2bbd9ea954dd269506a25a4f1a74237d00ae2e7830ab82bd97534d3b9e1fb4e,0.09663939407344257,False,0.0,False
/b/src/336272252/17884195050670751805.mp4,17884195050670751805.mp4,336272252,unlabeled,d4b9686d205233e3af14f5a1d013a70b6cfec3dd5f349d4a5d30fe03e6cc2607,0.1383299516101379,False,0.0,False
/b/src/336272252/17884196171540548153.mp4,17884196171540548153.mp4,336272252,unlabeled,cb8a6e4edd3328dba3fb31e87e7a967b3d3bc8bccbf459c40ddcd511dfc004ea,0.0814337958719277,False,0.0,False
/b/src/336272252/17884196701640538969.mp4,17884196701640538969.mp4,336272252,unlabeled,23f1d5a145ae8c1166afe950e66e90470e3851d478fb37231c811318e72bf1c4,0.07424962540664315,False,0.0,False
/b/src/336272252/17884196702101701854.mp4,17884196702101701854.mp4,336272252,unlabeled,1030cb04038720bb1b0ada444b19fa035e4c6452c4cd1cf45df4e22205fef5df,0.04645602517785153,False,0.0,False
/b/src/336272252/17884198853800645805.mp4,17884198853800645805.mp4,336272252,unlabeled,4678858f8dd0936c108a85011ad3212851facd9ceb955000fb159fc354f14fa8,0.05489792343936757,False,0.0,False
/b/src/336272252/17884199759610117020.mp4,17884199759610117020.mp4,336272252,unlabeled,76a1de75c121d9739ac4bfc5230fa68d52dd596fdd775b44b0290e598a639667,0.050368679850282004,False,0.0,False
/b/src/336272252/17884200572890305542.mp4,17884200572890305542.mp4,336272252,unlabeled,9d896d486a70269c59613f42be2681b2b84a11ee670f716531b1c429444267f0,0.07554536480929565,False,0.0,False
/b/src/336272252/17884202837590593625.mp4,17884202837590593625.mp4,336272252,unlabeled,7afb628f63833cf8f5f22b12c58bbeb2db492dc9f5ca21920828e99c43d14132,0.03653230347557291,False,0.0,False
/b/src/336272252/17884203710530889801.mp4,17884203710530889801.mp4,336272252,unlabeled,dc2bb8f9e9fba6e7436c470ac8dc1231e18366204b173cd4133b15ebfc7d3a93,0.05710705616645544,False,0.0,False
/b/src/336272252/17884205612730171245.mp4,17884205612730171245.mp4,336272252,unlabeled,2db3087c1fba7d9a21ef0ba25ccc8d6a21dd31087282a34441abc6e3e08a0a73,0.04650788831232578,False,0.0,False
/b/src/336272252/17884206602330313715.mp4,17884206602330313715.mp4,336272252,unlabeled,9de1631f2f4eddddb25ea01426be8faa90f63b2b1832f6f20d2863ddaebcedb9,0.09333758539058803,False,0.0,False
/b/src/336272252/17884207438200768010.mp4,17884207438200768010.mp4,336272252,unlabeled,ba223c3594bed041dafb1f6b5ab21fdbf8f24e2059657dcc760061b5e3ff5ef6,0.05698834728212256,False,0.0,False
/b/src/336272252/17884208643430028442.mp4,17884208643430028442.mp4,336272252,unlabeled,d267794ab52cfa647392603dc1f01cff844ca4d0a72ee3bc4c93a03386113d77,0.053077329645043164,False,0.0,False
/b/src/336272252/17884208685180540177.mp4,17884208685180540177.mp4,336272252,unlabeled,f8d7d0c3a7c13d27daa3ed974accc121d1a29c29520084d2f45af5260b792101,0.08163776669784727,False,0.0,False
/b/src/336272252/17884214596920494675.mp4,17884214596920494675.mp4,336272252,unlabeled,fa16794b9f42a445cbef172955ac3f15d77f01128cd154020ac8de962b3e7403,0.09344619086892982,False,0.0,False
/b/src/336272252/17884214597501542304.mp4,17884214597501542304.mp4,336272252,unlabeled,7bdba87e8366118a068060d824209f03bd54b03d6bfcbfd44a50dc2e0fc7bcb3,0.07685819078210904,False,0.0,False
/b/src/336272252/17884214598072292384.mp4,17884214598072292384.mp4,336272252,unlabeled,c871aa9cd826e9aaf4d84054ba74fbcbcc90cbed749bcabb0a675eba3df7db4d,0.06126519315350521,False,0.0,False
/b/src/336272252/17884221243740445230.mp4,17884221243740445230.mp4,336272252,unlabeled,8828ceda47a8c6b2bbced1b1dad1fba12b11bd4a1f525d099723a7eeaf8b5776,0.11498638408255853,False,0.0,False
/b/src/336272252/17884221244061233562.mp4,17884221244061233562.mp4,336272252,unlabeled,a7d0a899ff2a87a8ab1bc44bc05f5b0d08906cf4f34e7b65935ae80df619b0a8,0.08137866695781842,False,0.0,False
/b/src/336272252/17884222838930224494.mp4,17884222838930224494.mp4,336272252,unlabeled,01fc9b1085156e62777e1686acc3338d32ecb9493b7f0f3665f4549c07f167d9,0.10365166982585429,False,0.0,False
/b/src/336272252/17884225883470876491.mp4,17884225883470876491.mp4,336272252,unlabeled,6261f0020f86e788154ef76fb71cf66d3071a9f9a6d9e57571a76a448e43a636,0.0512815065871895,False,0.0,False
/b/src/336272252/17884225883901037558.mp4,17884225883901037558.mp4,336272252,unlabeled,ca8e16bb91a72ebfe51ad3a76f14912e6b661aad42a7f11c239f430af79e6370,0.05441955550148524,False,0.0,False
/b/src/336272252/17884232751260898707.mp4,17884232751260898707.mp4,336272252,unlabeled,810c02f95470be7f02e8e765f3449ae644a671e8fd1bca9dea6b2558caa0edad,0.01167901880734451,False,0.0,False
/b/src/336272252/17884235063160565348.mp4,17884235063160565348.mp4,336272252,unlabeled,37d4d2c9a58a3a1a393c8796431bdcdf00a355126e62b656e02208052cf8887d,0.11184685046963778,False,0.0,False
/b/src/336272252/17884235064721136819.mp4,17884235064721136819.mp4,336272252,unlabeled,3baa0872c4c1d4aa9ef1be8cff6f02b5c14d04fee23e61328c9a3abe0b06af9e,0.05093392784569089,False,0.0,False
/b/src/336272252/17884238641510156809.mp4,17884238641510156809.mp4,336272252,unlabeled,6daabb62a443260af589e5507f7e5b1e42d25215626dc6a24884c511479ebdf5,0.04089076862700109,False,0.0,False
/b/src/336272252/17884238641881066411.mp4,17884238641881066411.mp4,336272252,unlabeled,e5f57ec35e5bb39a5da5651044f32eddc6e20b035f964c6b4a0cf8dc5827b030,0.05358947795724575,False,0.0,False
/b/src/336272252/17884238642172750535.mp4,17884238642172750535.mp4,336272252,unlabeled,2c3b7899e2da9d69407f73b9577034fee698d3adedb57415ff7c69ad9c50f247,0.053599772713449616,False,0.0,False
/b/src/336272252/17884241358720181442.mp4,17884241358720181442.mp4,336272252,unlabeled,4d0d0e436a73b8a1182815e16caaa724e096eb7a577835492271581bbc622a10,0.05558554247558705,False,0.0,False
/b/src/336272252/17884241359191265620.mp4,17884241359191265620.mp4,336272252,unlabeled,afbf7e8c12edef78bddeead1811de61139b100e204f710cdb4140c48ec52c714,0.09551036275388922,False,0.0,False
/b/src/336272252/17884241359582406411.mp4,17884241359582406411.mp4,336272252,unlabeled,d747d061b7bd293e547b4ec2dba1401d4036ca26541c9ea8944db3dbb235a38f,0.08698132274723235,False,0.0,False
/b/src/336272252/17884242310870710727.mp4,17884242310870710727.mp4,336272252,unlabeled,c2b618e063e8bff60ce6236d7c67e89bfa57c07b50f896f5a22fedb3b242d0c6,0.0642192334612216,False,0.0,False
/b/src/336272252/17884243380010380283.webm,17884243380010380283.webm,336272252,unlabeled,2471b7c22902d6f51fbb31eacc56a5343d2f49a191a0d2bf68baf4f27445fc50,0.04316559641443151,False,0.0,False
/b/src/336272252/17884245435310748360.mp4,17884245435310748360.mp4,336272252,unlabeled,b16bd7a22db65fba29c4067aca334599c8e7bf3a24b909bdd45c1f3dc5c22fce,0.03844643145569109,False,0.0,False
/b/src/336272252/17884248904110208666.mp4,17884248904110208666.mp4,336272252,unlabeled,3717f71aee39750b41ea0ad823d1465b4e803114dce669e83c858dd8bbcb8748,0.07602690422783731,False,0.0,False
/b/src/336272252/17884248904541991539.mp4,17884248904541991539.mp4,336272252,unlabeled,f22d5d6ce8da1c567e89bf481de39bdd31b3ecb2e15dbc04af1176b0692d6df7,0.026376285932958717,False,0.0,False
/b/src/336272252/17884248904882731110.mp4,17884248904882731110.mp4,336272252,unlabeled,df9e35cbc6a8cd41c6fa9d11994e9739b121a3f7c41ac4138ed4b9ba473930e6,0.07776177397938416,False,0.0,False
/b/src/336272252/17884251253550997253.mp4,17884251253550997253.mp4,336272252,unlabeled,df99d4f819277555871b5265ac5b793d15f0b69198d6dd7d3419d8e6e0b55068,0.05461095416497823,False,0.0,False
/b/src/336272252/17884251253861956354.mp4,17884251253861956354.mp4,336272252,unlabeled,ed1e9c8808027bd2f5fb3d078f540e5cfeb2cef224a8f685b450315a7858491d,0.05860937870541816,False,0.0,False
/b/src/336272252/17884254029360988094.mp4,17884254029360988094.mp4,336272252,unlabeled,7e1cbe7176d3ed51b4271260f2c212138bb4863990fe82d73816da6d4ee34ec3,0.10616215001205669,False,0.0,False
/b/src/336272252/17884254029701010577.mp4,17884254029701010577.mp4,336272252,unlabeled,4065fca7dacc32e901bb9c932aafaf2322d0d439083cc7443d186f3d8ccffc2a,0.05985250479213708,False,0.0,False
/b/src/336272252/17884256302550026704.mp4,17884256302550026704.mp4,336272252,unlabeled,efeb5bc6f4a88d9e0647cb531b8a50a830ef0a8cbca38ddfbcbee7a33c1de9ec,0.24007820399562982,False,0.0,False
/b/src/336272252/17884259410300585536.mp4,17884259410300585536.mp4,336272252,unlabeled,c625837e27f3e448ffc33313874e3bfae84462aa600b907bbc9b8526a1f528f0,0.07797779031512228,False,0.0,False
/b/src/336272252/17884259410651403029.mp4,17884259410651403029.mp4,336272252,unlabeled,4bd8271d68d228e358360e7108e12d06712f0fc193d551b009e051c51dff7164,0.04235373799579496,False,0.0,False
/b/src/336272252/17884259410962227413.mp4,17884259410962227413.mp4,336272252,unlabeled,6f85def207f5f420acfdd5514cf685c994f95d8f26f5924ce847395b08ade273,0.06859771395085658,False,0.0,False
/b/src/336272252/17884261374240995075.mp4,17884261374240995075.mp4,336272252,unlabeled,2ec4228afd0ad9d866a90facfd0cb36505ba57afb7cc9939d4008c75dd772735,0.07202063627698665,False,0.0,False
/b/src/336272252/17884271115690567791.mp4,17884271115690567791.mp4,336272252,unlabeled,08616c8a1107af595363f24b008af7b34b7f46033520b6d835bb96b652380e66,0.2340547401773982,False,0.0,False
/b/src/336272252/17884272246460924819.mp4,17884272246460924819.mp4,336272252,unlabeled,ae6c7cbbc453fa3dc1220f1d4a5f46f4705bd786c115068180ce384c6a8063c1,0.13246786819170359,False,0.0,False
/b/src/336272252/17884272731120689032.mp4,17884272731120689032.mp4,336272252,unlabeled,7bd1a00b13d3e019222ac2f5ffdc4f830d83a71012840033e34fb8b69702a3b1,0.12971425097053646,False,0.0,False
/b/src/336272252/17884273253490163370.mp4,17884273253490163370.mp4,336272252,unlabeled,342319e00b1dada4080353e0dcff4bb76baff0396462cb30e64fae7c5c169dae,0.08711491030421581,False,0.0,False
/b/src/336272252/17884274349370610792.mp4,17884274349370610792.mp4,336272252,unlabeled,3a9ac82a37b5e22846dc447c5a93d399a9747ce277b85721c8c5c1c2d4d5215f,0.10266403380524287,False,0.0,False
/b/src/336272252/17884274747240014140.mp4,17884274747240014140.mp4,336272252,positive,919d9373840a2d8555bcae0027b9b5d95b5386a7a1fa0818e1c7070bff34350a,0.9569939427980827,False,0.7879422845793979,True
/b/src/336272252/17884275598770850972.mp4,17884275598770850972.mp4,336272252,unlabeled,ef7c8ab3099c3e7a018a469151f3c082024c57217f5f7b737c6c8c825a179728,0.05092579723941364,False,0.0,False
/b/src/336272252/17884276252830269019.mp4,17884276252830269019.mp4,336272252,unlabeled,4f315d71ea294e5bebf6d48083e6928992512355591b1d750c985fad370186c6,0.09635383421530486,False,0.0,False
/b/src/336272252/17884278043650641568.mp4,17884278043650641568.mp4,336272252,unlabeled,6d42818dd83bb8a17aba82c8334c3e0b85cafc1465ff4ee2345317f53c4dc5d7,0.14569300189265996,False,0.0,False
/b/src/336272252/17884278044141259892.webm,17884278044141259892.webm,336272252,unlabeled,b8ec28d3941899a1e50e42a35359ea7a5bb46ec533be5065699f6da53c4aa508,0.03965953937825326,False,0.0,False
/b/src/336272252/17884279323610061185.mp4,17884279323610061185.mp4,336272252,unlabeled,c265eaf50114f10d3f8183d4253fa9da9ec80a5d5dad05ad45230676cf493b20,0.06482745887308325,False,0.0,False
/b/src/336272252/17884279324021642711.mp4,17884279324021642711.mp4,336272252,unlabeled,e8f0af19a0bd3ab0deccd6a24b29091640493fb97ecb8f0041e210c637bbbff3,0.06115835980260063,False,0.0,False
/b/src/336272252/17884280174930040222.mp4,17884280174930040222.mp4,336272252,unlabeled,04c6d66bc7948071f44a5e87ca7eae0cc18a20c9909e1ea7a709c1c4c43e52dd,0.0982358619766302,False,0.0,False
/b/src/336272252/17884281253200114983.mp4,17884281253200114983.mp4,336272252,unlabeled,da6549125e782ef9e3165415204003ed6fb0dd475e63c18de64772bac96ffbcd,0.075956491035201,False,0.0,False
/b/src/336272252/17884281253721718851.mp4,17884281253721718851.mp4,336272252,unlabeled,fdda9159a9216334c71536f686a18c18549879d65aeed9be08966019847819ef,0.06306159946328677,False,0.0,False
/b/src/336272252/17884283091140011190.mp4,17884283091140011190.mp4,336272252,unlabeled,ce79fe0951b253f2232ab174c30f133ebd26cbd7735bbd64e6bb84f52d17b12b,0.06745324293045205,False,0.0,False
/b/src/336272252/17884283770650516151.mp4,17884283770650516151.mp4,336272252,unlabeled,c954e9e049f35ea2456941b9b3d8cff435c3663a5fc9b49cffbc0f7416c72989,0.12145232326174145,False,0.0,False
/b/src/336272252/17884283976050369007.mp4,17884283976050369007.mp4,336272252,unlabeled,28b80342bc114d4edc39a49a5dcec8fa7a09a04d3773b91f7318004714aa3848,0.01175473136655849,False,0.0,False
/b/src/336272252/17884283976351860900.mp4,17884283976351860900.mp4,336272252,unlabeled,8cd3870924a99cf0f0ad1dcef999573c57add318de5b7025f0c425a1dcf55905,0.11335236159080457,False,0.0,False
/b/src/336272252/17884284317550015330.mp4,17884284317550015330.mp4,336272252,unlabeled,296412843215ab5ec79961eec2f436804d69ab6df821a902f086770d69a9957b,0.15606442556913364,False,0.0,False
/b/src/336272252/17884284993560272677.mp4,17884284993560272677.mp4,336272252,unlabeled,68614bd0170748ed377f2cd6dd97be7346c77a0224b99e93cb157f852f04987a,0.14585911430480256,False,0.0,False
/b/src/336272252/17884285397460339777.mp4,17884285397460339777.mp4,336272252,unlabeled,881cf635a0c3299062d8cf965ab5140a359b5b1b7e60752732c09cc7d57e1957,0.03986461570062186,False,0.0,False
/b/src/336272252/17884285692330954689.mp4,17884285692330954689.mp4,336272252,unlabeled,070fdfd872d08afa729280a7b7a818c208c56be35a5eccc308c7e9da5d73293e,0.19552223593732987,False,0.0,False
/b/src/336272252/17884286285440767735.mp4,17884286285440767735.mp4,336272252,unlabeled,0ff62da2d94e7b1fa2fb7fcbf24d11fc2f2464b455ad17d806c76049d8bcda8f,0.21742726643909574,False,0.0,False
/b/src/336272252/17884286941270553745.mp4,17884286941270553745.mp4,336272252,unlabeled,0b8d6010afe92fe54956d569339b098c486af2f1a04891e374cfb61de21faf4e,0.07470241423697188,False,0.0,False
/b/src/336272252/17884288944450448401.mp4,17884288944450448401.mp4,336272252,unlabeled,d378cf5e48ebb22f8c8c5723806f6429fab6f54b84095d16dd52629661e80c17,0.0626207096610108,False,0.0,False
/b/src/336272252/17884288944801007820.mp4,17884288944801007820.mp4,336272252,unlabeled,e914f94c22b7a468d838b36ca0c798667cbdfa4b798744b638cb19e2171177e8,0.18596861138936632,False,0.0,False
/b/src/336272252/17884289294500739684.webm,17884289294500739684.webm,336272252,unlabeled,c3b4d60361204a15be14d407a5739595cea87b128fae26edf2591951905048a9,0.05756286548419654,False,0.0,False
/b/src/336272252/17884289294671156684.webm,17884289294671156684.webm,336272252,unlabeled,c3b4d60361204a15be14d407a5739595cea87b128fae26edf2591951905048a9,0.05756286548419654,False,0.0,False
/b/src/336272252/17884289407400052020.mp4,17884289407400052020.mp4,336272252,unlabeled,87fbc0b87d7cfefbe0acfbd20c7554bcbcb9f8ed232225418973ce086889a282,0.056988513110859756,False,0.0,False
/b/src/336272252/17884289783200619775.webm,17884289783200619775.webm,336272252,unlabeled,c3b4d60361204a15be14d407a5739595cea87b128fae26edf2591951905048a9,0.05756286548419654,False,0.0,False
/b/src/336272252/17884290143360691663.mp4,17884290143360691663.mp4,336272252,unlabeled,537711c94d77cb5d67234a3a5ebc19ba582eae28d1e06afb5807b4e603c54c49,0.1290685720830131,False,0.0024367816091954027,False
/b/src/336272252/17884291189800574651.mp4,17884291189800574651.mp4,336272252,unlabeled,adddd559de50a91c8b0699dec0d083d1d2401b11d81e1737752c2c9a945c46c7,0.053930953393045725,False,0.0,False
/b/src/336272252/17884291597460251390.webm,17884291597460251390.webm,336272252,unlabeled,2a182072974e3956bf128b30a2e814163326dbdcab2c3ac0669718cc68bddc88,0.1856953475795217,False,0.0,False
/b/src/336272252/17884293685720151799.webm,17884293685720151799.webm,336272252,unlabeled,c3b4d60361204a15be14d407a5739595cea87b128fae26edf2591951905048a9,0.05756286548419654,False,0.0,False
/b/src/336272252/17884293870940925047.mp4,17884293870940925047.mp4,336272252,unlabeled,067f1cde22865d7c9b911739a52331fde370bfe9f67e5bd7d975f7654f2a8d7a,0.06243597874877785,False,0.0,False
/b/src/336272252/17884295280010750836.mp4,17884295280010750836.mp4,336272252,unlabeled,08616c8a1107af595363f24b008af7b34b7f46033520b6d835bb96b652380e66,0.2340547401773982,False,0.0,False
/b/src/336272252/17884296153640641553.webm,17884296153640641553.webm,336272252,unlabeled,8883c49d488ab7d78bcf862081c42b8f4712c16ce32ac8aed6968242577c85cf,0.3101803587335819,False,0.0,False
/b/src/336272252/17884296553070583444.mp4,17884296553070583444.mp4,336272252,unlabeled,995e3b0afabebb4232eb6ecb9608ea13ef2a086c53761db2acc48f0a19392813,0.00963052868202598,False,0.0,False
/b/src/336272252/17884304186390776221.mp4,17884304186390776221.mp4,336272252,unlabeled,7d33938912b2bf7e51697e14c4bb352628ccdba9d403fb2e6e5e27db77ed7c8b,0.08518068605031862,False,0.0,False
/b/src/336272252/17884305597180319957.mp4,17884305597180319957.mp4,336272252,unlabeled,2c2469ee08d70261aeeb105bbba157e54adaf83f6725f2326f6644d770df43af,0.1873659701973833,False,0.0,False
/b/src/336272252/17884307279300140049.mp4,17884307279300140049.mp4,336272252,unlabeled,ba3145dad2432d6fc7f88d4ffd881f9b04e52d37030416dacdbad287f54b1572,0.0639764443137846,False,0.0,False
/b/src/336272252/17884307279761641715.mp4,17884307279761641715.mp4,336272252,unlabeled,06647599131033b9e6a22d299003f08aa387b74a0c422ce91904c062b4fadb77,0.1398546458137128,False,0.0,False
/b/src/336272252/17884308295610242346.mp4,17884308295610242346.mp4,336272252,unlabeled,15f039b89b3860242faa1eb99b5220f6383941f247404037608b774fae74b8ca,0.08044149841900751,False,0.0,False
/b/src/336272252/17884308295931961650.mp4,17884308295931961650.mp4,336272252,unlabeled,0d8fd0a9fb93208dce64e1ff030ed0b869e506d7817b19e4b0acfb0c308b478b,0.1532748221918724,False,0.0,False
/b/src/336272252/17884308719570277084.mp4,17884308719570277084.mp4,336272252,unlabeled,2f3367082ebe6e6c9690b49ed77ad38a742ec75bf53b26de7941b7f81b414062,0.08708023949550926,False,0.0,False
/b/src/336272252/17884308719841101157.mp4,17884308719841101157.mp4,336272252,unlabeled,54bdf811aab31e011922ddce4bdfeb4365e4858296bd062f4342ef4ab7ca5d74,0.12302694576329459,False,0.0,False
/b/src/336272252/17884309688130803021.mp4,17884309688130803021.mp4,336272252,unlabeled,a46800d6733a45c50fd20e664d3938303ffaa4580c794c69b499b0a8f359caf5,0.044693003349402134,False,0.0,False
/b/src/336272252/17884309688441173154.mp4,17884309688441173154.mp4,336272252,unlabeled,54c6ded54619ec303f2e99715534b28d15d1943cf2cc9140d5fcfd1d7c084ad6,0.05791161317583334,False,0.0,False
/b/src/336272252/17884311052690497555.mp4,17884311052690497555.mp4,336272252,unlabeled,146dda361094c2ad9ab4211c5bbb7502b1ee1f63ebc7d7328aa6d22020ca6d79,0.06837520656730722,False,0.0,False
/b/src/336272252/17884311053091070391.mp4,17884311053091070391.mp4,336272252,unlabeled,917d9f7c4679487b14c3a46b307ffb34dae313325b8ff0ba027ecf65f85c1a0d,0.06805268329493613,False,0.0,False
/b/src/336272252/17884315995090544703.mp4,17884315995090544703.mp4,336272252,unlabeled,885360f5f70136860106e0701399b6c77734329de21cda99de1dea4092380bfa,0.20144666640226913,False,0.0,False
/b/src/336272252/17884315995501675185.mp4,17884315995501675185.mp4,336272252,unlabeled,f67cae0cb334f37e9e7c871f1dde95d20c1d4156bf12716bc49a5e3cc6625777,0.08692927842500484,False,0.0,False
/b/src/336272252/17884318801490912310.mp4,17884318801490912310.mp4,336272252,unlabeled,b5d665215d9994595c388d424ee8349d2c79f57668b927e3e58fdbc01ecdf985,0.0617360818838416,False,0.0,False
/b/src/336272252/17884318801861350564.mp4,17884318801861350564.mp4,336272252,unlabeled,80cb46bfb511094310b54da479d35784090ce0501e9d5b03a0fb9bbaaa553eb2,0.05946606388511803,False,0.0,False
/b/src/336272252/17884356745180816499.mp4,17884356745180816499.mp4,336272252,unlabeled,e7fe65e3f3cff871b059898bd3b738fe07f8c710d2bfb6def37700c8c01403b5,0.10203471123309166,False,0.0,False
/b/src/336272252/17884356745641981904.mp4,17884356745641981904.mp4,336272252,unlabeled,6c14ca4bc050f49c3cbcca3b897442061b7e162de42b97dc20f5155c42d475bf,0.1292024378968558,False,0.0024367816091954027,False
/b/src/336272252/17884364951900854241.webm,17884364951900854241.webm,336272252,unlabeled,c5b09fb3827cad4ad1e2b954c643709d1447716c2e96fb58d04278546d7b1f43,0.10910067834360801,False,0.0,False
/b/src/336272252/17884364952381946429.mp4,17884364952381946429.mp4,336272252,unlabeled,cb8d4a86152ebbb8a0f4a50373b56a9301bf0ec0d3c831938b761b4e1060ef49,0.07265261554962117,False,0.0,False
/b/src/336272252/17884377780980200060.webm,17884377780980200060.webm,336272252,unlabeled,46a589911aa9b98382dae5dd6a664150c3f04b89e0a325c6ce4f83a4cbd19fe8,0.07052406909224353,False,0.0,False
/b/src/336272252/17884378289890148993.mp4,17884378289890148993.mp4,336272252,unlabeled,1b90a650b22ce70a4e1e8279e3aca2c683731bab3dc9f3ea8f8e4e5fa85dab91,0.07329725067250424,False,0.0,False
/b/src/336272252/17884378499450524920.webm,17884378499450524920.webm,336272252,unlabeled,beb8f9f8c02290e03a2b3f8e28014b232792c15e29c6aa03290633280251048b,0.044500609624161046,False,0.0,False
/b/src/336272252/17884385013990556518.mp4,17884385013990556518.mp4,336272252,unlabeled,ccf130b506d4c7ff6fb2a6b6f6b7cffdc5262420b0dc53fb26fcae26f11c27e2,0.0728096471998861,False,0.0,False
/b/src/336272252/17884385014471128971.mp4,17884385014471128971.mp4,336272252,unlabeled,e0f9b943137bd66b5295cfad81455aac656fc646d99e032bc3436450ba9fb36c,0.06514649938228967,False,0.0,False
/b/src/336272252/17884398633630159979.mp4,17884398633630159979.mp4,336272252,unlabeled,e50f4811b56c745694bfd28a5c3222b60ec575a1fa904a33c1ea10a5ab3f88f8,0.119871033222648,False,0.0,False
/b/src/336272252/17884403552900153783.mp4,17884403552900153783.mp4,336272252,unlabeled,23acea244f2bfd88321475067b1a72e315a0151b097064faddb70b223ebc6748,0.05462014080906241,False,0.0,False
/b/src/336272252/17884403555081923377.mp4,17884403555081923377.mp4,336272252,unlabeled,d9d17e93f185579256aedb4d0270f59a5ef6e1aa3979d3d7248de56617f095b4,0.30681778595820686,False,0.002479627473806752,False
/b/src/336272252/17884406948200840970.mp4,17884406948200840970.mp4,336272252,unlabeled,06ad24ce8bb4fef7ed4e90ee7d1651b5b60e5a5d67caa3826557a659547eba45,0.0559016130801907,False,0.0,False
/b/src/336272252/17884406948501927135.mp4,17884406948501927135.mp4,336272252,unlabeled,abd4f512997149d36a8bcd40025e210334e47a413c27a65507d776c541f8f731,0.056674498011886607,False,0.0,False
/b/src/336272252/17884408297740871818.mp4,17884408297740871818.mp4,336272252,unlabeled,07a25597d37e58fd3931d078e2344f887787e02a7cbb6d5745e43878e7ceb4ed,0.06742162468679948,False,0.0,False
/b/src/336272252/17884408298151935803.mp4,17884408298151935803.mp4,336272252,unlabeled,737894f5e6936f94436ede7572fd8b25f313ac79e466509374e6ac0be35bbe84,0.0468109831332638,False,0.0,False
/b/src/336272252/17884412010630364408.mp4,17884412010630364408.mp4,336272252,unlabeled,3db21c2a8c2dde6b192ba17416369977622ed4544e9b94dad287e9f0d2e84e91,0.05526290361032346,False,0.0,False
/b/src/336272252/17884412761800699015.mp4,17884412761800699015.mp4,336272252,unlabeled,3aba2f7727b173dde04dcf158967536854b1654ec2454289b75f0f764dd848a0,0.051473200087601256,False,0.0,False
/b/src/336272252/17884412976790059213.mp4,17884412976790059213.mp4,336272252,unlabeled,798152835a9e99dd5bf1eebba5c60ac73cd04bbd7e210d0df9714f5709e72ba3,0.07879131236281238,False,0.0,False
/b/src/336272252/17884413542630656506.mp4,17884413542630656506.mp4,336272252,unlabeled,2247e0b83ab6ff1d8365198a290ee03cfc9828d900fa994985c4f26ee8858cf0,0.06456785077222414,False,0.0,False
/b/src/336272252/17884414010680240959.mp4,17884414010680240959.mp4,336272252,unlabeled,97a28dda51d73738f39b60e3718fd721df1aa9b45a540c6e93cdf967a0cf7960,0.04838604846931223,False,0.0,False
/b/src/336272252/17884414440330710684.mp4,17884414440330710684.mp4,336272252,unlabeled,e25046a8102912102db7b7cac0f1e151d9cf3c2446a660cce0498064affd3d07,0.060546244069217284,False,0.0,False
/b/src/336272252/17884417057200279540.mp4,17884417057200279540.mp4,336272252,unlabeled,dab5af10c35f2ef5ed05a51ef0666534631b093829e824dd7fe70d8b720ac77d,0.06072330656044525,False,0.0,False
/b/src/336272252/17884417837070401830.mp4,17884417837070401830.mp4,336272252,unlabeled,3ece3c85dd20f830cf302f0b3d7faad627aa90f04515d53404fb5c34558d2880,0.048091214870762844,False,0.0,False
/b/src/336272252/17884417850250082096.mp4,17884417850250082096.mp4,336272252,unlabeled,6def93f1a399dba7792f9d3de6de34b77e7473a95a7fb175457b4c195e76e8e9,0.06768433416392282,False,0.0,False
/b/src/336272252/17884418161500879596.mp4,17884418161500879596.mp4,336272252,unlabeled,dbd4371c76d03b82a1dd176f7a2849c9159f0f01e0de75fa6fdb39c0bf93bc01,0.06700111781187575,False,0.0,False
/b/src/336272252/17884497658310740867.webm,17884497658310740867.webm,336272252,unlabeled,c4394f4752198184f554d358340a4bfc650901fd7a8032079b2aca9ffc4579ee,0.08029221822366248,False,0.0,False
/b/src/336272252/17884499401820237883.mp4,17884499401820237883.mp4,336272252,unlabeled,4c944f6c42e5c7db7962cb7c309bff1c7e18b3b811a82f56d20c78e9e45738bf,0.07152516921688944,False,0.0,False
/b/src/336272252/17884501014690371696.mp4,17884501014690371696.mp4,336272252,unlabeled,b240eef5c1a48f479acdf393d830ef96b73af597fbd161d16aaff8836c131795,0.1843073922211566,False,0.0,False
/b/src/336272252/17884502488640921969.mp4,17884502488640921969.mp4,336272252,unlabeled,977071637aa4e3ba3868c6c9fcb3b5ab086ce4d1a869b429481bd49c9e76fd67,0.19449531921757002,False,0.0,False
/b/src/336272252/17884503008880503157.mp4,17884503008880503157.mp4,336272252,unlabeled,af8a8e637fcbe5a02617680b2b652ffdcd14702d5595951be2eab0d395b6ec60,0.09723411468264201,False,0.0,False
/b/src/336272252/17884504366190553615.mp4,17884504366190553615.mp4,336272252,unlabeled,26d35d087a94090fd999a8f75cef05c3e4d20a50b74e2c3d43f0a713dbb51640,0.48515527589710605,False,0.0024911452184179454,False
/b/src/336272252/17884504721490137381.mp4,17884504721490137381.mp4,336272252,unlabeled,3db21c2a8c2dde6b192ba17416369977622ed4544e9b94dad287e9f0d2e84e91,0.05526290361032346,False,0.0,False
/b/src/336272252/17884505080670868153.mp4,17884505080670868153.mp4,336272252,unlabeled,d5cc782638f96a3c64ef24d1368095922d866a4a719f8ee8344c4df7affb1443,0.07332685020600757,False,0.0,False
/b/src/336272252/17884505469120370837.webm,17884505469120370837.webm,336272252,unlabeled,53fefda0e5a14125ef1c936a71f66f0a6ea9ef1051c1ea3d9455dfd7d3b38c9a,0.06379083578778447,False,0.0,False
/b/src/336272252/17884506626970832208.mp4,17884506626970832208.mp4,336272252,unlabeled,9a532f4678e0a4fcbb28347b57da184ab81773e64447587327c676e542032775,0.07992597444128277,False,0.0,False
/b/src/336272252/17884507104490693953.mp4,17884507104490693953.mp4,336272252,unlabeled,cf1a4bf0334cf2648d85fa0393afc9bc4d3810c67c56b8d20a0928aac48ae3f9,0.08812961396285894,False,0.0,False
/b/src/336272252/17884507415110803840.mp4,17884507415110803840.mp4,336272252,unlabeled,32fd50f7e3ae76fec2da32e03d1ccdf478efea32af55c437aa8d19d0c346c053,0.09294499973157712,False,0.0,False
/b/src/336272252/17884507878710052523.mp4,17884507878710052523.mp4,336272252,unlabeled,cc850e53d714150fc3a3ebbb1bc682f60600b90f149379b476ac1cbf334cd017,0.06895791097787698,False,0.0,False
/b/src/336272252/17884508508740819211.mp4,17884508508740819211.mp4,336272252,unlabeled,72e34f661f7cc94620d8f1a5093d6e1b2db83385dc7bcf7917271ad9807f2f57,0.05007500854601527,False,0.0,False
/b/src/336272252/17884509554340627742.mp4,17884509554340627742.mp4,336272252,unlabeled,793a2f54640dfaba9c2e1d57bc3f47806138ab7adda1712eeda31c0488d4cd2f,0.07092160017977095,False,0.0,False
/b/src/336272252/17884510659000743690.webm,17884510659000743690.webm,336272252,unlabeled,c036ed8eee97df2ea922ea53607a6a8f00523b2180c9ed4a1a0042fa1be8be17,0.05308095948723713,False,0.0,False
/b/src/336272252/17884511164070437845.mp4,17884511164070437845.mp4,336272252,unlabeled,c82324b60c89e6e055f182fa79595fe9e54d6c593c4319d9b0c8752043e6a144,0.06289779133049715,False,0.0,False
/b/src/336272252/17884513312230219338.webm,17884513312230219338.webm,336272252,unlabeled,89462ca083372e07083a387dbf1a8c94542875978f6ea5dba850c11da9bb8266,0.12384742387299452,False,0.0,False
/b/src/336272252/17884513952490720520.mp4,17884513952490720520.mp4,336272252,unlabeled,b7e05a59e39c2f189be4a6fc9e91ab2cbed35dd38fe64482ca40c2beb5a96b8d,0.05981346176256573,False,0.0,False
/b/src/336272252/17884514817330132531.mp4,17884514817330132531.mp4,336272252,unlabeled,cebf138998d0f25c3d9111edb9ac224ef17deffe2318c9216dd15fde138e7000,0.05442592149832707,False,0.0,False
/b/src/336272252/17884515115330699328.webm,17884515115330699328.webm,336272252,unlabeled,195a128edea13abab6580aabb20aefc379bcfe28ab2cb2ee6083f9a46f61f88b,0.46570930660853527,False,0.007393902693501002,False
/b/src/336272252/17884515478000181379.mp4,17884515478000181379.mp4,336272252,unlabeled,341919342727b583965bbd72e027c4b7f72d6ced186fe62be3c977943700d0de,0.7572101058987928,False,0.004988304093567252,False
/b/src/336272252/17884516794490022800.mp4,17884516794490022800.mp4,336272252,unlabeled,8e0850230672f2fbf626866a8d1f244ac0d8fa635848324b3abf44e6b80471cf,0.08759047575693472,False,0.0,False
/b/src/336272252/17884519809400698942.mp4,17884519809400698942.mp4,336272252,unlabeled,637418a84d49096c166c8f6e7a21b6438a2ef5e8d7a4ba693eb4e2abe7797cd8,0.1379094839526275,False,0.0,False
/b/src/336272252/17884520313670710811.webm,17884520313670710811.webm,336272252,unlabeled,2da70d78a7ade233d63086a02b854a8f5a7b093e47d22c1ded239f03012c3226,0.11554893661949181,False,0.0024367816091954027,False
/b/src/336272252/17884522264670690159.mp4,17884522264670690159.mp4,336272252,unlabeled,694e279ce9ec643c46ef8b192c9430eae964de9045c941891dbd3dcaf177daaf,0.06877433770141628,False,0.0,False
/b/src/336272252/17884536769520904888.mp4,17884536769520904888.mp4,336272252,unlabeled,ddcaac4a22bc5c3ab3748a6238a1b2aba9d0c2879907b59f197c6320cc1b368c,0.38131529329041625,False,0.0,False
/b/src/336272252/17884540267460930191.mp4,17884540267460930191.mp4,336272252,unlabeled,48d7c229fd803748ecac349f996e99c70347b5ebd917b6c493a27e0a3a20618c,0.03594391427871729,False,0.0,False
/b/src/336272252/17884541433690902280.webm,17884541433690902280.webm,336272252,unlabeled,4b8dc2df064a6166c38858331b664009424e39cb26a7609b5e57f3b0493255d5,0.10364841470529482,False,0.0,False
/b/src/336272252/17884543133610791044.mp4,17884543133610791044.mp4,336272252,unlabeled,9fbd5bb0bbe98f6f60569018bc9b94aef25dbc8bdb354a77d6525f5f446b909c,0.0676315999805864,False,0.0,False
/b/src/336272252/17884545980710249038.mp4,17884545980710249038.mp4,336272252,unlabeled,d2addeac970d47021f9de0f91ad9fba8bd619ff329977c4079238261829d8dcd,0.0703551711026855,False,0.0,False
/b/src/336272252/17884545981021015838.mp4,17884545981021015838.mp4,336272252,unlabeled,489d5d3f592377a6b3c3082032ee5dae0ddc1d34220c3ac4e37dba6fb3f9c8ed,0.07271291912489251,False,0.0,False
/b/src/336272252/17884549209110420588.mp4,17884549209110420588.mp4,336272252,unlabeled,3ff9d0dee2ec6c89ee9f951fcba9da0c791476d3d55083a68fd089e75fab4152,0.060833867849554135,False,0.0,False
/b/src/336272252/17884549209631880753.mp4,17884549209631880753.mp4,336272252,unlabeled,1682884d042e6fe71debca43d3617252dbccf67d5b75aa35e64de76767131d09,0.11564666847925589,False,0.0,False
/b/src/336272252/17884549844790935717.mp4,17884549844790935717.mp4,336272252,unlabeled,625dbec2f707529c4fb7067b681c203ac4215087d05844c20e78260277aa3e21,0.07633892385325475,False,0.0,False
/b/src/336272252/17884549845281348868.mp4,17884549845281348868.mp4,336272252,unlabeled,d24e71d4512987ddeb66f1a1f1a23964e31207cac24547f686fa95f0973adc83,0.2595773967716211,False,0.0024367816091954027,False
/b/src/336272252/17884551115450975626.mp4,17884551115450975626.mp4,336272252,unlabeled,46dd4171e299af71e2ebd7556166a9aaeda1ac039a4871cd8772e9d3f8c7317f,0.052227703690128,False,0.0,False
/b/src/336272252/17884551115961814683.mp4,17884551115961814683.mp4,336272252,unlabeled,8237e6bcf54519ecb1b6915d3dd8081d193415b918833dc81452ce2e64a25889,0.07787160694243823,False,0.0,False
/b/src/336272252/17884553120850913297.mp4,17884553120850913297.mp4,336272252,unlabeled,172c05dd42474d55c683547172c7f432044695a383f88511fd2f15156db563e1,0.0352289117132491,False,0.0,False
/b/src/336272252/17884553121221739558.mp4,17884553121221739558.mp4,336272252,unlabeled,9678b93f33d6445eb542210abb0e588ef8628a327e15807546b814c8632f3aed,0.23720019314389304,False,0.0,False
/b/src/336272252/17884557935350985471.mp4,17884557935350985471.mp4,336272252,unlabeled,f3cf3f1c8d17d4c30701e1d50cb37dc2a68a904c9e8a6a3405e9cedfebed4d86,0.06674559400950107,False,0.0,False
/b/src/336272252/17884557935841337144.mp4,17884557935841337144.mp4,336272252,unlabeled,f5cc7c39f7beea188f809ae6b7aacdbd5090949571497010f375ff4107e49467,0.26450104657408424,False,0.0,False
/b/src/336272252/17884564370780414635.mp4,17884564370780414635.mp4,336272252,unlabeled,c56b5fc32fd03f913258208d0a65279d4536a8a7e9bbc40bc20b9ea5665cb10d,0.05965311674014698,False,0.0,False
/b/src/336272252/17884564371221898534.mp4,17884564371221898534.mp4,336272252,unlabeled,3d2bf99b5003c357f3cc009de3cd95c17c5c410c8c74d3cef03e3af7db46f1d2,0.08513576080343424,False,0.0,False
/b/src/336272252/17884569447530255589.mp4,17884569447530255589.mp4,336272252,unlabeled,0d924f83f2aca46d186481067a03298c9f35b89fbb048443641da3813211cfb0,0.07369915711135906,False,0.0,False
/b/src/336272252/17884569447851071429.mp4,17884569447851071429.mp4,336272252,unlabeled,b392bda8369b935b4f9e005a44e3c7b5e0f7e5c425457cdbe619038da2a4710b,0.05405697282875957,False,0.0,False
/b/src/336272252/17884571499880814034.mp4,17884571499880814034.mp4,336272252,unlabeled,a44542db3978c6a02c2a73e636650a6e7d6bca522806157e5228c1d8f359bd15,0.15115911317756056,False,0.0024367816091954027,False
/b/src/336272252/17884571500321095527.mp4,17884571500321095527.mp4,336272252,unlabeled,9c65482375fa78650e4f2c1cb96570c0b2f003c84ea72776cb5b787a39038769,0.0910353201091251,False,0.0,False
/b/src/336272252/17884577358660973330.mp4,17884577358660973330.mp4,336272252,unlabeled,2d0cd32f4c64fd915ba20ab9d293811e22d7108403f3e3092aa16887b930a0b1,0.09879150726517143,False,0.0,False
/b/src/336272252/17884577358981524383.mp4,17884577358981524383.mp4,336272252,unlabeled,5f4afd67053021bbd38bcf8e67fa2e66cf4332eb089dd68eeeb5d7c9a726b351,0.08183230855381032,False,0.0,False
/b/src/336272252/17884579872820982484.mp4,17884579872820982484.mp4,336272252,unlabeled,9c145145e993d7cd74b5b82ad60e7235cbd44c4a8dbecff512d2b658afdd8afc,0.05271370112341494,False,0.0,False
/b/src/336272252/17884579873181915259.mp4,17884579873181915259.mp4,336272252,unlabeled,cf472b6d875d300fbbebbda19ab968d32d2d3e049627492cdae2be67b76cdd34,0.04388147028765996,False,0.0,False
/b/src/336272252/17884585953600312048.mp4,17884585953600312048.mp4,336272252,unlabeled,8bb6edfe70aea820f21f3e413af93472f72a9fbabae02f80dc37ff239155931a,0.14609599028236267,False,0.0,False
/b/src/336272252/17884585954271331909.mp4,17884585954271331909.mp4,336272252,unlabeled,ebd942d4fae386b36bd35a095067134456ee6a20113953743121acc89e7d16ba,0.07295502420125184,False,0.0,False
/b/src/336272252/17884596164300235367.mp4,17884596164300235367.mp4,336272252,unlabeled,a480b404e7b12ed930c52997e42d008b94a06041fe128394c6d18aef62a96af4,0.08009666619356305,False,0.0,False
/b/src/336272252/17884600909590578073.mp4,17884600909590578073.mp4,336272252,unlabeled,ce102fdac0ed01016d5a1177e6ca6da51b508eac1696c6974f9b8653ad746e35,0.06383600286530029,False,0.0,False
/b/src/336272252/17884609467900171822.mp4,17884609467900171822.mp4,336272252,unlabeled,b48301ea513e32b726deae3f513989a1216d2796e024d8dc0fbfbb3ffe295152,0.18310568956831036,False,0.0,False
/b/src/336272252/17884609469261289658.mp4,17884609469261289658.mp4,336272252,unlabeled,897f5b1a6a8e641639ef2609cc25a7ff6ef87b7257137edef5d59e69c155e48f,0.08809536033582246,False,0.0,False
/b/src/336272252/17884611053540976741.mp4,17884611053540976741.mp4,336272252,unlabeled,7faf385025d49e0e1b7689e8d9bca1fc095444247698664af086074dfd9005dd,0.0591743054293439,False,0.0,False
/b/src/336272252/17884611054021485514.mp4,17884611054021485514.mp4,336272252,unlabeled,1d10bc23d6e4f3915d9346daad9aac27ae9c55822d3edf2e03aa04db657d8809,0.05070996052200918,False,0.0,False
/b/src/336272252/17884611055272240272.mp4,17884611055272240272.mp4,336272252,unlabeled,075be54dc58009176b358f1ebec57e99548093cf22fc74d0cccda2c02a7a3016,0.04795139937748048,False,0.0,False
/b/src/336272252/17884612022710053871.mp4,17884612022710053871.mp4,336272252,unlabeled,adf2c7ac153307c5c90da2e8082af7c64263e119ee1d8efb560fdfb9eea1d503,0.075944138116589,False,0.0,False
/b/src/336272252/17884612023831703093.mp4,17884612023831703093.mp4,336272252,unlabeled,62858ce7d597468fa4f62102f14e0c1ae1961470b684076f848602df62d78c41,0.0391859651155564,False,0.0,False
/b/src/336272252/17884612637840515993.mp4,17884612637840515993.mp4,336272252,unlabeled,144d2c2ddbceec9479a072b9000e8f206b40d939bd20794d3e4cb4b0e4b24f06,0.06624105963415425,False,0.0,False
/b/src/336272252/17884613941040373274.mp4,17884613941040373274.mp4,336272252,unlabeled,9e17479b49e579ea724f750cfa5ca929694da04a627687dced15820094b92a58,0.1305599102082895,False,0.0,False
/b/src/336272252/17884613942551404080.mp4,17884613942551404080.mp4,336272252,unlabeled,c7f806b5a17a8588fe047486675b2ca5e375f28c0f3c63fcb145683eb7fd6ed3,0.057296067439001584,False,0.0,False
/b/src/336272252/17884613943312557352.mp4,17884613943312557352.mp4,336272252,unlabeled,a3b1d5c0b4f8c0a9675b4b66056e728c72353f0f5920b5f6eaee721a40ff0bbe,0.09189925403016094,False,0.0,False
/b/src/336272252/17884613943733243450.mp4,17884613943733243450.mp4,336272252,unlabeled,576a35ab48aee969366ebd47ab86a87887b2f0f5b957a5f224f437d499da35f0,0.07369560485389325,False,0.0,False
/b/src/336272252/17884616383640033339.mp4,17884616383640033339.mp4,336272252,unlabeled,f375f92f26cdc99f89248e3aa2eb3c6e1597ae46a7009546cea6a6be953f810c,0.08477978884501929,False,0.0,False
/b/src/336272252/17884616385011618157.mp4,17884616385011618157.mp4,336272252,unlabeled,46740ae42d398856096aa741c540e4d3842e52a6126d798c9efa35a1589f20d7,0.10790985710953137,False,0.0,False
/b/src/336272252/17884616385722749504.mp4,17884616385722749504.mp4,336272252,unlabeled,f687d5b611661fb0ea5c267baf9f1c1952e88bf25e66f3ea228c3e083e2518e3,0.02372887289517864,False,0.0,False
/b/src/336272252/17884618291290290434.mp4,17884618291290290434.mp4,336272252,unlabeled,0b95f1979047de88524bfdec07fbd4b03a788b1b8035505f08be33ce3c8d3b14,0.15830257813171655,False,0.0,False
/b/src/336272252/17884618658250993304.mp4,17884618658250993304.mp4,336272252,unlabeled,96d992c73dff6179801b3617eff5aca71f10342ee9cb9aab43664b73d93f3f4a,0.13362409349508214,False,0.0,False
/b/src/336272252/17884620929420162705.mp4,17884620929420162705.mp4,336272252,unlabeled,7a6b17cbbbad0f63f27cd5f09e91a11dbdd109af964c21a1aa6babca55c47bcb,0.08452016627016457,False,0.0,False
/b/src/336272252/17884623200860790020.mp4,17884623200860790020.mp4,336272252,unlabeled,f98bcba5efc0680dbed228f641240e6ad769d11ddf225bfaf4a936d358949a69,0.06258520878953323,False,0.0,False
/b/src/336272252/17884623201871017314.mp4,17884623201871017314.mp4,336272252,unlabeled,7c99898d78f67640c32ab1b46b7b14d18bc9fa3c189663e5de69b805c319597f,0.07428527165857741,False,0.0,False
/b/src/336272252/17884624097240423187.mp4,17884624097240423187.mp4,336272252,unlabeled,d9b43d8a399d4cdf61622f30a76fc0b391c65b5daeea2f34e9a13e641d11ba17,0.044063795495994755,False,0.0,False
/b/src/336272252/17884624098761812721.mp4,17884624098761812721.mp4,336272252,unlabeled,b33329bcbf4c35871ca6022ccc1393feec4456a8d883e0e92f61f15c7867cb52,0.06099201576231227,False,0.0,False
/b/src/336272252/17884629438390173620.mp4,17884629438390173620.mp4,336272252,unlabeled,f9fcb1cd1431a4bd6310e161be45efdef4a32296da5422c50ec464fff011fc56,0.23009927374193095,False,0.0,False
/b/src/336272252/17884630041371948895.mp4,17884630041371948895.mp4,336272252,unlabeled,076302a9174a59f010840cf556c2e3d5127af04ebf0039070fd6f6c0d4e4ad9f,0.10714304128305835,False,0.0,False
/b/src/336272252/17884630765470106663.mp4,17884630765470106663.mp4,336272252,unlabeled,c2a93701ba17f976270036b06c20cdb7316b72b049a8233d05e0415c33f81d6a,0.0699776072434434,False,0.0,False
/b/src/336272252/17884636900910054612.mp4,17884636900910054612.mp4,336272252,unlabeled,b2957793e5369e684155f076f9064eeabe691692f7857bf1c8eced0955b7ce7a,0.05932460470883789,False,0.0,False
/b/src/336272252/17884636902261018607.mp4,17884636902261018607.mp4,336272252,unlabeled,c87236ed9510a85297307f69fe6114d5bde4240cc0bbc0ac585925ee1b139596,0.041705497975872745,False,0.0,False
/b/src/336272252/17884638439320956882.mp4,17884638439320956882.mp4,336272252,unlabeled,c1d9af1324740aec36eb68985ad940b267175c8a341079717804c5380d18719b,0.04351748481967334,False,0.0,False
/b/src/336272252/17884638440971228829.mp4,17884638440971228829.mp4,336272252,unlabeled,6a02d97b0b22995b2e1f03ef36db42ed4ec12d37b0607bf4a9e3abddcf6a9129,0.06552973813685309,False,0.0,False
/b/src/336272252/17884639251510417575.mp4,17884639251510417575.mp4,336272252,unlabeled,40783a3be20b80ab0c6d0f0b9adee2afe4cafa9e8cdd5f8574b421d739804d7b,0.09316289615056061,False,0.0,False
/b/src/336272252/17884642798500870389.mp4,17884642798500870389.mp4,336272252,unlabeled,fbd8d39ff65c82f378543fdee9f030429b75dc48b41ebc6332900ac5dab356ce,0.9542824461529585,False,0.009985331264929573,False
/b/src/336272252/17884644043600047802.mp4,17884644043600047802.mp4,336272252,unlabeled,d04b53905ee9b5d6cef964a3837fc9ddd7dd8c12bf84a1357acbf57909d8c1b8,0.08740333477293215,False,0.0,False
/b/src/336272252/17884644061980189212.mp4,17884644061980189212.mp4,336272252,unlabeled,dec0c932247f3b12b9626e85804ba23f5ec2a82d518c98c025165960540d4fc9,0.06167134528356448,False,0.0,False
/b/src/336272252/17884646997130304896.mp4,17884646997130304896.mp4,336272252,unlabeled,38fe3f822996daa7e664759255df4965cf03eedbb57cb474a51b7b6945d5c661,0.03152848610894876,False,0.0,False
/b/src/336272252/17884646997451837897.mp4,17884646997451837897.mp4,336272252,unlabeled,da0b043f12cd2f1d83401e8b4e41964b65a2f1c2f8d3e55088c22bb82ca4719c,0.09859987289567759,False,0.0,False
/b/src/336272252/17884646998082427845.mp4,17884646998082427845.mp4,336272252,unlabeled,6e01f912a89530b0d1389d2468f061f3a698ae62a65214b91a6d63abc15192da,0.04390530035068181,False,0.0,False
/b/src/336272252/17884646998373818328.mp4,17884646998373818328.mp4,336272252,unlabeled,a56df59578e3d8ca0c0689bdd9b926d15c63d9c0dc5dc086405eb3a7e0fec6e4,0.07978351349730763,False,0.0,False
/b/src/336272252/17884647357960254765.mp4,17884647357960254765.mp4,336272252,unlabeled,ed803f1000e01737e44f86c8f20718b29514ff6b107d3ca7a5ecc72c7c39c716,0.04981352175957305,False,0.0,False
/b/src/336272252/17884649460840651688.mp4,17884649460840651688.mp4,336272252,unlabeled,c1a25961315f1123f282296badbfbce9085cc27e9b88a490728b48a291d1dbf3,0.06301400743774106,False,0.0,False
/b/src/336272252/17884649462691543658.mp4,17884649462691543658.mp4,336272252,unlabeled,ac5f7e0d1115921a519572cd02907cf30c94638197620df7645f28bb5ca1fe9c,0.054144829343840135,False,0.0,False
/b/src/336272252/17884649590750504993.mp4,17884649590750504993.mp4,336272252,unlabeled,7170c18a097b8b307afd0a56c45cf4cbf95247f8ae4fca4863463215039d91ce,0.08434558808352308,False,0.0,False
/b/src/336272252/17884649591081739080.mp4,17884649591081739080.mp4,336272252,unlabeled,8f2db7a4ee2427b00ef76a77592e01704e623b47a69208917876e802daeb12fb,0.05918468099953497,False,0.0,False
/b/src/336272252/17884649591452164344.mp4,17884649591452164344.mp4,336272252,unlabeled,2a97eb7ea52caae33472975cbbace40b305fcf0eb17fe84dbb2b32f86257f5fc,0.03461154454320173,False,0.0,False
/b/src/336272252/17884649872520745420.mp4,17884649872520745420.mp4,336272252,unlabeled,7556fe68750151db3694f9f7fb2eae448b9b629647a2e94de949fbd50d4cc7c2,0.05195157768892203,False,0.0,False
/b/src/336272252/17884650325090527993.mp4,17884650325090527993.mp4,336272252,unlabeled,23293722e6c4d6965aab9908c2d7974439f11cf12bd1154d7bbd350fd6935649,0.08429406107530579,False,0.0,False
/b/src/336272252/17884651589300339483.mp4,17884651589300339483.mp4,336272252,unlabeled,db2261b0b55fb2a934720cb285ca620948bc3868d085262381ae42ba36958512,0.07727013007595199,False,0.0,False
/b/src/336272252/17884651591001306878.mp4,17884651591001306878.mp4,336272252,unlabeled,f0e762d1d0037929b9dd19abfd4f46d3d5bada17ad6b8f4feea6fcd50e15abf8,0.032349324620646346,False,0.0,False
/b/src/336272252/17884652337840155380.mp4,17884652337840155380.mp4,336272252,unlabeled,ee37c4bbedbbe2e9cd9bb93f560d2292b94af1c96d188f1572679045c47052f6,0.04120759816249716,False,0.0,False
/b/src/336272252/17884652519920709668.mp4,17884652519920709668.mp4,336272252,unlabeled,b0c6062b3c3b214ecb50ec8467d19f22ece2aac80a6e8a63aa88b78818dd1530,0.045348327931291926,False,0.0,False
/b/src/336272252/17884652520471554987.mp4,17884652520471554987.mp4,336272252,unlabeled,5f140f4f229dc2d4bf015d48d27905324743b25391febbc3c3f161f01d99b3bc,0.09975547692276167,False,0.0,False
/b/src/336272252/17884652520852553740.mp4,17884652520852553740.mp4,336272252,unlabeled,9e581a27e12de1098ff6c00464e1b79bdcea0624dea12eeb6dd8f54ac86c3908,0.09822189324439648,False,0.0,False
/b/src/336272252/17884652521173519133.mp4,17884652521173519133.mp4,336272252,unlabeled,1df9e0fcfdb6b3ee7a72f1ea79a54db408032adefe7d69b9ffa02f7aca881093,0.07460045650954181,False,0.0,False
/b/src/336272252/17884653706040197678.mp4,17884653706040197678.mp4,336272252,unlabeled,621f9e5f2a00d0ebcb76bcf236505f5e89648c55378328d860aeb81663eb4251,0.12135183758457382,False,0.0,False
/b/src/336272252/17884654479790026498.mp4,17884654479790026498.mp4,336272252,unlabeled,e3c7efde3c5ef82e1fdd7568f69107926c0691930346744db8e1ae3bc4b6620f,0.06396887172335865,False,0.0,False
/b/src/336272252/17884654526240792582.mp4,17884654526240792582.mp4,336272252,unlabeled,860477ef13603eb701e19d5a089bb588c803c32a3e94e6214a457b92460ea3be,0.05531819941429582,False,0.0,False
/b/src/336272252/17884654526671878479.mp4,17884654526671878479.mp4,336272252,unlabeled,7d374485ad0e481230695e2b3dc0ce83ab87daa3a6e5fdb58d26eedd87aae0b3,0.05044830229763857,False,0.0,False
/b/src/336272252/17884655245190182218.mp4,17884655245190182218.mp4,336272252,unlabeled,a079f0549c5021c8003bb194f520ba5c00516d7c041ef0d371cfe72372db9a5f,0.05247592440330429,False,0.0,False
/b/src/336272252/17884655245901133572.mp4,17884655245901133572.mp4,336272252,unlabeled,0d5a3106799e97c88a619e96608d9f294e3549bd2134dd95b35160f03dd8cdcc,0.05648485433457531,False,0.0,False
/b/src/336291305/17884609965220478628.webm,17884609965220478628.webm,336291305,negative,58dd9fe970d2a3d8bcb654b7e0e2f1330920325942f6d827cee8d8113a462aef,0.014850109323584423,False,0.0,False
/b/src/336291305/17884609965861503397.mp4,17884609965861503397.mp4,336291305,negative,0b2284d0c0f9454bb2f439020a0059bd06054898a72d0a73f65d6a08e6807d21,0.06966133859405566,False,0.0,False
/b/src/336291305/17884609966682350346.webm,17884609966682350346.webm,336291305,negative,3bff4c4f2438c84c1d8257fbd2ed82b4c7b4b2087e11284063c6601415d0fc7c,0.2762792096893909,False,0.0,False
/b/src/336291305/17884609967063652209.webm,17884609967063652209.webm,336291305,negative,c9aab0d9371bee0f1c50b5f676a45142eead494ae883f606cc1045c6f4ae0349,0.12248940678177535,False,0.0,False
/b/src/336291305/17884614082320104202.mp4,17884614082320104202.mp4,336291305,negative,d55556f8f00a01510f017a5030f86abe37c6b25a4cf487054d8027c571302b7c,0.04795665647648792,False,0.0,False
/b/src/336291305/17884614765970273317.mp4,17884614765970273317.mp4,336291305,negative,af1d05eb06c5225e1447dfd958bda666cdb48101dfed3826e0eb1a6b29009ed5,0.26563171865634944,False,0.0,False
/b/src/336291305/17884615024080845147.mp4,17884615024080845147.mp4,336291305,negative,d6f258c6ac68372905d663872ec102ad7dfe302f8482a4e838707b9531721844,0.13058820794956824,False,0.0,False
/b/src/336291305/17884615349990296115.mp4,17884615349990296115.mp4,336291305,negative,5439f39e3cbbff1c2235ba42812fd38e99b2f3a8e4136b4bd917fc3c15ff07cf,0.22593524752061883,False,0.0,False
/b/src/336291305/17884617441290384547.mp4,17884617441290384547.mp4,336291305,negative,3b01ff1aefbfc1ca0e553b5f8a570f2d737ee6ed05d67c4f709213a4d8e8db29,0.04782052413890522,False,0.0,False
/b/src/336291305/17884617443742622847.webm,17884617443742622847.webm,336291305,negative,79c3debdb0e6fab0311144abccc3551aef71bb27b898e0a94b30d31725f8d492,0.13516990465365364,False,0.0,False
/b/src/336291305/17884617927560167550.mp4,17884617927560167550.mp4,336291305,negative,ffe1f67e708a97e2e600d64becb1bb39b73147ebfcdac8c4f50b43db4c565369,0.3151150405927086,False,0.0025,False
/b/src/336291305/17884618574670496473.mp4,17884618574670496473.mp4,336291305,negative,d1a3f01e45a99e9362925b74a4d195e3e00efc079f8c3254dc6eb2452e812fdd,0.06724019395424148,False,0.0,False
/b/src/336291305/17884618869060716587.mp4,17884618869060716587.mp4,336291305,negative,91398579c51551ef86c73e22e6f63e342050d18e8341bad22f992d0eb969690b,0.0731407158265558,False,0.0,False
/b/src/336291305/17884619430670901154.webm,17884619430670901154.webm,336291305,negative,8f5094bd53f52cc048fe75f15f61e0630e646faf2b2edaae75ced99494ed07c5,0.08669468593595135,False,0.0,False
/b/src/336291305/17884621871080417912.mp4,17884621871080417912.mp4,336291305,negative,ce102fdac0ed01016d5a1177e6ca6da51b508eac1696c6974f9b8653ad746e35,0.06383600286530029,False,0.0,False
/b/src/336291305/17884622160060142451.mp4,17884622160060142451.mp4,336291305,negative,3104633ed1132a606e50b6366ac1385a69f7f424e25514a6355bd6222a320abf,0.15392732744312188,False,0.0,False
/b/src/336291305/17884622160621166032.mp4,17884622160621166032.mp4,336291305,negative,0115450ac81ed140847704e4e96440053389595b53fd9f8c3307e217ddaf545b,0.12467949963751387,False,0.0,False
/b/src/336291305/17884622161122896579.mp4,17884622161122896579.mp4,336291305,negative,a5c46cbf9410ec1b3fb0dba376c238dd538da295350ba8eeacd0228f47763725,0.126435738182206,False,0.0,False
/b/src/336291305/17884625465790438383.mp4,17884625465790438383.mp4,336291305,negative,4db68dc547da7b8ff0d83bcadee04ef7f5fa46bddceaf052e05dadb807a16710,0.15127005779829197,False,0.0,False
/b/src/336291305/17884625466281166714.mp4,17884625466281166714.mp4,336291305,negative,59fda969135fa7ff3218b0ed1f1c686a3dd7a314dc132f9e8d0856bb3d4c0ae8,0.08842299504937785,False,0.0,False
/b/src/336291305/17884625466652193696.mp4,17884625466652193696.mp4,336291305,negative,4a4cc3d63bf8af08620079bf7b12e70f3e2bc598d80e40312e4a4f4fd5c055c5,0.11850767748622956,False,0.0,False
/b/src/336291305/17884625466983317553.webm,17884625466983317553.webm,336291305,negative,e0fcd47a1475be5c8de5f7ac2e64a7b00942c6e52f8f214d607beb0a3827f197,0.0902667027743509,False,0.0,False
/b/src/336291305/17884626302380118409.mp4,17884626302380118409.mp4,336291305,negative,078ba07e72eda21daa8a35e3f79e7940cf89978e894e97adc90fd75ecf2bbb6a,0.07081924106281433,False,0.0,False
/b/src/336291305/17884645516630740148.mp4,17884645516630740148.mp4,336291305,negative,b273c15431e0eec78888b468dbf033331a7d8005fc208f6740817bc80dbd35fe,0.521779991958097,False,0.0024367816091954027,False
/b/src/336291305/17884645516971173708.mp4,17884645516971173708.mp4,336291305,negative,ad2d14a33cac15c4e5c22393b08d341a3e72c1c4572715ffbb0953fb6d975de7,0.06557340733363638,False,0.0,False
/b/src/336291305/17884645517252218137.mp4,17884645517252218137.mp4,336291305,negative,e7836eb89f3cc702ff4961d03444d7d05354dcde043cfefd992ee170ce7d119a,0.07929625674807843,False,0.0,False
/b/src/336291305/17884645517693336259.webm,17884645517693336259.webm,336291305,negative,1e614fc91e2260a5821b65954c320cd4bdf8911981a91f388a76be41516d97c8,0.11421964797073068,False,0.0,False
/b/src/336291305/17884653002620347031.mp4,17884653002620347031.mp4,336291305,negative,96d7cfc570ed233cc714d62179e112cc902072455b18f6a3d7aac3559ff2d81b,0.1445749287561711,False,0.044008097975998355,False
/b/src/336291305/17884668857320031307.mp4,17884668857320031307.mp4,336291305,negative,b8fc2945bea68c880d86781a2447a36db6b7f368806f8e7f3d78ec0e1e325df3,0.10839094935658415,False,0.0,False
/b/src/336291305/17884675106080317958.mp4,17884675106080317958.mp4,336291305,negative,10c7348ca83dd3c03efb2dc01d351dd9e9458b51b818cadc2d045c83905ac224,0.035052031322297644,False,0.0,False
/b/src/336291305/17884675106871339085.mp4,17884675106871339085.mp4,336291305,negative,c60a5284396be8b4f9ae5219913e4148b7514b184e36aae7f9372b96df667286,0.1851149260171167,False,0.0,False
/b/src/336291305/17884675107102346078.mp4,17884675107102346078.mp4,336291305,negative,064739d1eb703774d926e8079d396671bda1a1f272912522ec6792088bd89bf9,0.06707982784757953,False,0.0,False
/b/src/336291305/17884675107313809502.mp4,17884675107313809502.mp4,336291305,negative,1b8ee01e8e3289981be844cb182bc2b1b6846926d1ebe687836a2f77a78ef629,0.09726344772077629,False,0.0,False
/b/src/336291305/17884679668210643775.mp4,17884679668210643775.mp4,336291305,negative,0ac0ae2f12ec9c53dc87088fee871975e213e5596fcda7c6937dc00c3ff5b184,0.18819105239684017,False,0.004985331264929573,False
/b/src/336291305/17884679669121709448.mp4,17884679669121709448.mp4,336291305,negative,df8604f67594033f34e3ef8b52df2ead30e4c2b2a38d066431d2fe9b135b255c,0.05841258574845875,False,0.0,False
/b/src/336291305/17884679669892221599.mp4,17884679669892221599.mp4,336291305,negative,93dfff64bd7aa7485fac148420b2bfeb46a2a85f7a87cc21bb91000836aeb1a4,0.0706862591854412,False,0.0,False
/b/src/336291305/17884679670213366366.mp4,17884679670213366366.mp4,336291305,negative,490346bc643a9afd25fc47ea291322d05b2200e5251e7676d8a6682432cf3e56,0.18124530028952587,False,0.0,False
/b/src/336291305/17884680854160440624.mp4,17884680854160440624.mp4,336291305,negative,37af5b2a606d46b6ec796766595dcfa243409ae64eacdeb13295130c5dc7a527,0.05836212002579304,False,0.0,False
/b/src/336291305/17884680854921225495.mp4,17884680854921225495.mp4,336291305,negative,cac975fd2eaa953aacbbb2f019fe0b192f8b9e7a101f3d302be05fb21027e128,0.054990369584731864,False,0.0,False
/b/src/336291305/17884680855382834278.mp4,17884680855382834278.mp4,336291305,negative,ed39b3095f6d484857b1a9a7be09e28f40e95275cc3a511e406e3a21eabbe839,0.0600490079308217,False,0.0,False
/b/src/336291305/17884680855873105716.mp4,17884680855873105716.mp4,336291305,negative,b164b6bce0a2eb0e37e677e791d69ce2757d0a35356b6971a5a7c1e2bdb9172c,0.10398002978581543,False,0.0,False
/b/src/336291305/17884684341810783318.mp4,17884684341810783318.mp4,336291305,negative,b90ec21863381e5817c5f166a5effa968338253cea85dfb104bbbd4a2ed81de6,0.05962226072136112,False,0.0,False
/b/src/336291305/17884684343022136338.mp4,17884684343022136338.mp4,336291305,negative,b0fd0d6887d80e396a600689d082c2769d2e88fc8c22e0d51b102d5c3ba35d3f,0.14143995100984505,False,0.0,False
/b/src/336291305/17884715113270643878.mp4,17884715113270643878.mp4,336291305,negative,be8cb60a106a9461e73099245a60249c59dd6c7cc799b10d759af408c9a41577,0.09201216400652398,False,0.0,False
/b/src/336291305/17884715114691033660.webm,17884715114691033660.webm,336291305,negative,b151e39db6efc2300b3039609a59b46b8982f06650b1e0d3d5561e46f37b3b46,0.04963462193472732,False,0.0,False
/b/src/336291305/17884715115742969024.mp4,17884715115742969024.mp4,336291305,negative,9013e70054b9b9eb40d430432c3b1e0965552058e6777954ad13b75896326eb0,0.15094744524645562,False,0.0,False
/b/src/336291305/17884715116133007095.mp4,17884715116133007095.mp4,336291305,negative,9a8bf75c2ea6b1a71b55d0449e3acc549153fd9522d497eea667acbe81691207,0.05384682082695377,False,0.0,False
/b/src/336291305/17884826062150743255.mp4,17884826062150743255.mp4,336291305,negative,384c1dd87ce431bade869d3ea21a8a0f6f6d95d620727452b5dac860c13e4ef7,0.06968265480250847,False,0.0,False
/b/src/336291305/17884828683670917332.mp4,17884828683670917332.mp4,336291305,negative,c5a2ee5720d2bcf0ba46d03600966c390d4e3095558a82ad3a158b89517f04a2,0.07815048897712247,False,0.0,False
/b/src/336291305/17884828684851535616.mp4,17884828684851535616.mp4,336291305,negative,c200f9096774185c44723259df01aa4bbe9e64df1798ec68f439dc60fe7439e5,0.07042139324447025,False,0.0,False
/b/src/336291305/17884828685642441876.mp4,17884828685642441876.mp4,336291305,negative,0eb1e423731711b92d2f82ec1676ba0894ed30a4d642c856d88bdae50eac689c,0.09184345546199767,False,0.0,False
/b/src/336291305/17884828686033410908.mp4,17884828686033410908.mp4,336291305,negative,0096fb535e9c10176957e383834132b8c526d76ca5fffb69a6a2233d755d9603,0.04670343680159184,False,0.0,False
/b/src/336291305/17884848346090309488.mp4,17884848346090309488.mp4,336291305,negative,e405ba888c63f123cffab9afc619f5f41f672a29ddd07ad4897c94dc41e9dbe3,0.02211866740472595,False,0.0,False
/b/src/336291305/17885011056550945643.mp4,17885011056550945643.mp4,336291305,negative,6d4045845376671e9918e07fb556abf2ef0b4178d0a2126fcfb36d81d226f916,0.06404053062874718,False,0.0,False
/b/src/336291305/17885016836260352008.mp4,17885016836260352008.mp4,336291305,negative,0d9c2e29c8eb93ff007f47cad8c5ebad37c42b5e19b655b4c012594bcbcedbd4,0.053977900056481835,False,0.0,False
/b/src/336291305/17885016836681835546.mp4,17885016836681835546.mp4,336291305,negative,507fa1d1d646367b506aa676a102ce3c219ac95c07c6afb731682080c59ae0a3,0.15911519489820433,False,0.0,False
/b/src/336291305/17885018579000912581.mp4,17885018579000912581.mp4,336291305,negative,86254a9c8ef33e6e970410e7941c7ef2de5e0cc12932b1c0f2344676ddfc8f84,0.11288356033594556,False,0.0,False
/b/src/336291305/17885018579501220485.mp4,17885018579501220485.mp4,336291305,negative,9e18dd4e641e085b77f95f993097a857819c9dab7266872b66af01b24036b0ed,0.10083251967376645,False,0.0,False
/b/src/336291305/17885024221850450876.mp4,17885024221850450876.mp4,336291305,negative,279ee8aa12ec8e0ddf2993c2a903ddfffdf146b43d19cb477eeddcfda2d187ad,0.12347024245422668,False,0.0,False
/b/src/336291305/17885024222391568056.mp4,17885024222391568056.mp4,336291305,positive,152707436142e3f2c9ec2a0eff7511b56e7465e70d4b0a6f397c62a7cd1aa90e,0.9537958669227746,False,0.9322241176353623,True
/b/src/336291305/17885050713060735879.mp4,17885050713060735879.mp4,336291305,negative,f8d6da8de5a54084fb410e054f82e504dcf2d96824bc9a7e319db61f918e1865,0.03377498700435815,False,0.0,False
/b/src/336291305/17885050713311821280.mp4,17885050713311821280.mp4,336291305,negative,beb88e801ede2adc70d7934fd782a591e4db777c16214291a4cbce3664e247b2,0.04669089489968089,False,0.0,False
/b/src/336291305/17885052069130757984.webm,17885052069130757984.webm,336291305,negative,adbc5c42fafac7a6eedd512aaeab7f73008fa5744eadd9abc0e7f2424e73727e,0.06683673735304117,False,0.0,False
/b/src/336291305/17885052070291446710.mp4,17885052070291446710.mp4,336291305,negative,179478f935ef83a6f708049a86ce14236e13102b07f99c5a9478d8151023385c,0.11405762313137631,False,0.0,False
/b/src/336291305/17885068541210663016.mp4,17885068541210663016.mp4,336291305,negative,36372898e0d6548eb5ddfd21843936cb6f0dddf19bd338b4a908cdc6cf77aa93,0.05283976208230234,False,0.0,False
/b/src/336291305/17885080811990147289.mp4,17885080811990147289.mp4,336291305,negative,810cbb22c69c3b70f3a3097aa9a0f8c9020985488bf2dbafabe76f9d7addc8ff,0.2797369705400752,False,0.0024968406918884764,False
/b/src/336291305/17885086320260726052.mp4,17885086320260726052.mp4,336291305,negative,9bfc845643b47dc0095725353ba257a4745d2a9466fd7e1adacabdd238a4add2,0.10433698347793371,False,0.0,False
/b/src/336291305/17885110110360419045.mp4,17885110110360419045.mp4,336291305,negative,a502804dac7b54736164de26186fa9bf46500ea9790f948879c18246b738b5e1,0.05879034359140163,False,0.0,False
/b/src/336291305/17885110110691097812.mp4,17885110110691097812.mp4,336291305,negative,5a293379ff45a29ee209ce212f6d8dbcfeeb30f6f17e222b1d6346153e5afd9d,0.16295790789150474,False,0.0,False
/b/src/336291305/17885110111052465358.mp4,17885110111052465358.mp4,336291305,negative,08ed1fdde9fb0ebaddbf865a2955d1c9d7210603b7939bb941f1bc205657a8a9,0.11110130382154859,False,0.0,False
/b/src/336291305/17885110111493672656.mp4,17885110111493672656.mp4,336291305,negative,d47c5fd3f41fa9b734e784355d1681750e3f7d4cdd77e09cd644af9c71871f4b,0.07670919308282312,False,0.0,False
/b/src/336291305/17885112981440130444.mp4,17885112981440130444.mp4,336291305,negative,ff6bca77beb5898f728c2260d88391198f4b74cbc65f23512f209c84b493113a,0.07232549656179116,False,0.0,False
/b/src/336291305/17885113262680127342.mp4,17885113262680127342.mp4,336291305,negative,f3efa4e1fad16e6b9e333d823b20077fa173e9c2ef63e6b1c4b348c9e3bcad78,0.08235878604523046,False,0.0,False
/b/src/336291305/17885113263011972056.mp4,17885113263011972056.mp4,336291305,negative,2ea765944c871286fe4474ca9c10c6d8a15a52e8a5b0bf9623aebca4ab64ebf3,0.06652747249477614,False,0.0,False
/b/src/336291305/17885113263392885454.mp4,17885113263392885454.mp4,336291305,negative,b7ed9b2eb69521107ecd9be1894cfef6a7027d14925954e1cede58415e0e106d,0.08117927164256283,False,0.0,False
/b/src/336291305/17885113263693364711.mp4,17885113263693364711.mp4,336291305,negative,61aca20f11e44a9309e53aa40a209314c01df84b852d62dd00c41f208b834ec7,0.22521419300130943,False,0.0,False
/b/src/336291305/17885113568530563763.mp4,17885113568530563763.mp4,336291305,negative,b15f82fad2c352c1d68a52da0f5cd6fc564d54a5331f370d3fc414701e13a9ee,0.09483565589371071,False,0.0,False
/b/src/336291305/17885113569161248915.mp4,17885113569161248915.mp4,336291305,negative,8f0f4ecd45092c2dee8f2f48ccd509b1cc3a0cb5031c6191c4fcc76ca4a0f345,0.07978058896133451,False,0.0,False
/b/src/336291305/17885113569762459885.mp4,17885113569762459885.mp4,336291305,negative,51614acbe69f2637dfb15bd77b9d6e69b6737d9683fb2c25406ff404dccc1f7a,0.06935879073538018,False,0.0,False
/b/src/336291305/17885113570183984998.mp4,17885113570183984998.mp4,336291305,negative,8eea4b2337a56749aef67897949516ce68bc472f86471d84479b3f25a7477022,0.059992722425112624,False,0.0,False
/b/src/336291305/17885113963030661466.mp4,17885113963030661466.mp4,336291305,negative,5eb92dd4ddc1e9c277db7633d1aa13a484481cc15473085c1fc58c58c50f35e1,0.09108549450631814,False,0.0,False
/b/src/336291305/17885113963541639318.mp4,17885113963541639318.mp4,336291305,negative,d4c7b29fef2762474ddac27f395bee3c35fc63c663908e7f4b6e952dc2094e91,0.06089038594217408,False,0.0,False
/b/src/336291305/17885113964192536167.mp4,17885113964192536167.mp4,336291305,negative,db38ac246e074de44a5e870f966d09ad532cbf94e8da1f11c8598477d8a389d1,0.03506037886936588,False,0.0,False
/b/src/336291305/17885113964663932339.mp4,17885113964663932339.mp4,336291305,negative,670c1052a4b7221e1099787a6d614e2d610197191b1f6fbadafec3ec264fcdb1,0.07133572579587943,False,0.0,False
/b/src/336291305/17885134668860553779.mp4,17885134668860553779.mp4,336291305,negative,32db36ee5b40c255f7f2d83a4035e9b0a9f6c4106dec0f1e9702333bd522ba73,0.07583480727885468,False,0.0,False
/b/src/336291305/17885158574910175978.mp4,17885158574910175978.mp4,336291305,negative,6acb368dcd19aadfc2f31106a477f2ba575820f66270fb64bd06300ba523a073,0.1070532070130831,False,0.0,False
/b/src/336291305/17885162998571230113.mp4,17885162998571230113.mp4,336291305,negative,ab2e0ed3c6a05cfe22b00e6b1d73451478cdd1277a7e680c4e08b7ddb6f541d9,0.05653547504765664,False,0.0,False
/b/src/336291305/17885162998942740869.mp4,17885162998942740869.mp4,336291305,negative,d40a64e70894079c49e59632db27aec263186597a857a352f2bbd335dd71517d,0.04282426853103712,False,0.0,False
/b/src/336291305/17885162999263250700.mp4,17885162999263250700.mp4,336291305,negative,be0a2ffa300e77307c1dc29c1d2805bf78e8a1554f3222f1a7f7c6835dcf8611,0.05759739371559946,False,0.0,False
/b/src/336291305/17885173466260539836.mp4,17885173466260539836.mp4,336291305,negative,45546cab7c888f16a7a092d4acb95b8b5d816760f243cf0c3a77c25be3c5dec7,0.1965842490494169,False,0.0024367816091954027,False
/b/src/336291305/17885173466651663900.mp4,17885173466651663900.mp4,336291305,negative,a12545830c98437956790edeba2b94dc6cacf504005e522f98fe6c512b55c2ca,0.07684162369793343,False,0.0,False
/b/src/336291305/17885181380740506509.mp4,17885181380740506509.mp4,336291305,visual-only,93ffd124f5f7cd46f908b1d12b8cfbf0939c49110a1de2c422097c2dab8f3259,0.08078683995680092,False,0.0,False
/b/src/336291305/17885206402110299264.mp4,17885206402110299264.mp4,336291305,negative,318d8d92876b967d54c589205f9a97f9332e5b3bec2e1e365e59a38a0941e488,0.17095103303243875,False,0.0,False
/b/src/336291305/17885214204500778909.mp4,17885214204500778909.mp4,336291305,negative,773d1e4cfbb864569dbab6f186fb7ce503918a04b828f812644d61cfe4341f50,0.11095803051889598,False,0.0,False
/b/src/336291305/17885214204891585257.mp4,17885214204891585257.mp4,336291305,negative,213bda3f17a43b8760a6b6bc057a4cf110126cf6365ae3130817dd480ec32631,0.06705574208970626,False,0.0,False
/b/src/336291305/17885215962620700271.mp4,17885215962620700271.mp4,336291305,negative,9a1530192fb6e83902b7969a3fd356402560a0eccf2707b1a74b058915a68cf5,0.151965153308542,False,0.0,False
/b/src/336291305/17885215963011969692.mp4,17885215963011969692.mp4,336291305,negative,e6cab184e3386f4ada2e121f20cb841f5b29cc856707f8c24a8758a1bcd569a2,0.07580906975362281,False,0.0,False
/b/src/336291305/17885215963732945142.mp4,17885215963732945142.mp4,336291305,negative,e66aea02cf505e2cb5b495786fb54bffc823daf33233d1ee2b284660581dbbde,0.1677564585489485,False,0.0,False
/b/src/336291305/17885215964433324636.mp4,17885215964433324636.mp4,336291305,negative,466429676442e64644912bffb252d7c734b56953f49566f23591c336570b496b,0.29524460746302783,False,0.0,False
/b/src/336291305/17885217403500766977.mp4,17885217403500766977.mp4,336291305,negative,9099e05f9dd075f79ccccf32ad7f915f516844f072175046f0200780e6455284,0.07251234450543426,False,0.0,False
/b/src/336291305/17885217404301969426.mp4,17885217404301969426.mp4,336291305,negative,1365d5784bec3f1f27220fce6560747e4e34e6b2bd93a1de584cca8824f220a2,0.07638586876731933,False,0.0,False
/b/src/336291305/17885217405012832006.mp4,17885217405012832006.mp4,336291305,negative,d6f70107f5860301adf0903cadd9d148914a6a61ac81a25928938038d540dd67,0.08113114522873657,False,0.0,False
/b/src/336291305/17885217405643049662.mp4,17885217405643049662.mp4,336291305,negative,31b749754b3cf8475e26c169bc7bda37286b50139f14dff69f623c2114ecad53,0.06727526566307275,False,0.0,False
/b/src/336291305/17885218470870843176.webm,17885218470870843176.webm,336291305,negative,dc442559d000edbd79d5316e3f3de443f13beb2d38d02f432e556901e3e0befe,0.2554027597073364,False,0.0,False
/b/src/336291305/17885218471271042798.mp4,17885218471271042798.mp4,336291305,negative,2533743ec18f2921011e8e5153807eafa44e00e2b152d2c3312b5a39592f8f50,0.045148181339330205,False,0.0,False
/b/src/336291305/17885218950440974642.mp4,17885218950440974642.mp4,336291305,negative,f2d5c3f5a7f8d119ee90961d280d0f3af4f9a1df8ee1056e692d2051bfeb6633,0.06511571519198564,False,0.0,False
/b/src/336291305/17885218950821068291.mp4,17885218950821068291.mp4,336291305,negative,9b88a4f5df729bfebc1b29a65a0801dcceb09c36237355c083cb23e3e38cbd55,0.10572604952540382,False,0.0,False
/b/src/336291305/17885218951562277856.mp4,17885218951562277856.mp4,336291305,negative,3eec275b21f96003027725b81489c8f6e4897cea47b06ce37fe8640a6c6ce6f4,0.08570145079920916,False,0.0,False
/b/src/336291305/17885218952083071591.mp4,17885218952083071591.mp4,336291305,negative,a8842550c80b4287737beaf6957cbf66b43e66d68c3fbfcf24734511e716e203,0.018318375958769985,False,0.0,False
/b/src/336291305/17885220110000308671.mp4,17885220110000308671.mp4,336291305,negative,46cb2cd6d10d7c924d1bd27a669b0cf343ef799f66385b50915ee9733e1ed952,0.05030244246636322,False,0.0,False
/b/src/336291305/17885220110371988241.mp4,17885220110371988241.mp4,336291305,negative,add4fe73426bbf98e64c916475db50232af991eae66a91ea1c87930df7082288,0.13607027796873564,False,0.0,False
/b/src/336291305/17885220110682766412.mp4,17885220110682766412.mp4,336291305,negative,50e967d1e03f21360a220e076aac3630aac4b874f8e43f5a57a50be7e2dfbb47,0.04132575536854411,False,0.0,False
/b/src/336291305/17885220110993862397.mp4,17885220110993862397.mp4,336291305,negative,1e00b3c09e29e1628308ed69ef1583d21712e480ddb9f02eab7082b451360b64,0.1302495792440513,False,0.0,False
/b/src/336291305/17885221249340263227.mp4,17885221249340263227.mp4,336291305,negative,916302d38e3059703decf63b80b5f1542c7cd299696f502f6d9eb996eacedc43,0.05770082329650739,False,0.0,False
/b/src/336291305/17885221915380492698.mp4,17885221915380492698.mp4,336291305,negative,0c44f0634065ce617019105f3791253d676ae83ea310b9085ad147d2d40332c6,0.0673503679559942,False,0.0,False
/b/src/336291305/17885222276540890320.mp4,17885222276540890320.mp4,336291305,negative,bb59377b737fae7c0c5b088f4078f4b414b4a5f38f3b73f77324a3a7a607cc78,0.05406276109938406,False,0.0,False
/b/src/336291305/17885222276971308112.mp4,17885222276971308112.mp4,336291305,negative,a7bb0280fab395eb6d2c0b5fdae49281b0e77d070471870f964b54ff597ce0ec,0.08908976226081063,False,0.0,False
/b/src/336291305/17885222277422752534.mp4,17885222277422752534.mp4,336291305,negative,f5b9cd467447413b79893f0de7ac8a32f68984c1f33356ca284ce02d24fe31c8,0.03832819971764986,False,0.0,False
/b/src/336291305/17885222277923146820.mp4,17885222277923146820.mp4,336291305,negative,1ba720c99a25786b26887290ce6c14e96239541a5a0441d28b27eed19ebde13d,0.11428276020889236,False,0.0,False
/b/src/336291305/17885222578730323268.mp4,17885222578730323268.mp4,336291305,negative,915d5dc6c75561b4ca7507eb7af3811bb3dacd400faca5a9cf31d14fff577947,0.04105972794540984,False,0.0,False
/b/src/336291305/17885223918740906786.mp4,17885223918740906786.mp4,336291305,negative,d8652aa9030280859fda10232234ddeaa0b518f4e02a760a7a8fa192086dd6fc,0.29691602685390517,False,0.0,False
/b/src/336291305/17885223918971966230.mp4,17885223918971966230.mp4,336291305,negative,4ed3c84c0f2f38f391f780788b4d9cc34a5df5336d0a6a5c57f3e0de64b43b47,0.07969659913475179,False,0.0,False
/b/src/336291305/17885223919392557309.mp4,17885223919392557309.mp4,336291305,negative,7443799663a4877c52f2d6ca45bae29213f82d53959ec77c10dfd7e45edbfbdd,0.11214987578103391,False,0.0,False
/b/src/336291305/17885223919683814995.mp4,17885223919683814995.mp4,336291305,negative,56f4f3aa5dc9cc2045e4e4a0ab4e29043012c63468256420b092d8009bda3b9e,0.07427309626891476,False,0.0,False
/b/src/336291305/17885226180220621336.mp4,17885226180220621336.mp4,336291305,negative,35f026b7978781ab828baa000390a0ce00e738e3bbe5b2801a74bb478cd297f1,0.13190202942981274,False,0.0,False
/b/src/336291305/17885226180641055962.mp4,17885226180641055962.mp4,336291305,negative,21edfe72ccc62305171629b00ff91f88183b3dd57ea7622830e8957cfa35caa7,0.06343083416049101,False,0.0,False
/b/src/336291305/17885226180882531524.mp4,17885226180882531524.mp4,336291305,negative,f503ecc8a3b343e1fd4b7766ac197272d56e18c5dee0a2da348f39d632163495,0.05210722086766298,False,0.0,False
/b/src/336291305/17885226181273636443.mp4,17885226181273636443.mp4,336291305,negative,5aa73e05bbc70f88b8c166534ac2a3d1a5d879721cc0bfbc379823d2a70c2964,0.056726082493149504,False,0.0,False
/b/src/336291305/17885226674850094424.mp4,17885226674850094424.mp4,336291305,negative,0ca8bf63d0e83a4d9fda89d43b2e06df1a39eef61da24306dddf28ff7801e927,0.09332015597519684,False,0.0,False
/b/src/336291305/17885226675441443326.webm,17885226675441443326.webm,336291305,negative,dc25bd22ef992ba835d0c041c0f30754e5e022f5be4233b1976c9c0561d080bb,0.06290411339098227,False,0.0,False
/b/src/336291305/17885226675782563370.mp4,17885226675782563370.mp4,336291305,negative,b3cdc2d9fd4ed562985a6910912daa9bf78d67a2b03e674e2812d07d6d3ea635,0.038018265490332714,False,0.0,False
/b/src/336291305/17885226675993964072.mp4,17885226675993964072.mp4,336291305,negative,f2a1849a46f489f96f93a2fe1366950bd2ffe8b596f7f1dffa989b06a36e8cf4,0.051041102974338684,False,0.0,False
/b/src/336291305/17885273828540344759.mp4,17885273828540344759.mp4,336291305,negative,5ecf2fdde491efbac48c338c3d2d6136db54a120213f5f63c139838b1a3f3a68,0.122620791199213,False,0.0,False
/b/src/336291305/17885273829631262367.mp4,17885273829631262367.mp4,336291305,negative,cab5072903b2ec3413a28807f46018f4204a29fc9e0c2be62701130a9da853e8,0.09514381260530114,False,0.0,False
/b/src/336291305/17885273830162596646.mp4,17885273830162596646.mp4,336291305,negative,89c3a2126ff9df1685a9254c0dc80ef849c8fd8e8ba706d96f860207abce5d9c,0.03529987909652932,False,0.0,False
/b/src/336291305/17885273830843423961.mp4,17885273830843423961.mp4,336291305,negative,e0c7ecffd54901d87d426ba5efb672fe2b101ab32256aaa275a1468a96e4df8b,0.09045941691702923,False,0.0,False
/b/src/336291305/17885292350130219920.mp4,17885292350130219920.mp4,336291305,negative,2dc6f1c16ebc8f6176efb6f07b78c415050751da50fdfc500f73939d6ef78da6,0.08015709615429215,False,0.0,False
/b/src/336291305/17885314060170751225.mp4,17885314060170751225.mp4,336291305,negative,87d67d886188e4e74cc270c6ce92563f32057ca69f6a46c59a4dc282e539e42f,0.4855848172940416,False,0.0,False
/b/src/336291305/17885325765450612629.mp4,17885325765450612629.mp4,336291305,negative,3ec7c0af7226f53542da2f74bcf50a897250469b6914cd23661687dc99fd4396,0.036597518632589435,False,0.0,False
/b/src/336291305/17885337835810968570.mp4,17885337835810968570.mp4,336291305,negative,1f21ddf4c47a3a9094cda112763656bc90b80b0aafa10126fd258de8b2f797f8,0.0943809006791443,False,0.0,False
/b/src/336291305/17885339095650912801.mp4,17885339095650912801.mp4,336291305,negative,12befbd59a112f9a0f0fbc0fb02ba65fadf25b53b1723d2f246e5f3482513721,0.09702809628041907,False,0.0,False
/b/src/336291305/17885339095971563060.mp4,17885339095971563060.mp4,336291305,negative,d4a6edc950da953c730504c3b6ab9221715d573f06b7dc71755005ad7248374a,0.13928994276920298,False,0.0,False
/b/src/336291305/17885339096862476900.mp4,17885339096862476900.mp4,336291305,negative,ebf5dad6d24be18bce1d5193c85f2fde57588cd1260d33a486a6e2f425c29e9b,0.07096416010628014,False,0.0,False
/b/src/336291305/17885339537270550076.mp4,17885339537270550076.mp4,336291305,negative,2f0d20e9e07290a1c99781ab3676dcf3c78deb757cd2cc87e093a75e20cfe043,0.1724397109780917,False,0.0,False
/b/src/336291305/17885339537981261656.mp4,17885339537981261656.mp4,336291305,negative,2c717bb1243fbcfa118995021d46bf40108c96e65013194b6254d094bb41e8ec,0.044153223385888854,False,0.0,False
/b/src/336291305/17885339538322182068.mp4,17885339538322182068.mp4,336291305,negative,7431eaa3537cedca89105970eb03c3b6663d90c2d61ad32e6b8e13b19fe4b8c9,0.14414560568402968,False,0.0,False
/b/src/336291305/17885357165180586773.mp4,17885357165180586773.mp4,336291305,negative,ffe4f486a3479d027620927e4682611690050841b1ff3f5aa0de17d30ae098fa,0.16614995617819364,False,0.0,False
/b/src/336291305/17885358425010546908.webm,17885358425010546908.webm,336291305,negative,4748906fb2f3a71b2c1e84bc7f40f2d5fad2137036a6f37b692e6d98852dd250,0.09422519225965974,False,0.0,False
/b/src/336291305/17885358425591814043.mp4,17885358425591814043.mp4,336291305,negative,cbae2d778eebf17e76b5f85c435dae3fd79afe2bc2d8ff1a0cb32f3b78a071c3,0.2719629350629905,False,0.0023984198645598197,False
/b/src/336291305/17885358425902801482.mp4,17885358425902801482.mp4,336291305,negative,b694008caa52024addaa4f1da4b4032259c993d33a76d6abb0169516983cbf5e,0.10635902416910947,False,0.0,False
/b/src/336291305/17885358426163556747.mp4,17885358426163556747.mp4,336291305,negative,7cfe31f3a45b14301b6b1d467acd615d3a6062cba511fe5591111aea23489a97,0.12446849202129685,False,0.0,False
/b/src/336291305/17885367359960420427.webm,17885367359960420427.webm,336291305,negative,ce53e6c507210fa883895dd3e2d62b0ad175da8a15af47b9fc03ef823099a454,0.12215818789527803,False,0.0,False
/b/src/336291305/17885368797060120626.mp4,17885368797060120626.mp4,336291305,negative,a750678479037679ccfe502c5119b19e58494891c1a7f8f996abb446d2985392,0.21389304231861409,False,0.0,False
/b/src/336291305/17885368797561154965.mp4,17885368797561154965.mp4,336291305,negative,00c1db0f0e21f76f7805bc52519773ceec097988d8320ce701769ef3fdadc0f5,0.05816884199933076,False,0.0,False
/b/src/336291305/17885378463310844317.mp4,17885378463310844317.mp4,336291305,negative,1d835aac61c1e8c38faf6500326261ec92573a1cd4cb069f5076da0bce135ef5,0.19770836372767953,False,0.0,False
/b/src/336291305/17885380683940740188.mp4,17885380683940740188.mp4,336291305,negative,bf09388cf1041fbe65d5fc5835248b66b77b833d57d91720d07c9209f1e2cd9a,0.0557845505022299,False,0.0,False
/b/src/336291305/17885380684691184279.mp4,17885380684691184279.mp4,336291305,negative,995c8d3b8f870ec0be45b7251f4b124b4a7bae25ec036942eda3d3d69ad3f867,0.06640137841120262,False,0.0,False
/b/src/336291305/17885384363030065726.webm,17885384363030065726.webm,336291305,negative,8b7caa28b6eb80e707f8c1679ad09ad6ec40505551ff4a048305bdbbd5ac00fd,0.12244098696136056,False,0.0,False
/b/src/336291305/17885385268370711467.mp4,17885385268370711467.mp4,336291305,negative,82f5b85c3cd6bbcc343d2a48f109824e9ea4b437f01bcafb33cf359c4ba7e54e,0.03284744237358155,False,0.0,False
/b/src/336291305/17885385269341824690.mp4,17885385269341824690.mp4,336291305,negative,38a815c73e9f9d2d685e78ee63e8a5fe257b5750bb33b3935195d7b0a2e61d09,0.1316579802473132,False,0.0,False
/b/src/336291305/17885385269862635309.mp4,17885385269862635309.mp4,336291305,negative,2c5631fb49dd158ebc8459f8f379e4a94d97305a56fc72f0bbdb24893f7e26bb,0.05657710891740159,False,0.0,False
/b/src/336291305/17885388662540425274.mp4,17885388662540425274.mp4,336291305,negative,36b7c3072b244fee8d75aa26a7ddc62383295984733dd1a61ba2014dbd8e6aa0,0.05798633755284369,False,0.0,False
/b/src/336291305/17885388663101779088.webm,17885388663101779088.webm,336291305,negative,4cd2c18ab8f40ded0c79b455f955a3044935d6f3f35e5c52cd7b397de2ab6b8a,0.2304207931440335,False,0.0024868344060854303,False
/b/src/336291305/17885395383850694207.mp4,17885395383850694207.mp4,336291305,negative,b96a6c49271f488523547674027f3a6894360c2140c2258f02210bf43c4178f7,0.03363479027636731,False,0.0,False
/b/src/336291305/17885396446850110587.mp4,17885396446850110587.mp4,336291305,negative,4e189d8e0ab018039e596ccb410002a0028d134c5a3bd7882d2c4a1e7d1e206d,0.04971693745348703,False,0.0,False
/b/src/336291305/17885401011270015215.mp4,17885401011270015215.mp4,336291305,negative,5a0622ca2d82f212ae24f725fcd1337e0076aec0da62149a860b4e0999630cb8,0.11555981647352195,False,0.0,False
/b/src/336291305/17885403120420587567.mp4,17885403120420587567.mp4,336291305,negative,399be76e3793b4a77981a69c74e3015d19f762b2514b335ea18d9c428d53c02f,0.09684644486141508,False,0.0,False
/b/src/336291305/17885405815230175980.mp4,17885405815230175980.mp4,336291305,negative,3025a7fa454640d085ff215a0556c60fd13c67aba23da4d9b2c832dedf0b375c,0.034118080454436574,False,0.0,False
/b/src/336291305/17885405816171108968.mp4,17885405816171108968.mp4,336291305,negative,6e7710e53a1e996df08cc5c2a32c187184997998c8d73ef1126df57a80064afa,0.07552650082343422,False,0.0,False
/b/src/336291305/17885405816742562054.mp4,17885405816742562054.mp4,336291305,negative,fccc3357b9f3a6a14b51b17fc8bde8ff95cf1790f868f95b6162197aa9fec958,0.16525460880469456,False,0.0,False
/b/src/336291305/17885405817083468861.mp4,17885405817083468861.mp4,336291305,negative,46c7758250ce399e0bed346d07e4a0eecf7e9bf9c9404aa31b5498904ea7bd96,0.12812078965055448,False,0.0,False
/b/src/336291305/17885420203270448531.webm,17885420203270448531.webm,336291305,negative,af66d0035336ef3a9309287d4e926e3b482d512fb9c2c2dede9efe06ca915e6d,0.16290205906359326,False,0.0,False
/b/src/336291305/17885421609170171414.webm,17885421609170171414.webm,336291305,negative,144b107a9daa0190e8e177a83c9cd9c3ad8358ab7ce14df8e6ddd262185538fc,0.0664965899470907,False,0.0,False
/b/src/336291305/17885422719970033634.webm,17885422719970033634.webm,336291305,negative,a155c6f3f45aa4f99c7fd34ff7919bd5c24e0ee10ff01885c9401a5e48bb40ff,0.05867636505014154,False,0.0025,False
/b/src/336291305/17885424063720253663.webm,17885424063720253663.webm,336291305,negative,add512e92f0d742d18149d8367555e85e98fa2079982e3b88f9bcb79d78c6dcd,0.24576454029850642,False,0.11086176700756271,False
/b/src/336291305/17885426225650373621.mp4,17885426225650373621.mp4,336291305,negative,2c7f528811b869d77587e670454fafb29b4cc84cb912036eb632de49126a35f7,0.0548118986266941,False,0.0,False
/b/src/336291305/17885431658360745708.webm,17885431658360745708.webm,336291305,negative,9a9f4b287ecb1134294270805c7e5f781968e64aec033fafe1c9931f4ab84df0,0.07076128503361945,False,0.0,False
/b/src/336291305/17885432655380224636.webm,17885432655380224636.webm,336291305,negative,e758a93b80dcded1d3305c6618631928e7290e444e1f1f3a14f7a2ec6048818f,0.0466859340022288,False,0.0,False
/b/src/336291305/17885433278950313315.webm,17885433278950313315.webm,336291305,negative,6bf128ff422fb72830c02ff0ab73cb8ed666d0007b2b21378de718ce066cdc87,0.07329998890726189,False,0.0,False
/b/src/336291305/17885433826850473800.webm,17885433826850473800.webm,336291305,negative,d2211b318d6e30e2dca42187a731b07af14c10fa23072e6be1144a67123b4551,0.07713810999967304,False,0.0,False
/b/src/336291305/17885435948040353808.mp4,17885435948040353808.mp4,336291305,negative,9448e0b5d692e1eef6f8f71a1ce138dda7ad207579416be9ec66cc2a056c7e2e,0.11320621738904439,False,0.0,False
/b/src/336291305/17885435948611916236.mp4,17885435948611916236.mp4,336291305,negative,56a3f511da09dddb9e0e48357039a891c52990542e249ab3e82229bacfe3976e,0.1500011763839818,False,0.0,False
/b/src/336291305/17885435949542471250.mp4,17885435949542471250.mp4,336291305,negative,3a35af27ce5b5e41687dfcf3896fbf872e184c5b014d69d341d73c56895d3fef,0.07374462316270497,False,0.0,False
/b/src/336291305/17885435950413021674.mp4,17885435950413021674.mp4,336291305,negative,6b074af495dc97814f6fd97e99f9b11ea52baf9cbe4b1ed29443235fd27edc59,0.1105218355567518,False,0.0,False
/b/src/336291305/17885438822740485636.webm,17885438822740485636.webm,336291305,negative,25bedee4d38cd104a60cb18cda794d618946cf6abad95b1e68abb45243fdaf0b,0.06474205811449689,False,0.0,False
/b/src/336291305/17885438845700327732.webm,17885438845700327732.webm,336291305,negative,9238301963ef4a39eafe1dc85e5e2efa334fcca4897d8b4d9ec0bfb2a9379d0f,0.20561253197443424,False,0.0,False
/b/src/336291305/17885438845871586615.webm,17885438845871586615.webm,336291305,negative,cb7edc7320d44406a8e7ab39bf88c64200be6ccff2ed45126c76188c3a469f96,0.03170473596148196,False,0.0,False
/b/src/336291305/17885438846322078161.mp4,17885438846322078161.mp4,336291305,negative,86a04ae60e506c4e28f5e8057b1a99660ae8e10f4cfc471a6e0c293c374e48e5,0.23518240759692846,False,0.0,False
/b/src/336291305/17885444468880050947.mp4,17885444468880050947.mp4,336291305,negative,e6a76d8805c2000157eef23181a127bac053d50ca04a38d01b04282346aab993,0.08674392491329717,False,0.0,False
/b/src/336291305/17885447167730968950.mp4,17885447167730968950.mp4,336291305,negative,65a4c31038d2793f5a008406e3e4065b407ac33eb54edd72dbcf54ef2d717ad4,0.07175860381878,False,0.0,False
/b/src/336291305/17885451791600109942.webm,17885451791600109942.webm,336291305,negative,42a1ad906e2a5e0a1ee81a71049061121448f4f8b6ddd849232a00fe0e512763,0.2216727456357855,False,0.004997076023391813,False
/b/src/336291305/17885452076890814594.mp4,17885452076890814594.mp4,336291305,negative,abb48b582d8be17e278595af10bda9ede5aa3e4bca6b606b4ffd5934c5b7e58e,0.06783908835660468,False,0.0,False
/b/src/336291305/17885452673640647421.webm,17885452673640647421.webm,336291305,negative,cbfdfe96e18e0b65e9a4117e10200448970b2c5802409743b018097d2bf75942,0.047018240202268656,False,0.0,False
/b/src/336291305/17885454343920836682.webm,17885454343920836682.webm,336291305,negative,3162da8453279e406049fb555a384de1625e04ef0322a7cddf4c007aab562bdc,0.15777573991280183,False,0.0,False
/b/src/336291305/17885455058860161934.webm,17885455058860161934.webm,336291305,negative,5eaebae9aaad0b3f896c33807d8f0940d3f3f590b2346fac3b5d7fd1a54e750c,0.11894540886735057,False,0.0,False
/b/src/336291305/17885456918870528865.webm,17885456918870528865.webm,336291305,negative,d3fde1f2bd380d393964a2ee63b59abc954a868de668b8322341363130c3078f,0.047443979858687334,False,0.0,False
/b/src/336291305/17885458129210039636.mp4,17885458129210039636.mp4,336291305,negative,7140f2c61f999593387decb9c971e8bd2ca865b6f1f8261475006c368653e67c,0.0664275381056813,False,0.0,False
/b/src/336291305/17885458130042358591.mp4,17885458130042358591.mp4,336291305,negative,221db677981c9e8dd92d89db78bc80e45a1936f4397cf80231cf52ac66f0a8fd,0.09612276895676124,False,0.0,False
/b/src/336291305/17885458131003407381.mp4,17885458131003407381.mp4,336291305,negative,4d24624b8644d31b121a66c29ecf5475868e1919b4f821da3d72d0e02aa9588c,0.07758532215090634,False,0.0,False
/b/src/336291305/17885458601810904310.mp4,17885458601810904310.mp4,336291305,negative,85bec77b6c4516fe8cb77a4056937bb34a10cd751d9c645a63c0735865e400aa,0.10657646731097828,False,0.0,False
/b/src/336291305/17885458602251492303.mp4,17885458602251492303.mp4,336291305,negative,190a76ced1730d6974730f2fbc10eb84bf175f97e0e2f25c23211ba12e8eb068,0.0972673724699972,False,0.0,False
/b/src/336291305/17885458991550521977.mp4,17885458991550521977.mp4,336291305,negative,df05ad97bee862fbd0824ed589abf57adc1ece822b141ec67471ac097451a6ba,0.0907748247098719,False,0.0,False
/b/src/336291305/17885458991821322128.mp4,17885458991821322128.mp4,336291305,negative,a500b4673eb75cffa4bf572db8466e631a7a39a7723513e08552b7e3726c58eb,0.160714204165335,False,0.0,False
/b/src/336291305/17885458992092730820.mp4,17885458992092730820.mp4,336291305,negative,0c1cddcc3a5b1cc513bcb4a07b69df2cd8299deb2cdbfd47b0c40e928bd1371f,0.0466435017454552,False,0.0,False
/b/src/336291305/17885458992433135555.mp4,17885458992433135555.mp4,336291305,negative,edc1cd2701db80514edb1bada84ac60b88848b13b7b08b4f3e57cef19171284f,0.2101471086581018,False,0.0,False
/b/src/336291305/17885459036930837369.mp4,17885459036930837369.mp4,336291305,negative,ddc09643905282969bf2120248d091ad97a3f1dc54a4724ebd75b0b5d9a4351c,0.13956720538340625,False,0.0,False
/b/src/336291305/17885459037291218582.mp4,17885459037291218582.mp4,336291305,negative,8b7af346378284e96609fbfe72de38af44d50d98c250979d7c0868afb85d87ad,0.14136312012442181,False,0.0,False
/b/src/336291305/17885459037572474680.mp4,17885459037572474680.mp4,336291305,negative,82507f08f46e23ac82f34152748e20bd151ab35e4262f0037e6c56394116f7b1,0.06863546215485782,False,0.0,False
/b/src/336291305/17885459037943849359.mp4,17885459037943849359.mp4,336291305,negative,0f4b928804984f8b320f2e6d3dac40db74f2b4080cc6dee9454525f4c7519408,0.040616681627384014,False,0.0,False
/b/src/336291305/17885459254810136654.mp4,17885459254810136654.mp4,336291305,negative,c7e9fe822037d5ef48fd06b89b2b9736421386e07109ec3f62310fcff1e8b74f,0.0615854075025313,False,0.0,False
/b/src/336291305/17885459255981521788.mp4,17885459255981521788.mp4,336291305,negative,9e6f0b19385a9564b0afc1feef14ba7731c2615ce36d0cb2bbd98b3e68fe86ce,0.08469497890304103,False,0.0,False
/b/src/336291305/17885459769780974505.mp4,17885459769780974505.mp4,336291305,negative,81170f932d9af928c0ce4eec3b9c452d56b7f4f86582e35c68cef6a5d861814b,0.2736106229308956,False,0.00242545871559633,False
/b/src/336291305/17885459771491540851.mp4,17885459771491540851.mp4,336291305,negative,dc296cc043bd6094343fac3db6cfacc2a54a95b64e8bf217c7ba8c2d72fa23c6,0.10828500686564024,False,0.0,False
/b/src/336291305/17885459772322254538.mp4,17885459772322254538.mp4,336291305,negative,ede6b9eaee788644f71c9b6c392ff6204be024e9acb37789edbca1bde7d962c3,0.1417602739534768,False,0.0,False
/b/src/336291305/17885459772583063565.mp4,17885459772583063565.mp4,336291305,negative,8bbaae63a55173178e8e883c231526a32ff9824e283e2418a7ba40d8d9bedee9,0.17227161983869535,False,0.0,False
/b/src/336291305/17885460221690614304.webm,17885460221690614304.webm,336291305,negative,12f3b1841a98a84aaf2dca5bf64273717624f86d8f77573754fef6dbb17096a0,0.32938984082726797,False,0.0,False
/b/src/336291305/17885460222141837902.mp4,17885460222141837902.mp4,336291305,positive,50326a2fa7e9c6c5d4c5751182029ec650c49c69f91d3fd0ba6c6800b1afc031,0.9773350997938013,False,0.8017736859108864,True
/b/src/336291305/17885460222692762882.webm,17885460222692762882.webm,336291305,negative,bbcbe46a444e2ca48f0a17e977bd122cbecd8f301988a134b65012e38c74feb8,0.07771620828614595,False,0.0,False
/b/src/336291305/17885460223613910320.mp4,17885460223613910320.mp4,336291305,negative,623c19c76b6d2d659ac042428d1ddce5e79488bd69655ea11f9c54a8fd9aac2f,0.0926239362487527,False,0.0,False
/b/src/336291305/17885461482950826126.webm,17885461482950826126.webm,336291305,negative,9de8fd6073600e712573b8754ad0fae2d4aca862fcf0c67750c41352513cce20,0.06266752943445633,False,0.0,False
/b/src/336291305/17885461920580129537.webm,17885461920580129537.webm,336291305,negative,9f26dadd17c075e26112d9e4cedba94f559b8ab825b2e19f53dfc9f01f87f49f,0.6291627103810613,False,0.00499412455934195,False
/b/src/336291305/17885461920871024630.mp4,17885461920871024630.mp4,336291305,negative,eb4955402bbf95bb96d9a6001b6ef34aa8074002e7c5a0c3aff840714bb88ddb,0.49120525762163986,False,0.0,False
/b/src/336291305/17885461921352060244.webm,17885461921352060244.webm,336291305,negative,cd74da2990b0c1243755e00dbdd50d4927b6ae8fbca69cd518a95618887ce837,0.07135469025395688,False,0.007479627473806752,False
/b/src/336291305/17885461921933736571.webm,17885461921933736571.webm,336291305,negative,9b4c2ea8ba7b08d886eed47dc46877c9b5193a4dd5da6f4f61d9cfe2090ac287,0.29558025922982956,False,0.04224919597915759,False
/b/src/336291305/17885462937830525261.webm,17885462937830525261.webm,336291305,negative,d655a04c7fbc5cb6520e12281f0bbdd1413b126a75e2a943048b6caea60f5240,0.08864353780280423,False,0.0,False
/b/src/336291305/17885462938391441705.webm,17885462938391441705.webm,336291305,negative,9722edbc1df209481657fce494478840430879fea07c1106c716ac2e3de665cf,0.0693170219496209,False,0.0,False
/b/src/336291305/17885462938622440032.webm,17885462938622440032.webm,336291305,negative,01eeb9f8cd727d3238038542d2f32a0083b9846ac8f0f3a7bea64782cb16d6b7,0.6836071392210675,False,0.0,False
/b/src/336291305/17885462939063405203.webm,17885462939063405203.webm,336291305,negative,3f6fda91560b45d7ae8f792f657e795fd4535374834d53fbbecb26dc0b1b84b5,0.07407641887690007,False,0.0,False
/b/src/336291305/17885463466060813227.mp4,17885463466060813227.mp4,336291305,negative,fb41a938253058f86e26a3df21c989a2e245ae163d3c7f30be3a879be8704b1c,0.08858070058726918,False,0.0,False
/b/src/336291305/17885464539550063156.webm,17885464539550063156.webm,336291305,negative,00bd751a3e8fd9e925208a72204e517ad71b09e4e0a3fc6ca2a11bdf187b54ff,0.8709805593523775,False,0.686954786375414,False
/b/src/336291305/17885464539811736506.webm,17885464539811736506.webm,336291305,negative,3fd0cf31847f1688fe38910f3cad85aecd292366825eed86d53fa1edb724f8fa,0.6672232354046495,False,0.0,False
/b/src/336291305/17885464540102399359.webm,17885464540102399359.webm,336291305,negative,d51a078b6d9cee44e6123d93da8b1c02f9b933bc7c6ad7964aa2e62b3e6cc560,0.18185959689927875,False,0.0,False
/b/src/336291305/17885464540293632059.webm,17885464540293632059.webm,336291305,negative,3c1181713be478523e5f6d95c54ab2746ea84666376a241ea1ae3bbaf9ebba14,0.1989070379335461,False,0.0,False
/b/src/336291305/17885465523270826211.webm,17885465523270826211.webm,336291305,negative,d9e75ce0d47db494b2af6d8b446c8dbef4ec000358992d3ec4fe37f9ac1f316c,0.13033994866341495,False,0.0,False
/b/src/336291305/17885465523621052885.webm,17885465523621052885.webm,336291305,negative,43e34aae662aa7f81b57f618c157c8e01bc0373f89bc54b87229400078f73d44,0.16039184538707632,False,0.0,False
/b/src/336291305/17885465524152586597.mp4,17885465524152586597.mp4,336291305,negative,94cafe2874a61cc9fe745d29b41f62c44451bd511aadb3960c27ab973597f1a4,0.09543641406388349,False,0.0,False
/b/src/336291305/17885465524393740275.webm,17885465524393740275.webm,336291305,negative,7a858611656f36872cf0c42aba8996bf5bf9e495c77c6e3a137649cf297f75da,0.13503435025579688,False,0.0,False
/b/src/336291305/17885466136350892935.mp4,17885466136350892935.mp4,336291305,negative,cb876d4576d9d3afc404511f388c91ff47f58463951ed1a42632b6c165a79e71,0.14186970400121135,False,0.0,False
/b/src/336291305/17885466136681496703.webm,17885466136681496703.webm,336291305,negative,af7d8857f3c8bf10c8df7673bc1b50850a65c60a8a5711ff631df9c1a34d5f0f,0.08069716660603388,False,0.0,False
/b/src/336291305/17885466137362579781.mp4,17885466137362579781.mp4,336291305,negative,5ddd7d489458bff8ff4b1c6eee291778616d457672004bca1634b05c3e5e8835,0.06208477636245858,False,0.0,False
/b/src/336291305/17885466138093210278.mp4,17885466138093210278.mp4,336291305,negative,cf4960d13069bd279243da1031c2eacf230a8ed0df9758a0ac7360a29bf2da34,0.07387474358286326,False,0.0,False
/b/src/336291305/17885466751780833824.webm,17885466751780833824.webm,336291305,negative,3119e4f3648b50e2685219a66dcf6bf33e4a13967dbd278f22bbb93f87466c68,0.30545648493563105,False,0.0,False
/b/src/336291305/17885466752111702650.webm,17885466752111702650.webm,336291305,negative,5ff1f3b30a5a392e8db114fc9bf6fb004d9d199b1242d2d284e24a9512994b4e,0.24341325258025165,False,0.0023984198645598197,False
/b/src/336291305/17885466752672627743.webm,17885466752672627743.webm,336291305,negative,39b15969cfc7a5427796a41178aa437afa0373d9607c34d037586925cbd89734,0.06374042136277835,False,0.0,False
/b/src/336291305/17885466753003986885.webm,17885466753003986885.webm,336291305,negative,22ffe652596f0f4dc17f3f97f17b442bb9c2604fd79f2568cce49a8568bd7752,0.050674600406286664,False,0.0,False
/b/src/336291305/17885467483830414362.webm,17885467483830414362.webm,336291305,negative,65a3381fc18efee296809918ab14583d829a828ba81b632fb3c85fc22d05733d,0.13858761227616118,False,0.0,False
/b/src/336291305/17885467484691055317.webm,17885467484691055317.webm,336291305,negative,825e00be81deef4cd0fa80d056f2d1428e7797467d31689e5294f2659d66593b,0.034678844779913,False,0.0,False
/b/src/336291305/17885467485032020108.webm,17885467485032020108.webm,336291305,negative,7066fe47def70110a1600a631965c011805740c700a0f32951f672cb336f047d,0.2101763556197674,False,0.0,False
/b/src/336291305/17885468876990021960.webm,17885468876990021960.webm,336291305,negative,68ed5818f948071b42edb33a69a8474519cd335bc8638037f6f6596d4347e507,0.07768102163311809,False,0.0,False
/b/src/336291305/17885468877441353320.mp4,17885468877441353320.mp4,336291305,negative,63e7cf45f993b7653c10ae21bb4e466b433d7823724cf1ecf0ca47244b05af5e,0.9783489344100544,False,0.09418603576441884,False
/b/src/336291305/17885468877902806370.webm,17885468877902806370.webm,336291305,negative,a2ce3ce5fdb277f314c4abee34b34de2c9e67097596924b110252fc648c1a58b,0.2958164778447954,False,0.0,False
/b/src/336291305/17885468878433004869.webm,17885468878433004869.webm,336291305,negative,a28d4e2eef8f145ba18b15b63d00b46aad8c7cea546ef8366abf5a057a3b9817,0.050770577468175565,False,0.0,False
/b/src/336291305/17885469349090368011.mp4,17885469349090368011.mp4,336291305,negative,44172f906c784ac9c6c1e77cf21a0b0ae77c499c403ca07a7dc395e6f0a3f721,0.07930224750997891,False,0.0,False
/b/src/336291305/17885469530210265856.mp4,17885469530210265856.mp4,336291305,negative,d916e0c4fe745f94d726ebe7ba09fb8474f5039085c32adc6eadab13a3637a5e,0.1101438419399928,False,0.0,False
/b/src/336291305/17885469530961272558.mp4,17885469530961272558.mp4,336291305,negative,db7aedc4f4552f149fa7c8c27310faac6c87efed578c167d9876b9e2febdd6fc,0.08474628474356564,False,0.0,False
/b/src/336291305/17885469531592492108.mp4,17885469531592492108.mp4,336291305,negative,2fb5bcfe079925999fda2f1b379491a052a8ad8342a6703aa5521e3efde44839,0.07885019133727482,False,0.0,False
/b/src/336291305/17885469772330046756.webm,17885469772330046756.webm,336291305,negative,7eb944d426028d75134779da2c6e7cc83a5a6d6bcfe2fcdded834042aacd23ac,0.08883303627457796,False,0.0,False
/b/src/336291305/17885470130240080562.webm,17885470130240080562.webm,336291305,negative,e5c277f03a86c77af535df883c7128f16ea3d557aaf726220a1a6f3455ba6cc5,0.7763363233582008,False,0.5531724333926453,False
/b/src/336291305/17885470414800274705.mp4,17885470414800274705.mp4,336291305,negative,33b47b8705701b8fdaa6bafd27dd4c9f91d18c13823d35ec268010267f81556b,0.05742916273202096,False,0.0,False
/b/src/336291305/17885471399750490308.webm,17885471399750490308.webm,336291305,negative,442d0cb6d0925d36a233ea25135302a9e17dd273d412f450c062951531e81490,0.09557425028064143,False,0.0,False
/b/src/336291305/17885471400331492175.mp4,17885471400331492175.mp4,336291305,negative,6697a3a8786f015c9bb07e0468cba152d32830139d1825339126f07d599cc836,0.056815807358207786,False,0.0,False
/b/src/336291305/17885471400782353622.mp4,17885471400782353622.mp4,336291305,negative,1c0c3b4edcc8ea6259b0a31070cb4e440f7ab154e4c61aff207facdde1335171,0.2713750885589943,False,0.004835201473755222,False
/b/src/336291305/17885471776740219101.mp4,17885471776740219101.mp4,336291305,negative,31956b539c863cfd7065261777c0734ab9be7e1993c732de661c051140996a89,0.22699586290100587,False,0.0,False
/b/src/336291305/17885471777221916271.mp4,17885471777221916271.mp4,336291305,negative,37e864f38c2e4ab2d94bf8297d54fb9fa8f1470d7e2b1377c60e13332a1ac8be,0.1395661633070974,False,0.0,False
/b/src/336291305/17885471777732116862.mp4,17885471777732116862.mp4,336291305,negative,8fe78e83f7184e2ec615a76fc14dab00e147ea1a73ee164a3c941f08a31ed8b4,0.11988409296775315,False,0.0,False
/b/src/336291305/17885471778243051006.mp4,17885471778243051006.mp4,336291305,negative,aa79e00bf98c764a7fd161c167a83f9436fb144969ac49c4d123143049fc9955,0.18205849851170208,False,0.0,False
/b/src/336291305/17885472160340669030.webm,17885472160340669030.webm,336291305,negative,15cd97e028aacf52eac7b2a6192c453cdcf27fa2a0459f03ab0aeddbbd73c3e7,0.0890641016419364,False,0.0,False
/b/src/336291305/17885472904690175269.mp4,17885472904690175269.mp4,336291305,negative,5e16c4767d0260987334ea7614cee06bf297046d233d1744088979c901e3deb7,0.054714188018706825,False,0.0,False
/b/src/336291305/17885473264710653619.webm,17885473264710653619.webm,336291305,negative,796af462aeb1da8ca2c53b35e95a902f6a59b99e9f7aa2b99f578ff44cdc0c3f,0.18188793518081695,False,0.0023984198645598197,False
/b/src/336291305/17885473265681123608.webm,17885473265681123608.webm,336291305,negative,51d97f7f04e40e3b9b6f90135f565f29b799ed9331b35f948e2b67f9c3e94592,0.06341584531675656,False,0.0,False
/b/src/336291305/17885473266092224172.webm,17885473266092224172.webm,336291305,negative,8eb626000ef8d60c712b8e0dd91bcb9892140d47c2e4bc2d097736402151c499,0.07268005095033442,False,0.0,False
/b/src/336291305/17885474189950590427.webm,17885474189950590427.webm,336291305,positive,be823b66878cac630f4a6b982dec3b9c537eb6adf5e10b83c73228d457c90b8b,0.9509753229900754,False,0.6286741950792717,False
/b/src/336291305/17885474463930286743.mp4,17885474463930286743.mp4,336291305,negative,1bd293c2ea02e27326167167f01e5ba86cffad5edeb58b57e5708cc69cdf88d0,0.06642349961718144,False,0.0,False
/b/src/336291305/17885474800220168543.mp4,17885474800220168543.mp4,336291305,negative,a7b71c23e184b6fe7600c22e373127526ba074fb68eca6cde106087963ce2f0f,0.061009326922903354,False,0.0,False
/b/src/336291305/17885474979310246727.webm,17885474979310246727.webm,336291305,negative,a61484e338b0ecb42b6b9fddfa0a270c0033b7bbb0090dee215f985ec601479d,0.09618456517429232,False,0.0,False
/b/src/336291305/17885475522410027825.mp4,17885475522410027825.mp4,336291305,negative,25137e4ef0971420fbc8c2a5c076c70b6e3a64c2edd83c3766f994e460e7e7c7,0.38782476699327173,False,0.0,False
/b/src/336291305/17885475522751350905.mp4,17885475522751350905.mp4,336291305,negative,6d22c40f4837828cca17b4187f08652125bbadc95c8db124e3b5b7dfd5810584,0.05944127316825009,False,0.0,False
/b/src/336291305/17885475523222028943.mp4,17885475523222028943.mp4,336291305,negative,444bbed0aac7661207b23b7427bf1097ba02f8f4cf6219d9101d51a0424e950e,0.03500569354919753,False,0.0,False
/b/src/336291305/17885475523673020372.mp4,17885475523673020372.mp4,336291305,negative,261ae97d293e9ef3f6415805a7776ad1345c18ba9e7dae6ca857f53521847379,0.05218422303204745,False,0.0,False
/b/src/336291305/17885475640110116759.webm,17885475640110116759.webm,336291305,negative,c8716d86007433ef0577b8f7b50a49ebf28c7e159493abcc79a532f5f7c6e4b7,0.2766367056869811,False,0.0,False
/b/src/336291305/17885476065580861138.mp4,17885476065580861138.mp4,336291305,negative,194fe6881195cdc4d761e1aa9311d5ededc0ae126146be0fc75a44403b8e9a86,0.349371024136391,False,0.0,False
/b/src/336291305/17885476548760868064.mp4,17885476548760868064.mp4,336291305,negative,ebe353005b71da3d11b7194998f6141c43bc0c66a77263d17dd7818e0e82246c,0.11677442303920296,False,0.0,False
/b/src/336291305/17885477408420010783.mp4,17885477408420010783.mp4,336291305,negative,d806e66d53c1b5896515b700bcef071d5929d601ab76d52cea913dfb328137ac,0.298772622089069,False,0.0,False
/b/src/336291305/17885478185680465521.mp4,17885478185680465521.mp4,336291305,negative,de11e837af43a05af7fd062bb10ce6b55748df269e8f8cc50c84d58168de4dea,0.14070626318680843,False,0.0,False
/b/src/336291305/17885479527960800698.webm,17885479527960800698.webm,336291305,negative,31e6f23a7d89b85ef45794317dae546c643cbda8d7f18437e8a3715b00839d42,0.23780408949799575,False,0.0,False
/b/src/336291305/17885479528411600802.mp4,17885479528411600802.mp4,336291305,negative,92e48af32f8ee3f40eb04a6db207d720bcd5581c67c12a73b1f01ddc13ea5da6,0.16463663648632548,False,0.0,False
/b/src/336291305/17885479529282252426.mp4,17885479529282252426.mp4,336291305,negative,a652b7936c55680a2f7079dd914e811f983ec6b7ea0311e3a3416612ae9ef170,0.05290683179864804,False,0.0,False
/b/src/336291305/17885480050590005483.mp4,17885480050590005483.mp4,336291305,negative,f29eddd3ac608fb1f106b61b450c865f2fc2423c6e516bd8e2a9659a1dd3c88b,0.06519893808040382,False,0.0,False
/b/src/336291305/17885482817610259288.webm,17885482817610259288.webm,336291305,negative,d4f21e64749174204a8f73818339433759952565683775a3f2648e5fd534e2ef,0.08696138368023193,False,0.0,False
/b/src/336291305/17885484371350624763.webm,17885484371350624763.webm,336291305,negative,e52b524b200af8d61d445c2b30b55ea7a3b3a02054ba194933f477fabbb3f7b9,0.03705372837603787,False,0.0,False
/b/src/336291305/17885485227360423236.mp4,17885485227360423236.mp4,336291305,negative,d770b01a25115a21e81712539434eb72fcf671c288b954ce7e435736331059d6,0.10737383682546424,False,0.0,False
/b/src/336291305/17885485243610675746.webm,17885485243610675746.webm,336291305,negative,32d8c4fb5c939ec134599d50ee0c3fa113ba85ef4957289adbdb370476525b23,0.03456574097554346,False,0.0,False
/b/src/336291305/17885486475850191208.mp4,17885486475850191208.mp4,336291305,negative,34c6333d00c297987c315b218cf664dbbeb4022282e3681f91a431f0f5992ffd,0.06209674135844328,False,0.0,False
/b/src/336291305/17885486943020975149.mp4,17885486943020975149.mp4,336291305,negative,c102677711f575162595042b148af7e8daac6041544e1f9b04bc6b529715116b,0.6270912328066961,False,0.2400587519536732,False
/b/src/336291305/17885487431220276835.mp4,17885487431220276835.mp4,336291305,positive,910c82438cd3c781cf48bcb05cdf3ef8e6b0ec552cf6ca72d3390bf0d4d16039,0.9967208015939533,True,0.864845182445643,True
/b/src/336291305/17885487855900097445.mp4,17885487855900097445.mp4,336291305,negative,9fa68adeb2b7e246b364d536cc64a062cac1448ec5651c6091ad226f99f5d246,0.07918595800316197,False,0.0,False
/b/src/336291305/17885488451940507770.mp4,17885488451940507770.mp4,336291305,negative,3258fbd14c599f5c30443778badad669fa680be965896ce37e901a75f06ffde7,0.1145643741284684,False,0.0,False
/b/src/336291305/17885489472920606215.mp4,17885489472920606215.mp4,336291305,negative,ce0614e976c4177400060bafc4b40e0b94dde34f9d595a83e0de26e875fc9a48,0.25857319907142623,False,0.0,False
/b/src/336291305/17885490269470847796.mp4,17885490269470847796.mp4,336291305,negative,0d5d16efd1ab99209eb136bfe8071690a6d9b1f51be6d7ca5e78f91c662f52da,0.05716486758439368,False,0.0,False
/b/src/336291305/17885490682320317847.mp4,17885490682320317847.mp4,336291305,negative,97504b3fc51bbfa661e37dbb9421d14402d7ed60b0fd8e943b586cea6bc313ba,0.07755789740591858,False,0.0,False
/b/src/336291305/17885491154090399418.webm,17885491154090399418.webm,336291305,negative,02f289f2ce9272ba1f6ed603e3b3e924086f9bfe05f7a21410b3496c7b992da3,0.05633747269739879,False,0.0,False
/b/src/336291305/17885491924000419150.mp4,17885491924000419150.mp4,336291305,negative,e77df866e8fd88641acfa5d0d7fdfa2df2b8e796d16f6cd0a81ef2727dc17bee,0.14508636965964167,False,0.0,False
/b/src/336291305/17885492880770334711.mp4,17885492880770334711.mp4,336291305,negative,c9c36faadd09bce2f3db1ecf5c9708b11ebaac519700468307d833fb984ce4d4,0.6152971130234063,False,0.005,False
/b/src/336291305/17885495792700063049.mp4,17885495792700063049.mp4,336291305,negative,075b730a7ab064d78c51997f0a5beef0a0fca8bd60204bd14528a4311177768a,0.08561000084969868,False,0.0,False
/b/src/336291305/17885497088290627471.mp4,17885497088290627471.mp4,336291305,negative,16c8fdc12a8023bfa289f7bae3beb3d710ecfc6689c73d79a074792d82cc1d18,0.07991619772233072,False,0.0,False
/b/src/336291305/17885499451680609552.mp4,17885499451680609552.mp4,336291305,negative,97eeadbe014cd404c40a76dc44a1e395a03211a77b03c02e1dd2fc517ecd6059,0.10471724166448725,False,0.0,False
/b/src/336291305/17885500262920224128.mp4,17885500262920224128.mp4,336291305,negative,3505ebc62139bf84c7ac9dd20cf1f003966bc410028d233e4f6164cb03efea74,0.14804787701731217,False,0.0,False
/b/src/336291305/17885500347670137202.mp4,17885500347670137202.mp4,336291305,negative,b60e5103f1b204f3d36ea6e3af436d6ad68032d4cbeef3270f06e29146bb8f22,0.0269035265955547,False,0.0,False
/b/src/336291305/17885500767120742647.mp4,17885500767120742647.mp4,336291305,negative,dcbd6ca2b6a887ecf00817a3bb02c88323033b51920a5da9a7f7cae6eb6293c3,0.0467547908529851,False,0.0,False
/b/src/336291305/17885501169750839910.mp4,17885501169750839910.mp4,336291305,negative,28098bdae14ce12aa62ec53ac1956b74a4824434b7e9eed26b40bfebe25fd911,0.05516545345559662,False,0.0,False
/b/src/336291305/17885501339300340734.mp4,17885501339300340734.mp4,336291305,negative,7470d71218053b045a9f3e42baa7e9f639e560fb0dd53f4f07f16e3f4d87c40f,0.08835035918767901,False,0.0,False
/b/src/336291305/17885501843620292269.mp4,17885501843620292269.mp4,336291305,negative,b2323881138519fed57e43456ab2aedf0f232e174bad765ce5375966df7133b5,0.16906894508783313,False,0.0,False
/b/src/336291305/17885501934560234533.mp4,17885501934560234533.mp4,336291305,negative,a0cee3aa2d08572c9435ccebde08d76d8962931d6d1c0d335e6b9e0e17655437,0.10411144552949456,False,0.0,False
/b/src/336291305/17885501936261238337.mp4,17885501936261238337.mp4,336291305,negative,a15313026f11ce3166d63536aad8d40534799bede51fa94be27a32a3750177ba,0.07889583564280195,False,0.0,False
/b/src/336291305/17885503803870313210.mp4,17885503803870313210.mp4,336291305,negative,fc2b9d5856363bfb589642cbbbb180581cdc794ddbb079e2731b85ea1d7483d9,0.040284761408821416,False,0.0,False
/b/src/336291305/17885504671870239147.mp4,17885504671870239147.mp4,336291305,negative,2eb06ee9aec86bd003c032142e97cc32dd07c596cf775d10bc6516a468351a9c,0.026165038306244177,False,0.0,False
/b/src/336291305/17885505535880674341.webm,17885505535880674341.webm,336291305,negative,590d801f35ca9bc33a8829e84960dd9f09c0c5cad30b8a993675b0e4b2dc4eaf,0.05994322345016441,False,0.0,False
/b/src/336291305/17885506073250865262.webm,17885506073250865262.webm,336291305,negative,376c113a9b150754ae17450ccdedcb91b30354d8d1ceb59a753c374c40434c07,0.07181152790808823,False,0.0,False
/b/src/336291305/17885507814280833660.webm,17885507814280833660.webm,336291305,negative,1efe89aa95174bfa43be87cf35ae183998b8dfc5f79a00f93f40001fb36b599f,0.21953708502301175,False,0.0,False
/b/src/336291305/17885508655270690588.mp4,17885508655270690588.mp4,336291305,negative,5c8ce66984310f82e09d5d0e9e536932e26d385183fa553e6436758bf7ba2d58,0.15034312267017974,False,0.0,False
/b/src/336291305/17885509617340308491.mp4,17885509617340308491.mp4,336291305,negative,8ef9e94ee20becaff9c3466084da819d900f05a2878a8381152b7cca897f0f6c,0.6455847542965945,False,0.06402851740267404,False
/b/src/336291305/17885511419160074439.webm,17885511419160074439.webm,336291305,negative,c6e471f9906471ffc71a0bc075f3b9a1608602196493ee066b52c75ba6dcf747,0.2967634059051618,False,0.0,False
/b/src/336291305/17885511715610836909.mp4,17885511715610836909.mp4,336291305,negative,ef890b6a7e16ef99947f12b43650b0bee83e21e342795099d051e7fc2c4b5987,0.04350095378693992,False,0.0,False
/b/src/336291305/17885511716131873259.mp4,17885511716131873259.mp4,336291305,negative,9a30481d671fa72f56fdfd681491e8bddf6f215beab8d7f975d2212d93f0406c,0.19616906209261106,False,0.0,False
/b/src/336291305/17885511717102875958.mp4,17885511717102875958.mp4,336291305,negative,f42b4dd4249325a0151da639b25cacd2cbef98bfe150027c46000c67667e9bc8,0.06683176970403541,False,0.0,False
/b/src/336291305/17885511718113833034.mp4,17885511718113833034.mp4,336291305,negative,4e2f62fe04eeafafbfcc5c7986f03f459cb36b5999ffb8e955d36287d1feb827,0.1478977260564106,False,0.0,False
/b/src/336291305/17885514670580034248.mp4,17885514670580034248.mp4,336291305,negative,710f3f72719992a8427947f9e1f8c7123a66c0dadbcd1cea285cf2643ae1fd36,0.05634645488185942,False,0.0,False
/b/src/336291305/17885516489290239976.mp4,17885516489290239976.mp4,336291305,negative,63610db6cd719732062f84920f0c9dac3971be7818557945f57533429bf163e3,0.03573185858558274,False,0.0,False
/b/src/336291305/17885517869590056996.mp4,17885517869590056996.mp4,336291305,negative,7a1104001f381e53a2b68ea19e42ffefec2fbc7cb053e00cc4497d9601647d08,0.14797599553129226,False,0.0,False
/b/src/336291305/17885518563240018212.mp4,17885518563240018212.mp4,336291305,negative,ffb22cffe67337014bc22437a8a92212fb8b0eff8a7ecf1e6a875a89906fec75,0.09000815568470515,False,0.0,False
/b/src/336291305/17885520657940823473.mp4,17885520657940823473.mp4,336291305,negative,49ec65a58d696ee6347beea7f7f772ed31857ef0e3059d9efd4210b16b183970,0.17151150850199456,False,0.0,False
/b/src/336291305/17885520777470979078.webm,17885520777470979078.webm,336291305,negative,ff411e382f355c17b7caad4f05e12a36b3e9ae0589f315794c7b95f37670150f,0.2863811476254999,False,0.0,False
/b/src/336291305/17885521543740987451.webm,17885521543740987451.webm,336291305,negative,b5443921a8d9c72576783df024eff9b5e2186210817f0a0698dd4885f0e85004,0.056537573347371965,False,0.0,False
/b/src/336291305/17885522212550089879.mp4,17885522212550089879.mp4,336291305,negative,ac08b8064bc96e9155ba8959d7d3c86183d10ed5060389fc7b20a14b3013628b,0.05504797945395942,False,0.0,False
/b/src/336291305/17885536234410345072.mp4,17885536234410345072.mp4,336291305,negative,4921a1f01644eb7e6ab15ba4442f9f80cc022601da9391803b1e376430152257,0.1627685267356832,False,0.00242545871559633,False
/b/src/336291305/17885537975770678938.webm,17885537975770678938.webm,336291305,negative,03375686defc26fce703ba78b2e41b50710366254bc4f8e4a30c1ec5444819c6,0.1366178510118555,False,0.0,False
/b/src/336291305/17885537977091843289.mp4,17885537977091843289.mp4,336291305,negative,2027d47aadb2ead4a84f73782d6844736cf17161c2fb56bc001f60f19da778e2,0.11033307204344558,False,0.0,False
/b/src/336291305/17885537977792046629.mp4,17885537977792046629.mp4,336291305,negative,b3b46b379cdaca70dc0c96a7c694ac921c633c45e5aaf7fdbd4a6178f670d3d1,0.10273600613485927,False,0.0,False
/b/src/336291305/17885539046520516908.mp4,17885539046520516908.mp4,336291305,negative,bc2cc6226d6620665005befcf1d8a79ff4b8294f120bf697fb5c68a3def79f14,0.007892804729076108,False,0.0,False
