api_duration_s,api_size_kib,band_high_jump_db,band_low_jump_db,band_mid_jump_db,baseline_brightness_db,baseline_db,brightness_change_db,broadband_jump_db,change_1000ms_db,change_100ms_db,change_250ms_db,change_500ms_db,change_50ms_db,classification,crest_db,detection_mode,duration_s,event_at_s,event_brightness_db,event_db,event_duration_s,event_near_clip_pct,event_peak_dbfs,event_persistence,event_spectral_flatness,event_zcr,file,jump_db,label,max_spectral_flux,md5,old_classification,old_dynamic_range_db,old_jump_at_s,old_max_jump_db,old_median_db,old_peak_window_db,old_score,p10_db,p25_db,p50_db,p75_db,p90_db,p95_db,p99_db,path,peak_dbfs,peak_to_median_db,raw_baseline_dbfs,raw_event_dbfs,raw_jump_db,raw_median_dbfs,rms_dbfs,sample_above_-12db_pct,sample_above_-3db_pct,sample_above_-6db_pct,sample_above_-9db_pct,score,spectral_flux_at_event,spectral_flux_near_event,spectral_shape_distance,start_at_s,start_brightness_db,start_duration_s,start_event_db,start_near_clip_pct,start_score,start_spectral_flatness,status,suspicious,transition_score,window_above_-12db_pct,window_above_-3db_pct,window_above_-6db_pct,window_above_-9db_pct
17,2702,64.36670010132369,45.60268729011087,70.55812789634035,-10.111404718376535,-45.027244782599396,1.4009233543346546,45.60268729011087,64.11686721848444,58.84893844750515,61.9908762324491,63.45908258566281,30.373102782310298,suspicious,16.762869114905996,transition,17.8080625,15.850000000000001,-8.71048136404188,18.18335324161427,1.9500000000000002,98.09375,24.26987075805664,1.0,0.006108318891720718,0.08760951188986232,17883557324650588814.webm,63.21059802421367,confirmed positive #1,0.48404714784921965,f62360ca0d71096dfc4cf468a3a2cb67,suspicious,60.26544830419748,15.9,61.32603211216175,-41.56188365699066,18.703564647206814,4,-45.66162359614415,-44.94790470543299,-43.96134294882525,-42.78966858643586,13.436241454852809,17.865256995263422,18.2313882549022,/b/src/336185346/17883557324650588814.webm,24.727916717529297,62.34189194540119,-43.110194536049065,18.255892338930444,61.36608687497951,-41.60712942651497,7.9650476026233,11.577071629213483,11.231039325842698,11.381495786516854,11.497015449438203,0.9121339601606585,0.3077275950575324,0.46607351545261094,0.8622677625438745,1.85,-15.898828270869263,0.0,-41.93394488187673,0.0,3.7220009348137077e-10,0.007475069444697523,ok,True,0.9121339601606585,11.797752808988763,11.797752808988763,11.797752808988763,11.797752808988763
13,4095,36.18087684171671,8.407632493729245,27.532392308071792,-14.27010532882497,-24.533735937101792,10.117870717651433,8.407632493729245,71.99329144425656,65.22272210851678,68.86975943973269,71.5563285750938,33.074381842914306,suspicious,11.06661119680937,transition,13.16575,7.95,-4.152234611173537,-0.6599150660712185,2.45,52.7625,2.7433032989501953,1.0,0.003128422130641897,0.1295369211514393,17883557325462786367.mp4,23.873820871030574,confirmed positive #2,0.5338494707168671,78bdb4da7df10e8bd5b05a3b7fcd1af5,suspicious,18.17098408187796,0.30000000000000004,71.4642650960901,-19.11764463706978,-0.9466605551918208,4,-33.54757318960311,-27.63532327050072,-23.371085149422125,-17.99989828363191,-0.698345566027883,-0.495931605033547,0.14532905070443256,/b/src/336185346/17883557325462786367.mp4,2.7433032989501953,24.074974365062875,-21.17000066984238,-1.237356383857293,19.932644285985088,-20.104439391776832,-8.323307897859175,19.731226235741445,15.317490494296578,17.180846007604565,17.979562737642585,0.8909214734096425,0.40964552453519304,0.40964552453519304,0.8819724358258665,1.25,-8.737036560852406,0.0,-20.127234446359466,0.0,6.599258599963896e-05,0.04709470122337424,ok,True,0.8909214734096425,20.15209125475285,19.771863117870723,19.771863117870723,19.771863117870723
148,6625,25.113754026166667,49.26355281206047,31.174615346098307,-9.39232817472311,-43.69642982082735,-1.7720439870810871,25.113754026166667,49.90575557756348,47.615277536588984,49.25400279070386,48.73323771072496,24.91189862931059,normal,20.149561082033028,normal,148.051,76.65,-11.164372161804197,-6.349336096514737,0.4,2.9749999999999996,0.11621329933404922,0.8,0.00030410990614058444,0.08573216520650814,17882984411551286220.webm,37.347093724312614,unlabeled,0.5733318750296656,88c3863ca0bba27963c277ba1a7f7180,suspicious,24.28692512145514,134.6,48.692007225447576,-28.553193778579026,-4.266268657123884,4,-55.80300763932904,-52.459421805080005,-32.102820615802365,-22.808955968155278,-16.487707127936783,-13.356326075947237,-7.753433307180014,/b/src/336185346/17882984411551286220.webm,0.4995696246623993,27.70665871326704,-43.55982752984525,-5.818280523498926,37.74154700634632,-31.850569384737778,-19.64999145737063,3.888867781155015,0.2585275244849713,0.8777017899358326,1.9960739614994936,0.7738332612443872,0.383899421925707,0.383899421925707,0.5309513510672078,1.1,-15.989016786713057,0.0,-28.64385521122492,0.0,5.53246068156372e-07,0.004075149036986287,ok,False,0.7738332612443872,3.7487335359675784,0.0,0.37149611617696726,1.7223910840932117
28,600,71.5635544174606,48.19055296516865,76.16641971303892,-17.058306785629682,-58.09963019475815,11.634724323722626,48.19055296516865,86.15722387349109,83.57822315488606,88.26713002878311,88.26713002878311,44.331465317948314,normal,10.661046177858964,normal,28.885625,13.3,-5.423582461907056,-0.5984946972836082,1.55,55.1625,2.681036949157715,1.0,0.009370463853201325,0.11576971214017523,17881699236063425442.mp4,57.50113549747454,unlabeled,0.738086069713591,bfb16303c204f59345782f41dd908a41,normal,13.101848244676454,19.900000000000002,82.29669633753198,-13.739038490101606,-0.6371902454251533,2,-90.0,-90.0,-12.730606613624571,-4.541500057310364,-2.666453568054378,-1.8605665298675993,-1.1033500489371089,/b/src/336185346/17881699236063425442.mp4,2.681036949157715,12.46733318027867,-56.64393420126622,-0.8132860141345503,55.83064818713167,-14.128562071189188,-7.980009228701249,31.2224870017331,13.67894280762565,20.15662911611785,25.912911611785095,0.7300382542563516,0.13816598886555898,0.514982188477067,0.85722299216842,0.7000000000000001,-6.70255327825253,0.9500000000000001,-3.292132334368655,20.0375,0.6807048556213066,0.010445290728067512,ok,False,0.7300382542563516,46.2738301559792,12.131715771230503,31.542461005199307,36.3951473136915
65,17124,32.05754193568556,14.389360246917146,22.48019262951139,-17.283251330536743,-25.507376451636432,7.263705937553427,14.389360246917146,41.16657607203412,37.952676431082125,37.28925289931312,36.53355635965348,28.850050339110872,normal,6.724637084215916,normal,65.5731875,16.05,-10.019545392983316,-5.754887954092171,3.0,27.450000000000003,1.1570229530334473,1.0,0.03537579750746056,0.0725907384230288,17881887457541053716.mp4,19.752488497544263,unlabeled,0.5597816891245904,3a436c694623185b62111ccc72aab98f,normal,2.7458416424159884,14.5,18.73050659522182,-4.159074083550241,-1.4132324411342523,2,-22.659510510142216,-15.345261445096227,-8.640614356614577,-6.669482896673129,-5.060005094791868,-4.096386948859799,-3.611859482770585,/b/src/336185346/17881887457541053716.mp4,1.9030652046203613,5.233060093956325,-24.81908114815033,-3.4014343784263086,21.417646769724023,-4.053755439576411,-4.821571879595555,58.090818077803206,31.305158276125095,40.45499618611747,49.698750953470636,0.7221708582630793,0.44797448160189657,0.44797448160189657,0.4370361575607868,0.65,-10.3386763248299,0.0,-18.383349096684203,0.0,0.0001604094730978266,0.010510139710371968,ok,False,0.7221708582630793,66.89549961861174,0.0,17.84897025171625,53.775743707093824
39,3921,32.31226286786517,59.487173531436056,54.37299926512586,-2.94182045653475,-62.70076555431761,-4.983317300765069,32.31226286786517,60.945149924088796,55.90691380055036,53.11956323123067,58.18719241261963,30.87108547492773,normal,22.122296726402116,normal,38.9973125,18.1,-7.925137757299819,-7.8070546773987886,0.5,7.7375,0.38333308696746826,0.9,0.013793413029841425,0.1013767209011264,17881481520942199957.mp4,54.893710876918824,unlabeled,0.5597923483579236,d00f4fac6a8d1d047192449b9bbcb78a,suspicious,29.133673833006537,31.900000000000002,50.76761156563427,-32.83644196981432,-3.7027681368077787,4,-73.66867773462803,-62.46499865652832,-35.48032482928552,-25.733532077092043,-18.725847672427324,-15.014724344597967,-9.185368427562183,/b/src/336185346/17881481520942199957.mp4,0.38333308696746826,31.858412857502536,-63.15345998612754,-8.30317012729223,54.85028985883531,-35.27382310285881,-21.738963639434647,2.1177792041078303,0.18918485237483953,0.4292362002567394,1.0378690629011553,0.6661798689506152,0.27547618630271803,0.27547618630271803,0.4699767500820633,1.05,-9.076282706211419,0.0,-25.706666250058287,0.0,2.8545319977802447e-06,0.002956549169689633,ok,False,0.6661798689506152,2.1822849807445444,0.0,0.25673940949935814,0.8985879332477535
82,1332,47.09900279917369,13.511290495909178,29.678580700631404,-18.187801497549238,-37.87580101141248,6.536439638828128,13.511290495909178,85.52205997135587,48.976871052455074,73.19787767156406,79.55501554858245,27.45184902920291,normal,9.542662746224456,normal,82.5165,65.9,-11.65136185872111,-3.979685298007063,0.55,30.862499999999997,1.7286633253097534,1.0,0.006319034691046836,0.06382978723404255,17882990553793679533.webm,33.896115713405415,unlabeled,0.7283830624579605,9f2e38268fda9a95e00a72c3d393b6a5,normal,8.461817510293157,0.8,69.08020722323133,-9.425448390758033,-0.963630880464877,2,-81.68346350179608,-36.98968929852289,-12.254892656532355,-4.3837276375918846,-2.4494619363411525,-1.8899759964993637,-1.4148298984059897,/b/src/336185346/17882990553793679533.webm,2.683891773223877,11.491584722649739,-27.76293518320734,-5.321086327122916,22.441848856084423,-11.812438619481775,-6.8587709730005795,36.6460606060606,20.156060606060606,26.07151515151515,31.539545454545454,0.6546491514215691,0.09117056977449779,0.5226838216640471,0.698222142010564,0.8500000000000001,-15.12076923431865,0.35000000000000003,-6.048221902371004,7.2375,0.23522957860540616,0.0022399400156143186,ok,False,0.6546491514215691,49.75757575757576,14.727272727272728,33.81818181818182,44.484848484848484
128,9906,3.4618538250522093,-0.46363996125009344,28.901710346680776,-13.04925854222881,-29.027535145858447,0.8297314749032108,-0.46363996125009344,81.61946672536692,81.97116745884722,81.97116745884722,81.97116745884722,41.59221268698495,normal,17.463738847414906,normal,128.66175,7.8500000000000005,-12.219527067325599,-7.962171159051534,1.9500000000000002,0.0,-1.4188880920410156,1.0,2.59719553245238e-06,0.07446808510638298,17883361674593313438.mp4,21.065363986806915,unlabeled,0.557091732542655,b61baad758cf3dc818db3166da579f0e,suspicious,17.21594688502948,125.0,85.87911391200383,-21.336832973025658,-4.120886087996175,4,-36.796183527924065,-27.444381944155346,-22.39762432396694,-18.23606744525093,-13.671272630069975,-10.75850774752372,-9.07599447207597,/b/src/336185346/17883361674593313438.mp4,-0.006279616616666317,15.608516722659633,-28.099609454983984,-7.384091097838992,20.715518357144994,-21.72180450036471,-17.470018464031572,6.76571609016712,0.18735425573260786,1.1727798289933928,3.2427856587640886,0.6445414497542405,0.45431336934148536,0.45431336934148536,0.6966451938330066,0.35000000000000003,-16.24308776812934,0.0,-9.770658754900603,0.0,0.015162799964488013,1.94168153296275e-05,ok,False,0.6445414497542405,7.8118927322192,0.0,0.0,0.9716284492809949
67,8268,7.946705784984854,48.02186860138206,29.437780706412145,-13.75110372293544,-37.78923051832515,-6.331890278922522,7.946705784984854,54.4808068077821,56.99310960884105,57.83686921243601,56.201137951136474,29.315440455983985,normal,12.279479285237347,normal,67.05925,57.7,-20.082994001857962,-6.86151293978246,0.5,3.35,-0.06550021469593048,1.0,2.6131234877382217e-05,0.02690863579474343,17881522183152175284.mp4,30.927717578542687,unlabeled,0.5384150015048519,04601236ab3ddd4762c8472c964dfb1d,normal,7.95179971897675,8.4,54.21285317602268,-13.026384055610924,-5.074584336634174,2,-56.986942259292114,-47.19704733309966,-14.986180559256612,-9.669406203812231,-8.018664265261982,-7.3089003564892385,-6.203321892880213,/b/src/336185346/17881522183152175284.mp4,0.5110777020454407,9.841699017388482,-35.83262931193224,-6.0884090315332955,29.74422028039894,-14.977046534108144,-11.768401583191906,22.182513049962715,3.499207680835198,8.772045115585383,15.147138329604774,0.6279444156932107,0.17884617285946217,0.17884617285946217,0.6591791102988431,2.0,-13.835630621889607,0.05,-14.44443732621706,0.11249999999999999,0.0016820422310515446,0.011361909802985069,ok,False,0.6279444156932107,39.299030574198355,0.0,0.5965697240865026,18.568232662192393
121,4471,20.277628284316513,12.5773126684946,29.91753249654838,-2.737723375222113,-21.009912709768866,-0.5689739044082343,12.5773126684946,47.32955697083789,34.616839461151486,45.86464559094769,48.44478868186348,21.22993280398633,normal,14.628832078081706,normal,121.60725,73.8,-3.306697279630347,-2.407654817557228,0.6000000000000001,17.3125,2.2603414058685303,1.0,0.10146690823217708,0.18460575719649563,17882989063041961052.webm,18.60225789221164,unlabeled,0.584664864602088,6fb31da125a92e2723d048e713a49c54,suspicious,24.355030900835025,68.5,40.941605792851774,-26.283474488664726,-1.9284435878297024,4,-47.59351913443426,-34.95488318872848,-26.831935380816574,-13.732486491623863,-4.2720136540347875,-2.8633853895745576,-1.7579077368832356,/b/src/336185346/17882989063041961052.webm,2.745633602142334,26.017359857067056,-21.800690183771035,-3.5673799029832685,18.233310280787766,-26.931660545432997,-11.883198475939372,15.418277138157896,5.213481702302632,8.701737253289474,11.950529399671053,0.5921168655616601,0.19173503792269467,0.3001066856067529,0.5934945180876909,1.9500000000000002,0.1437295193399379,0.0,-31.44239279061959,0.0,1.4194199029087612e-07,0.13935729635400168,ok,False,0.5921168655616601,22.36842105263158,5.550986842105264,13.856907894736842,18.46217105263158
25,5153,10.88906868323839,23.53153944149988,11.597230336469956,1.228818291795728,-23.069996675150342,-10.340121799517844,10.88906868323839,70.36888314438377,60.64592823471732,69.66026221453308,58.66068541793801,30.785886796582613,normal,16.466516032512097,normal,25.9135,24.0,-9.111303507722116,-6.07045716605,1.9000000000000001,34.525,2.095188617706299,1.0,0.0674981069296563,0.12765957446808512,17881818515883672838.mp4,16.999539509100345,unlabeled,0.5429001884015021,b67a45d23bb919fc80285da15c81d3fc,suspicious,21.301945063315095,24.400000000000002,23.23883428829282,-23.016098330490777,-1.7141532671756834,4,-37.35353061470483,-30.9047263885643,-21.539590242741024,-16.885079128697363,-13.51157645370751,-6.341859344777356,-4.689272585598065,/b/src/336185346/17881818515883672838.mp4,3.184664011001587,17.162655331511928,-24.81286074965685,-3.559052707236311,21.253808042420538,-23.530880141781182,-13.281852021510511,8.416747104247104,3.7740106177606174,4.644425675675675,5.817929536679537,0.5895677142127931,0.4288297675127967,0.4288297675127967,0.6726339689761927,0.7000000000000001,-1.578948948192684,0.0,-16.195342379028013,0.0,0.000617506738761125,0.1685370736030658,ok,False,0.5895677142127931,7.915057915057915,0.0,4.440154440154441,7.335907335907336
26,4432,50.335020077287,60.39440449747344,58.932618701953984,-7.6829773101856675,-66.88546875779022,-1.8945177736201115,50.335020077287,58.901195957169136,50.74653192787379,61.77416255626662,60.2658584682178,29.28533348981656,normal,23.874169429675643,normal,26.285,8.75,-9.577495083805779,-8.443640634204343,0.30000000000000004,9.6875,0.9553892612457275,0.5,0.018790478669159234,0.11889862327909886,17882962082822601629.mp4,58.44182812358588,unlabeled,0.540699815975061,b317a120936aec4e9a2243fff2c55e1b,suspicious,49.4550835978588,8.9,58.93886381236081,-54.06201473585115,-4.606931137992351,4,-90.0,-67.65210837758866,-54.657193662350664,-30.923710942643254,-22.951983504142603,-19.71831838110881,-13.003848159692838,/b/src/336185346/17882962082822601629.mp4,0.9553892612457275,50.05671264262019,-65.3814614846263,-7.364290196323763,58.017171288302535,-53.763974554780596,-22.918780168429915,1.102857142857143,0.2886904761904762,0.44952380952380955,0.6825,0.5571727803260721,0.2936318032736756,0.2936318032736756,0.39478707219640763,1.6500000000000001,-12.81942500292074,0.0,-67.51700563401513,0.0,6.96650900470241e-16,0.03166799425536761,ok,False,0.5571727803260721,0.9523809523809524,0.0,0.5714285714285714,0.9523809523809524
21,13404,9.081202284329304,-1.1302777632913585,10.855234402797658,-7.608730798147316,-35.52315668824027,1.1026247253617294,-1.1302777632913585,40.72562753242032,27.126874288236632,34.954095358125834,40.77095931512411,18.078049489051267,normal,18.629433044049104,normal,21.5893125,20.85,-6.506106072785586,-8.508025044686908,0.7000000000000001,4.54375,1.2294079065322876,1.0,0.014856303314332232,0.15707133917396748,17882991086611750790.webm,27.01513164355336,unlabeled,0.5219758153215076,798905d2aad6c89444397749b96b87c8,suspicious,28.075037704523133,14.5,38.56152287123603,-32.94388272470793,-4.868845020184801,4,-53.57829385338515,-49.90859567943677,-35.38883962571897,-22.08241351015528,-11.902946746108942,-8.537829374821175,-4.903414741854895,/b/src/336185346/17882991086611750790.webm,1.672114610671997,32.14121316100172,-35.341069806524146,-8.93229476480681,26.408775041717334,-35.52533701464542,-16.957318433377107,6.885730858468678,0.8407772621809745,2.286397911832947,4.362383990719257,0.554015674451092,0.1930176799795956,0.1930176799795956,0.44229772518189475,0.05,-8.175449915222098,0.35000000000000003,-8.218089459649763,0.16875,0.1060371551904661,9.055276487962571e-09,ok,False,0.554015674451092,10.440835266821345,0.0,2.088167053364269,5.800464037122969
80,7557,25.357152723644912,6.861185153914146,13.836312099196192,-14.041849569648932,-35.70883961434622,5.857376895708203,6.861185153914146,75.05545704752411,47.08422795618721,49.590611027253765,75.90734312871908,25.16664715191049,normal,8.58423533843207,normal,80.38025,27.35,-8.184472673940729,-7.68561416874748,2.0,0.0,-3.832235336303711,1.0,0.028210056905099132,0.08760951188986232,17882989062590377833.webm,28.023225445598737,unlabeled,0.7337876945422775,381c7c00d2de0487f437728316741278,normal,4.470471414763667,27.5,33.43221373247878,-11.460710557537173,-6.990239142773506,2,-37.967514697877796,-23.016185484386053,-11.864641524406137,-8.242384742821518,-7.596567282698729,-7.360879585756108,-7.1309903428216455,/b/src/336185346/17882989062590377833.webm,-2.3693361282348633,5.347716409209883,-33.82596655102547,-7.459811169988589,26.366155381036883,-11.322318688031805,-10.953571466666933,40.131806160547605,0.0006222775357809583,5.211729931549471,31.807366210329807,0.5450291481171651,0.12028652983626739,0.44655225329250503,0.4850330062477541,1.05,-15.02738952148227,0.0,-11.85435436704785,0.0,0.005331528422981537,0.0008027470775104138,ok,False,0.5450291481171651,50.71561916614811,0.0,0.0,33.85189794648413
46,2190,25.206817866250912,13.61313535693002,23.767506510459775,-2.7908041413531257,-31.867933375980325,2.8045272866800572,13.61313535693002,63.90873960194,47.377957984566336,53.46938461647274,77.58518926265015,24.69371819960041,normal,16.33422299115542,normal,45.987125,38.1,0.013723145326931405,-7.447887615208254,2.1,0.0,-1.327652931213379,1.0,0.18757353317228934,0.31289111389236546,17882997637612360215.webm,24.42004576077207,unlabeled,0.5512406669551728,0bde87438adc570bff84d72e1e882d63,suspicious,14.27968990048059,0.1,45.27337420612777,-18.80591133601252,-4.526221435531931,4,-39.765266451542324,-28.594437054665356,-18.341439222374497,-11.151664692541182,-7.984694271735992,-7.469468893892099,-4.127369633454249,/b/src/336185346/17882997637612360215.webm,1.8102110624313354,15.994945816380763,-33.101282578116084,-9.794768989158701,23.306513588957383,-19.151100747486808,-14.524011928724088,16.698245375408053,0.5210146898803046,2.4862622415669207,9.104257344940152,0.5392046717450664,0.12105090599825898,0.18619627391828053,0.5333611749633665,1.6,-3.45947430708956,0.0,-14.87134485279982,0.0,0.0011357044480139035,0.006407006801150695,ok,False,0.5392046717450664,27.63873775843308,0.3264417845484222,2.067464635473341,14.907508161044614
28,6330,25.103681545242665,36.021836608782635,33.896891954504504,-12.431815499732725,-39.99866107797716,-2.5033979471570422,25.103681545242665,73.98286336555802,76.8770400633748,82.09560452029521,77.82379573904252,41.14758626920691,normal,15.389104897323794,normal,28.5013125,19.5,-14.935213446889767,-9.596114313559353,0.35000000000000003,0.075,-0.6408815979957581,0.7,0.0003959891012398181,0.0506883604505632,17882534069290052993.mp4,30.402546764417806,unlabeled,0.557116230344892,2c4ac75c2fe229e40b5f92b62184b16b,normal,13.162836762164925,0.30000000000000004,80.83325982968215,-20.28532733277995,-7.122490570615025,2,-47.123569303869424,-41.46553297446877,-21.813050171638665,-14.324542875546497,-10.900976660079559,-9.770242037971766,-8.390507813146849,/b/src/336185346/17882534069290052993.mp4,-0.439846396446228,15.28594713089006,-39.56862836435944,-9.136374513489017,30.432253850870424,-22.26951686466826,-15.828951293770022,11.46732456140351,0.3642543859649123,2.343421052631579,6.052631578947368,0.4979759332998487,0.2959058522411838,0.557116230344892,0.6458996105960404,0.25,-10.338683572887824,0.1,-11.688979208263842,0.01875,0.008966540402452802,0.0047516827494057294,ok,False,0.4979759332998487,16.315789473684212,0.0,0.0,2.280701754385965
83,5882,18.51538427455319,-72.45936604590322,36.78696180171966,-8.696712128818955,-32.57109547029117,6.607011709544849,-72.45936604590322,39.28253981816324,40.101741575713305,43.777622209514554,43.44879075352046,21.69906186900242,normal,14.064162709974033,normal,83.568625,47.7,-2.0897004192741067,-5.463854861977095,0.30000000000000004,0.0,-3.1449475288391113,0.6,7.915958794018051e-09,0.24968710888610762,17882978897452723012.webm,27.107240608314076,unlabeled,0.6984350437296535,e1bc5caf28a8f4175571cef79cd1b175,normal,8.443591668540265,47.7,27.43289907651234,-16.14909314074392,-7.705501472203654,2,-36.07734140191678,-25.10985519749122,-17.129481875043425,-13.18781132991051,-11.566194613316084,-10.76208913473133,-8.474242543943534,/b/src/336185346/17882978897452723012.webm,-1.4428116083145142,11.958443395810189,-26.570881494656057,-7.870828393296388,18.700053101359668,-16.62272667402067,-15.506974318288547,13.283438061041291,0.0018327348892878516,1.6139287851585877,5.744052962298025,0.4937275904377962,0.003053121072808378,0.4527469388678933,0.9680941155275894,0.4,-3.726973798343996,0.0,-12.164009485901452,0.0,0.004813155207016265,0.0010892113981004086,ok,False,0.4937275904377962,14.661879114302812,0.0,0.8976660682226212,1.3165769000598444
90,16478,8.792071944633783,-11.713728349591616,15.44250017187949,-4.795452209239402,-25.186342087520956,5.546137814383768,-11.713728349591616,68.72402504258815,63.09846968794802,77.03082635181386,74.52690880802902,37.45120998090301,normal,14.496540527346365,normal,90.4649375,29.05,0.7506856051443666,-7.044063929651884,0.35000000000000003,0.0,-4.620737552642822,0.7,0.00479747274074991,0.3667083854818523,17883361344750045998.mp4,18.14227815786907,unlabeled,0.5713627495529388,b8d9801580611702b184706541a07a53,normal,9.045564368227533,0.2,50.98931099884686,-18.819520740081167,-9.773956371853634,1,-31.481575705294784,-22.625606595235116,-17.679172617618732,-15.953306272694961,-15.0477150328977,-14.187363281241103,-12.712342465186541,/b/src/336185346/17883361344750045998.mp4,-4.123650074005127,11.294095611377568,-24.709757764191792,-10.162907457749252,14.54685030644254,-18.705417028732978,-18.620190601351492,5.364946102819237,0.0,0.014545328911000553,1.0848880597014925,0.48993629108514297,0.2688332227099664,0.5590251140812856,0.8888184988125318,0.25,-12.047553504277674,0.0,-13.239197393668679,0.0,0.0025816131494879446,0.0006214375189354797,ok,False,0.48993629108514297,0.44223327805417356,0.0,0.0,0.33167495854063017
189,14720,11.562663065609598,37.57539160907709,21.621440409004713,-7.2909025146428394,-30.27738490383589,-8.578131814993318,11.562663065609598,59.43664390316102,40.586512179053756,50.761527147966405,54.51683396177502,23.488465560077383,normal,16.516728245662797,normal,189.916,117.15,-15.869034329636158,-8.933223325472326,0.35000000000000003,0.08750000000000001,-0.485569566488266,0.7,0.0006641714157718951,0.045682102628285357,17883249492281720284.mp4,21.344161578363565,unlabeled,0.5750550402949255,846bd3b480797114a60efe5abe148435,suspicious,13.588680101983591,50.900000000000006,52.683375806303246,-19.425376282348417,-5.836696180364824,3,-53.67602347273164,-32.748663816105335,-22.08946133037765,-14.923077599728362,-11.776174387940392,-10.288398528246006,-8.058732567036438,/b/src/336185346/17883249492281720284.mp4,0.5412914752960205,15.943715153252885,-30.793967869593537,-8.332494150805275,22.461473718788262,-21.83039980921216,-15.975436770366777,11.304304897314376,0.27493088467614535,2.0809801211163768,5.838286598209584,0.47159266677900025,0.25952614215358843,0.4821637885210421,0.6544672298415248,1.75,-17.329896874238873,0.0,-14.39101161269825,0.0,0.0013728295067692747,0.0008431510354843161,ok,False,0.47159266677900025,11.084781463928383,0.0,0.0,2.3433385992627698
900,18555,35.15193063815391,43.55957574277463,14.401315655330071,-9.903001473886675,-44.19276367290817,-5.4949431591524345,14.401315655330071,82.64336370703664,78.70427537035528,83.25685900083542,81.5737121831531,40.9403891116154,normal,14.43590164218816,normal,900.7020625,331.8,-15.39794463303911,-10.259613918650913,0.30000000000000004,0.1875,-0.4517483115196228,0.7,0.001395297393521185,0.04192740926157697,17881869853450677826.mp4,33.93314975425726,unlabeled,0.5871384499479074,224d31f418f74bfb008bc0f7ece0629b,normal,7.3721955542417685,879.7,70.43705864279124,-13.132367192377208,-5.760171638135439,2,-40.137395452811084,-21.523672191592862,-14.08882752023153,-10.823846448168947,-9.245887844186136,-8.620878745565287,-7.649472100840178,/b/src/336185346/17881869853450677826.mp4,1.9290578365325928,8.25268120891252,-46.265838205414184,-9.594820682315461,36.671017523098726,-13.848966913020751,-12.506843805655567,22.228835905406903,1.617186632619074,6.618119934495392,13.919788081492174,0.4659763516955723,0.5075423892945948,0.5075423892945948,0.7055657660556994,1.35,-14.215235534687903,0.15000000000000002,-10.983234533824866,0.053125000000000006,0.01529221611915375,0.00179688043484709,ok,False,0.4659763516955723,35.64449872321528,0.0,0.011102475852115021,7.782835572332631
675,34935,83.18234013893168,118.73040760609908,87.85817538635986,-90.0,-90.0,74.71795934682314,83.18234013893168,81.00266820816499,63.236015666561954,79.19502013731265,79.19502013731265,32.75208862512106,normal,17.19695863205646,normal,675.538125,5.4,-15.282040653176868,-10.301899993547746,0.30000000000000004,0.2375,-0.16578494012355804,0.6,0.002821788644318826,0.04505632040050063,17883011959490810183.mp4,79.69810000645225,unlabeled,0.5437665131762947,f25252d609e5576460028cf2a54099df,normal,11.379996089277414,279.0,78.92905135130384,-19.374738136780515,-7.994742047503101,2,-46.636944078603385,-43.54817235842808,-21.053112123284528,-14.324230622997892,-12.012073142122194,-11.126022671627721,-9.767760557175864,/b/src/336185346/17883011959490810183.mp4,0.2886945605278015,15.252674796565225,-90.0,-9.68843652122835,80.31156347877165,-21.488749132927143,-16.90826407152866,8.826993893412286,0.2772298297557365,1.468611213915618,4.263166173205033,0.45977333208158194,0.4481417676245338,0.4481417676245338,0.7169082685888502,0.0,-90.0,0.0,-90.0,0.0,7.419293235158119e-16,0.9999999999997906,ok,False,0.45977333208158194,9.94078460399704,0.0,0.007401924500370096,0.3256846780162842
59,11624,33.699729394273234,28.625114504925698,36.980671108707256,-10.282667290636512,-55.06524707612496,9.287374900985913,28.625114504925698,76.39241477773302,56.44386053308165,75.29231929844566,71.6535295879664,35.78532876951025,normal,19.11486058872344,normal,59.327,19.650000000000002,-0.995292389650599,-8.601041011372907,0.35000000000000003,0.8250000000000001,0.1605551540851593,0.6,0.0015668319092092759,0.31038798498122655,17881465969503404529.mp4,46.464206064752055,unlabeled,0.5654888523589071,d9f2e560527852c018399b30ebd4cef2,suspicious,20.215303658910422,0.2,53.09924209590346,-26.273412855251618,-6.058109196341195,4,-55.99278107016676,-42.546823182138674,-29.035264248578954,-19.63060229700949,-14.068336266206181,-10.661971939393089,-6.45737155056027,/b/src/336185346/17881465969503404529.mp4,0.2265222668647766,23.566098744850198,-53.512402528534395,-10.814816227442922,42.69758630109148,-29.18872269082434,-18.888338321858665,4.725653456998314,0.2997470489038786,1.012331365935919,2.364776559865093,0.4577323087692839,0.10618072224853896,0.34550051331960335,0.761956307394534,0.15000000000000002,-4.400185498468751,0.0,-27.262805658238523,0.0625,1.260120657724728e-06,0.007472488849078682,ok,False,0.4577323087692839,7.251264755480608,0.0,0.6745362563237773,2.866779089376054
57,5185,2.1099486398541387,30.18088981248735,21.27406374495057,-8.189283314820312,-26.52691532361338,-6.314005600660764,2.1099486398541387,82.96751040050347,54.237139030983705,62.82666092526492,83.4344762421752,27.990808152321343,normal,16.247290637366085,normal,57.306875,54.35,-14.503288915481075,-8.915982422821616,0.35000000000000003,1.6375000000000002,-0.028771188110113144,0.6,0.0001562751270944865,0.058823529411764705,17881525425650729167.mp4,17.610932900791767,unlabeled,0.5666226859154287,438a5cb112e081dbd3fea2c703063db8,suspicious,16.076741411144045,54.1,70.5619518959162,-21.582547243125898,-5.505805831981854,4,-34.414846261762094,-29.665384739174065,-23.709745244049685,-14.790508219083895,-9.449743191468816,-7.978109735372913,-5.462634554274127,/b/src/336185346/17881525425650729167.mp4,0.4207507073879242,19.634325544675452,-25.52303826022573,-8.35435860761999,17.16867965260574,-23.31119206359461,-15.826539929978159,9.545429755671902,0.8278250436300174,2.6916448516579408,5.650687172774869,0.45227615706332097,0.5666226859154287,0.5666226859154287,0.6744302822355186,0.45,-2.0487646610758783,0.05,-14.293294939576054,0.05,0.0019175128285559642,0.003850394127067958,ok,False,0.45227615706332097,17.36474694589878,0.0,1.9197207678883073,8.027923211169284
38,5460,18.04210525110859,13.702535699200237,19.138569725328047,-0.9510244899514044,-29.62548051800859,-1.6444163123075402,13.702535699200237,54.97581875603525,35.028109791553454,32.39349046083148,31.964308137822425,30.645585369713718,normal,10.055089055017886,normal,38.4986875,1.1,-2.5954408022589446,-8.50747587581675,0.45,6.625,0.6198166608810425,0.7,0.049812656184673496,0.26783479349186484,17883736276062910168.mp4,21.118004642191842,unlabeled,0.5291534085263008,57148acc5e18e15e6edfda765d035cca,normal,7.9203077948422465,0.7000000000000001,30.33886858375311,-9.502989630026683,-1.5826818351844363,2,-23.91064985284188,-16.14582997536352,-9.333042817403285,-4.594479913317039,-2.42899241711038,-1.925074936588429,-1.1983949468490327,/b/src/336185346/17883736276062910168.mp4,2.178926944732666,8.873588600859613,-31.80892538202793,-10.693227882804667,21.115697499223263,-10.577394765468274,-7.87616211028522,37.0193433029909,12.98423276983095,20.515117035110535,28.578511053315996,0.44702785373593684,0.1212724458554933,0.3778747873639111,0.4600391045302316,0.75,-2.301928046422061,0.65,-6.4228379945157945,8.0125,0.35134153776167526,0.03695026960898984,ok,False,0.44702785373593684,60.59817945383615,13.133940182054616,33.02990897269181,48.11443433029909
194,9205,28.15282215401249,11.371310500207166,41.13142139242025,-14.491569695660793,-41.659029412908424,8.843663729980966,11.371310500207166,61.57974318275011,56.87216395105052,64.36109951571223,68.66559820939088,36.31080612460092,normal,18.731441696620003,normal,194.467125,131.15,-5.647905965679827,-9.166052510130145,0.5,0.18125000000000002,0.007639212999492884,1.0,0.0015381903967435521,0.14705882352941177,17881898673292643739.webm,32.49297690277828,unlabeled,0.545450004976347,95ffa1e69c8828fefa478ac6d6f1d7aa,suspicious,17.9497442558684,98.7,36.80453636592858,-24.143303225523702,-6.193558969655303,4,-42.508038844151194,-32.65531315159424,-25.03920467493528,-16.44742142261139,-12.4550212886887,-9.881262961598015,-7.009741907000456,/b/src/336185346/17881898673292643739.webm,1.6887069940567017,20.077383499293482,-40.252962895198436,-10.058641150878385,30.19432174432005,-24.881358673349453,-17.0427347025633,7.752860632553356,0.41871303677037797,1.4744150167138081,3.7605586268963744,0.442559710662155,0.07342003993951865,0.2811875732060855,0.8534474238714689,0.1,-10.867432386545712,0.0,-25.615434769020496,0.0,2.9552847809980925e-06,0.00027799577877874035,ok,False,0.442559710662155,8.819748007199795,0.0,0.10285420416559526,3.8570326562098223
179,15916,21.12092954897075,23.614446628119083,28.134296726759086,-17.607062959838853,-35.808032839902694,0.6469407700542291,21.12092954897075,77.71156907347572,71.01530333165854,76.77527607847405,77.01479188232685,37.728411925698126,normal,13.612380701001058,normal,179.70625,129.65,-16.960122189784624,-9.882926250497595,0.35000000000000003,0.0,-3.0098533630371094,0.7,0.00039638095911864355,0.04630788485607009,17883364449832636829.mp4,25.925106589405097,unlabeled,0.6195297635392982,11f05e7decb0c3ae0b2d1e5de3fa4223,suspicious,15.736381613994752,0.1,73.66826089458978,-23.11627473295291,-7.379893118958158,3,-42.02931743666427,-37.335521783683234,-26.66375416298157,-14.117011277879186,-11.493691533368299,-10.516234359357462,-9.398790853959762,/b/src/336185346/17883364449832636829.mp4,-2.5016930103302,19.176429014570317,-30.86856370984604,-9.44776446772215,21.42079924212389,-25.62877300913405,-16.114073711331258,11.734348914858096,0.003860601001669449,1.9459863661658319,6.185934891485809,0.4411534579660373,0.24769120460944755,0.3243123666587574,0.6774019624181555,1.0,-8.529366490256889,0.0,-12.35208061447468,0.0,0.004354848131889873,0.019291838496127048,ok,False,0.4411534579660373,13.216471897607123,0.0,0.0,0.5564830272676683
80,32677,55.89864770174502,-9.229266393108537,31.195334105757826,-12.698830747585891,-42.659454378035164,13.783982789008565,-9.229266393108537,50.438025733502656,47.06079828035263,54.36904184003751,47.3030298835211,28.855292761678403,normal,18.683957037571446,normal,80.20175,27.450000000000003,1.0851520414226732,-9.120393148476996,0.30000000000000004,0.00625,-0.8957498073577881,0.7,0.010992351682973814,0.3886107634543179,17882905244210598028.mp4,33.53906122955817,unlabeled,0.5375769257893064,dcca49354c9abc617cc8ac4b6ea7b207,normal,19.216609120525373,29.200000000000003,45.183529337134814,-28.142945186805203,-8.92633606627983,2,-49.274079253293664,-44.19906983950284,-30.42757337399229,-19.06921176841019,-13.921247731877486,-12.382881702325394,-9.725689240500309,/b/src/336185346/17882905244210598028.mp4,-0.7875014543533325,25.382883136943377,-42.141682214361154,-12.182425576650605,29.95925663771055,-30.614069326763186,-19.47145849192478,4.904535536159601,0.05669420199501246,0.5587593516209476,2.02322319201995,0.4400047828287551,0.18628592662469762,0.25118953421585366,0.9005860331577542,1.2000000000000002,-10.051009648914714,0.0,-16.885242706537838,0.0,0.0003656709393573358,0.010976003081005445,ok,False,0.4400047828287551,3.7406483790523692,0.0,0.062344139650872814,0.5610972568578554
235,9988,4.939642084805454,-13.181367061924842,-7.442645570638904,-4.500200918932428,-19.031200223421003,4.735124595586756,-13.181367061924842,68.99068776816367,66.07363452358351,73.15377006120602,73.5953325011283,36.30412822219963,normal,18.744265621494378,normal,235.18475,71.95,0.23492367665432712,-2.4949787014700058,1.7000000000000002,15.525,5.324556350708008,0.9,0.31409661304347836,0.3385481852315394,17882997636670649166.webm,16.536221521950996,unlabeled,0.6016089164717002,f89ec3b469a299963d9fa16dea34beef,normal,12.911968761723907,0.30000000000000004,73.84078968805076,-15.922386161854156,-3.0104174001302493,2,-32.49698189355998,-24.5629257674857,-16.650569202782922,-11.785757634870267,-9.254642290256516,-7.480283487907186,-4.272729954336651,/b/src/336185346/17882997636670649166.webm,5.324556350708008,15.894161570093512,-20.552219064462015,-4.726484137453236,15.82573492700878,-16.98756214321476,-13.41970927078637,18.149186689347225,1.1780246651073782,4.586766425685732,10.670051031256644,0.43637751901505206,0.051685492423544185,0.08560102101495902,0.5180036772080816,1.35,-15.259468003041476,0.0,-18.028521082022312,0.0,0.0001890742165879918,0.002313192094465587,ok,False,0.43637751901505206,26.238571124813948,0.4677865192430364,2.976823304273868,8.802891771209866
125,5906,18.471857556250328,26.243951429896963,33.65312943430765,-13.328368474978813,-38.35768145650026,9.095758208712954,18.471857556250328,74.08121229125696,67.59990922862141,76.23576823294324,70.87599885976354,34.499703959974795,normal,18.034336546549913,normal,125.5735,58.1,-4.232610266265859,-9.321712200098261,1.9000000000000001,0.0,-1.832818865776062,1.0,8.615736704967171e-05,0.2709637046307885,17881833404941157385.mp4,29.035969256401998,unlabeled,0.5064977680636236,44a0db590b25eb434ccea7d307e19a71,normal,27.810521667337923,0.1,68.56915617286899,-36.1434259229888,-8.332904255650872,2,-41.826733811630774,-40.20107349203696,-37.36525539090803,-20.59493123056631,-12.620607957008724,-11.205736355915183,-9.443571682431745,/b/src/336185346/17881833404941157385.mp4,-1.2807291746139526,29.448628445625012,-37.28294723584723,-10.600851024280848,26.682096211566382,-36.163285106042565,-19.315065721163865,5.72334229390681,0.01538231780167264,0.6119076065312624,2.6081242532855433,0.42443488617025077,0.02468994048225872,0.08965871529695753,0.7082313823983931,0.8500000000000001,-17.89366556211408,0.0,-16.469402379901766,0.0,0.0004417559667912756,0.00015356098997783724,ok,False,0.42443488617025077,7.925129430505774,0.0,0.0,0.4778972520908005
57,11647,44.459197705914406,47.632358307475705,54.550423598064505,-17.334413945557287,-67.257046725735,4.717002018638993,44.459197705914406,61.94650128103139,39.260870674493184,46.05474008533845,61.079550472305314,29.18426100099424,normal,23.47673176519219,normal,57.05,37.75,-12.617411926918294,-10.062045389583421,0.4,0.0,-2.163022041320801,0.7,8.597061316790938e-06,0.06758448060075094,17881806178130843016.mp4,57.19500133615158,unlabeled,0.5138549122180721,f240604a77413c89919564b3e8a9a131,suspicious,46.00397061997394,2.5,48.750116658615795,-53.786439156414474,-7.782468536440531,3,-72.15829905604213,-68.24848893995598,-57.150178957196275,-36.114719748889,-22.893092613242548,-16.421361777576355,-9.290317005599627,/b/src/336185346/17881806178130843016.mp4,0.4867413341999054,49.932799053227875,-63.30400387590535,-9.327260119699204,53.97674375620615,-54.66054588082696,-22.989990430992286,2.0806310254163014,0.008764241893076249,0.44927695004382123,1.1862401402278704,0.422240644724296,0.18328760000920807,0.19573119813663128,0.5391744341698963,1.1500000000000001,-8.864167492350017,0.0,-62.80833366013609,0.0,3.9115547430177465e-15,0.0002067254814715178,ok,False,0.422240644724296,1.7528483786152498,0.0,0.0,0.7887817703768624
148,20373,5.885257768936668,21.359584963844522,11.811290632092504,-14.976201716731131,-23.44818532482885,5.8238599529548125,5.885257768936668,82.22964841758639,75.08875323098701,78.02902527709362,81.03819031527448,41.562647420806975,normal,11.31661203025093,normal,148.97925,136.25,-9.152341763776318,-8.206281133121491,3.0,1.4375,0.509041965007782,1.0,0.00452763341512742,0.09637046307884857,17882945993071288122.mp4,15.241904191707357,unlabeled,0.5405142388347948,1dbf7df631ea77d472030f972c553bf7,normal,5.759048643550331,0.1,79.02563668752305,-9.883351222178867,-4.124302578628535,2,-18.54221577978704,-13.697343272440124,-10.01768161449943,-7.587874080732797,-6.407114409647106,-5.8590892174919835,-5.066671567068114,/b/src/336185346/17882945993071288122.mp4,1.7202847003936768,5.705281094362889,-22.723168815192647,-8.62413021766708,14.099038597525567,-9.947173899344028,-9.596327329857253,38.68756294058409,5.111027190332326,13.644595501846258,25.57643084927828,0.4205787129019245,0.5098034142497087,0.5098034142497087,0.6498563343118905,0.45,-8.182936939107657,0.35000000000000003,-7.826166539742928,2.43125,0.1288194534652236,0.00644321446917588,ok,False,0.4205787129019245,66.06243705941591,0.0,6.210137630077208,40.88620342396778
15,2055,23.75737092435764,21.491583411378826,27.220941308644278,-9.712421158423101,-37.757661248325256,1.3292881859456251,21.491583411378826,80.71087618992989,53.480717759342376,78.19918385696963,80.48354185139297,32.450421793282,normal,10.81672446765305,normal,15.2090625,9.9,-8.383132972477476,-10.3561193003106,0.75,0.075,-0.3102152943611145,1.0,0.021900699994164018,0.11451814768460576,17883366594522148758.mp4,27.401541948014657,unlabeled,0.5234646759735445,fd0dc14ea706017d92504fd109655a4c,normal,10.137437892524034,0.1,63.16757136476036,-13.462697219101383,-3.3252593265773496,2,-43.97929999649998,-41.16883354024948,-14.686220209467464,-9.979354199429581,-8.532703165298475,-7.693037841765702,-6.628171332343982,/b/src/336185346/17883366594522148758.mp4,0.13828717172145844,8.744266785232579,-37.373869976907685,-10.207125158006567,27.166744818901115,-14.132974324585842,-10.678437295931591,27.706003289473685,5.215254934210526,13.19654605263158,20.53125,0.3723534090938463,0.08587557089667433,0.12635773995577332,0.42507827762547445,1.4000000000000001,-16.573880528690626,0.15000000000000002,-9.684647012384202,0.14375,0.02917904702823369,0.007390326457372058,ok,False,0.3723534090938463,41.44736842105263,0.0,0.3289473684210526,12.171052631578947
172,20970,11.559774706817413,4.968393748167848,15.506347357297365,-8.008649643056575,-32.510718328099216,3.556093120119691,4.968393748167848,56.3082896601873,51.55386014888643,53.73728798598232,51.57037345100499,31.126570207305775,normal,12.673681350360575,normal,172.94225,4.0,-4.452556522936884,-10.42309549758768,0.6000000000000001,0.056249999999999994,-0.5088815689086914,1.0,0.05302620923630334,0.19148936170212766,17883640325040839603.mp4,22.087622830511535,unlabeled,0.4637907386758379,a42d15d20b526f64c2d77b39bc5b37e1,normal,2.760807311427417,0.1,56.2155566706232,-11.344033998384326,-8.583226686956909,1,-15.400164188215076,-13.042603239366636,-11.357941115215565,-10.275478299827244,-9.61198039105518,-9.284326337108554,-8.765615634312672,/b/src/336185346/17883640325040839603.mp4,1.1286611557006836,3.1136820251633885,-33.77843959593993,-11.351587663485859,22.42685193245407,-11.49358737324312,-11.545020194659891,31.288660352805092,1.4259145459803355,6.669425968768074,17.386404713707346,0.3639496805186253,0.14992462388176503,0.19581458681988073,0.5523521766529875,1.7000000000000002,-0.7150728759141479,0.0,-34.77400943907345,0.0,2.2495732290237738e-08,0.09046399297196542,ok,False,0.3639496805186253,60.75766338924233,0.0,0.0,2.5159051474840948
20,2494,-16.73966049032277,26.839394493338396,4.681816874311812,-5.319707592637888,-29.77996111893814,-24.805751473535963,-16.73966049032277,39.95934773498139,49.60584908510944,47.715123989796886,44.96280237724433,25.286511327107796,normal,21.145435466937627,normal,20.66575,16.650000000000002,-30.125459066173853,-10.755657867438448,0.35000000000000003,5.59375,0.003982419613748789,0.8,6.21459446945153e-09,0.005632040050062579,17881476531723610876.mp4,19.024303251499692,unlabeled,0.5463787875149482,92f81de02879fe7748caf13d09bfa8d7,suspicious,27.669748250626622,14.700000000000001,27.081526770369116,-32.416529318117576,-4.746781067490954,4,-90.0,-45.93409426412196,-33.29201119968593,-27.29416176443434,-22.375703408561435,-20.586685745373476,-10.6140617677681,/b/src/336185346/17881476531723610876.mp4,0.003982419613748789,26.525740817615077,-30.94841149736851,-5.213638682943412,25.7347728144251,-33.23044124380253,-21.14145304732388,1.8500302663438255,0.4417372881355932,0.8783292978208233,1.4315980629539953,0.36074568832888176,0.3732644387464245,0.3732644387464245,0.9450411467845717,0.45,-14.321819992118414,0.0,-30.31050571606602,0.0,2.2076206017860778e-07,0.0008825858280748827,ok,False,0.36074568832888176,2.1791767554479415,0.0,0.0,0.48426150121065376
51,13832,56.09142282860308,29.667261167526547,51.03722985151954,-36.47279468795457,-40.05086629073878,23.833484788176627,29.667261167526547,30.549676653750517,16.481455665557483,23.98634550336853,25.024982912916006,9.194605307011493,normal,12.860205896173317,normal,51.3706875,3.35,-12.639309899777942,-11.242858900696891,0.45,0.025,-0.843316376209259,0.9,0.0010875708590490575,0.07509386733416772,17883365080211621025.mp4,28.80800739004189,unlabeled,0.673287034954585,8ccf786c5c54caed99914c08f6b64d24,normal,10.510032624069385,0.7000000000000001,14.621200620617895,-15.498545789433482,-4.988513165364096,2,-39.31112223265475,-32.322417778473074,-23.990817854107778,-18.47575322628763,-13.618920322075457,-11.500500289835268,-9.703947642384735,/b/src/336185346/17883365080211621025.mp4,-0.5009555220603943,15.610507963238408,-25.0789980693294,-10.469536973161212,14.60946109616819,-16.024225267132234,-13.361161418233712,19.629990262901657,0.8466407010710808,4.090920155793574,10.446993670886076,0.3318914433340968,0.15988956922751663,0.2826569164655225,0.5882102022093364,0.6000000000000001,-23.319086290963966,0.0,-32.755817984655906,0.0,5.713058584528835e-08,1.805248376288193e-05,ok,False,0.3318914433340968,6.815968841285297,0.0,0.0,0.19474196689386564
20,3966,17.05912258879611,20.902393286434332,15.156543077134454,-7.497592188819862,-33.80979658826162,-1.574897427998195,15.156543077134454,38.83932367292094,34.44711211714585,33.63814662312778,26.658051887703017,17.8886970694326,normal,22.488063714397477,normal,20.3639375,17.55,-9.072489616818057,-10.692069595599836,0.55,0.0,-1.131258249282837,1.0,0.03384660835324499,0.10513141426783479,17882978897021502132.webm,23.117726992661783,unlabeled,0.3885223122526732,041ae45c838394e65495fc12e2603e40,normal,25.668753229191083,8.9,25.0576737266082,-35.44046650770723,-9.771713278516144,2,-47.64711760270393,-43.136706441536816,-35.91430678714278,-24.927090330553696,-15.773571422366418,-12.26499685122765,-10.39950513498755,/b/src/336185346/17882978897021502132.webm,1.4508297443389893,26.07723273895825,-34.22069138533038,-10.560308426764065,23.660382958566316,-35.95145005120489,-21.037233970058487,3.1418918918918917,0.07601351351351351,0.5373157248157248,1.5302518427518428,0.32631316245142616,0.06929416802318326,0.20197115906612478,0.2955617910777574,0.55,-15.15232648822052,0.0,-31.981729395425447,0.0,8.84881685985943e-08,0.005209933789152977,ok,False,0.32631316245142616,4.668304668304668,0.0,0.0,0.0
45,1393,11.46182363031857,6.903831008633835,4.2204967249412615,-16.55905920134411,-24.58688875855413,11.818324080900837,4.2204967249412615,59.5211017764951,34.26341114275766,44.72431335828366,44.79662551711575,20.355934777573935,normal,18.6901779521896,normal,45.20925,44.75,-4.740735120443272,-9.569209255568515,0.35000000000000003,0.0,-4.762534141540527,0.6666666666666666,3.739881229946554e-06,0.18523153942428033,17882037452810555157.mp4,15.017679502985617,unlabeled,0.7335871433738076,46497291ad973c31a5731b0e44e7abff,normal,18.757962910247507,1.2000000000000002,53.40068162122367,-28.10352783320102,-9.345564922953514,2,-44.7191506999048,-38.76631155094479,-33.40784598241251,-26.582867488530944,-21.65526152760986,-19.396731428360713,-15.17844969241334,/b/src/336185346/17882037452810555157.mp4,-4.762534141540527,25.434155464969997,-22.51786873389786,-10.434460063686636,12.083408670211224,-29.974985711046962,-23.452712093730128,1.6337112831858407,0.0,0.01963495575221239,0.681554203539823,0.311639820156705,0.47586321031471435,0.49543087479824016,0.8354370584182815,1.75,-24.16239408766603,0.0,-40.48989090914965,0.0,8.118435375149067e-10,1.791077208240759e-05,ok,False,0.311639820156705,0.6637168141592921,0.0,0.0,0.4424778761061947
2,2469,6.902261960969044,22.74434104141192,6.561240847093088,-7.751553856793768,-23.688150690393492,-0.6844352878823585,6.561240847093088,35.25196740064969,27.767798427282003,36.46771439505028,35.170826322429484,17.12618849581557,normal,14.936008931476474,normal,103.1895,72.75,-8.435989144676126,-9.054113060712297,0.6000000000000001,2.3875,0.1317228078842163,0.8,0.002470709395257858,0.09887359198998749,17883249493313130606.mp4,14.634037629681195,unlabeled,0.5457839953356836,e78b1a7659e7110b05ed1efbf60a7780,normal,13.761712063579946,95.60000000000001,33.056497887447925,-16.836935836324052,-3.0752237727441063,2,-33.16419236473405,-24.51525364042277,-17.913164073737672,-13.250014025788197,-9.900382331460966,-8.17218710675015,-4.763943116694153,/b/src/336185346/17883249493313130606.mp4,1.0871778726577759,15.176131094148252,-25.311523343246886,-9.337909495689821,15.973613847557065,-17.805558502616424,-13.848831058818698,14.297049200193893,1.636239699466796,4.075072709646147,8.200224188075618,0.3094923135038976,0.26373601413675307,0.2719607020104505,0.6458047995479004,0.25,-16.035961744187002,0.0,-16.65463770437956,0.0,0.0004002531080163276,0.0009529369951611912,ok,False,0.3094923135038976,17.838099854580708,0.1454192922927775,1.8904507998061075,7.222491517207949
16,986,10.181378389695631,23.6613784031674,21.377860433695098,-11.538136238083897,-34.79464403689144,-0.1654180097652116,10.181378389695631,41.569399245117665,35.006611564101235,38.133507463579875,45.13249333628012,19.393220383476955,normal,12.218387207008636,normal,16.0426875,11.0,-11.703554247849109,-11.96237848111575,0.30000000000000004,0.0125,-0.6275273561477661,0.6,0.003993374526391233,0.06821026282853568,17881884012271551970.mp4,22.83226555577569,unlabeled,0.481551438659935,5bcd3e31bee01ee86dd5df7cebca94b2,normal,7.042292477831829,0.8,31.00032028672459,-13.263927495213071,-6.221635017381242,2,-40.46711187241499,-28.338563019420903,-15.372737156772928,-10.797023925116191,-8.821232838910303,-7.892827780726901,-7.255637011038992,/b/src/336185346/17881884012271551970.mp4,-0.44934526085853577,9.10115267672464,-29.210120849144815,-11.474308136341373,17.735812712803444,-14.898107553439116,-12.667732467867172,22.503515625000002,1.2822265625,6.26953125,13.811718749999999,0.30349025453421097,0.43671039791408767,0.43671039791408767,0.6505751952354958,1.2000000000000002,-13.548377560266402,0.05,-10.522345144007922,0.27499999999999997,0.013089515805258377,0.001702686290448084,ok,False,0.30349025453421097,35.0,0.0,0.0,11.25
23,3621,16.168117151959187,-10.393334267665265,17.294195772610742,-8.340309560018401,-21.296237632503967,8.475990124876251,-10.393334267665265,29.144503841127868,45.57155383309224,38.81267155839612,39.23295931004887,38.32315820351903,normal,14.895600011499873,normal,23.616,14.100000000000001,0.13568056485784966,-7.545139913400105,0.4,0.0,-3.1015243530273438,0.8,8.110848768781777e-05,0.34167709637046306,17881499156742826778.mp4,13.751097719103862,unlabeled,0.5229686605283207,583f3d26f2f377223b785999eace636f,normal,10.931522035160896,1.1,20.411460618183703,-20.965976371829036,-10.03445433666814,1,-35.51946466827425,-28.708929587287976,-21.95495854278414,-16.5875365607546,-13.224440352581693,-11.008774842923373,-7.658296329757778,/b/src/336185346/17881499156742826778.mp4,-2.8730030059814453,14.934977684269779,-21.040545467881856,-10.543615540624653,10.496929927257202,-21.78211271014426,-17.76860301748132,7.16988877118644,0.0015889830508474577,0.8007150423728814,3.1276483050847457,0.2968427164994369,0.26213218064728866,0.4535925765367603,0.8998515611751128,1.05,-12.187449759024666,0.0,-19.179735043514363,0.0,0.00010133523494981842,0.0023911512901194035,ok,False,0.2968427164994369,6.1440677966101696,0.0,0.0,1.9067796610169492
24,3563,-45.92018481265265,-55.22339591687351,24.537452684620902,-13.094814092129706,-16.661906114576624,4.914807022061005,-55.22339591687351,23.184455534289835,19.70138128866514,21.31802947039134,26.210423795679517,11.444065486868872,normal,12.057310001804698,normal,24.0225,1.1,-8.1800070700687,-5.8563773780265915,0.35000000000000003,0.0,-1.2507003545761108,0.7,7.49491897705531e-09,0.1251564455569462,17882975301490671662.webm,10.805528736550032,unlabeled,0.6085301189561199,fd6e68eeefed78a4db40abbc1fd78f3a,normal,9.128297195956632,20.1,14.750870718753852,-13.596586736189238,-4.468289540232606,2,-90.0,-24.982533842689183,-14.446904112180112,-9.822108123314788,-5.924699171867763,-5.26936526833764,-4.692707251727329,/b/src/336185346/17882975301490671662.webm,0.9055501222610474,10.112014326769343,-15.70700453808059,-5.802589947883824,9.904414590196765,-14.052653692069189,-11.15175987954365,25.65807291666667,3.829427083333333,11.029166666666667,17.95546875,0.2952533464501004,0.02038591500694681,0.023317787878518594,0.8539041788765802,1.0,-8.1800070700687,0.45,-5.775823243412195,0.0,0.2952533464501004,3.3058005735063315e-09,ok,False,0.1362719115780284,36.45833333333333,0.0,10.625,20.625
14,2403,11.428665446488328,8.440292821572378,6.600511312291236,-14.09573950855551,-11.185443319385039,-2.332046866409165,6.600511312291236,36.90332825150297,31.56507056553811,37.3323394402315,36.60289649591058,21.196478114647547,normal,8.870382479030415,normal,14.32675,8.8,-16.427786374964676,-5.142510323734628,0.0,21.01875,0.0572117455303669,0.0,0.0017152065391134925,0.04505632040050063,17881495344031601800.mp4,6.0429329956504105,unlabeled,0.5275636331184343,591ed793418f330ea7a38a9339b7426d,normal,5.9428358709080005,3.4000000000000004,15.841057024422263,-8.411110255041907,-2.4682743841339057,2,-28.433013081870893,-15.27532303372829,-8.986053840110902,-5.497012227380425,-3.668824842713387,-3.188558546227074,-2.5828598053774376,/b/src/336185346/17881495344031601800.mp4,1.5374438762664795,6.7566677618470665,-10.613740669742981,-4.818498879372342,5.795241790370639,-8.848596784173129,-7.332938602763935,41.25611888111888,15.78125,23.834353146853147,32.52753496503497,0.2934873745312686,0.3374372507211828,0.3374372507211828,0.5482009504393542,1.05,-14.690074582968062,0.35000000000000003,-5.226864489212586,15.2,0.2934873745312686,0.0025023028337839725,ok,False,0.014039034887046756,63.98601398601399,3.4965034965034967,29.02097902097902,50.0
30,9754,-4.268794372061574,23.394787260398317,7.460681253381427,-8.593079823261668,-25.927825626552647,-10.099714712913666,-4.268794372061574,22.823769940007843,19.9197633125175,19.835456951782255,22.035500151557102,11.622242510178344,normal,19.207884053040225,normal,30.32525,8.85,-18.692794536175334,-9.524174932215011,0.30000000000000004,0.0375,-0.8765313029289246,0.7,9.027745415053142e-05,0.03379224030037547,17881476139173281009.mp4,16.403650694337635,unlabeled,0.5714281762118966,2aafd5960e990752a94311708487c148,suspicious,20.20944707934838,15.200000000000001,20.2028433196113,-27.37597538969402,-7.166528310345641,3,-32.39457311338789,-31.5066544941835,-29.700244884419426,-23.743916814215847,-16.840438110104238,-12.772842375829429,-9.476614659220274,/b/src/336185346/17881476139173281009.mp4,-0.7819690704345703,22.63489397466413,-25.44392592434788,-8.872944885216375,16.570981039131503,-27.516901540420925,-19.989853123474795,3.373762376237624,0.22607260726072606,0.7871287128712872,1.796204620462046,0.28945881619823605,0.21940125711518388,0.5381676936888156,0.6656245924942973,1.4000000000000001,-16.85523531939109,0.0,-30.301356774695204,0.0,2.2111745923403081e-07,0.0009733305938029104,ok,False,0.28945881619823605,4.455445544554455,0.0,0.0,0.825082508250825
37,4311,18.900097007040202,3.5667518503078615,33.05043696117218,-5.5120960749809935,-29.443172131647607,-1.6529876577955704,3.5667518503078615,39.29013582900312,34.92716122167576,41.09326788727731,37.95705831020009,19.172002205071777,normal,14.071933053528678,normal,37.3145,34.6,-7.165083732776564,-11.77816768179434,0.7000000000000001,0.15625,-0.3772374987602234,0.7,0.004797710230425589,0.10638297872340426,17883610290830020451.mp4,17.665004449853267,unlabeled,0.570804002470928,ae4d988aacee84c43ec78a80305f75bb,normal,7.100201609309902,34.4,32.44605168415982,-15.142265901419007,-8.042064292109105,1,-35.36318210022367,-20.287302764679087,-16.263658841688745,-13.38378920250194,-10.759576001505387,-9.975941492625108,-8.808746549699041,/b/src/336185346/17883610290830020451.mp4,0.21147331595420837,8.666026003951277,-28.8120833074113,-12.100976539471354,16.711106767939945,-15.834953018671765,-13.86045973757447,17.41144436997319,0.7217660857908847,3.565264745308311,8.929708445040214,0.2882559014631278,0.37783496783538867,0.43647329837790794,0.8037104740159448,1.9000000000000001,-8.84934480852829,0.0,-15.113113998194695,0.03125,0.0010145179363439984,0.037416895383002594,ok,False,0.2882559014631278,16.890080428954423,0.0,0.0,1.2064343163538873
53,1354,0.744840740072128,7.779642149853238,5.109981431276827,-9.281186668810362,-26.274576356315386,-1.7463108426731484,0.744840740072128,70.47370327920474,49.229857340866836,69.47946943509243,68.1350367302605,30.19875175733879,normal,17.343535006346894,normal,53.0773125,30.35,-11.02749751148351,-9.244951352955757,0.30000000000000004,7.01875,0.9351423978805542,0.5,0.003075349363395116,0.0851063829787234,17881842513483638014.mp4,17.029625003359627,unlabeled,0.5245174282579126,cca9716dbd3a3edd83657f21b6861e29,suspicious,17.69978176461001,0.2,48.75299629801951,-21.984418566191522,-4.284636801581515,4,-29.814011013865496,-27.25914955290531,-23.59323434857262,-17.400346213943514,-12.904500020848456,-9.674705448291219,-5.603424816293353,/b/src/336185346/17881842513483638014.mp4,1.0905348062515259,19.45970466347618,-25.671014894119637,-8.948874415356329,16.722140478763308,-23.298742569273458,-16.253000200095368,7.782457587181904,0.8945570216776626,2.2085296889726673,4.458470782280867,0.2868931403083087,0.1200643601282008,0.3467378944920658,0.45969399333131783,1.3,-11.543653331032997,0.0,-16.492374710041407,0.00625,0.00044288208467985543,0.001116342027336605,ok,False,0.2868931403083087,8.19981149858624,0.0,1.6965127238454287,4.2412818096135725
9,658,18.30424879413917,5.732381742483412,21.32357759118453,-8.258014386216546,-56.86007268296927,-0.205285948219883,5.732381742483412,45.35163055161348,26.16882296280215,40.99948232187697,45.60273392907652,15.83513154880421,normal,16.68929420199393,normal,9.7988125,7.25,-8.463300334436429,-11.209871500153971,0.35000000000000003,0.0,-3.657323122024536,0.7,0.00044290132268720757,0.1095118898623279,17882960030910245827.mp4,45.650201182815294,unlabeled,0.5153649987483557,5bfa2a2f34d8fe09516a141d18d5ef4d,normal,32.877035640222815,6.300000000000001,40.35381350414248,-43.46146660981176,-10.584430969588944,2,-62.184072259888545,-59.23673361926008,-45.089493344010464,-19.200675938510805,-16.00052803449587,-11.692460907716628,-10.823211370992595,/b/src/336185346/17882960030910245827.mp4,-3.657323122024536,34.705276510431574,-56.096609700783894,-11.185288249914214,44.91132145086968,-44.69979951561225,-20.346617324018467,4.292628205128205,0.0,0.24583333333333332,1.6618589743589745,0.2817336570718304,0.007121613571176512,0.1670586698804761,0.7452220959708503,1.2000000000000002,-5.338751633181084,0.0,-16.731474176254302,0.0,0.00040443740890274993,0.0002677520819200352,ok,False,0.2817336570718304,5.641025641025641,0.0,0.0,0.0
34,3825,45.84553785757922,51.64792544480024,47.21628155481611,-3.726523947831046,-48.08821330635792,0.5770130142216008,45.84553785757922,60.240823742350386,40.983875058029895,56.94079829144093,59.19324787277215,23.92507379504648,normal,23.98720692659597,normal,34.2186875,2.7,-3.149510933609445,-11.912341434718924,1.0,0.0,-1.417669653892517,1.0,0.010374622263820934,0.21839799749687108,17882544348580814982.mp4,36.175871871638996,unlabeled,0.556720486293512,5e218dc6438df469985fb3e38499c159,normal,24.81307300220298,2.3000000000000003,57.35018616648743,-36.614296956793154,-11.801223954590174,2,-50.317998859311245,-44.28630296845207,-37.73990444281367,-31.65797953790338,-23.961134265912218,-14.202717677374505,-11.737791873830856,/b/src/336185346/17882544348580814982.mp4,-0.5913480520248413,26.82861233631437,-50.903881030599706,-13.515282502871736,37.38859852772797,-37.68939752449222,-24.57855497862081,1.4862938596491229,0.006944444444444444,0.1388888888888889,0.6057200292397661,0.2765198486443251,0.08279011762441991,0.09826115549435857,0.3785808040740345,2.0,-4.653913894097644,0.0,-12.210266715179014,0.003125,0.004823175516649161,0.02073787854995736,ok,False,0.2765198486443251,2.4853801169590644,0.0,0.0,0.0
27,2113,93.5492112458377,105.85054430286576,105.17960345028625,-90.0,-90.0,84.14965366157071,93.5492112458377,79.2086398399827,62.73263723637157,72.98857116423996,75.0891248740682,32.89920760684333,normal,16.870422775026622,normal,27.98,1.55,-5.850346338429291,-12.143003407249154,0.7000000000000001,0.0,-1.4715815782546997,1.0,0.001616742107088052,0.15707133917396746,17882993665842931619.webm,77.85699659275085,unlabeled,0.392463185010471,beb959368399cd91d42f7b8d6b2b00a2,normal,10.890512121833519,1.1,74.63082871093158,-20.11461529991502,-9.224103178081501,1,-28.36937499387908,-23.663923341120498,-19.757349698316187,-14.799110928274903,-12.772411418332505,-11.439186445716087,-9.192822993919398,/b/src/336185346/17882993665842931619.webm,-0.24346934258937836,12.066908191120554,-90.0,-12.270589804096423,77.72941019590358,-20.087047400499326,-17.113892117616,8.37265205724508,0.04315742397137746,0.6452370304114491,3.1762075134168155,0.2714825086110296,0.12118822641928784,0.1272957599149466,0.5945949330768254,1.55,-5.850346338429291,0.0,-12.143003407249154,0.0,0.004818811356148264,0.001616742107088052,ok,False,0.2714825086110296,6.618962432915922,0.0,0.0,0.7155635062611807
290,10420,1.2181053868205112,35.24717053201041,17.168765512905196,-9.10169824060311,-31.076138448620796,-8.054220748816633,1.2181053868205112,80.40260175445623,60.381575870905934,65.56233665689247,72.58339787917342,33.44794204004967,normal,13.637025381324463,normal,290.549875,178.05,-17.155918989419742,-11.710611770851411,0.30000000000000004,0.0,-3.920417070388794,0.6,0.00038546640639659335,0.04067584480600751,17881484728990977741.webm,19.365526677769385,unlabeled,0.6189169426846777,0ae23cf1c7f13932da7d465c69ddb4d7,normal,12.752184420219598,0.6000000000000001,66.43087187594682,-20.799395317217872,-8.047210896998275,1,-50.28380996894034,-39.89116316101786,-22.92460495126208,-15.184126052149402,-11.858473942499536,-10.72550020993964,-9.312693927819483,/b/src/336185346/17881484728990977741.webm,-2.9235033988952637,15.311414329960735,-33.019370764731,-11.049214726791982,21.97015603793902,-23.164647011645727,-16.560528780219727,10.933917814113597,2.151462994836489e-05,1.3044858003442341,5.358820998278829,0.2686404668376158,0.31619362600120215,0.4832149972597776,0.6673913549800324,1.5,-2.8124031571736143,0.0,-14.878558813057115,0.0,0.0011279323473322852,0.002939178507390579,ok,False,0.2686404668376158,10.80895008605852,0.0,0.0,0.6540447504302926
13,1087,20.62643878188935,14.940332590755041,13.892001355456266,-10.936835445783045,-32.95255108645133,0.04443856588676809,13.892001355456266,17.933220802911364,21.90182708010667,17.44117759617368,17.80674753084608,12.918056849723932,normal,21.81747794885055,normal,13.1425,10.9,-10.892396879896276,-11.68905014047109,0.45,0.01875,-0.5884678363800049,0.8,0.027415715708020684,0.08385481852315393,17883362291250847803.mp4,21.26350094598024,unlabeled,0.4997188930209567,05a27444cfc2a33b7ae8df2199e7a9ed,normal,24.807065744048188,5.2,17.069759713047088,-35.07010827451729,-10.2630425304691,2,-41.17154080102926,-39.12220981347582,-37.110987758323525,-29.124208508817546,-19.108525592468254,-15.494103314204887,-11.62301510847883,/b/src/336185346/17883362291250847803.mp4,-0.5884678363800049,26.51330363506724,-31.248667383547712,-11.007789560843552,20.24087782270416,-34.950309227946306,-22.405945785230553,2.209685114503817,0.04532442748091603,0.3089217557251908,0.9902194656488549,0.26321752578658736,0.13022520560156864,0.19925772248582227,0.28290633576784213,1.9000000000000001,-19.099120526096613,0.0,-37.04946841497596,0.0,5.397702927596132e-09,0.0009863695794382994,ok,False,0.26321752578658736,2.2900763358778624,0.0,0.0,0.0
8,1512,12.038380623667736,-2.5570786110595263,10.731323819000398,-8.266296270091763,-26.52150590772606,3.619243403835795,-2.5570786110595263,63.684685957065135,56.43326381686423,73.81268376882514,72.43350303743739,32.81065433979622,normal,10.35160577305168,normal,8.5449375,8.1,-4.647052866255968,-10.510631557546146,0.25,0.0,-8.560629844665527,0.625,0.001273249639327072,0.17459324155193995,17883630354503550822.mp4,16.01087435017991,unlabeled,0.5904618894450255,617b69ab9b1a3cb2bde83e016285bd37,normal,9.390832203944862,0.4,74.19592334957869,-20.8854306274695,-11.494598423524637,1,-43.39006500032424,-30.834065435629896,-21.637073995784974,-16.11460918690282,-13.17345266542673,-12.04037680316767,-10.309014981491412,/b/src/336185346/17883630354503550822.mp4,-7.701477527618408,11.372192540288081,-27.053629439815957,-11.680726327986214,15.372903111829743,-21.711650170383415,-18.05308330067009,8.813235294117646,0.0,0.0,0.3974264705882353,0.26054594015625426,0.5596085075234526,0.5596085075234526,0.901466972733878,1.25,-9.383971525950512,0.0,-14.066659722979814,0.0,0.0016788677747141742,0.00045412354613149145,ok,False,0.26054594015625426,5.294117647058823,0.0,0.0,0.0
105,5161,5.802232622109846,18.896220249908104,8.770548836111903,-8.16077639972357,-28.3066134150609,-6.552765950814578,5.802232622109846,73.97853885215491,56.64204125118283,67.44286901364876,66.65048584153367,30.176800299943572,normal,17.980940613855495,normal,105.813375,25.75,-14.713542350538148,-11.349957217023533,0.35000000000000003,0.08125,-0.2081533670425415,0.6,0.001746028352138768,0.05006257822277847,17881514246931196290.mp4,16.95665619803737,unlabeled,0.5788512440134819,9fd9035d597e4705a99cc7353053d42d,suspicious,17.856405297538476,0.1,58.85670128696308,-25.7450804702656,-7.888675172727123,3,-33.90059475791646,-30.319017718608393,-26.06647976616282,-18.140399486726945,-12.514368799596433,-10.902111622627451,-9.368896077705944,/b/src/336185346/17881514246931196290.mp4,0.20741404592990875,18.72401507564079,-27.859232714960303,-10.742810708328097,17.116422006632206,-26.2730790554229,-17.773526567925586,7.0650106332703215,0.14756616257088848,1.395055529300567,3.8418596408317582,0.2566479056507422,0.29411450602343014,0.5096455080467871,0.4841463848142427,0.75,-11.768538258768075,0.0,-14.480025521842101,0.36250000000000004,0.001338366614014045,0.004939714935433889,ok,False,0.2566479056507422,8.2703213610586,0.0,0.0,0.6616257088846881
84,33743,2.6968363669159174,46.609722112296836,-0.638119979814662,-1.764500685771752,-30.38675279754737,-14.611397358557381,-0.638119979814662,30.907478682486733,26.43817971626063,29.168710965162287,30.44527883800606,15.754636616809407,normal,12.68937199355696,normal,84.4045625,9.700000000000001,-16.375898044329134,-11.504739819482854,0.35000000000000003,0.0375,-0.6984215974807739,0.6,0.000613321824631871,0.036921151439299124,17883697213580469129.mp4,18.882012978064516,unlabeled,0.5575350545580644,dd213ccdbad1d05ceec252984ae2b68f,normal,7.988725602829188,9.5,25.61029067039702,-14.167472384761975,-6.178746781932787,2,-26.272666223083313,-18.864491733750476,-14.865891218203735,-13.054960765329426,-11.47412814828128,-10.640111275859777,-9.828381199369106,/b/src/336185346/17883697213580469129.mp4,-0.27177128195762634,5.754492373083281,-32.389230938694396,-10.453964798698324,21.935266139996074,-14.202513541943759,-12.961143275514587,22.34308353080569,0.848378258293839,4.619483116113744,11.726488447867299,0.25636914509046477,0.20617101975027174,0.20617101975027174,0.8744617059237622,0.05,-16.980224091727322,0.0,-18.76531824559035,0.0,0.00012579398531583773,0.0015493756326657266,ok,False,0.25636914509046477,15.225118483412322,0.0,0.0,0.0
34,7663,6.445336182103855,30.55092684831314,17.648558932209838,-3.9098016308346994,-36.242797244900146,-1.9014061666730062,6.445336182103855,51.80558503623136,28.63257172881214,40.48602758448332,39.52621975332876,19.385002311377267,normal,15.565626331711385,normal,34.086875,24.450000000000003,-5.811207797507706,-11.622479915059495,0.30000000000000004,0.0,-1.1921478509902954,0.6,0.0016069122793332226,0.18147684605757197,17883365081603004524.mp4,24.620317329840653,unlabeled,0.5130997479555776,e40fb2295a1a48af663a5243611922bc,normal,12.856746367227448,17.8,34.59512564611274,-21.325656775805136,-8.468910408577688,1,-53.97603974751321,-42.619848808205646,-24.210303150243277,-18.587037165909255,-14.638001346459403,-13.345811326127796,-10.691328853679261,/b/src/336185346/17883365081603004524.mp4,-0.9330118298530579,17.006609739324986,-37.61046344964962,-12.374283612513356,25.236179837136266,-23.94511998816732,-16.498638161564443,11.44851321585903,0.036527165932452275,0.2899229074889868,6.960168869309838,0.2559674036800424,0.13769649812398582,0.5130997479555776,0.533006178419813,1.9500000000000002,-14.734748899524522,0.0,-18.82134896770817,0.0,0.00012384552565370622,0.009496417941944661,ok,False,0.2559674036800424,2.0558002936857562,0.0,0.0,0.14684287812041116
140,18723,75.56095471886852,89.28370425395026,90.0338669972368,-0.4711895452811476,-90.0,-5.915531226868444,75.56095471886852,80.08130814866159,36.14570911134323,64.86958773557582,74.90565757445836,21.982949016594922,normal,12.038269953540684,normal,140.0990625,1.35,-6.386720772149591,-11.72118300482156,0.30000000000000004,0.2,0.2130182832479477,0.6,0.08996213195254735,0.16020025031289112,17882962933470283935.webm,78.27881699517845,unlabeled,0.5126758077508912,5be98a83ba39853d06a1f40df276ae95,normal,2.431639015434719,1.0,74.49122770520744,-9.824206639076692,-7.392567623641973,2,-13.103018753901678,-11.38715434942433,-10.02150819835636,-9.047548798445478,-8.433993360301264,-8.167196696383382,-7.750006195279171,/b/src/336185346/17882962933470283935.webm,2.0370051860809326,2.7310204660294497,-90.0,-11.80379717236709,78.1962028276329,-9.830076117100067,-10.001264767459752,41.06613709389504,2.9909630489111034,11.958006069260978,25.784362727597287,0.2529881659353107,0.10215209090216217,0.25999546413381797,0.41605090822202645,1.35,-6.386720772149591,0.0,-11.72118300482156,0.2625,0.006679090522127461,0.08996213195254735,ok,False,0.2529881659353107,82.39914316315603,0.0,0.0,23.74152088539807
252,14247,90.58442385647164,111.18836306692147,99.96385414065826,-90.0,-90.0,82.54482948185971,90.58442385647164,78.60501646043329,65.27881733085957,77.28068877646074,77.92845923593225,36.77225970907509,normal,17.21261390893989,normal,252.935,5.2,-7.455170518140292,-12.58175564893426,0.30000000000000004,0.0,-2.365166187286377,0.6,0.03309873503801197,0.1476846057571965,17882939809090048056.mp4,77.41824435106574,unlabeled,0.6265945205499474,98b19b7af4aa6f76fa1bb31de3edb351,normal,12.027870539369742,5.4,77.81815167201559,-17.443827271154376,-5.415956731784634,2,-34.29179357016628,-23.97000005947595,-17.86810058011394,-13.290592133196116,-10.722849019583439,-9.19626937522235,-7.528764134718613,/b/src/336185346/17882939809090048056.mp4,2.310751438140869,12.790613468942325,-90.0,-12.560016133455674,77.43998386654432,-18.41165237211449,-14.90186247079902,12.957678430209569,0.7525825425069198,2.7168594306049823,6.75375642546461,0.25113096254137407,0.2639721363241883,0.2639721363241883,0.6864618746546131,0.0,-90.0,0.0,-90.0,0.0,7.419293235158119e-16,0.9999999999997906,ok,False,0.25113096254137407,16.211941478845393,0.0,0.05931198102016608,4.389086595492289
14,1329,25.182989397966278,29.52663451652548,12.682068773507636,-5.699937408531085,-32.042540096572175,-2.1178632079208377,12.682068773507636,23.79444570189339,12.519134107548714,13.92762472081932,16.50923797333359,7.677896431399903,normal,13.50155903912315,normal,14.69825,2.85,-7.8178006164519225,-11.947117514855307,0.6000000000000001,1.4500000000000002,2.3180198669433594,0.8,0.012419662911576338,0.1251564455569462,17883630353881004295.mp4,20.095422581716868,unlabeled,0.48907850110555057,1e41137e411e20a5b16d90448ede345f,normal,5.814841687916758,2.3000000000000003,14.496001854638166,-11.58747001811883,-5.772628330202073,2,-31.091487207643947,-14.999643693294754,-12.920886492192965,-11.25882444907125,-9.602464756382425,-8.919694774155547,-7.922341517221077,/b/src/336185346/17883630353881004295.mp4,2.3180198669433594,5.237184049130019,-31.96082086743617,-11.126143722744878,20.83467714469129,-12.15239984074723,-11.18353917217979,31.00725255972696,2.426194539249147,8.475255972696246,18.588737201365188,0.24372035018376467,0.12062951391473647,0.3909557276082769,0.5035184286236087,0.2,-3.6637906209209676,0.0,-32.08956613255993,0.0,8.820058818382739e-08,0.002703474983160369,ok,False,0.24372035018376467,33.78839590443686,0.0,0.0,5.460750853242321
65,5229,23.844158067700338,34.323893683042385,30.721027092459344,-12.455027365979287,-34.81473185600374,-2.9269818424020446,23.844158067700338,67.91147321132854,47.37543836157765,62.688202141519184,65.6238966562598,26.60811998301564,normal,21.09971162554619,normal,65.015875,13.700000000000001,-15.382009208381332,-12.10106969744078,0.30000000000000004,0.0125,-0.8659549951553345,0.6,0.0009508216973404098,0.04192740926157697,17882938794090442969.mp4,22.71366215856296,unlabeled,0.5074946961311214,ff43252b4cd12bf75aed906e097049bd,normal,18.38861185176859,0.30000000000000004,64.29493376062854,-27.57577811363584,-9.187166261867251,2,-58.07083307912927,-43.71672220126008,-29.272634510316106,-22.248349944376997,-17.01409123879251,-14.659954227890704,-12.263137717324328,/b/src/336185346/17882938794090442969.mp4,-0.22067266702651978,20.23115839881344,-34.8428216788693,-11.409806212605966,23.433015466263335,-28.640256658604258,-21.320384292572708,2.7490384615384613,0.015769230769230768,0.20836538461538462,1.0508173076923077,0.23412003042877752,0.17918247897298342,0.28940749630243984,0.5759198426371762,2.0,-22.897264128200405,0.0,-19.98582632114422,0.0,6.408829295441101e-05,0.0001286674227222615,ok,False,0.23412003042877752,0.8461538461538461,0.0,0.0,0.0
12,20097,18.41232604675988,7.505763217946999,27.977147727217655,-13.625377303908074,-28.92422208630561,8.40207626424247,7.505763217946999,51.1527672510037,35.842364424464094,52.15706448523547,50.478631967491644,19.04322045471165,normal,18.998701575288663,normal,12.6316875,7.8500000000000005,-5.223301039665603,-11.633089117750975,0.35000000000000003,0.0,-5.7197418212890625,0.6,0.0037224362399634293,0.16332916145181475,17881869854811113740.mp4,17.291132968554635,unlabeled,0.577073267876352,b661ef8d272f2c4a4212f9430db2562e,suspicious,29.156898186007545,5.4,38.481714780128115,-36.01096958362257,-6.854071397615024,4,-90.0,-67.3548178977302,-36.66339800306987,-21.504156210992797,-14.405712212866993,-11.440740381443389,-9.335548829761091,/b/src/336185346/17881869854811113740.mp4,-0.26637619733810425,32.46755136028393,-28.592273987560844,-12.394989183576927,16.19728480398392,-37.39887707127521,-19.265077772626768,5.080605158730159,0.19072420634920637,0.7259424603174603,2.365823412698413,0.23299590536359155,0.23818048249181475,0.4201424859769476,0.8452246997524316,0.35000000000000003,-14.62201174142514,0.0,-12.201866666739772,0.0,0.004446823050067731,0.0008064505665700828,ok,False,0.23299590536359155,6.349206349206349,0.0,0.3968253968253968,0.7936507936507936
61,6056,-7.938754461873302,8.950892099343218,-8.374240180624852,-8.40365779629676,-26.00363651926574,-2.570773358491177,-8.374240180624852,70.70161747059757,51.816389490054505,65.22657126895197,75.67276050254556,28.89049235972594,normal,17.519322750297057,normal,61.824,8.950000000000001,-10.974431154787936,-11.057872403518443,0.30000000000000004,0.0,-1.3643683195114136,0.5,0.0003274214661055379,0.07634543178973718,17883361673852423266.mp4,14.945764115747297,unlabeled,0.5751700786647352,4f6efac87003ab16ad17836302e45e33,normal,15.707534036612932,0.1,53.731846505065214,-24.26973484341041,-8.56220080679748,2,-46.16603697934437,-40.69828028762946,-26.921981589938753,-17.92004013851711,-13.791492302359973,-12.260378230411927,-10.393807041652115,/b/src/336185346/17883361673852423266.mp4,-0.9184738397598267,18.81058302730759,-26.338410368913202,-10.573702577145626,15.764707791767576,-27.621425366457036,-18.437796590056884,6.353711569579288,0.08166464401294497,0.8074939320388349,2.9097896440129447,0.22640538937328455,0.5167273963993115,0.5167273963993115,0.6350067190690801,1.6,-6.282923874124806,0.0,-16.71655052303089,0.0,0.00040692354891948263,0.0029504392900153355,ok,False,0.22640538937328455,4.288025889967638,0.0,0.0,0.24271844660194172
188,5978,15.16843584040307,49.9629950232309,27.430486911185735,-11.64682849774103,-51.99106720578229,-5.018464764899388,15.16843584040307,65.86010634546142,63.69486291934186,65.53410019184508,65.76603617292466,36.6656469313851,normal,19.56164788445576,normal,188.19775,31.1,-16.665293262640418,-13.179432183070423,0.30000000000000004,0.0,-2.4266693592071533,0.4,0.00013937403979059145,0.039424280350438046,17883395204372667121.mp4,38.81163502271186,unlabeled,0.5348871218588666,63dbf5055386f2b88c1fae179463f66f,normal,6.432508518988083,4.6000000000000005,67.48999418605199,-17.828223316971904,-11.395714797983821,1,-75.67373698651431,-34.422405063513175,-19.01107270678122,-15.262417323504316,-13.961621124757192,-13.289122490984374,-12.2317967807336,/b/src/336185346/17883395204372667121.mp4,2.202711820602417,9.700167500413334,-50.919285982866846,-12.274169765382933,38.64511621748392,-18.733397731809664,-17.358936063853342,8.611247674727611,0.038034812649481796,0.7694658517140579,3.5047169811320757,0.2233888692628677,0.3008389713336041,0.3069049895569898,0.6126478966825021,1.1,-15.277045118747292,0.0,-14.229355264303441,0.0,0.0015003554439168027,0.00021373457434504354,ok,False,0.2233888692628677,0.7175126229072548,0.0,0.0,0.0
6,470,8.385228477542633,-3.4664039347411624,11.303849780826004,-6.350025822250284,-9.893696892023575,1.2051546988574025,-3.4664039347411624,80.30564369430024,63.665117234795915,60.951508184392345,84.72912019349809,32.699471161862256,normal,9.716861318923511,normal,6.083625,1.1500000000000001,-5.144871123392882,-7.571217523494176,0.0,0.15,0.10376854240894318,0.0,0.02187810492926247,0.1439299123904881,17883358865701824996.mp4,2.3224793685293994,unlabeled,0.5255453143286049,04671d312029bb71ce459ae19f0e26e2,normal,3.4895834377839057,0.1,63.16940478766038,-8.327023256689483,-4.837439818905577,2,-24.601057676275488,-13.962296791244933,-8.734084758247791,-6.338585328245168,-5.4480792417187045,-5.122885606725803,-4.726325987148406,/b/src/336185346/17883358865701824996.mp4,1.0138204097747803,4.089359904733212,-9.89092763973313,-7.8159162509862945,2.0750113887468356,-8.913936300935047,-8.703040909148731,47.01394628099174,5.490702479338843,21.261363636363637,36.24328512396694,0.2210353985911409,0.2940146872997737,0.44281220378056074,0.5352593405568992,0.45,-7.869368942723703,0.45,-6.854154964086161,0.59375,0.2210353985911409,0.013635680395871742,ok,False,0.003358078458437776,66.94214876033058,0.0,22.31404958677686,54.54545454545454
35,1570,5.833765319407883,18.34620716422306,4.238578994350471,-9.722406176362659,-22.81945242872858,-3.762358013756579,4.238578994350471,44.341048343555045,31.743521857408364,44.47297971756882,45.72228529103394,16.999785107606566,normal,15.2966930149877,normal,35.618,33.550000000000004,-13.484764190119238,-8.885768864196619,1.4500000000000002,0.0,-2.7286815643310547,1.0,0.015164263540495077,0.048811013767209005,17882986903210194666.webm,13.933683564531963,unlabeled,0.48923900777621154,d3d751db3c69838c0382d0fea83cdae1,suspicious,16.303828913358387,30.0,41.74621448236842,-23.083139196277045,-6.779310282918659,4,-43.330203730656166,-29.167868073644982,-22.97139356586262,-20.371710274155696,-16.049076775389956,-10.345161867863752,-8.912210960533821,/b/src/336185346/17882986903210194666.webm,-2.554619073867798,14.48198424181876,-22.74258331015131,-7.258541813186267,15.484041496965045,-23.259946621651515,-17.851312088855497,4.920470505617978,0.006144662921348315,2.2535112359550564,3.6594101123595504,0.21798028142745302,0.00475159611959087,0.023512890985097925,0.44914535524363286,1.9000000000000001,-8.477188991733579,0.0,-20.693546947940956,0.0,4.5048859665862435e-05,0.001476463098605663,ok,False,0.21798028142745302,6.03932584269663,0.0,0.0,1.4044943820224718
27,1428,5.7843430417521295,1.3503027926111244,6.855425160905864,-10.067892668466278,-40.69777669833408,1.9632234003617715,1.3503027926111244,38.97964920903202,36.70613607219485,36.66924246171369,37.00029980353236,34.96610311230725,normal,19.71144751178864,normal,27.2834375,25.35,-8.104669268104507,-12.942138728721172,0.4,0.1,-0.5987990498542786,0.7,0.03622388580621198,0.12265331664580725,17882967677241094012.mp4,27.75563796961291,unlabeled,0.5720951898397002,cf59e5460516cad60933ebbd5a51b659,normal,14.145607729260892,24.200000000000003,24.3732644822716,-24.448445368195983,-10.302837638935092,2,-41.747714275996984,-31.972033582657897,-25.0232536565279,-19.431031649673752,-16.423317913473586,-14.031745645186056,-11.979988176413812,/b/src/336185346/17882967677241094012.mp4,-0.5987990498542786,14.722274857268022,-37.59589966300592,-12.736250261558162,24.85964940144776,-24.439129866986104,-20.31024656164292,2.7528669724770642,0.017889908256880735,0.19461009174311927,0.865940366972477,0.21154169401589668,0.13964505361145046,0.1404871015012149,0.4498282386970758,0.25,-12.42426231617911,0.0,-19.58205771703129,0.0,8.161181386916691e-05,0.0060106177463597225,ok,False,0.21154169401589668,1.1009174311926606,0.0,0.0,0.0
63,11417,5.698122510364577,7.270236873910518,10.35007465313825,-12.347567931371607,-30.240819070485855,-1.0589937989628169,5.698122510364577,25.09380029353027,15.314038248332842,21.093543629536416,21.613711763359802,8.93316650235726,normal,16.734784284583128,normal,63.1350625,5.0,-13.406561730334424,-12.073301474084325,0.35000000000000003,0.0,-1.3933199644088745,0.7,0.0003402496266751737,0.06132665832290363,17883361345711406929.mp4,18.16751759640153,unlabeled,0.5308188637033785,f2ced9e4cd67a3488d39ff03a6f21dc6,normal,11.48269058147392,7.300000000000001,21.049702938541195,-20.32073282463246,-8.838042243158542,1,-30.922629408111995,-26.92872888791067,-21.78125213679403,-16.552882387987292,-13.156306680708873,-11.768132172221396,-10.00454246561145,/b/src/336185346/17883361345711406929.mp4,-0.9602515697479248,13.035639709616795,-28.84524352464134,-11.438010352646655,17.407233171994683,-21.0900198445295,-17.695035854331053,7.108161648177496,0.05422939778129953,0.6620443740095087,2.777981378763867,0.20782745736539412,0.17782665399788022,0.5299333479293548,0.6140955520820112,0.8,-5.009867957121905,0.0,-16.66821731672976,0.0,0.0004210666636173079,0.00305576692317454,ok,False,0.20782745736539412,5.863708399366086,0.0,0.0,0.07923930269413629
13,3417,9.969894780782079,11.747972950602374,20.89971111471867,-8.914978485066513,-25.258940655583967,0.6389420008565612,9.969894780782079,16.18443560716652,10.99708647410695,15.387029020487162,15.983675904967804,6.176825433455452,normal,16.80806771502926,normal,13.4908125,12.700000000000001,-8.276036484209952,-10.318299065945233,0.5,0.00625,-0.9919378161430359,1.0,0.0083148405252009,0.1195244055068836,17881465967631001463.mp4,14.940641589638734,unlabeled,0.381887601748501,4ef6532fe45a51f5a323e317215ad7d1,normal,13.17955422823815,8.3,13.885214336488906,-23.222906568829224,-10.043352340591074,1,-27.254007207716658,-26.179107195654066,-24.710179828346966,-19.2684512476631,-11.573863587581364,-10.830874350683725,-10.095628052351723,/b/src/336185346/17881465967631001463.mp4,-0.6614429950714111,15.32478300110236,-24.42129092230766,-10.428316404629715,13.992974517677943,-23.532064289559152,-17.46951071010067,7.052973977695168,0.1359200743494424,1.2067843866171002,3.508596654275093,0.20702129747238032,0.061292838285886525,0.19886861985578838,0.597453863155736,0.2,-18.565126709333384,0.0,-22.771527621482722,0.0,1.388518168801177e-05,0.0008308862705984675,ok,False,0.20702129747238032,11.524163568773234,0.0,0.0,0.0
36,6928,-4.772104848584604,16.0572264202136,-0.22189935902379,-11.536527102956367,-20.88142486600502,-12.278896332423635,-4.772104848584604,80.60428173591043,75.2508350229975,81.96675943753176,82.16338762950974,42.036241791564244,normal,17.123630434629302,normal,34.248,32.75,-23.81542343538,-8.706516027725971,0.35000000000000003,2.29375,0.11490443348884583,0.7,0.00015039734166456998,0.017521902377972465,17881844799460675138.mp4,12.174908838279048,unlabeled,0.5814417183998326,442ba71818873585a5e2794b069fa5d2,suspicious,14.692220182385503,32.4,49.49217089887276,-18.337466761400375,-3.645246579014872,4,-24.296135202889147,-21.770241614410843,-18.11171518312148,-15.967284455121355,-14.669565797910657,-13.960379376680732,-10.897158601150549,/b/src/336185346/17881844799460675138.mp4,0.11490443348884583,12.18419876624997,-20.80218500465522,-7.628170769252694,13.174014235402527,-18.341359437477237,-17.008726001140456,7.131213450292398,0.30710891812865493,0.7605080409356725,2.4745065789473686,0.206303069349467,0.3248697015811631,0.3248697015811631,0.6868641984686283,1.4000000000000001,-3.225295813030101,0.0,-16.902823728006094,0.0,0.0003905288202904092,0.03185676282725133,ok,False,0.206303069349467,1.3157894736842104,0.0,0.14619883040935672,0.8771929824561403
366,38510,10.178307029067007,27.574902037141456,29.987550196543445,-14.507953589766533,-42.7911559125483,0.9863918849709563,10.178307029067007,47.16276126397315,34.86239610908636,41.69847733340346,44.34353793911292,20.96704170372343,normal,21.90377773164555,normal,366.0335625,1.6500000000000001,-13.521561704795577,-13.071572778590824,0.25,0.0125,-0.9435900449752808,0.4,0.00013696648715343063,0.06382978723404256,17881518395660582444.webm,29.719583133957475,unlabeled,0.5608708491486931,427502acbc0241c30fcfe780ed1a1fbc,suspicious,20.193241515106227,107.80000000000001,45.37666241975389,-27.386773258968805,-7.193531743862579,3,-45.985869792960486,-37.179831518459864,-29.022769366138522,-22.69792474750849,-17.677645985337783,-15.13620346951464,-11.445590143860297,/b/src/336185346/17881518395660582444.webm,0.5428071022033691,22.889337870077476,-41.906737780836885,-12.428793840113991,29.477943940722895,-28.62381307600446,-21.360970629442182,2.6022284836065572,0.07710040983606557,0.3683999316939891,1.1288934426229509,0.20455638138450336,0.2874290089553991,0.29085352452239105,0.6489467813947356,1.6500000000000001,-13.521561704795577,0.0,-13.071572778590824,0.00625,0.00280767706584718,0.00013696648715343063,ok,False,0.20455638138450336,1.4617486338797814,0.0,0.0,0.15027322404371585
141,12137,4.240734466826679,27.941056704140657,14.047908730620042,0.3069307298597928,-25.818165040554174,-10.163246230317228,4.240734466826679,67.42732459813203,66.7303350700106,76.06676975155261,76.69574886010716,34.1906207689644,normal,15.05211063972325,normal,141.6649375,103.7,-9.856315500457434,-10.673821301995522,0.4,0.05,-0.23108677566051483,0.8,0.01777719219734383,0.08886107634543178,17882940054640517783.mp4,15.144343738558652,unlabeled,0.5510026379841272,f513256f2b7e2c9eaca92bbc3c5e4d80,normal,7.2995549732082505,0.1,62.58415575536889,-14.799406465319622,-7.499851492111372,2,-23.938369528374274,-20.200924995724332,-14.616341309046716,-11.770742431380647,-10.397482219746104,-9.795426754965794,-8.659330717901142,/b/src/336185346/17882940054640517783.mp4,0.9471743702888489,7.8111218635898245,-27.562931944600763,-10.334104241234677,17.228827703366086,-15.213171998071564,-14.1049362694344,17.166034239322272,0.4657165548888105,3.036004235792446,8.731821390751854,0.2021697545853018,0.11844995314260898,0.32166926821311453,0.6484501593631389,1.7000000000000002,-6.891368886403339,0.0,-12.676458248073295,0.08125,0.003854335725101197,0.04227772546242673,ok,False,0.2021697545853018,28.097423226261913,0.0,0.0,1.6237204376985528
27,5942,0.3410461924784123,12.15932342986006,3.4513063390086494,-0.8024446556997276,-9.758242395289084,-2.941438368958077,0.3410461924784123,29.814781659757898,29.758363170771204,30.372901431944673,30.46970007084857,18.09108331000748,normal,11.450065759509144,normal,26.981625,17.900000000000002,-3.743883024657805,-6.179761603923178,0.0,2.0500000000000003,0.8866097927093506,0.0,0.16167132188870248,0.20400500625782225,17881699235521999990.mp4,3.578480791365906,unlabeled,0.4791467978101918,d033d403f40df89da9774e5bc834fdb4,normal,5.390879325403198,22.6,7.306065284787182,-10.509314468943218,-5.118435143540021,1,-11.675577736931945,-9.932935448052401,-8.806234239132984,-7.360910455728973,-6.368160744156904,-6.088647621264625,-5.6659119906650695,/b/src/336185346/17881699235521999990.mp4,2.246764659881592,3.424348198795802,-11.881464552811073,-6.623659288188399,5.257805264622673,-10.427736870159872,-9.203301099627552,43.68193413729128,5.794179035250464,15.716256957328387,29.123028756957332,0.19042535428354382,0.10723970858536384,0.21906893342052097,0.4171466326893066,0.7000000000000001,-2.290759760598126,0.75,-8.228504721011197,0.496875,0.19042535428354382,0.17095023649463784,ok,False,0.004558943930892675,91.65120593692022,0.0,4.081632653061225,54.54545454545454
60,6652,-4.111710324530587,17.436689950167974,10.024212281008838,-6.679650727202181,-24.829180877615208,-10.710054287277362,-4.111710324530587,40.519279645957326,42.942614752875926,43.938575980377976,49.780300991467264,32.61574775712195,normal,17.21966121446406,normal,60.025,32.65,-17.389705014479542,-10.461554583621975,0.30000000000000004,0.0125,-0.99238121509552,0.6,0.0006995647385019789,0.03379224030037547,17883304730560851082.mp4,14.367626293993233,unlabeled,0.5693977342675982,f92b8cc4c003f962ebf41bda5ab94018,normal,12.522473305592177,34.2,25.781327293914625,-20.036527027831518,-7.514053722239341,2,-36.24429353842322,-26.104598528897387,-20.746207977500845,-16.66152115287183,-13.837949602326358,-12.093812645029221,-9.4152599896804,/b/src/336185346/17883304730560851082.mp4,-0.5465766787528992,13.407318147772347,-26.061334911410118,-9.990576062348218,16.0707588490619,-20.920507714904037,-17.76623789321696,6.852395833333333,0.08875000000000001,0.6635416666666667,2.51625,0.18829047393348206,0.19628949806405843,0.2888654086254635,0.692890017406795,0.45,-6.665104756413747,0.05,-11.206570284652313,0.03125,0.010063800052855286,0.030242950996554257,ok,False,0.18829047393348206,4.666666666666667,0.0,0.0,0.75
25,1291,20.791641357637502,0.5935370378528724,13.083859370843232,-6.315353519761814,-23.567233967013163,0.8278280814649666,0.5935370378528724,41.97459785196162,31.453233002986188,39.4562670364373,41.68443181883592,17.344056655123243,normal,20.173603324960308,normal,25.4736875,4.3,-5.4875254382968475,-9.682099331802885,0.35000000000000003,0.05,-0.6795862317085266,0.7,0.003466109374320744,0.15143929912390489,17883494374481730749.mp4,13.885134635210278,unlabeled,0.5684277153376652,f662319ae673ee496715dee187456874,normal,18.267207924082122,9.9,28.215267245112152,-27.04038904794202,-8.773181123859898,2,-48.69262049746092,-36.97012053340063,-27.493704632801926,-21.631088426523853,-16.01795745988196,-13.813656305270099,-9.165366406573796,/b/src/336185346/17883494374481730749.mp4,-0.3280189037322998,19.553386978735173,-24.640955460497167,-10.228379361111168,14.412576099386,-28.69379901763636,-20.501622228692607,3.254420432220039,0.08300589390962672,0.45284872298624756,1.4007858546168959,0.18430747910156473,0.07350922990373786,0.4002543804686065,0.5308638281249035,1.6,-10.618401614101042,0.0,-18.370909861676942,0.0,0.000161460816565419,0.01135202602310174,ok,False,0.18430747910156473,2.9469548133595285,0.0,0.0,0.9823182711198428
119,5775,0.5140698239054735,1.5196719761929316,6.432849508361844,-3.8546898576555084,-15.827610365995234,2.1626803928490492,0.5140698239054735,38.3308977375542,37.739280643505296,30.906819402381032,42.1056113784419,27.809620193454307,normal,14.749164165248647,normal,119.513125,112.80000000000001,-1.6920094648064594,-4.712705557921971,1.75,4.91875,0.7607208490371704,1.0,0.007860652962112209,0.27096370463078845,17883769631480014135.mp4,11.114904808073263,unlabeled,0.5220424130323397,f710aac0f828e5e621235ed6cb694b5b,normal,11.110071976168065,0.1,19.4367711186098,-16.1592161826791,-5.049144206511034,2,-21.176039202212333,-18.232136141468825,-16.244500909437086,-13.006290737498539,-8.410175446495925,-6.051295442943702,-4.147298547786749,/b/src/336185346/17883769631480014135.mp4,1.1489495038986206,13.58480244502105,-14.549375599299905,-6.90653535606098,7.6428402432389255,-16.456086691706524,-13.600214661350027,16.764069037656903,1.239173640167364,3.6368462343096235,8.490481171548117,0.1828163119044814,0.11865665764202779,0.2678864642189376,0.6614562297651612,1.0,-15.22205855031851,0.0,-24.770524197912607,0.0,4.6697310210141405e-06,0.005225303426087605,ok,False,0.1828163119044814,21.506276150627617,0.04184100418410042,4.937238493723849,12.133891213389122
59,10162,13.884131755483818,25.099194869604705,21.299988367615928,-10.481303226098708,-43.99105868248523,2.2984096923435455,13.884131755483818,66.13624599885097,56.492456196303806,62.31571350525427,65.22604318584689,31.685939398011048,normal,19.789675201203245,normal,59.3734375,29.55,-8.182893533755163,-13.227294590009635,0.25,0.0,-2.126744031906128,0.3,0.0003281181832859785,0.08760951188986232,17883371446173719070.mp4,30.763764092475597,unlabeled,0.542808980678338,20a5cd9a73d4cba74bb61b418bd9f502,normal,21.868915156430454,42.400000000000006,64.3896575427295,-31.857834383467925,-9.988919227037469,2,-77.77795637082116,-67.60687286560454,-37.682260884628235,-20.248267244381626,-14.515846673391689,-13.036586059185836,-11.252963508685216,/b/src/336185346/17883371446173719070.mp4,0.08325078338384628,28.13787811254916,-44.372086002255216,-13.740286822116435,30.63179918013878,-37.599620454719876,-19.7064244178194,4.5546545914069085,0.04280749789385004,0.6564869418702611,2.0837721145745576,0.18096205250327257,0.21807809058011077,0.330629391593582,0.47525680232187983,0.8,-12.693870198746346,0.0,-17.982398236832633,0.0,0.00019523489772453967,0.0026635762642680874,ok,False,0.18096205250327257,2.0219039595619206,0.0,0.0,0.0
180,12327,5.923833760285369,8.160639183145847,20.028438502444168,-17.613398543156592,-16.012335102054436,3.133143704860455,5.923833760285369,74.28754389221963,71.11493751907541,75.17078433420048,75.44402893293983,37.24746310459301,normal,11.698629897004812,normal,180.094,133.25,-14.480254838296137,-4.896544699557362,0.4,20.7875,0.2954656481742859,0.8,0.0022303912042456837,0.05193992490613267,17881616150380719588.mp4,11.115790402497074,unlabeled,0.6786068523706272,05e56f7830ec51d289f4d2bc61d843b3,normal,8.65166877068905,0.1,67.95806804807837,-12.013535182450482,-3.361866411761433,2,-18.619636584788722,-16.44690994668968,-13.392902507707664,-10.353465042594996,-9.28122043836528,-8.839396726846461,-6.636472955406497,/b/src/336185346/17881616150380719588.mp4,0.9134726524353027,9.35267060424182,-14.16089135417122,-4.201545626024384,9.959345728146836,-12.01896529777321,-10.78515724456951,32.793442793668426,2.9360073590669256,8.675801860594278,18.883903776728687,0.1798041013077371,0.15533087018645533,0.3548860801105038,0.6379271417834439,1.8,-7.29458045046206,0.0,-11.143166444860165,1.40625,0.00849871389695715,0.027789196280912656,ok,False,0.1798041013077371,40.87753401832824,0.0,0.7497917245209664,6.859205776173286
54,7075,-1.9486305955912542,-13.245654094859004,-5.48692938912061,-9.963665998854653,-23.20917680033481,2.1648301018826253,-13.245654094859004,33.61689200254138,35.494053363765744,37.32256138624793,39.01949738910639,19.492434041426797,normal,17.31294695428881,normal,54.381125,15.950000000000001,-7.798835896972028,-9.45042926513661,0.30000000000000004,0.05,-0.8001781105995178,0.7,0.0023402111569347005,0.09324155193992491,17881525427333106028.mp4,13.7587475351982,unlabeled,0.5709616194725178,a060a800ea63735ae8bcc5bf60a895e1,suspicious,14.67306247852899,0.2,29.054925905064305,-21.237399027111156,-6.564336548582165,4,-33.592579972879285,-27.842385582235764,-22.6383174185884,-17.88573423849365,-14.26679022087309,-11.84468821525206,-8.38400242657893,/b/src/336185346/17881525427333106028.mp4,-0.6157752275466919,16.260947855791557,-23.66798697699228,-9.807419824732296,13.860567152259986,-22.309223054263004,-17.928722181835504,6.400816467341307,0.19255979760809566,0.9461246550137994,2.84418123275069,0.17706528887049036,0.08299337682377189,0.34258500164393585,0.5839503013918924,1.75,-11.303591605105101,0.0,-17.57859694179858,0.0,0.00024440890427851594,0.000717849044304799,ok,False,0.17706528887049036,5.335786568537258,0.0,0.0,1.4719411223551058
20,11871,24.761341915104893,13.292370266989401,14.983750846022254,-15.195409827003783,-28.72591988469674,0.9581333999455417,13.292370266989401,38.974275961683816,28.316488399296674,41.084894583495554,40.639714575474216,16.781111464567545,normal,18.993117727271702,normal,20.0106875,5.4,-14.23727642705824,-12.774387439653571,0.30000000000000004,0.0,-4.228425025939941,0.5,0.0001685032005738873,0.05444305381727159,17881465968552291618.mp4,15.951532445043169,unlabeled,0.581441398035958,7cb454fe261ec86800c841d4da465ac5,normal,24.113794291831642,5.6000000000000005,38.541510677724375,-34.244327462161735,-10.130533170330093,2,-53.53080479731372,-49.802232427278,-37.862228834735234,-24.427335153449153,-17.25469586910746,-15.52936785277245,-12.315416422423327,/b/src/336185346/17881465968552291618.mp4,-3.024592161178589,27.810703588166344,-28.070735209080482,-12.163784245906452,15.90695096317403,-38.61530097996079,-22.01770988845029,2.39734375,0.0,0.10656249999999999,0.7478125,0.17347637596094556,0.565849554768045,0.565849554768045,0.7272373553586008,1.75,-16.669377043363447,0.0,-22.490472277174952,0.0,1.6221149455855555e-05,0.0006351636904426526,ok,False,0.17347637596094556,1.0,0.0,0.0,0.0
123,11724,15.36717159047312,31.356787926837697,30.502087801775033,-9.503289956018884,-26.908494838267977,-1.5405992828961264,15.36717159047312,74.2067165416131,50.58272490398947,76.81658921490411,77.44260076898436,26.608925895252398,normal,15.94441451477964,normal,123.762375,57.2,-11.04388923891501,-12.331975044768738,0.6000000000000001,0.08125,-0.20217709243297577,0.8,0.006307364991039553,0.05694618272841051,17882936700390770586.mp4,14.576519793499239,unlabeled,0.578514307122876,bb0bf7fa4d2daee44924464268f0c225,normal,8.476690098532591,0.2,51.992164461869066,-16.63852760054384,-8.161837502011247,1,-28.758911927915577,-24.634638476061653,-18.13549286761792,-14.246764040867411,-12.007484594358113,-11.089481548037076,-9.592061894870382,/b/src/336185346/17882936700390770586.mp4,0.36765143275260925,10.27727477922077,-26.656222887831376,-12.086764731093075,14.569458156738301,-17.61477127485496,-15.57676308202703,12.938762626262626,0.27845959595959596,1.6321464646464647,5.715050505050505,0.17284534407750804,0.30538638611606966,0.3900421001915768,0.4520438756607211,0.75,-12.90062391124697,0.05,-13.878045702935005,0.03125,0.0022728263420800626,0.00703867123518253,ok,False,0.17284534407750804,9.979797979797981,0.0,0.0,0.5252525252525253
411,25337,20.404050787663657,20.31069088380564,29.505451911001543,-14.355072298766412,-24.58289489463858,1.9788588707018508,20.31069088380564,77.39529024637446,71.83148260878134,80.43037338440257,77.58705251393287,39.878776742156674,normal,17.463094059798074,normal,411.039625,25.5,-12.376213428064561,-10.823438356201404,0.35000000000000003,0.7125,0.0650433748960495,0.7,0.0004430145640060963,0.06445556946182729,17881923385050870151.mp4,13.759456538437178,unlabeled,0.6044754467440792,a3b665396ad058898c58e754a9519886,normal,12.2539637851824,48.1,78.29277482411429,-19.641153826087276,-7.387190040904876,2,-41.68709674022026,-29.247545902161526,-21.19387514102825,-16.683061662867427,-13.461857608653517,-11.702095435352227,-9.205041860138593,/b/src/336185346/17881923385050870151.mp4,0.1278587430715561,15.592537672255695,-24.729994789055585,-10.253418720531961,14.476576068523624,-21.142283506341236,-17.335235316726518,7.945285888077859,0.13784975669099755,0.9994221411192213,3.435857664233577,0.17083172737829302,0.19441691975566133,0.3179835831633026,0.4706988476048939,0.8500000000000001,-16.130741253693706,0.0,-16.395771132851774,0.025,0.0004610689505319277,0.0006772173609550829,ok,False,0.17083172737829302,5.669099756690998,0.0,0.024330900243309004,0.827250608272506
30,4738,1.7094088868799004,8.695063219121113,3.220908290206502,-7.657667617440515,-26.126601537278383,-1.224785208968628,1.7094088868799004,68.73765557058883,65.49603287870866,67.93857878234918,67.98520283006364,34.28295150844099,normal,16.530081202530383,normal,30.16275,26.85,-8.882452826409143,-11.499412094602999,0.45,0.05,-0.7532677054405212,0.8,0.04828255301242773,0.11764705882352941,17883360634552505099.mp4,14.627189442675384,unlabeled,0.6101434066959224,c809892da604c3a077095a083735ac65,normal,12.27263423651318,0.1,67.23163016731374,-21.165475273062544,-8.892841036549363,1,-31.73106431035414,-27.322444549912177,-21.99550784173974,-16.890344458203728,-13.289417868252864,-12.06233867774557,-11.056490094671782,/b/src/336185346/17883360634552505099.mp4,-0.5957383513450623,12.205035058959352,-25.413404082018758,-10.805185213810734,14.608218868208024,-21.50505864494346,-17.125819553875445,7.977197346600332,0.16086235489220566,1.0984660033167495,3.5755597014925375,0.16561007008695341,0.12920469382820748,0.3631670757687348,0.269834496845524,0.9500000000000001,-7.2642664815147215,0.0,-22.113655595575402,0.0,2.1766334969102218e-05,0.029068242958702365,ok,False,0.16561007008695341,4.975124378109453,0.0,0.0,0.0
302,19060,-3.0488422862862734,10.700202983818986,13.357395878034799,-5.821532538031888,-23.366433829899023,-3.0751004735038956,-3.0488422862862734,62.14113413528245,52.99990357614848,56.000478408281076,58.784754608789584,28.152683958082974,normal,20.945798924951788,normal,302.627125,204.4,-8.896633011535783,-10.110735177426982,0.30000000000000004,3.55,0.952479898929596,0.7,0.002558348420334231,0.1276595744680851,17881910378980818126.webm,13.255698652472041,unlabeled,0.5370800491098069,47a0f239996699439de28c0436bcd65e,suspicious,16.30261015848659,0.1,60.23066930690396,-23.253810937120065,-6.951200778633475,4,-33.21166114998771,-28.08384604588972,-23.911691633509783,-19.766647289874086,-16.28061452574019,-14.394305878984857,-11.582265103433127,/b/src/336185346/17881910378980818126.webm,0.952479898929596,17.752285918154257,-22.76676116467025,-9.898939801820195,12.867821362850055,-23.472943136980103,-19.993319026022192,3.1924776933245207,0.04750495703899538,0.29467531394580304,1.1375475049570392,0.16137610421902407,0.15657294197827304,0.25333235735910214,0.6884845178010809,1.85,-8.349789321525634,0.0,-26.214319761025948,0.0,2.1998628560608206e-06,0.011631698401600613,ok,False,0.16137610421902407,1.520158625247852,0.0,0.0,0.06609385327164573
10,1187,39.65641159914739,31.016351627131023,29.91252524083735,-6.505174859485943,-39.8429223341959,2.882317451639711,29.91252524083735,32.771177747334676,27.697314706692023,35.149310408173605,34.45560139380915,15.59316929945983,normal,20.10911354627111,normal,10.031,8.85,-3.622857407846232,-13.490072057823488,0.2,0.00625,-0.7759600877761841,0.4,0.1721135373236113,0.23529411764705882,17882931056081260382.mp4,26.352850276372408,unlabeled,0.5163580569535314,cb489f227b37e3b8352801c5fd9e69ce,normal,15.597329765999085,7.800000000000001,24.742064226621075,-28.12134415614611,-12.524014390147027,2,-44.771695277596756,-37.81334839663008,-30.984319158993678,-18.05319965339838,-14.392794576806553,-13.242374152747987,-12.225429878587008,/b/src/336185346/17882931056081260382.mp4,0.07095996290445328,19.8647084546555,-37.14863499651483,-14.881423305942018,22.26721169057281,-28.36291896579538,-20.038153583366658,4.0940625,0.0446875,0.4609375,1.755,0.16010803361470846,0.3105320766344551,0.3105320766344551,0.30671946390429594,1.6500000000000001,-5.761669600937853,0.0,-30.246088774873062,0.015625,2.681567457792366e-07,0.10099596866399205,ok,False,0.16010803361470846,1.0,0.0,0.0,0.0
4,1402,12.424077506587167,12.521887318448634,11.938778511048195,-4.198756763857532,-16.38731894890706,0.6861486921419848,11.938778511048195,27.621732303420533,22.036503189490745,26.914983655671712,25.360869562028647,14.212915971031679,normal,11.913551119511634,normal,4.8645625,2.75,-3.5126080717155475,-5.679979500715346,0.6000000000000001,5.40625,1.501404047012329,0.9,0.09803915697886079,0.204630788485607,17882976404913259385.webm,10.707339448191712,unlabeled,0.3660251159636934,38b1939cff1847e95f2057d94663e7a0,normal,5.174987296409559,2.8000000000000003,13.675428780879477,-10.734099811759474,-5.5591125153499155,2,-21.58139044591647,-16.917541403853853,-12.143806768933057,-7.9676327378439895,-5.97525102307856,-5.567271977435256,-4.786668348521636,/b/src/336185346/17882976404913259385.webm,1.501404047012329,8.420948709418232,-16.9909477580446,-6.300332314834464,10.690615443210138,-11.725057763106657,-10.412147072499305,30.3215206185567,4.463273195876289,11.173324742268042,19.980025773195877,0.15808496215586199,0.1075159167827191,0.26709769327256166,0.44133377049560185,0.6000000000000001,-8.135973434008394,0.15000000000000002,-10.14329346340941,2.73125,0.02524332516982945,0.014348607764438094,ok,False,0.15808496215586199,48.45360824742268,0.0,10.309278350515463,30.927835051546392
87,6909,7.545297113488342,16.000915344268005,8.831896287735931,-8.45570005970334,-22.030267193170445,-4.127934361466691,7.545297113488342,66.52096053505619,62.21173489896034,70.63255174270182,67.11037005800651,34.658438626422395,normal,14.170334264323232,normal,87.6583125,73.4,-12.58363442117003,-9.785548459469927,2.8000000000000003,2.0812500000000003,0.6597244739532471,1.0,0.017039798165090762,0.07196495619524405,17882923944320851432.mp4,12.244718733700518,unlabeled,0.5465486755970436,40e14b62cfc2cf28c9943faca6992d3a,normal,10.38486969050504,0.30000000000000004,74.36527106584643,-14.627307498105264,-4.242437807600224,2,-26.145308500411506,-22.259143139111252,-15.565035611416237,-12.280964902768702,-10.477816594320698,-9.829182918282594,-8.845407682628833,/b/src/336185346/17882923944320851432.mp4,1.0137642621994019,8.088944963922543,-20.459756214406465,-8.499175477637191,11.960580736769273,-14.850280765077477,-13.15657000212383,20.27349543639475,0.955219623502567,4.673844837421563,11.362592698231603,0.15701787061177405,0.12516633336609695,0.17767405294175814,0.2947427659077647,1.4000000000000001,-17.50240133876299,0.0,-12.22640239304641,0.0,0.004371370993802748,0.0002819979146011991,ok,False,0.15701787061177405,22.304620650313748,0.0,0.0,1.654306902452938
20,4010,57.10013867437928,54.48206573746982,66.0295079428746,-17.805453712612966,-24.614891813188585,2.8902735055337203,54.48206573746982,77.83142412536176,74.08593170787587,74.63708275506752,73.98159080625096,37.83981733704776,normal,10.927227702416838,normal,20.3733125,7.2,-14.915180207079246,-11.187591624383801,2.75,0.21250000000000002,-0.42667731642723083,1.0,4.1397656136628845e-05,0.05006257822277847,17881839597600883347.mp4,13.427300188804784,unlabeled,0.5339120414896861,f5cd5c823dbf1cdb326d45770e25b816,normal,6.481030058457543,0.30000000000000004,75.0933290399412,-10.973431942512978,-4.492401884055434,2,-23.10639620522978,-19.140970193901794,-13.032098463662166,-11.804639258774435,-10.90530031361079,-10.186186108374208,-9.162187219532187,/b/src/336185346/17881839597600883347.mp4,-0.10582397878170013,4.366244761550124,-25.544268067329824,-9.316236909170593,16.228031158159233,-11.094543996212687,-11.033051681198538,30.248617936117938,2.7991400491400493,9.836762899262899,19.53071253071253,0.15615569016041886,0.15439515267227322,0.15439515267227322,0.6027500871315015,0.2,-13.624814209362004,0.0,-16.157883826836006,0.0,0.0005268836736783492,9.078381786500355e-05,ok,False,0.15615569016041886,30.71253071253071,0.0,0.0,0.4914004914004914
14,2336,18.701287290079808,12.792775608575477,28.71317461529005,-14.324686280743911,-32.02673380980122,4.161758879790655,12.792775608575477,61.03745676807051,44.15294768977107,53.67399767892638,63.797069359733456,27.976451957953593,normal,16.427507922810516,normal,14.0495,8.15,-10.162927400953256,-13.450337972646732,0.30000000000000004,0.0,-1.1028457880020142,0.5,0.0007017316810020267,0.08197747183979975,17881476529170788169.mp4,18.57639583715449,unlabeled,0.5182323343385062,28b59e4ad82491cffba45998f5db9945,normal,12.355130169652739,0.2,48.07404000590071,-21.591433225834777,-9.236303056182038,1,-37.313664434110535,-32.16908666228113,-23.155737939389503,-16.315644887944178,-13.035192423469574,-11.334628733491035,-9.581028954760395,/b/src/336185346/17881476529170788169.mp4,-1.0232367515563965,14.40040113390271,-31.13757008203008,-13.269721731912103,17.867848350117978,-22.7073866483739,-17.450744674366913,7.903794642857143,0.09598214285714286,1.033482142857143,3.6205357142857144,0.15597429695560996,0.2531752700020009,0.29018464829046464,0.5901412418254648,1.1,-12.245999602382245,0.0,-19.916013070319377,0.0,6.739096987288944e-05,0.00018206173630036922,ok,False,0.15597429695560996,5.714285714285714,0.0,0.0,0.35714285714285715
15,360,11.51300874277309,7.714533017798054,9.242497766547158,-10.172561427895378,-18.76628877224444,0.6914900721686426,7.714533017798054,66.67815228879857,69.09165403846943,66.47823851587582,64.72806880668429,37.06519439569685,normal,9.833755424758273,normal,15.232,2.6500000000000004,-9.481071355726735,-7.714833888449072,0.6000000000000001,7.49375,0.8037238717079163,1.0,0.03104858485713416,0.11013767209011265,17882948671120350716.mp4,11.051454883795369,unlabeled,0.5973899120534862,685f96c8595288dae16b56ca84b47221,normal,5.829728224984534,0.1,67.03917425261028,-10.461568878015601,-4.631840653031067,2,-19.617900356594113,-13.985633041154294,-11.552480727255471,-9.604992027786663,-8.406391842629608,-7.955288278808029,-6.20488708073081,/b/src/336185346/17882948671120350716.mp4,1.109135389328003,6.065654544365111,-18.420035034941698,-6.976734006104003,11.443301028837695,-10.497519078925821,-8.72462003543027,41.49095394736842,7.664679276315789,18.21402138157895,29.819901315789473,0.15406407996351348,0.12334474219977244,0.35699289762322284,0.4063325861871959,2.15,-6.719775190870905,0.15000000000000002,-14.531880002774455,5.315625,0.00278296969115438,0.056739659172045216,ok,False,0.15406407996351348,55.26315789473685,0.0,0.3289473684210526,15.789473684210526
121,8568,22.524216786335316,18.29513514850084,18.516229247173005,-1.7989595461048213,-19.802120673635002,-7.400465987935894,18.29513514850084,82.63122893255127,68.82312848636847,82.16669021273209,83.28517616425556,36.664117526637376,normal,12.532087386409348,normal,121.909125,63.150000000000006,-9.199425534040715,-8.240038516110216,0.5,2.30625,0.8130184412002563,0.9,0.015491228600440426,0.10763454317897372,17882980390403839363.webm,11.562082157524786,unlabeled,0.5744017251098795,9e799a485ff674a1fcfae4361807e2e2,normal,8.12082114488297,1.0,83.04618467881635,-11.597042681412988,-3.4762215365300175,2,-24.904450000778443,-17.297244240794683,-13.024961363743639,-10.113222140012168,-7.98802692137221,-7.031641874948059,-5.915431073435674,/b/src/336185346/17882980390403839363.webm,1.7818238735198975,7.974505457490921,-22.129904028914524,-8.498451920922726,13.631452107991798,-12.367559918394608,-10.75026351288945,30.274277071369976,3.3647713289581627,10.268457752255948,19.615950574241182,0.15376071560267987,0.0653100285570433,0.2642800686705049,0.5515719562733369,0.8500000000000001,-8.702853998689756,0.25,-8.802955230461837,1.021875,0.06372947680927642,0.00418618956495315,ok,False,0.15376071560267987,41.427399507793275,0.0,1.2715340442986054,17.760459392945037
11,4156,18.603723711856514,6.742234691890614,18.422536090408578,-18.314453150884688,-28.232102718391467,7.902355887747813,6.742234691890614,72.9480742534536,68.01189367728327,71.03509087566232,78.27081857057637,35.33345938778295,normal,15.543967171482397,normal,11.1455625,10.3,-10.412097263136875,-12.228895078995425,0.30000000000000004,0.0,-1.0738329887390137,0.5,0.0016969383121230469,0.07571964956195244,17882965448980531443.mp4,16.00320763939604,unlabeled,0.5196398964917192,d6e8e277a7e57f0c63964766a2ab0f1f,normal,12.404878621377648,0.1,67.79663758178646,-21.119745920817547,-8.714867299439899,1,-29.363522030668015,-28.313918157998522,-23.131270084059622,-16.70443420434172,-11.661056693180166,-9.928360184809863,-9.26356082790663,/b/src/336185346/17882965448980531443.mp4,-1.0738329887390137,14.408530975034543,-27.208073100135223,-11.756827026625103,15.45124607351012,-22.137329906090713,-16.61780016022141,9.30686936936937,0.1920045045045045,1.5295608108108107,4.733108108108109,0.15024935089580627,0.14579757744446195,0.48255195552905644,0.6408261798475978,1.85,-11.516724486427172,0.0,-13.900747647606085,0.0,0.0018200364965375417,0.003202946914278123,ok,False,0.15024935089580627,10.81081081081081,0.0,0.0,0.9009009009009009
15,1835,25.509848583477996,11.177495514277547,42.58821685633333,-15.369866537577382,-38.00387668279614,4.421105187776787,11.177495514277547,40.85096431406408,36.27866811716968,42.070683574681034,36.00290439173351,22.73555328328655,normal,18.123701381907022,normal,15.117625,1.6,-10.948761349800595,-12.96087239308575,0.15000000000000002,0.00625,-0.960580587387085,0.5,0.0003625654349474719,0.07008760951188986,17883761167870514975.mp4,25.04300428971039,unlabeled,0.7256080824824579,4221283338b95cd55c8fd1a1b1c0db9b,normal,12.328466762619799,1.0,22.31624932850876,-20.166753362693317,-7.838286600073518,2,-40.46159607272993,-29.581104147775097,-21.522345318122287,-15.372333699633591,-11.329333085078149,-10.148695361033045,-8.534120984908014,/b/src/336185346/17883761167870514975.mp4,1.5773464441299438,14.162592537424384,-30.63856758095981,-12.532715710483114,18.105851870476695,-21.16076802535714,-16.546354937777078,8.924048013245033,0.3342301324503311,1.6587334437086092,4.351407284768212,0.15001583594304368,0.30000930443721296,0.3405474114974387,0.7173125796371932,1.6500000000000001,-12.150120978070184,0.05,-12.96087239308575,0.003125,0.003690134941179548,0.0003184954173315735,ok,False,0.15001583594304368,12.91390728476821,0.0,0.0,1.6556291390728477
10,2503,32.65380198146828,37.042900001534754,42.97994631170394,-4.507611251558087,-38.43268617847669,-4.208233782247518,32.65380198146828,67.4570965292954,38.227138042014204,70.4126478772413,76.12816914546173,21.726331795013692,normal,18.750632876445373,normal,10.45625,8.35,-8.715845033805605,-13.763764214615906,0.2,0.0,-2.713442087173462,0.3,0.0002675834885732746,0.11702127659574468,17881496993831205749.webm,24.66892196386079,unlabeled,0.5439437094280112,6bdec98fb00edc56db4db8f0dc544376,normal,18.66174523013577,0.4,54.77332866406951,-29.20851650849641,-10.546771278360636,2,-55.710866760569566,-49.52193385565773,-31.05496090307648,-18.000787195408474,-13.767978812458171,-12.747221744497038,-10.367608079853577,/b/src/336185346/17881496993831205749.webm,-0.6854420304298401,22.19969227033809,-40.579498359981784,-13.669136805553135,26.910361554428647,-32.93456433889435,-19.436074906875213,5.331040669856459,0.014055023923444977,0.37948564593301437,2.021531100478469,0.14975476792575593,0.34486176292954723,0.34486176292954723,0.8479024273024371,0.75,-4.503688681776274,0.0,-17.172592691754218,0.0,0.0003198132765527793,0.0021125552278162102,ok,False,0.14975476792575593,3.349282296650718,0.0,0.0,0.4784688995215311
146,6625,29.75125914033731,10.90601635163759,20.340972098289576,-20.207445838686034,-26.09315130544604,11.421314793587985,10.90601635163759,61.749126886067714,49.81310114438251,61.74181125861236,66.67548160956716,27.179272846045926,normal,12.875747256533163,normal,146.3321875,8.05,-8.786131045098049,-12.13923539103351,0.45,0.0,-1.110904335975647,0.9,0.021711029994110186,0.0951188986232791,17883746277340707150.mp4,13.953915914412528,unlabeled,0.5357850404162786,0f61716f68de4a72818ee6ad2c8ca7a4,normal,3.5705388178274085,0.1,54.60848857085849,-12.132066226752878,-8.56152740892547,1,-17.8183326930584,-15.116817315693194,-12.339704240278303,-10.801666395308985,-9.814399196996028,-9.381504852122232,-8.639762114973475,/b/src/336185346/17883746277340707150.mp4,0.8011654615402222,6.139559409700365,-24.982903075782183,-11.997626416491004,12.985276659291179,-12.127302376498129,-12.074581794992941,29.131237183868762,0.8001537935748463,5.200892857142858,15.03785030758715,0.14810262782986153,0.23255355353532514,0.4290528001207289,0.40127654821500397,1.4500000000000002,-5.449153452573411,0.0,-14.901512599695252,0.0,0.0010981184681415337,0.0007350660136305005,ok,False,0.14810262782986153,45.59125085440875,0.0,0.0,2.460697197539303
18,2715,16.074384856413964,10.222007812599587,15.74770012774077,-10.603880110242873,-22.698455338305976,3.50273558964936,10.222007812599587,37.71681839051679,41.16740382812469,52.092283022809276,52.68718441527382,30.425012913800714,normal,15.864513200568084,normal,18.9475,6.1000000000000005,-7.101144520593513,-10.325625709585253,0.35000000000000003,0.0,-2.5963425636291504,0.7,0.004654454611947864,0.12390488110137672,17881567896650092707.mp4,12.372829628720723,unlabeled,0.5474706019050489,04554b70635ff6061fe391e7bb1d6718,normal,14.542872564067276,18.6,28.30118853434763,-23.665912084367733,-9.123039520300457,2,-40.637826600737895,-32.178790865804096,-24.508177862688278,-17.95293471822519,-12.547416018454545,-10.770397619065845,-9.486522036636481,/b/src/336185346/17881567896650092707.mp4,-1.972325325012207,15.742065495327848,-22.075838088288656,-10.988625900376277,11.087212187912378,-24.310312135926118,-17.83683852558029,7.375992063492063,0.009755291005291005,0.8835978835978836,3.4623015873015874,0.14480021538400217,0.19333294987993752,0.2871222979198841,0.8343086897469737,0.2,-6.197042198869504,0.0,-11.45146582942783,0.0,0.006920364354697718,0.0042384386860346655,ok,False,0.14480021538400217,9.25925925925926,0.0,0.0,0.26455026455026454
10,1169,3.640161653102904,12.199740752088214,1.7716370970570487,-21.869159762205605,-22.218136133814724,-5.054251495076365,1.7716370970570487,67.67194513017272,63.29693817925565,64.98030053471922,64.58528357764871,33.37988087272517,normal,14.950145980480961,normal,10.9866875,7.45,-26.92341125728197,-10.211068947663751,0.30000000000000004,0.0,-1.0237476825714111,0.6,8.084877604911945e-05,0.012515644555694618,17882548075240997522.mp4,12.007067186150973,unlabeled,0.4145781707040557,49ae0e2d4e82bb1bbe3eb60ee5998727,suspicious,13.22069414879774,0.1,59.2788394782326,-19.733999064142942,-6.513304915345202,3,-25.520551799332463,-23.863315626118506,-21.68547649321823,-19.38772768302963,-14.18376962135864,-11.395560323295978,-8.560816132391325,/b/src/336185346/17882548075240997522.mp4,-0.9515967965126038,13.796153111275745,-19.843194531407857,-8.267829378940354,11.575365152467503,-19.691451788325896,-15.901742776993565,8.685216894977168,0.5279680365296804,2.0590753424657535,4.58162100456621,0.14403607267056,0.28091753032004624,0.39808219183642224,0.30669017212531613,1.6,-25.94299635633948,0.15000000000000002,-11.22565558703497,0.00625,0.013391947428012713,8.103464563464659e-05,ok,False,0.14403607267056,6.392694063926941,0.0,0.0,2.73972602739726
33,5654,10.624081074602678,12.026312461670628,12.409486337377228,-10.147086363047027,-23.329997575371195,2.375148056743546,10.624081074602678,19.521486541021112,16.93128241776042,22.88662379257502,23.02527932755204,10.575043587692367,normal,17.09884731149221,normal,33.8546875,2.4000000000000004,-7.771938306303481,-10.809958656078315,0.45,0.01875,-0.5538431406021118,0.8,0.0019524742589238898,0.11451814768460576,17881849126390123196.mp4,12.52003891929288,unlabeled,0.5408052888570846,26f366d0b57dadb8e1bdcbe7139beff9,normal,10.534023593549268,0.4,20.990804177144597,-20.46934902305434,-9.93532542950507,1,-28.981799734208227,-25.360436847500132,-21.0932121753073,-17.482193424821,-13.217911486262098,-11.433240654032875,-9.918820003312396,/b/src/336185346/17881849126390123196.mp4,-0.43283790349960327,11.72203149755177,-23.329363774622983,-10.869976304828144,12.459387469794839,-20.673831552984623,-17.531685214991814,6.814069423929099,0.10847488921713441,0.8401957163958642,2.847858197932053,0.14377808560664374,0.1865849274913911,0.3003731661529075,0.4667845334741397,0.55,-8.093261446115068,0.0,-16.069004358988433,0.009375,0.0005702775632361821,0.000273506730264865,ok,False,0.14377808560664374,6.646971935007386,0.0,0.0,0.0
122,17346,1.810874313938241,14.482520683479779,12.223601594419504,-5.372281793236729,-25.540034513145507,-1.2231195686091212,1.810874313938241,74.56940638772711,74.3685639411427,75.0861042870687,76.05100530422509,37.86391805218932,normal,19.608561425331526,normal,122.2530625,77.75,-6.59540136184585,-12.232806662794516,1.2000000000000002,0.1,-0.29150792956352234,0.8,0.04494813435038231,0.14893617021276595,17883547927120583672.mp4,13.30722785035099,unlabeled,0.5487944264858389,0b0c9527d312f90d937a591b33dcd509,normal,13.807465754353412,0.1,74.04364977671821,-23.60764769232116,-9.800181937967746,1,-30.7046196254318,-28.42410408192781,-23.648030438444387,-17.875335542624043,-14.341438892176521,-12.814155515468572,-10.426330929352249,/b/src/336185346/17883547927120583672.mp4,0.004476083442568779,15.300886188456678,-25.929027700267817,-12.366742819535617,13.5622848807322,-24.102116326537676,-19.604085341888958,4.001993865030675,0.04667689161554192,0.326840490797546,1.4087423312883436,0.1424179857655902,0.28033134991756253,0.28033134991756253,0.3970916902681356,0.35000000000000003,-7.274115329909089,0.0,-14.52917426394433,0.0,0.0014306653416787474,0.04836859486793749,ok,False,0.1424179857655902,3.2719836400818,0.0,0.0,0.16359918200409
60,9108,28.532705296111406,12.241868344156106,31.71053999993154,-20.387183326015595,-28.915168442154467,17.78276363432464,12.241868344156106,27.550360734554285,24.51754383558105,28.160457073578534,31.281336401833606,13.408151201249758,normal,16.561241995731145,normal,60.6505625,11.8,-2.604419691690956,-12.63531586769531,0.35000000000000003,0.0,-1.7645550966262817,0.6,0.19738373943403498,0.23341677096370464,17882518681650361236.mp4,16.279852574459156,unlabeled,0.6835773183920266,348b5a0a8f3584c8d1c54163f0eea6c5,suspicious,17.07516699811736,54.1,22.976942758458172,-25.02332975980189,-7.948162761684527,3,-44.40159822263428,-40.76060375565872,-30.342449441982378,-21.343004914888468,-14.561179359267799,-11.719673886626431,-8.917485239300863,/b/src/336185346/17882518681650361236.mp4,-1.0846410989761353,22.763286004783645,-20.960851552288297,-13.446462783389261,7.514388768899035,-25.654849823833885,-17.64588309470728,6.686521022258862,0.25824402308326466,1.4193116240725474,3.532151690024732,0.1413092076298871,0.09680860937945279,0.40114436228927847,0.7820353589477372,1.0,-12.510145254082822,0.0,-34.74273807407607,0.0,1.970199151612485e-08,0.011289129583593495,ok,False,0.1413092076298871,5.605935696619951,0.0,0.0,1.0717230008244023
9,2366,2.821757270286211,-3.79381417608705,-1.2170806986504736,-8.64562047273198,-8.64390540612645,-0.47391146476583756,-3.79381417608705,4.063679574541329,4.257611257106275,3.6422729554110163,3.150628476300861,2.8340691958359017,normal,11.132045611581603,normal,9.589875,4.8500000000000005,-9.119531937497818,-6.857053591368954,0.0,0.65625,-0.03579733520746231,0.0,0.025760694701494127,0.10513141426783479,17882142862031400089.mp4,1.7868518147574957,unlabeled,0.43330810473551135,dc5b77729019d3603c299103571a341b,normal,2.5558871754226917,7.5,3.0405000475391333,-8.776042550617635,-6.220155375194944,1,-11.053800572379973,-9.857366409208366,-8.837961123442762,-7.989659640893423,-7.061698599979842,-6.634041601722704,-5.75603978370506,/b/src/336185346/17882142862031400089.mp4,2.365978717803955,3.357573766762237,-8.558640190266654,-6.764480547853319,1.7941596424133355,-8.82813648681768,-8.766066893777648,46.790903141361255,7.079188481675393,18.154450261780106,32.06871727748691,0.13816845231553176,0.11531849059349569,0.3432507015973573,0.3566623181682269,0.15000000000000002,-6.923717320480074,0.6000000000000001,-8.695194009301087,0.34375,0.13816845231553176,0.06386046188324186,ok,False,0.0023711993581219874,91.62303664921467,0.0,2.094240837696335,53.403141361256544
82,5842,6.6804362610845605,12.363695329634258,6.180846202075976,-9.621424211106808,-25.09104473554693,-6.07034711404747,6.180846202075976,39.330916898986374,45.50438397207456,31.715080786277717,42.09426192797126,37.72299591527539,normal,14.933120362952973,normal,82.338,69.05,-15.691771325154278,-12.034201843732944,0.30000000000000004,0.17500000000000002,-0.29773029685020447,0.6,0.002702188109101905,0.04505632040050062,17881978418230702878.mp4,13.056842891813986,unlabeled,0.531082188967301,14ff5df1540f9361ba1cc43875f293d5,normal,8.331127146115014,47.300000000000004,18.607303164444325,-16.375713122216595,-8.044585976101581,1,-25.99283345429764,-21.867723405299763,-16.250955135235643,-13.02568348581558,-11.422921615147006,-10.513638928618793,-8.872910999687358,/b/src/336185346/17881978418230702878.mp4,0.23022271692752838,8.493768188113577,-23.27303981493918,-11.410905949225377,11.862133865713805,-16.527630704153612,-14.702897646025445,14.27509872417983,0.4527263061968408,2.5731698055893077,7.178728736330499,0.13313695157138358,0.39223956814739996,0.39223956814739996,0.6719898627614566,0.35000000000000003,-11.305356761739166,0.0,-19.31609895354389,0.0,9.537028552446761e-05,0.009020111163335082,ok,False,0.13313695157138358,15.613608748481166,0.0,0.0,1.275820170109356
18,1625,19.063118017808108,26.30919828473585,22.830414958423574,-9.375799328217816,-36.41281200195131,-2.126927002781194,19.063118017808108,47.275291757081355,40.79300730545505,51.265794756525,48.947552990303585,20.94046555564975,normal,19.559935905129628,normal,18.76175,15.700000000000001,-11.50272633099901,-14.2635454188453,0.45,0.0,-2.7869508266448975,0.5,0.006098957982989371,0.07133917396745931,17882980389732774341.webm,22.14926658310601,unlabeled,0.5083266759889685,cb901a024e142d7261f769c694d415d1,normal,36.9959600373855,7.7,48.9226183193409,-47.83255988413756,-10.836599846752055,2,-63.5471274081852,-58.27929581585415,-48.798069751070756,-22.94657289748605,-18.531434276162507,-15.421663068107538,-12.575368598266756,/b/src/336185346/17882980389732774341.webm,-2.7869508266448975,38.06294920648432,-36.042754638505635,-13.814345202424,22.228409436081634,-49.64058163042697,-22.346886731774525,2.177,0.009333333333333332,0.334,0.9406666666666668,0.13009947390633675,0.06578430500655937,0.11816487000508508,0.36227084381499797,0.2,2.521817245692613,0.0,-51.04513066161593,0.0,2.9584340889110884e-12,0.33238727371292187,ok,False,0.13009947390633675,0.5333333333333333,0.0,0.0,0.0
225,20342,7.473090783473822,10.812808207430727,16.38427475336566,-6.894838570421186,-24.364330440206032,-4.1603066631813554,7.473090783473822,71.85088751537158,58.9836393498937,63.98794468023577,57.10470478247793,32.019209664876506,normal,14.977136603299341,normal,225.9301875,208.75,-11.055145233602541,-11.64986533722083,0.35000000000000003,0.29375,-0.02685311809182167,0.7,0.009310032369528053,0.07008760951188986,17881895671860182913.mp4,12.714465102985203,unlabeled,0.644395248205207,a5289b833e81eac60a519d5fa5c32fea,normal,8.402235506139384,0.30000000000000004,48.82837044487731,-14.669132098592337,-6.266896592452953,2,-24.609727592043832,-19.02957387025338,-15.797449933867153,-12.850880699720658,-10.584375321488137,-9.514434306275314,-8.04793298428935,/b/src/336185346/17881895671860182913.mp4,1.1061804294586182,10.418766826685344,-24.104074892289805,-11.958411462911577,12.145663429378228,-15.200499772058157,-13.870956173840723,18.719026671093403,0.4742972554227534,3.0544073705179287,9.151103917662683,0.12476785480990794,0.2241866853526211,0.3546262629341956,0.46521917393347506,0.35000000000000003,0.41094614379350497,0.0,-22.053652464571005,0.0,2.2126976466047093e-05,0.0005627355389936179,ok,False,0.12476785480990794,18.857901726427624,0.0,0.04426737494466578,3.2536520584329347
12,3538,-6.03553423808617,7.775841476878712,-7.904710798651317,-8.882334020419425,-16.47603800591688,-4.644081415818732,-7.904710798651317,81.52372828308214,79.21260052633825,81.656074894906,82.7991592033914,40.2300763944165,normal,10.1035950708237,normal,12.8174375,8.4,-13.526415436238157,-8.290331021666825,0.0,8.58125,1.3605879545211792,0.2,0.0036449879057754353,0.045682102628285357,17883403663590092685.mp4,8.185706984250055,unlabeled,0.5437115908265099,246438673187b86a83722eb279e13a92,normal,6.876053103232253,0.1,73.93680539226239,-10.086066687852787,-3.210013584620534,2,-24.60217067380805,-17.12689750828179,-10.625362784399812,-8.021854647516623,-7.357983275984633,-7.117536265221122,-6.66111405941723,/b/src/336185346/17883403663590092685.mp4,1.972754955291748,5.057117989536805,-16.18145136846001,-6.315968023155063,9.865483345304948,-10.045544874246037,-8.130840115531951,43.758056640625,10.3056640625,21.5869140625,32.433837890625,0.12362855040086125,0.028996652543894417,0.5437115908265099,0.581048619489625,0.4,-4.033077504522801,0.30000000000000004,-7.730220807242402,0.3125,0.12362855040086125,0.03640427188329657,ok,False,0.016164845101268668,54.296875,0.0,0.390625,41.015625
20,2300,-4.86201738837725,18.17958905917074,4.5344565096613,-15.2717364035469,-18.98258085632429,-8.35348393445673,-4.86201738837725,81.19489647592792,81.99705635173855,81.99705635173855,81.9232795185593,41.62578417019248,normal,15.145222220854775,normal,20.1549375,16.85,-23.62522033800363,-8.834493837047752,0.35000000000000003,2.6687499999999997,-0.04444114863872528,0.7,0.0002070113821882198,0.017521902377972465,17883360944451558085.mp4,10.148087019276538,unlabeled,0.5656356069009284,448b4f7b17264e6aa4c1657c90cfc48a,suspicious,17.724729427274227,16.5,19.486308969936395,-21.844644993344794,-4.119915566070565,4,-90.0,-25.314646969734913,-22.61979637812001,-16.740396646825758,-14.336622258008756,-12.231709313242927,-8.748674123158786,/b/src/336185346/17883360944451558085.mp4,0.04805922508239746,15.87136471850497,-18.968580580836964,-7.65879745161986,11.309783129217104,-22.039625220859737,-15.097162995772377,11.915167493796526,0.5397022332506204,3.4373449131513647,7.23929900744417,0.1175829293382223,0.2423567152389079,0.3524314979852314,0.6559088003135282,0.5,-4.051965481827445,0.0,-19.779788986778687,0.0,8.115541149401867e-05,0.038638732735136676,ok,False,0.1175829293382223,4.714640198511166,0.0,0.0,1.488833746898263
34,11391,8.670086566521132,20.189707145281915,14.593625840175442,-5.258415986688615,-17.614261030933662,1.0079158544920013,8.670086566521132,72.84441269375876,58.36673891308986,72.84441269375876,72.84441269375876,32.72621795446369,normal,18.906944710671148,normal,34.304,27.85,-4.250500132196613,-8.203328658942672,0.4,1.01875,0.43729788064956665,0.7,0.017100747401759306,0.20150187734668334,17881514247692206034.mp4,9.41093237199099,unlabeled,0.5136507708353761,81a10e841f0cc638eeec15721e7a414c,suspicious,16.53057510824111,1.6,71.78402214729994,-24.382793531432583,-7.852218423191474,3,-49.54804385707807,-31.266636036510338,-22.935165073945917,-17.035699791887524,-12.658223469170963,-11.12336097912289,-8.681386905810076,/b/src/336185346/17881514247692206034.mp4,0.43729788064956665,17.635627611425058,-19.16039042468313,-9.392512293103573,9.767878131579556,-24.432710174432472,-18.46964683002158,5.678024781341108,0.14094387755102042,0.7953717201166179,2.5199526239067054,0.11681547287023111,0.3268450546278761,0.3268450546278761,0.6260312303345806,1.55,-10.58569750814057,0.0,-20.754136487277176,0.0,4.315216477501182e-05,0.0046715639188044476,ok,False,0.11681547287023111,8.16326530612245,0.0,0.1457725947521866,1.6034985422740524
26,3559,-7.501450705499222,1.0951537143316212,-1.4701013619022874,-7.188948324191928,-26.74125267294149,1.4474103761370305,-7.501450705499222,28.656378339519698,17.65150623649933,23.51934002006976,26.17087744387736,14.469140234963689,normal,16.905855453354683,normal,26.563625,5.7,-5.741537948054898,-12.58417716068908,0.30000000000000004,0.0125,-0.9317144751548767,0.5,0.007420270165861697,0.17772215269086358,17883654585623318570.mp4,14.157075512252408,unlabeled,0.5235342595401087,d3d5e3a9fa0f8d1acd73129a8f52b1da,normal,9.91498935722596,12.200000000000001,18.048008276866437,-19.98875672603418,-10.07376736880822,1,-28.394925174085365,-25.30785416244026,-20.43602311106484,-16.308166860057067,-13.297690906235179,-12.352297165901811,-10.570717634996198,/b/src/336185346/17883654585623318570.mp4,-0.7766575813293457,10.67850753254514,-26.72771919541301,-13.519765428260168,13.20795376715284,-20.446101087148072,-17.68251303468403,7.147834274952919,0.03436911487758945,0.5070621468926554,2.5798022598870056,0.11394956241832306,0.18357217998253766,0.36699330735898394,0.6390976196485856,1.4500000000000002,-9.355471388549487,0.0,-16.938645565732212,0.0,0.00035180965767432333,0.0018030563044197784,ok,False,0.11394956241832306,4.3314500941619585,0.0,0.0,0.0
20,2377,4.054117461590877,-4.366027004775083,4.256902338008601,-11.209057391513952,-13.076733330524386,1.4866906891913239,-4.366027004775083,80.2235491607015,78.17306372407221,77.90339920739827,76.93225248353248,40.1617567887172,normal,10.419929925199863,normal,20.1795625,1.1500000000000001,-9.722366702322628,-8.029593922472987,0.0,0.0,-2.105327606201172,0.0,8.88690898100475e-08,0.08760951188986232,17882819830783393469.mp4,5.0471394080513985,unlabeled,0.5087050453817191,0f4246f2c75fc3ad91f453c0ae68298d,normal,4.1429998234958925,0.1,73.25176249054175,-10.430366017891698,-6.287366194395806,2,-18.14179945767435,-13.81633260927649,-11.140749794331931,-9.401161433044724,-8.004476067244811,-7.5870233928917115,-6.793689704097391,/b/src/336185346/17882819830783393469.mp4,0.06988255679607391,5.100844685485646,-12.57653064529336,-7.805470928132449,4.771059717160911,-10.475687381182874,-10.35004736840379,39.19882133995037,2.298542183622829,10.702388337468982,24.135856079404466,0.10785807173282336,0.011812891478371085,0.026876455193766916,0.36902004376888664,1.35,-10.197779574391356,0.30000000000000004,-7.821681301940164,0.0,0.10785807173282336,4.4381758252156046e-07,ok,False,0.006064394437197484,60.049627791563275,0.0,0.0,20.595533498759306
105,3595,13.764416648705826,8.061947599294246,10.532874674271369,-18.42736423531862,-21.531368572551074,-1.856324020174263,8.061947599294246,57.16075723096821,29.369798229164438,43.79778765631402,68.59619277001116,15.141765127979554,normal,9.64962978146957,normal,105.674,83.85000000000001,-20.283688255492883,-10.38013580071776,1.25,3.05625,-0.41383445262908936,1.0,9.189899846906725e-05,0.03254067584480601,17882945993762639895.mp4,11.151232771833314,unlabeled,0.512996957323606,09fd897c6b57b8a60957805828fd59c2,normal,7.021599503736123,0.5,38.53866669617128,-9.978091029193607,-2.956491525457483,2,-23.80883007447212,-15.971615155415874,-13.778503849861853,-12.455376189429783,-11.059733124926776,-9.958701045188826,-8.441352975508009,/b/src/336185346/17882945993762639895.mp4,-0.0994206890463829,6.438117354540832,-20.7128722415889,-6.927074641550245,13.785797600038656,-10.00272032194351,-9.749050470515954,40.516800757217226,4.205957169900616,13.077555608140084,26.41762304779934,0.10711377610047221,0.06253208465563738,0.3096275144637499,0.35289983573761124,0.4,-19.17255566258195,0.0,-25.04527588945541,0.0,3.970963526460509e-06,1.1237265762870672e-05,ok,False,0.10711377610047221,18.03123521060104,0.0,0.0,2.224325603407477
14,1459,-0.6784972920392498,8.078028714586708,-0.9423664382846786,-12.451268432203086,-18.611301146049453,0.5423849816822681,-0.9423664382846786,74.30951369408209,72.66961899482118,81.63059950594992,82.34416273027334,38.353657098996905,normal,10.617602371383022,normal,14.6518125,6.65,-11.908883450520818,-8.665712328864743,0.30000000000000004,1.5,0.036229923367500305,0.6,0.0028062670950023644,0.08573216520650814,17883283236011299951.mp4,9.94558881718471,unlabeled,0.5215906339861593,da3aefc8e66881e41e955222adaf7313,normal,4.841410186456759,0.30000000000000004,82.23796816898088,-10.397209931208707,-5.555799744751948,2,-21.35254123707402,-18.457010555306248,-12.444432028473425,-9.040255938765625,-8.170500147776568,-7.563769260465393,-7.137781343458799,/b/src/336185346/17883283236011299951.mp4,0.03741254657506943,5.650510128380936,-18.027417168609183,-8.251991232719366,9.775425935889817,-11.030557684728837,-10.580189824807952,31.146331058020476,3.7346416382252556,11.080631399317406,20.50085324232082,0.10698159271174658,0.2448852446285041,0.2448852446285041,0.4914253755456286,0.30000000000000004,-12.671637421821412,0.35000000000000003,-8.450112054061211,1.125,0.09499125745749835,0.00121016213255616,ok,False,0.10698159271174658,47.781569965870304,0.0,0.0,23.890784982935152
41,13133,21.861987012251205,1.9625664682925361,22.046011205047414,-13.914287984491487,-23.9777407886898,10.609792602289236,1.9625664682925361,44.13639287889599,40.92836436990679,40.82246342460924,42.593191191105966,37.34540879737845,normal,16.61304594124585,normal,41.238625,15.600000000000001,-3.3044953822022523,-11.569038267446171,0.75,0.0,-1.8556158542633057,1.0,0.012537461395606676,0.16833541927409262,17882819830292345092.mp4,12.40870252124363,unlabeled,0.4693496341820885,acd1f09bbeac8422ad5794b95e2337d8,normal,7.503947513042446,0.1,10.288331408280403,-18.210233138321136,-10.70628562527869,0,-25.404373656961035,-22.879466287594482,-17.98775604795354,-14.716324910046705,-12.60085044706711,-11.523524242325795,-10.194235150729812,/b/src/336185346/17882819830292345092.mp4,-0.5163615942001343,9.488346847212258,-22.333136830479035,-12.854933898356103,9.478202932122931,-18.644938095308454,-17.129407535445985,7.540427791262136,0.06234830097087379,0.5992870145631068,2.7799605582524274,0.10696087479549544,0.02560914365948039,0.1832747146635509,0.6656705575986042,1.0,4.569316722844562,0.0,-11.81848036600087,0.0,0.005891958935090473,0.008471832675847231,ok,False,0.10696087479549544,7.766990291262135,0.0,0.0,0.24271844660194172
16,1336,16.864203897787835,-2.6916828110525017,23.493720853980317,-13.01114885673878,-22.660518057616773,9.104563800259152,-2.6916828110525017,18.330968373260376,17.83393130698564,19.404011030977347,19.463129687780857,9.211283696115881,normal,14.079747440262075,normal,16.1131875,10.600000000000001,-3.9065850564796283,-11.639784529425285,0.4,0.0,-3.768641948699951,0.8,0.001092871567884884,0.204630788485607,17881493034282328083.mp4,11.020733528191489,unlabeled,0.5686247327132314,a048b483fe565a984b2a1903a3bb6707,normal,6.268892677454694,9.700000000000001,14.219461790489074,-17.508204961180876,-11.239312283726182,1,-29.927910761591743,-23.664909342992978,-17.33865400241313,-14.601955339455184,-13.185059113616868,-12.428118815269778,-11.125144291538765,/b/src/336185346/17881493034282328083.mp4,-2.683471202850342,8.106429000156693,-20.554940830911555,-13.339095274201993,7.215845556709562,-17.373520842801266,-16.763218643112417,10.327445652173912,0.0003881987577639752,0.12247670807453417,2.704192546583851,0.10435039229803773,0.3692828198712187,0.5457029839982177,0.8391150259293615,0.9500000000000001,-10.417717725530828,0.0,-17.50388688588935,0.0,0.000257619344748353,0.00527209614218164,ok,False,0.10435039229803773,2.484472049689441,0.0,0.0,0.0
170,11675,9.542293887447213,17.085794558633264,10.989120176928001,-3.7528733665278624,-17.43548041524216,-1.9740773984108442,9.542293887447213,68.8429008253984,54.22528870204849,68.8429008253984,68.8429008253984,30.266834431948183,normal,24.86176028241767,normal,170.936625,131.8,-5.726950764938707,-7.983712327916954,0.4,2.3,3.4427576065063477,0.7,0.12211728647045277,0.1439299123904881,17882990552741630557.webm,9.451768087325206,unlabeled,0.4981323278398029,1bec16180edb780fe6c039ff07d0d6bf,suspicious,20.932207534170804,108.10000000000001,66.31306951944069,-26.646967117899834,-5.71475958372903,4,-90.0,-36.78627476626583,-28.062507609282186,-22.047498571689125,-18.282060968252228,-14.260413644074346,-9.545126345957568,/b/src/336185346/17882990552741630557.webm,4.053882598876953,24.384919065520243,-16.827109501145948,-8.29262955162138,8.534479949524568,-27.51556056147896,-20.807877683540717,2.4988114394382683,0.14842378583967233,0.5632497074312464,1.3301089818607372,0.10387224984309625,0.19077738562969493,0.19077738562969493,0.33663640876540807,0.6000000000000001,-7.507234087896307,0.0,-21.53604052533871,0.0,2.8880329098215443e-05,0.009054969569112298,ok,False,0.10387224984309625,2.925687536571094,0.0,0.14628437682855472,0.7899356348741955
43,17277,0.780827440050901,1.396290301262196,16.313120283246544,-9.492982325986386,-22.654600928000256,-2.5676675907816566,0.780827440050901,16.613451219248194,12.846388971650033,19.47111383765152,22.660139677786578,7.8446071214640245,normal,16.496692587680204,normal,43.678125,24.85,-12.060649916768043,-10.924410508785177,0.30000000000000004,0.0,-1.922420859336853,0.6,0.0004712019245845341,0.07822277847309136,17882142861460897201.mp4,11.730190419215079,unlabeled,0.5524903497979408,7b35f037ef048ec62bb574368f1cc58f,normal,11.10798379723968,0.6000000000000001,18.04580985029604,-19.777700784185438,-8.669716986945758,1,-27.375974743481233,-24.30956024677358,-21.15002637977164,-17.388106199202053,-13.627143459883614,-11.330670781964386,-9.11598720310277,/b/src/336185346/17882142861460897201.mp4,-0.591449499130249,13.80472763118307,-22.465117403582305,-10.378376670097863,12.086740733484442,-20.183899167535056,-17.088142086810453,7.455040091638029,0.11168384879725085,0.9204610538373424,3.1707474226804124,0.10369551861988967,0.16855761039919964,0.39933685475245856,0.630321291540298,1.5,-8.660105306437426,0.0,-20.461281893432734,0.003125,5.137741525339516e-05,0.004979430548448398,ok,False,0.10369551861988967,6.300114547537228,0.0,0.0,0.6872852233676976
50,3030,7.370427654772073,18.329973454936674,10.19930136909318,-4.62364212177074,-25.916048517864454,-5.075193216349958,7.370427654772073,73.15284632603127,78.64176390202438,74.03248762729478,63.216261488838214,39.677493811057644,normal,17.787091726399723,normal,50.22475,44.650000000000006,-9.698835338120698,-12.88673437769518,0.45,0.11875,0.06465797126293182,0.6,0.007377920775973837,0.09449311639549436,17883341528280632878.mp4,13.029314140169273,unlabeled,0.4889727511144,d29c02c32aed6b52124dfee7e1579ca1,normal,11.52014478875188,0.1,79.30373094974865,-20.325786274947994,-8.805641486196114,1,-27.146232950443622,-24.011666927834124,-20.946651478654474,-17.143063489518507,-12.805558115494005,-11.305716897615998,-9.856464965780688,/b/src/336185346/17883341528280632878.mp4,0.49621593952178955,13.13716499390054,-26.590811793582056,-12.560161065195107,14.030650728386949,-21.20622672381497,-17.290875786877933,6.871700697211155,0.2552913346613546,1.2020044820717133,3.346675796812749,0.1035179767913638,0.21799442730654217,0.2950178180608391,0.5018499397106541,1.6500000000000001,-12.548681625904623,0.0,-12.833573492047751,0.003125,0.00320402094103545,0.0015139363721369046,ok,False,0.1035179767913638,6.872509960159362,0.0,0.0,0.5976095617529881
9,690,24.838543522150236,6.890245577318044,4.229213306132362,-10.817522333925591,-17.165235370028654,9.001674135529768,4.229213306132362,71.114166449015,67.58806387765479,72.8260096211692,70.61348428138722,34.46179818101203,normal,15.103042182540937,normal,9.2575,8.1,-1.8158481983958228,-7.736176658215135,0.55,1.55,1.5101146697998047,0.9,0.18708888629922457,0.2615769712140175,17881473718592141064.webm,9.429058711813518,unlabeled,0.7023048071335384,8e8e959cf1deab03ab0d094d6a0ee2f1,normal,7.95479883378378,1.8,6.813846685376932,-15.156145946634322,-7.2013471128505415,1,-37.28686188466057,-21.701573389986322,-19.147224030926544,-13.023723057113465,-8.356582626984084,-7.250015003141574,-6.1254197242122785,/b/src/336185346/17881473718592141064.webm,1.7598662376403809,14.37245656579212,-14.533123230552,-8.791711680095942,5.741411550456059,-15.385425866072929,-13.343175944900556,18.08885135135135,1.222972972972973,4.178378378378379,8.52195945945946,0.0997274661572963,0.10974614160755732,0.16839700146418046,0.5127605001454313,1.75,-18.660996598628806,0.0,-20.69211943906901,0.034374999999999996,4.367690625815287e-05,0.0024541150029298705,ok,False,0.0997274661572963,21.08108108108108,0.0,1.0810810810810811,10.81081081081081
144,13337,1.806249726107584,0.08644394534862432,9.783606341835448,-9.39749956792977,-24.50202875591704,-12.41736270572369,0.08644394534862432,19.870355681356475,12.689982817815316,17.054753549597287,19.47162192478723,7.305534102885947,normal,19.28787573739997,normal,144.1066875,10.25,-21.81486227365346,-11.727829581992511,0.30000000000000004,0.0,-1.2916892766952515,0.5,0.00023816195623108495,0.02315394242803504,17881833404270949457.mp4,12.774199173924528,unlabeled,0.5733488468930443,0489f1374adc28e2b38e65f79a9c2606,suspicious,13.395224001392291,5.4,12.767199696186925,-20.03919193644044,-6.643967935048147,3,-26.61197634384662,-23.035315945724236,-20.23808232471334,-17.912621166933917,-16.082707304133574,-15.012333026159686,-12.92413822247775,/b/src/336185346/17881833404270949457.mp4,0.7126509547233582,13.032377787570175,-25.126445698249096,-10.123340268804617,15.00310542944448,-20.13342533540567,-18.57522478267661,4.3935201249132545,0.056102532963219987,0.25923837612768913,1.1713219986120749,0.09627356354517133,0.045167919971600766,0.30963784529920124,0.6191447878917709,1.3,-15.742675314478383,0.0,-21.376814656981104,0.0,2.9945815926510887e-05,0.00047309066596716966,ok,False,0.09627356354517133,0.5898681471200555,0.0,0.0,0.1040943789035392
25,4616,12.208174517280657,11.343653985016303,14.244473896477922,-10.915022792597085,-22.9795210147578,1.3711377891972631,11.343653985016303,25.758885977241082,20.066210844303583,22.961028894116055,24.907819979503444,10.8591849875929,normal,17.87890835675635,normal,25.1704375,14.4,-9.543885003399822,-11.94260247518658,0.4,0.0125,-0.4993470013141632,0.7,0.0018364118556013938,0.1132665832290363,17881506700780914850.mp4,11.03691853957122,unlabeled,0.5312232467475388,b2e1a53713b1a0121d032c35cfa495e7,normal,13.57407074604159,0.6000000000000001,18.871009822416333,-22.64656372768527,-9.072492981643679,1,-35.38611470012181,-33.023666666704926,-24.484959434836835,-17.098268234279583,-13.908610140465697,-12.140909381404953,-10.021378124314575,/b/src/336185346/17881506700780914850.mp4,-0.40880027413368225,16.01426505036889,-22.30454681316214,-11.50450530620074,10.800041506961401,-24.155208647380462,-18.287708630890034,6.297837972166997,0.061630218687872766,0.6098409542743538,2.467196819085487,0.08917574975340085,0.2600927178587358,0.2813533878737193,0.5893818472579126,0.6000000000000001,-15.724792189461157,0.0,-18.649001419640197,0.0,0.0001341153885707568,0.0007887821082492978,ok,False,0.08917574975340085,4.572564612326044,0.0,0.0,0.19880715705765406
118,2149,-3.5099936785733283,-0.7222768480346033,16.105411397940113,-12.349921927368356,-11.34260535026534,-3.8122647177592235,-3.5099936785733283,40.52883536193774,44.21658065208882,44.85190207714827,39.91172086860021,41.75617570967115,normal,9.90202226430248,normal,117.88775,1.55,-16.16218664512758,-8.33961809304367,0.0,1.0812499999999998,1.153729796409607,0.0,0.005030440937751479,0.045682102628285357,17881678655770021558.mp4,3.002987257221669,unlabeled,0.5754164284349137,166cacbb9c7255c3664502fbc85bf1f9,normal,4.189545421126765,0.1,13.464561947129098,-7.331267321975248,-3.1417219008484825,2,-12.313588565685363,-10.730410799646798,-9.212245149787213,-7.844914048318594,-6.8363080290410245,-6.348962060692683,-5.447460784340316,/b/src/336185346/17881678655770021558.mp4,2.626533269882202,4.921561542655397,-7.589009019851291,-7.505666330961693,0.08334268888959784,-7.3760935767264515,-7.275488994420277,57.03553245651251,12.044415570640645,27.18495439117522,43.01853521425541,0.08908879094553762,0.036156643314932936,0.3366805451763084,0.4890319368850037,1.6500000000000001,-16.16218664512758,0.30000000000000004,-8.328874247881927,1.9375,0.08908879094553762,0.006720178878057113,ok,False,0.003014712458177645,87.86593126856172,0.0,3.0547305897327113,46.41493423843869
25,3985,3.0848308308892065,16.35741620272589,14.410913125691284,-13.979054306548965,-32.49753785401423,-3.54339064611891,3.0848308308892065,62.597229433066005,65.99996161291197,67.39871708503358,67.0554576144475,33.496301885036516,normal,17.59337415789172,normal,25.007875,4.1000000000000005,-17.522444952667875,-13.75575722810952,0.1,0.0,-1.0128730535507202,0.5,0.0002594677879080063,0.03504380475594493,17881471348652832636.webm,18.741780625904713,unlabeled,0.549102175678934,2692139858056635aa69508dfad4207b,normal,11.36883324506086,0.1,66.3322040119294,-19.341834840612805,-7.973001595551946,2,-39.12272460640472,-33.65589260522816,-22.63462957979486,-18.25515015790562,-15.613652271824833,-13.350235136188543,-9.494738071989813,/b/src/336185346/17881471348652832636.webm,-0.473063588142395,15.113859898269428,-31.138854895453292,-13.0444250346319,18.094429860821393,-20.01078986919529,-18.066437746034115,5.742,0.16774999999999998,0.78525,2.1662500000000002,0.08456970830261981,0.3918345739151039,0.3918345739151039,0.5282837908883867,0.1,-9.40523183094939,0.0,-23.715134540522143,0.0,8.582136848210046e-06,0.008145765733855507,ok,False,0.08456970830261981,2.8000000000000003,0.0,0.0,0.4
79,16308,7.6893112671527355,14.018497738607572,-1.6247919849397274,-10.37417384924886,-25.66639205489251,-8.050648440736284,-1.6247919849397274,27.04575908211087,21.28552650617548,23.799254784948133,21.1324079737701,14.51226255333414,normal,17.26584870707898,normal,78.924625,62.45,-18.424822289985144,-12.967307600654502,0.30000000000000004,0.80625,-0.24578946828842163,0.5,0.0008614150182923451,0.04067584480600751,17881481519880705376.mp4,12.699084454238006,unlabeled,0.5611355848785171,b7a62bcb5a1ca11c51ce9427272ba343,normal,11.680385278017138,68.4,13.307136090868793,-19.01357604129365,-7.333190763276511,2,-27.35138361389093,-23.89977972302043,-18.840052933390822,-15.543045021839747,-13.869087129279157,-12.960893314587915,-11.37749435130729,/b/src/336185346/17881481519880705376.mp4,0.20658904314041138,8.696468924137616,-25.81310012265944,-8.433000129541151,17.380099993118286,-19.119329950811846,-17.05925966393857,8.212412864385298,0.1333174904942966,0.6840937896070977,2.7711897972116604,0.0814802900859608,0.1868445143177955,0.24040367351426417,0.6088890535167149,2.0,-7.293130168608673,0.0,-14.39937967812396,0.0,0.0014241202336316083,0.0004767596617394874,ok,False,0.0814802900859608,2.1546261089987326,0.0,0.0,0.0
206,23831,9.808343717335832,7.229140750997582,12.848024498382735,-14.569462418242882,-24.69207160769574,7.473710649919343,7.229140750997582,37.951878761073345,34.08471639499453,36.66967514692318,36.303261844274076,31.877078488860377,normal,21.71345414519416,normal,206.5183125,161.3,-7.095751768323539,-12.292211352042074,0.30000000000000004,0.0,-1.9603043794631958,0.5,0.07251376106562411,0.13016270337922403,17883548479281988737.mp4,12.399860255653667,unlabeled,0.5595807099618136,79f6ac1eba343272695a0e69012074f5,normal,13.493713419902313,19.5,35.54571433434787,-23.591182297441094,-10.09746887753878,1,-30.46093567214641,-27.196155125612545,-24.72366132422702,-21.55460370092471,-18.2683228647079,-16.516420753066,-13.484512700191939,/b/src/336185346/17883548479281988737.mp4,0.19293652474880219,15.368452199739757,-19.785620201911854,-11.539260861077375,8.246359340834479,-24.10978621443561,-21.520517620445357,1.730977602905569,0.011319612590799031,0.10295096852300242,0.5053117433414044,0.0814293062011737,0.09272725531552112,0.186502256116117,0.5853467310574025,0.2,-3.592885100845707,0.0,-24.323685929748834,0.0,6.932272792570718e-06,0.07093241498274093,ok,False,0.0814293062011737,0.387409200968523,0.0,0.0,0.0
40,4658,21.259591191940466,10.155616686836623,12.985372520755844,-14.001351516365371,-20.11121706239993,7.6549250827588615,10.155616686836623,18.284834032064772,13.52438721204177,18.822098036824265,18.44017594585887,12.852096131308262,normal,14.323005108003768,normal,40.867125,17.8,-6.34642643360651,-10.79577102596777,0.8,0.056249999999999994,-0.13218671083450317,0.9,0.07486154965175099,0.15081351689612016,17883746277901424436.mp4,9.31544603643216,unlabeled,0.5387954417518434,99672e95a707b70b2a1fca7894a9ae0d,normal,6.386226526909729,3.2,7.895677328977982,-15.713211234276702,-9.326984707366973,0,-20.35377520303031,-18.49372486855543,-16.110251822579933,-12.674088159447706,-11.172793654974917,-10.580922568900013,-9.982723809029258,/b/src/336185346/17883746277901424436.mp4,-0.13218671083450317,6.619115785644853,-19.061417062987765,-10.700364429696755,8.36105263329101,-15.657402368831224,-14.455191818838271,16.081471848225213,0.2761627906976744,1.9714657282741739,6.782359241126071,0.07690917517558524,0.25269074585558593,0.2631080166358988,0.4278266487435086,0.2,-12.590869376320004,0.0,-15.398895501229594,0.0,0.0008250260096940922,0.01931896195172458,ok,False,0.07690917517558524,18.482252141982862,0.0,0.0,0.0
5,1014,11.463699541710575,15.602565188198,18.95602223038641,-14.451301799533436,-20.905010505874987,1.4708756746344473,11.463699541710575,26.335709408833036,25.33351486873028,31.05762189461887,28.28847470279976,14.870860519998406,normal,14.081698081207541,normal,5.1780625,2.6500000000000004,-12.980426124898989,-10.947468191682127,0.30000000000000004,0.075,-0.6355804204940796,0.8,0.0003080379779456525,0.06821026282853568,17882970587451170223.mp4,9.95754231419286,unlabeled,0.5493637103996689,98248e6cb2943056f0b51cf8639eadbe,normal,5.846003505778789,0.4,29.838349486543432,-15.751734569966313,-9.905731064187524,1,-37.076602945507034,-23.48964907670142,-17.162701538594167,-12.922812653002207,-11.268043758592846,-10.603405334316635,-9.372712972119094,/b/src/336185346/17882970587451170223.mp4,-0.6355804204940796,7.981286315894748,-20.25983668247443,-10.618055644863755,9.641781037610674,-16.609027866100988,-14.717278501701621,16.301577669902912,0.28822815533980584,2.0807038834951457,7.520024271844661,0.07637770611193713,0.2566091912504635,0.35463475117787746,0.46805921473062906,0.30000000000000004,-14.687641819833996,0.0,-13.162790719431118,0.0,0.0026671846360910027,0.00028014885801714456,ok,False,0.07637770611193713,14.563106796116504,0.0,0.0,0.0
25,1268,6.187266467062615,0.6848344253123759,7.466583420702504,-7.568054978017752,-17.943376682895266,-1.2045674342801256,0.6848344253123759,67.65663593566232,65.54206809157488,67.54997235037254,71.04634649615218,33.12553388414193,normal,16.82696917629122,normal,25.9599375,8.3,-8.772622412297878,-8.889891816493385,0.25,0.0,-1.0420141220092773,0.4,0.00030702455234328464,0.10888610763454318,17883738661123719295.mp4,9.053484866401881,unlabeled,0.5299487334903281,6f8ae40f66e0e59888145eb34194f4d7,normal,12.193932078433436,0.4,73.68991030060056,-20.011452869709387,-7.8175207912759515,2,-34.883322649953925,-27.693908803312375,-21.40816708798003,-16.762622930756095,-13.662659667872626,-11.798097035583078,-9.013711740809818,/b/src/336185346/17883738661123719295.mp4,-0.7529780268669128,14.243506054869457,-17.923351843938573,-8.698014895243471,9.225336948695102,-20.38672576233463,-17.579947203158135,6.703516377649326,0.12752890173410406,0.8489884393063583,2.7114643545279384,0.07279580448248461,0.23010360406666677,0.3243770477690143,0.8333633328852069,0.6000000000000001,-12.644983651905658,0.0,-21.293285069343096,0.0,3.1686212543512136e-05,0.002845116101176422,ok,False,0.07279580448248461,5.780346820809249,0.0,0.0,0.9633911368015413
13,1758,20.54641277213183,11.428802494712695,12.932163286138959,-8.792845421742378,-30.88134219776255,2.772833186196647,11.428802494712695,28.254211041278072,16.50389179871991,29.1838673287299,33.13105946435408,10.652194583212065,normal,20.93096218628405,normal,13.514,9.8,-6.020012235545731,-15.141432623646903,0.25,0.06874999999999999,-0.6238446235656738,0.4,0.0020075953842352452,0.1595744680851064,17882967676990494377.mp4,15.739909574115647,unlabeled,0.5659707742835628,5bd736e6f7679c0b4b5d1147d2ce4c3c,normal,20.688507345354942,9.600000000000001,22.70248714055161,-30.809882641209384,-10.12137529585444,2,-38.715334878251326,-35.76091311217484,-32.00074522615338,-24.800849280549915,-16.87413784437476,-14.061472755480583,-10.155965550777683,/b/src/336185346/17882967676990494377.mp4,-0.6238446235656738,23.589271081051166,-32.1408843352563,-15.459351636619724,16.68153269863658,-31.714987426525433,-21.554806809849723,2.611574074074074,0.053703703703703705,0.34305555555555556,1.1141203703703704,0.07045364245112525,0.28573699914350603,0.37930100677777123,0.6086128237265455,0.55,-18.007747788269647,0.0,-25.47145152474047,0.0,3.145344401220633e-06,0.0005535381882749831,ok,False,0.07045364245112525,3.7037037037037033,0.0,0.0,0.3703703703703704
54,12292,-0.6397678387858718,13.48149084854662,9.567857428821743,-15.398550644058195,-20.455800359017616,-3.1095910483287756,-0.6397678387858718,48.92772321764646,44.90416711118187,48.56352220432379,50.892894652236855,39.65024290978731,normal,15.583235897506665,normal,54.984875,35.25,-18.50814169238697,-10.946479128412467,0.35000000000000003,0.0,-1.8004529476165771,0.7,0.00020064593089527954,0.028785982478097622,17881538833950739136.mp4,9.509321230605149,unlabeled,0.5630245160154816,69365be476de141e41b197baa03c3750,normal,9.942405419935062,45.0,15.276066615495585,-18.43622939036452,-8.493823970429458,1,-42.14341516053477,-28.354081550692847,-19.96735247223668,-15.739855666385331,-12.940809449187029,-11.393280045635573,-9.575242185763397,/b/src/336185346/17881538833950739136.mp4,-0.9845130443572998,11.477105666548116,-20.09789276273623,-10.166506148359218,9.931386614377011,-19.585246898981698,-16.567748941863965,9.895700636942676,0.14319836214740672,1.1493403093721564,4.035145586897179,0.06932894069252472,0.22464189313444236,0.5282935474568222,0.7319931470106485,0.05,-13.453691702075265,0.0,-12.800966406302152,0.0,0.0032515819757374703,0.001757302297977094,ok,False,0.06932894069252472,6.6424021838034575,0.0,0.0,0.5459508644222021
23,4446,5.653004206952845,-0.3205313153099496,0.5804225312754827,-7.022535903728782,-11.096595278843239,3.7785705803360963,-0.3205313153099496,4.264309306550995,8.181933912021645,8.394507724226713,8.0748503789054,4.258809238062723,normal,13.882133443326348,normal,23.7308125,8.65,-3.2439653233926857,-9.91134293085343,0.0,0.18125000000000002,0.7338783144950867,0.0,0.07852106022825409,0.2127659574468085,17883601688003901720.mp4,1.1852523479898096,unlabeled,0.48779073872509177,0a7b9db6d754767a384f4a8954955889,normal,3.533279625750761,0.1,7.349039563109974,-10.865402233963366,-7.332122608212605,1,-12.39322107652277,-11.639359226319364,-10.882109210437434,-10.257430437764809,-9.797930858109737,-9.440415933130964,-8.210173284483066,/b/src/336185346/17883601688003901720.mp4,3.002408742904663,3.785541430880869,-11.045498758726936,-10.839718788754578,0.20577996997235815,-10.886038025850702,-10.879724700421685,37.47877109704641,1.4541139240506329,8.18446729957806,21.387262658227847,0.06773754357968509,0.1013863137063392,0.28503555140752795,0.3632931893334649,0.15000000000000002,-12.490578175779927,0.30000000000000004,-8.918924830628834,0.48125,0.06773754357968509,0.0012815597084692445,ok,False,0.0013693197853872684,83.33333333333334,0.0,0.0,2.9535864978902953
83,17053,4.533906571323964,10.972590869382088,13.061151556259553,-17.13218690811967,-21.530521052489668,2.726454311940646,4.533906571323964,12.640351233988596,11.991719577116456,12.577731756086592,12.950330767701207,7.331701432366547,normal,13.676694018701525,normal,83.7296875,56.45,-14.405732596179025,-11.563822828134269,0.30000000000000004,0.0,-3.6897287368774414,0.8,0.000307581627647118,0.05944931163954943,17881479229061655868.mp4,9.9666982243554,unlabeled,0.4695653825614874,9e17ae5184f5128b0ddd094924bdec04,normal,10.217869900523922,45.7,10.831954240072433,-20.180566150886705,-9.962696250362782,0,-23.18951089364761,-22.35387616644534,-21.14034543064473,-16.277793842873713,-12.771267286678553,-11.799670684024727,-10.927862202752875,/b/src/336185346/17881479229061655868.mp4,-3.0482378005981445,11.286425443095187,-20.613179140468567,-10.942945860216332,9.670233280252235,-20.25638479204231,-16.72493181929967,8.441009557945042,0.0,0.8942652329749103,3.7396206690561526,0.06732408602229925,0.25436677291169146,0.25436677291169146,0.6016299700715569,1.75,-15.807662748331463,0.0,-18.313408951038973,0.0,0.00016139607607748604,0.0015095580461335985,ok,False,0.06732408602229925,5.973715651135006,0.0,0.0,0.0
75,11846,15.452565191928596,11.404751394682663,17.52124533164936,-17.326843659957248,-21.056565507628175,1.6637030548319665,11.404751394682663,39.237640831809514,43.77099780803863,46.74543412777462,39.23900322682289,21.934469863279975,normal,15.752143649317212,normal,75.372,57.7,-15.663140605125282,-11.424784559102472,0.25,0.0,-1.033577799797058,0.5,6.434227294479167e-05,0.05131414267834793,17881986555800022636.mp4,9.631780948525703,unlabeled,0.5575411966912727,30558fde282e8a8d8a102d450de85e49,normal,10.789368974696217,34.300000000000004,24.95683816737261,-18.172168983647968,-7.382800008951751,2,-34.433268982304654,-25.78652907305826,-19.413071460576216,-15.778788838953373,-13.258520468354183,-11.924604425202524,-10.352622474572026,/b/src/336185346/17881986555800022636.mp4,-0.9243225455284119,12.341903406117659,-20.00810126209739,-10.741454638313495,9.266646623783895,-18.619105170917212,-16.676466194845624,9.794956867949569,0.1108161911081619,0.9255142667551427,3.806652289316523,0.06596269065317328,0.4534802247088148,0.4534802247088148,0.5981070717075179,0.2,-11.626487293529838,0.05,-11.532640668325367,0.0,0.007847695701137474,0.0006528331873536051,ok,False,0.06596269065317328,5.308560053085601,0.0,0.0,0.26542800265428
94,5145,24.622801482837794,43.15181653245666,41.7928761149424,-12.672194899215246,-52.170206625353615,-3.760456727822131,24.622801482837794,43.39877489255094,42.141136051936506,41.7735400157549,43.84623810624079,22.306162175820063,normal,22.697281133267737,normal,94.947875,1.5,-16.432651627037377,-15.475721796383155,0.1,0.0,-1.6150938272476196,0.2,0.00020282821032721892,0.04755944931163955,17881471348221852491.webm,36.69448482897046,unlabeled,0.5340656970616269,95b4ce4496dc1a40bd8010052cebf249,normal,41.55036375353592,71.10000000000001,41.05879672781363,-51.21265752179123,-9.662293768255308,2,-55.00115176365776,-53.853898077452214,-52.54365743170377,-45.33302615104921,-18.210452611970698,-15.645780771565285,-13.247637083242978,/b/src/336185346/17881471348221852491.webm,-0.9050046801567078,43.657061936801284,-51.766394179617535,-14.836487563385267,36.929906616232266,-51.20141260558043,-23.602285813424444,1.9899565331928346,0.01481822971548999,0.15052028451001054,0.6804201791359326,0.0641915929304793,0.4540415841460831,0.4540415841460831,0.6536249912721888,1.5,-16.432651627037377,0.0,-15.475721796383155,0.0,0.0007610732625082658,0.00020282821032721892,ok,False,0.0641915929304793,0.42149631190727077,0.0,0.0,0.052687038988408846
32,4352,1.4519780234908843,13.492332476865561,11.311721909562158,-10.98633133348894,-22.466469514480856,-2.118935274637389,1.4519780234908843,30.00659888496058,23.883881808973136,24.217238577077723,29.560460163228463,14.512516823411367,normal,16.441043386782578,normal,31.9753125,21.650000000000002,-13.105266608126328,-12.537784653745058,0.45,0.0125,-0.9537049531936646,0.8,0.002304083787635363,0.07196495619524405,17881815532170277075.mp4,9.928684860735798,unlabeled,0.4957298895690558,252ae8c79d9770bfc02d2e2cb3499510,normal,9.429675038899438,2.8000000000000003,23.4547691397376,-18.902295520350947,-9.472620481451509,1,-38.198841705459756,-24.15724435301466,-19.58745250676388,-16.599261006238798,-13.942110185792087,-12.432976479374451,-10.19619394705728,/b/src/336185346/17881815532170277075.mp4,-0.8651479482650757,10.865703678244923,-22.21742740506798,-12.067440986113672,10.149986418954308,-19.23553575074299,-17.306191335047654,7.522104851330204,0.07991001564945227,0.655907668231612,2.6781103286384975,0.06311953753688779,0.2996504756687832,0.2996504756687832,0.36284479122424035,0.5,-7.07416778776709,0.0,-20.237019961796378,0.0,6.073053228393531e-05,0.024959980942733478,ok,False,0.06311953753688779,3.912363067292645,0.0,0.0,0.3129890453834116
36,2104,2.8073790535603678,-0.9537334128767156,4.472789635602305,-14.720185253081006,-21.618183838032728,1.1988474084244576,-0.9537334128767156,67.13400069440411,78.14786096244741,70.21955299006765,74.50462844785697,39.40103661952565,normal,15.77390160204249,normal,36.91975,33.75,-13.521337844656548,-11.681326081310438,0.30000000000000004,0.0,-1.3099640607833862,0.5,0.0008543391670550852,0.07133917396745933,17881849126721037862.mp4,9.93685775672229,unlabeled,0.47489829358163016,b4f0dc555d3dcd6bbc95311a95aa8feb,normal,10.5096184878924,0.1,75.94703467083475,-19.18278141041918,-8.673162922526782,1,-24.539987733757673,-22.556150720860586,-19.78993005597496,-15.899381912645056,-13.085238538217874,-12.060479782497218,-10.830882699698828,/b/src/336185346/17881849126721037862.mp4,-0.9358131885528564,11.721588344490385,-21.029258271943956,-11.182074513238137,9.84718375870582,-19.323660738311737,-16.709714790595346,8.867547425474255,0.06529471544715447,0.7920054200542006,3.4983062330623307,0.05945325546074213,0.18450839836174157,0.39040574974409514,0.5461415794114401,2.0,-9.409576459632472,0.0,-18.208721403652365,0.0,0.00017565183286419195,0.0032915183146565636,ok,False,0.05945325546074213,4.878048780487805,0.0,0.0,0.27100271002710025
10,6594,14.163062891643133,34.53244951166822,35.064396650206135,-25.871153963311162,-35.403498896411314,8.77421909029665,14.163062891643133,27.250897727956875,25.001461502288354,25.95966560257019,24.37303169135574,13.498922947656741,normal,20.12683884297243,normal,10.005375,6.0,-17.09693487301451,-14.942826147765416,0.1,0.0,-2.0341410636901855,0.2,0.00022071221508846106,0.04192740926157697,17882164215571138755.mp4,20.460672748645898,unlabeled,0.45189608971523015,7bd3a2802dc06526c7a2ea5fbc59b70c,normal,16.901789057309113,6.0,19.01510317291546,-27.820911576543295,-10.919122519234183,2,-39.70233625264228,-38.728805123942095,-34.674365897801394,-30.00531752215183,-17.469284804139622,-13.735235918899026,-11.5601951267447,/b/src/336185346/17882164215571138755.mp4,-1.2875487804412842,23.267658745627983,-28.702794769754163,-14.145294635167211,14.557500134586952,-28.655418126708135,-21.414387623413713,2.7040625,0.0203125,0.27718750000000003,1.135625,0.057753893834907845,0.2532696496094551,0.3927626252914799,0.8397989674374823,1.7000000000000002,-12.93880569399321,0.0,-17.288418533179257,0.0,0.0002847924463572321,0.0011932574620251556,ok,False,0.057753893834907845,2.5,0.0,0.0,0.0
25,1794,17.692919352059775,36.07689386226643,14.645086727975,-10.031003970039203,-39.277389634427266,-6.418489484554632,14.645086727975,79.03488492156139,59.03551300279107,76.89845722726385,79.46547218165101,32.230032176787205,normal,19.789934398012022,normal,25.9135,15.200000000000001,-16.449493454593835,-15.201421076542898,0.1,0.0,-3.2967982292175293,0.1,0.0021615290144894987,0.04067584480600751,17883728720642733225.mp4,24.075968557884366,unlabeled,0.561121557305467,9d6b22b304d9d427d803bb5ab3d69bd0,normal,20.39964218560855,6.5,79.83949278853711,-30.560149397071438,-10.16050721146289,2,-90.0,-69.82231778913426,-37.10693120938687,-19.057613825825715,-15.04170532294534,-13.524902549124679,-10.690241271938989,/b/src/336185346/17883728720642733225.mp4,-0.14038506150245667,27.81382547730798,-40.805559566831505,-14.522549820126942,26.283009746704565,-38.465778251751715,-19.93031945951448,4.339888996138996,0.07142857142857142,0.40890444015444016,1.5392133204633205,0.05709854111986044,0.23685001557792268,0.4297974212579139,0.6023234769437874,0.75,-7.711715084643243,0.0,-18.533784051273564,0.0,0.0001617334415002676,0.05879733962023135,ok,False,0.05709854111986044,2.8957528957528957,0.0,0.0,0.0
17,13169,23.08129348054268,2.129968058142807,8.31046320409496,-7.413992883668079,-24.61786305302584,6.2490386419577355,2.129968058142807,65.51678800138848,59.46403343397756,69.4658006033863,73.18231606509455,30.918188569285945,normal,16.052113270647236,normal,17.298875,2.0500000000000003,-1.1649542417103427,-13.020006741266865,0.25,0.0,-1.556377649307251,0.4,0.03155221403213836,0.2884856070087609,17883360945522915501.mp4,11.597856311758974,unlabeled,0.4042812513937776,067ceae9e03f1f829784dad10521356b,normal,5.010220206213628,0.30000000000000004,61.239138979992525,-16.68115291142025,-11.67093270520662,1,-19.3730483445118,-17.75472131788974,-16.1063034702358,-14.557742266827145,-13.438471928613467,-12.821830141512333,-11.60706019098296,/b/src/336185346/17883360945522915501.mp4,-0.4757455587387085,5.1678669794252965,-24.81894622255637,-15.605099024078843,9.213847198477527,-16.817691195251506,-16.527858829385945,9.496557971014493,0.007246376811594203,0.30742753623188407,2.560144927536232,0.05500265270686761,0.14098438126669724,0.1884688217004569,0.4456615684707667,2.0,-1.7844844380659308,0.0,-13.393571844972966,0.0,0.002639881716464876,0.03155221403213836,ok,False,0.05500265270686761,2.0289855072463765,0.0,0.0,0.0
62,3729,-1.924162937840375,8.474084867163054,2.8078127921649214,-15.116552205836163,-22.70524542632541,-2.49780314991685,-1.924162937840375,50.22048298781429,46.28043668539456,51.981917987296725,49.325924148306314,23.415222086350724,normal,14.44671975398968,normal,62.6474375,37.25,-17.614355355753013,-12.750982980948358,0.30000000000000004,0.0,-2.62495493888855,0.5,0.0002981314806643348,0.036921151439299124,17881849127553145308.mp4,9.95426244537705,unlabeled,0.5969722071617086,bf9912a84833642cb4d3f8311606e2fb,normal,8.322434752607261,0.1,47.34784929204194,-18.418481658622618,-10.096046906015356,1,-33.697313051310964,-27.30422711699265,-20.062445411068154,-15.419275792096,-13.03247420419017,-12.061805024761393,-10.942581562464555,/b/src/336185346/17881849127553145308.mp4,-2.2172963619232178,9.936734384487906,-21.597021003894614,-11.980255719617682,9.616765284276932,-19.203836679076133,-16.664016115912897,9.263678115015974,0.08890774760383387,1.3860323482428116,4.222244408945687,0.05440036105631043,0.32071731080168175,0.3726372271353016,0.551287277552417,1.7000000000000002,-15.02227505792947,0.0,-21.492723859725245,0.0,2.81413001694522e-05,0.0008271473464852393,ok,False,0.05440036105631043,4.63258785942492,0.0,0.0,0.0
6,2775,11.398009498982926,22.336754302140164,22.71902215825811,-8.298350128404833,-38.49973867887248,-0.5154683506581623,11.398009498982926,31.08715553655111,30.6859133434846,30.832377009958286,36.485188079720814,15.833466011831725,normal,15.994153688956544,normal,6.269375,2.3000000000000003,-8.813818479062995,-13.270813443146565,0.0,0.1,-0.4344221353530884,0.4,0.00345632965798292,0.11889862327909888,17882149982100791760.mp4,25.228925235725917,unlabeled,0.4877947872673984,f4c3e26d66f438f92d42a9e6657bda21,normal,14.162795421012657,2.4000000000000004,30.752158514010645,-22.42350882806148,-8.260713407048822,2,-42.452324657663326,-38.86566753307955,-24.21504652198818,-14.923792219325717,-12.641832477853116,-10.563201053306198,-8.427038531466609,/b/src/336185346/17882149982100791760.mp4,-0.4344221353530884,16.330983049266802,-36.98051840432085,-12.88997429061609,24.09054411370476,-22.918539033964915,-16.428575824309632,9.8285,0.379,1.8190000000000002,4.707999999999999,0.05076963673192043,0.14662654083573992,0.38368146401191133,0.6258608016889015,0.45,-8.701302082021076,0.0,-13.370301082437525,0.034374999999999996,0.002457531288997807,0.0008954787598151847,ok,False,0.05076963673192043,8.0,0.0,0.0,3.2
5,593,15.527236940677984,-0.5653188934092856,10.696940582307143,-9.66286439569257,-22.000510500144024,6.358015642158591,-0.5653188934092856,40.96450323714726,36.666946895341624,38.89119778999878,41.05200744251596,31.24389268505133,normal,13.15546435500168,normal,5.8746875,2.0,-3.3048487535339777,-12.628797517693965,0.5,0.0,-4.259933948516846,0.8,0.014830510772613291,0.2346683354192741,17883360633120721659.mp4,9.37171298245006,unlabeled,0.42096872549338976,d8ed8e047638745cacde0185164a138d,normal,8.023946049570705,0.1,9.924497501995873,-19.513692293060544,-11.489746243489838,0,-24.062918258421504,-22.27674777562659,-20.119651532917146,-16.4311376823934,-12.976614448163089,-12.06729928500013,-11.350083773258737,/b/src/336185346/17883360633120721659.mp4,-4.236757755279541,8.904353394052798,-21.435168780911813,-13.955083627579638,7.480085153332174,-19.498779928004517,-17.39222211028122,8.017094017094017,0.0,0.10576923076923077,2.2297008547008548,0.04947904161099836,0.2234339431746194,0.36060585406040296,0.5928497675268922,2.0,-3.3048487535339777,0.0,-12.628797517693965,0.0,0.0038492762708655552,0.014830510772613291,ok,False,0.04947904161099836,5.128205128205128,0.0,0.0,0.0
28,2001,-2.0572999155083784,4.117680307480139,3.2993249867188403,-9.94066359390858,-14.14875034142289,1.7624061710220396,-2.0572999155083784,75.95371278982896,47.928562309102205,82.1649014266989,77.18855833440725,25.31485817405074,normal,10.113694858573671,normal,28.119375,12.350000000000001,-8.17825742288654,-6.260998543203274,0.2,4.21875,1.1919938325881958,0.2,0.01848911799011821,0.10075093867334167,17883743088693138730.mp4,7.8877517982196155,unlabeled,0.4830874887672311,a3404952613dd708ef6f315d9d09eda8,normal,6.215761169649479,0.30000000000000004,83.54923220102593,-8.553739356749702,-2.337978187100223,2,-20.611420491070536,-15.083812086378966,-8.72275431155569,-5.26557818520518,-3.6357456036092164,-2.9423428174333233,-2.477256591706103,/b/src/336185346/17883743088693138730.mp4,2.6643295288085938,6.65270717186654,-13.822266904862477,-6.572544066005455,7.249722838857022,-8.750218010958614,-7.449365329765078,44.999443950177934,13.700177935943062,24.366214412811388,34.76434608540925,0.049309433356857696,0.10560502882027066,0.2823676360452731,0.4997860795972831,1.9500000000000002,-8.598626487175794,0.05,-11.67675469228602,0.0625,0.007504753885228593,0.007554731650680842,ok,False,0.049309433356857696,61.92170818505338,5.5160142348754455,33.80782918149466,50.71174377224199
33,3795,20.764152942384435,8.455845994000605,29.40668877645619,-7.503614025849331,-44.5668320480754,-1.3819159084398782,8.455845994000605,39.34143869622258,24.945243565016163,36.768836190274214,37.54840928848342,15.052827488554662,normal,21.153651003360093,normal,33.8996875,31.5,-8.88552993428921,-14.498757080695796,0.0,0.0,-3.7128477096557617,0.2,0.0037275322473988414,0.10888610763454318,17881522183613364161.mp4,30.0680749673796,unlabeled,0.5414485237987369,7bf2ee483f069e86227677397badf886,normal,29.625840116106737,26.0,35.18859895178841,-40.42209552707707,-10.796255410970332,2,-56.166365381522624,-51.538812989352024,-41.285928953421404,-29.265486984935958,-22.37023371665289,-16.62156335348528,-13.476946176201347,/b/src/336185346/17881522183613364161.mp4,-3.7128477096557617,31.90005621487824,-42.972695662753615,-14.497120506285329,28.475575156468288,-41.284114506227425,-24.866498713015854,1.2919128508124076,0.0,0.09047267355982275,0.44146971935007384,0.04866300787569012,0.5295497310470938,0.5295497310470938,0.7556416793931268,0.25,-2.2412944985478207,0.0,-45.89233011634222,0.0,5.008468765323917e-11,0.2233952546296118,ok,False,0.04866300787569012,0.7385524372230428,0.0,0.0,0.0
29,9071,10.596758877305044,3.4560876150409836,11.788112799112868,-10.533613514810659,-22.14217404322256,0.2837145992297092,3.4560876150409836,60.144661602431995,31.990347715120947,50.81423062208538,44.807747942015325,23.073137372315458,normal,15.987181965537118,normal,29.568,1.3,-10.24989891558095,-12.575584342051396,0.30000000000000004,0.0,-1.0001397132873535,0.5,0.0040166112584861255,0.09824780976220276,17881852577250135979.mp4,9.566589701171164,unlabeled,0.5003159433201981,06c9e1d5bdbf1a6c8e1bd32df25f4cd5,normal,7.984290200005406,0.2,24.727346627832524,-18.154901968491252,-10.170611768485847,1,-25.699014944884535,-22.686109208556196,-19.641356453667374,-16.048520770180684,-13.911157981162726,-12.602199843648894,-10.638125594561355,/b/src/336185346/17881852577250135979.mp4,-1.0001397132873535,9.524339382399711,-21.600771013427014,-11.960449094293008,9.640321919134006,-19.143299297166912,-16.987321678824472,8.019775803722503,0.048857868020304576,0.6001480541455161,2.7008248730964466,0.045730950497144825,0.21600352711263485,0.21600352711263485,0.5350693045163066,1.3,-10.24989891558095,0.0,-12.575584342051396,0.0,0.0037307177799051593,0.0040166112584861255,ok,False,0.045730950497144825,3.5532994923857872,0.0,0.0,0.0
28,2233,-4.934040487490414,6.317841060195869,-2.124204724640202,-15.09824550442057,-24.07642182671004,-2.743102229636298,-4.934040487490414,52.27117482675059,36.43524177495553,42.330076707997506,45.70207074474405,27.873250743804604,normal,16.7188729231095,normal,28.027875,9.1,-17.841347734056868,-13.233937692584473,0.30000000000000004,0.0625,-0.6249310970306396,0.4,6.2113962035833595e-06,0.0362953692115144,17883283236322014768.mp4,10.842484134125566,unlabeled,0.4775989219566044,81453974a5c259262dc89186b8187866,normal,8.331495726548749,0.1,16.835806312136526,-16.513408378611583,-8.181912652062834,1,-27.984913222940513,-23.074477305555256,-17.515056093636694,-14.967870415293978,-12.613564997649018,-11.575449129307696,-10.308162645432038,/b/src/336185346/17883283236322014768.mp4,1.1624609231948853,8.414705048775673,-23.300176555190703,-12.320279452574612,10.979897102616091,-16.479345694352464,-15.556411999914616,11.720089285714286,0.3464285714285714,1.641517857142857,5.160825892857143,0.04557135620756773,0.08538913876880094,0.16409918408359983,0.575383812170326,1.6500000000000001,-20.84017778406254,0.0,-13.72874464082263,0.8625,0.001980212905730836,6.049842860728022e-06,ok,False,0.04557135620756773,5.892857142857142,0.0,0.0,0.0
37,19141,22.410153075625956,20.04929815588884,11.081263761438732,-15.486137000981824,-33.28088075701429,1.782819452464869,11.081263761438732,65.88979565551355,64.74996850664022,67.38292894682368,68.38083885114776,33.31949017113443,normal,14.92742682555161,normal,37.0358125,9.200000000000001,-13.703317548516955,-14.526583193304504,0.05,0.0,-1.1067862510681152,0.4,0.01974278402291799,0.06132665832290363,17882365492620433646.webm,18.754297563709784,unlabeled,0.5384163717040571,a5a71dd7ea1ba63d9f8cf3596e5c26e6,normal,6.3510024547541875,0.1,59.970183939920275,-16.5916059815266,-10.240603526772414,1,-27.846110723194556,-23.477893924060115,-17.50104280551632,-15.063438074486907,-13.849996572505303,-13.186597543468679,-11.939174684929508,/b/src/336185346/17882365492620433646.webm,-0.7481870055198669,7.881586157680109,-30.827548111313426,-13.25687453105432,17.570673580259104,-16.85257393874727,-15.675613831071477,12.17956081081081,0.1120777027027027,1.322635135135135,4.880320945945946,0.044254227916795695,0.22468870502168845,0.22468870502168845,0.40917858585518213,0.45,-13.37276801485177,0.0,-22.209887784458196,0.0,1.9089325059217742e-05,0.0025351936937046083,ok,False,0.044254227916795695,1.2162162162162162,0.0,0.0,0.0
45,18198,10.666332427511524,2.5464628170007693,7.313547984866156,-10.766256744517772,-13.625858757543885,4.0808047579249935,2.5464628170007693,12.322701052511828,12.349255978162287,13.520491638425879,12.243442605608182,9.078155023228458,normal,11.843349507608425,normal,45.347125,11.55,-6.685451986592779,-9.958244496755915,0.0,0.5375,0.11450488865375519,0.0,0.009981958159690853,0.14705882352941177,17883796585271807228.mp4,3.6676142607879694,unlabeled,0.4723168017656917,b79a2956114d121370d26353f0c9a02b,normal,4.048940381363515,18.7,9.53284991359789,-11.485878944884409,-7.4369385635208936,1,-16.529390832352057,-14.973571792640739,-12.467843804824636,-10.695846507695284,-9.721923930872533,-9.264544082905987,-8.56021766143686,/b/src/336185346/17883796585271807228.mp4,0.3925073742866516,4.938102405699009,-12.62158783679893,-10.115527697941967,2.506060138856963,-11.747532464850199,-11.450842133321773,32.75703642384106,1.2768349889624724,6.545529801324504,17.685223509933774,0.04388535089523864,0.11330309024741468,0.17215851318381037,0.46744019329467557,2.0500000000000003,-13.98641709505953,0.25,-9.561523778977223,0.46875,0.04388535089523864,0.008302294646644549,ok,False,0.0032479774244117323,44.03973509933775,0.0,0.0,3.090507726269316
30,8138,1.021758278601272,36.329616445733606,16.243064080457067,-6.543709081859248,-42.44437692003662,-11.036977796337226,1.021758278601272,34.93780367192002,28.431937619086806,35.126955802064586,34.31378456751377,16.132445925208653,normal,17.021545077826143,normal,30.418125,4.25,-17.580686878196474,-14.330093617121548,0.0,0.0,-3.8028595447540283,0.1,0.00019148639399660071,0.04380475594493116,17882090534452069388.mp4,28.11428330291507,unlabeled,0.5109574573860981,ad79221084a3ab0a40cc7aac54213c40,normal,13.800037307343702,11.8,33.88909044113178,-25.646221795541315,-11.846184488197613,1,-49.27932686040834,-46.561546361399905,-28.687604591033526,-18.93453397913365,-15.589103274101658,-14.191844604956668,-12.410279837172398,/b/src/336185346/17882090534452069388.mp4,-2.9613842964172363,17.332925609600174,-42.47290394556277,-13.627443501088454,28.845460444474316,-28.590935303925285,-19.98292937424338,4.459909539473684,0.00010279605263157894,0.22060032894736845,1.604235197368421,0.04367000175575778,0.24624352047789325,0.42453062215335413,0.4971634819864708,0.4,-17.038159693363177,0.0,-16.73696765665558,0.0,0.00038188641316197806,0.00030320727077686875,ok,False,0.04367000175575778,0.3289473684210526,0.0,0.0,0.0
44,3591,25.879318052725385,-3.0988888921562374,28.04645137344388,-14.165361799009332,-33.1958459880109,7.391091434461251,-3.0988888921562374,68.83165534625496,51.771855324194604,66.44912040002022,66.16098222493602,28.879977881396655,normal,26.672527530847695,normal,44.9770625,32.35,-6.774270364548081,-13.70044773415737,0.0,0.0,-1.4046177864074707,0.1,0.000568042554329195,0.1214017521902378,17882938794501930324.mp4,19.49539825385353,unlabeled,0.5167012724916942,925a4e8c39c02ace0aa92ad2e9a4b414,normal,29.64685724883081,0.30000000000000004,65.98591393890636,-40.60552965816151,-10.958672409330699,2,-90.0,-72.7145091989834,-42.9790549933415,-31.646876099077154,-25.048521526516904,-21.854989006915265,-17.960005562686927,/b/src/336185346/17882938794501930324.mp4,-1.4046177864074707,33.41110205797435,-32.56131220997571,-14.191552510576798,18.369759699398912,-42.139975571137924,-28.077145317255166,0.2274749721913237,0.002085650723025584,0.03017241379310345,0.08398220244716352,0.042675126201671895,0.21704021257005818,0.21704021257005818,0.7598693923452727,2.0,-22.86207260459004,0.0,-19.970681615948187,0.0,6.462351796686793e-05,0.00012304973394736086,ok,False,0.042675126201671895,0.11123470522803114,0.0,0.0,0.0
69,6453,12.772398012226642,16.09441455226881,15.139600175883057,-15.48810035849609,-27.309383178765106,4.407028876698844,12.772398012226642,34.373995493682365,32.77895339231992,30.66093381916249,31.402637427776263,20.787031445332566,normal,15.538646885718208,normal,69.7386875,2.75,-11.081071481797247,-14.552945062791547,0.15000000000000002,0.0,-2.6059956550598145,0.6,0.006499057379814215,0.07196495619524405,17883796583770460166.mp4,12.756438115973559,unlabeled,0.5311357006082874,b93cd65ba4aa0d89ca89aa7f541366ca,normal,8.324016068047309,57.800000000000004,16.570183897050114,-16.35640075544992,-8.03238468740261,1,-26.126543515247082,-22.62576656660051,-18.056067411936247,-14.294787040631974,-12.552659629645788,-11.952295874975615,-10.730231726032525,/b/src/336185346/17883796583770460166.mp4,0.24650447070598602,8.298908502350317,-21.46099705996937,-13.839700931676612,7.621296128292757,-17.13591106266665,-15.292142415012222,13.304071018651362,0.1416786226685796,1.5511119081779052,5.842001434720229,0.042576268274116535,0.41001555758397706,0.41001555758397706,0.469611927860899,1.8,-9.83178400757481,0.0,-15.384980026744731,0.0,0.0008369250122292385,0.015058856796166422,ok,False,0.042576268274116535,5.523672883787661,0.0,0.0,0.0
52,1990,10.967178664121729,9.672027221889973,7.537409843947546,-9.251838858432887,-20.917910446536528,-7.551067971430395,7.537409843947546,46.718602060440176,47.93033673563592,49.02138851154424,48.31842182840809,38.15511013641206,normal,13.372951349765275,normal,52.2449375,17.3,-16.802906829863282,-11.759499121841614,0.30000000000000004,0.01875,-0.9207397699356079,0.5,0.003253915762950443,0.049436795994993746,17883795131750213465.mp4,9.158411324694914,unlabeled,0.5649055307562317,981e53d40df80e994c287ae0784c9b7f,normal,4.066948321429333,0.1,24.776871314774453,-12.99042857917134,-8.923480257742007,1,-21.13046546693606,-18.311236754894903,-15.331301003039975,-13.413818373661119,-12.073300519896536,-11.618870362217967,-10.855524448404976,/b/src/336185346/17883795131750213465.mp4,0.2868654727935791,5.6051911948655455,-14.707251413151042,-10.846749950815735,3.860501462335307,-13.006016502192946,-13.086085876971696,24.065792624521073,0.38900862068965514,3.131764846743295,11.124461206896552,0.0417735295124036,0.057197602996532274,0.31901549612448193,0.5524638890548113,0.25,-13.277240007673205,0.0,-13.64328508130873,0.003125,0.002086714416116963,0.006313728831864108,ok,False,0.0417735295124036,9.099616858237548,0.0,0.0,0.0
71,7232,3.210830648697346,19.28546271341161,26.60152698213897,-9.020205154041566,-31.983586584634814,-4.559507534728747,3.210830648697346,33.46482559745313,32.94077526820715,32.32744133734431,36.507725038397936,20.245869572506408,normal,16.36072352424491,normal,71.68,17.95,-13.579712688770313,-15.54861474202676,0.1,0.0,-3.779409170150757,0.2,0.0005747524409111668,0.061952440550688354,17883249492962207833.mp4,16.434971842608054,unlabeled,0.5661370045929593,cebb961e529bb9250327d6d602f28d44,normal,10.360015881264333,55.400000000000006,27.270784956573504,-19.918038408011842,-9.558022526747509,1,-37.99317197367613,-30.30255529673883,-20.26614768926251,-15.788028824635274,-13.509098667861743,-12.301678757442989,-10.82035902101114,/b/src/336185346/17883249492962207833.mp4,-1.3866677284240723,10.814439563739317,-31.974541921245613,-14.913728138239835,17.060813783005777,-20.724564987277105,-17.747391252668983,7.458696789951151,0.007414515003489184,0.5891486392184229,2.9945481507327285,0.04118909926973477,0.3881327945349089,0.3881327945349089,0.6444069996175869,0.9,-10.429624099648008,0.0,-16.275656525036865,0.0,0.0005046309226536561,0.005166553912981538,ok,False,0.04118909926973477,3.768318213538032,0.0,0.0,0.0
32,2520,15.287194733685519,24.615960430540458,29.534355609827436,-8.192470423053893,-35.4115862085293,1.8522899967160278,15.287194733685519,24.820757826961163,25.59146655553056,26.50028075767312,27.716806129869564,16.206326036638632,normal,20.014518474424,normal,32.7183125,19.8,-6.340180426337865,-15.389035048694051,0.05,0.0,-1.7886662483215332,0.2,0.0017423270255322943,0.1214017521902378,17881843899950445778.mp4,20.02255115983525,unlabeled,0.5169903620061445,ed65c69530eef1a042d3282640d40768,normal,13.203323373801464,21.5,21.917661512332888,-23.126856970684244,-9.92353359688278,1,-38.385465370239245,-34.5084635727002,-24.007363189695788,-18.269659037564185,-14.988586059030828,-12.939324694523945,-10.040722079837611,/b/src/336185346/17881843899950445778.mp4,0.16528047621250153,15.83126835840834,-35.30012195822138,-15.758690708839794,19.54143124938159,-23.962407273672824,-19.8492379982115,3.7677752293577984,0.053134556574923546,0.3679281345565749,1.3302752293577982,0.03927557027709267,0.29486101324640024,0.29486101324640024,0.5723780256292523,0.1,-10.465933573582786,0.0,-17.87761777851806,0.0,0.0002086361258259098,0.001463425214655539,ok,False,0.03927557027709267,3.3639143730886847,0.0,0.0,0.3058103975535168
133,4462,34.27125085012065,15.682172343782364,32.74882975829685,-9.325769558182223,-36.298699779514564,1.517208059480681,15.682172343782364,64.36306243636571,47.93592817158989,48.90618749004086,47.041859999027366,31.054889948961204,normal,13.855374424749293,normal,133.51475,6.75,-7.808561498701542,-14.097380930775461,0.0,0.0,-5.632317543029785,0.0,0.013062687542425832,0.1332916145181477,17882712076360302520.mp4,22.201318848739103,unlabeled,0.5630886366846958,670c4defd30f1c92f270e41d726e5d7d,normal,7.048092571069914,99.9,42.43778496133505,-14.999263761893449,-7.951171190823535,2,-27.585266836870584,-24.682004798968876,-17.45396887201769,-13.930752266015642,-12.293122142180064,-11.264266425668541,-10.202315991907483,/b/src/336185346/17882712076360302520.mp4,0.30496013164520264,8.204266159670611,-35.52357175891389,-14.332226208541536,21.191345550372354,-15.003630956326916,-13.55041429310409,21.601147003745318,0.27883895131086145,3.3416432584269664,10.489279026217229,0.03813041312819417,0.1439939701514253,0.2753630427012313,0.5337278491508859,0.8500000000000001,-4.934716664648659,0.0,-19.60137535110161,0.0,8.665391517020954e-05,0.02088207314193532,ok,False,0.03813041312819417,8.539325842696629,0.0,0.0,0.0
6,1067,13.86452946858288,28.984128500645475,27.84159023225428,-7.525768731160763,-54.947707085876175,-1.633540066884997,13.86452946858288,47.26207966144872,34.09057248433607,48.440866931327534,47.03944455479819,20.25780436719917,normal,19.506063205363482,normal,6.849875,2.15,-9.15930879804576,-14.792585044109916,0.0,0.0,-1.0074057579040527,0.1,0.00473145181264862,0.09949937421777222,17882972983590180763.mp4,40.15512204176626,unlabeled,0.4530210389809456,c68783d3dc6ff339ad25f2d0049a1c2f,normal,36.19439935032241,1.4000000000000001,42.81830028509755,-48.09124249725615,-11.896843146933735,2,-59.27445953514177,-57.33358326488482,-51.44661325118339,-21.5576854121477,-13.446713182517211,-12.340194652791364,-10.639968600081403,/b/src/336185346/17882972983590180763.mp4,-0.8268682956695557,41.19536171896304,-53.534614903079536,-14.524928979463109,39.00968592361643,-50.29117871787036,-20.332931501033038,4.1755514705882355,0.078125,0.45128676470588236,1.7738970588235294,0.037773423439747635,0.2287535241758404,0.38215011491278683,0.5535784852899155,1.75,-10.886833010708873,0.0,-15.594407253843475,0.0,0.0007288787843398976,0.00400748511342814,ok,False,0.037773423439747635,3.6764705882352944,0.0,0.0,0.0
100,10037,21.484231658722408,13.566941854321698,23.835300898072656,-3.582549589970152,-24.151817341855228,2.236622782967122,13.566941854321698,71.60487424155639,49.54024456914398,55.45276391977187,56.68843520435676,26.829792510706326,normal,18.982302042600033,normal,100.358125,9.4,-1.3459268070030301,-12.886613213151882,0.15000000000000002,0.0,-2.526205539703369,0.6,0.04122963300268964,0.2759699624530664,17882955703762940250.webm,11.265204128703346,unlabeled,0.578667961559313,9132feec7307b3ffc2eec300f9395386,normal,10.414861300892628,0.8,49.38377842921315,-22.982411752641546,-12.567550451748918,1,-28.665547735598324,-26.13696808217071,-23.24136108782707,-19.645920623479213,-16.635684020635214,-14.973944290932828,-12.50247509771273,/b/src/336185346/17882955703762940250.webm,-2.2448477745056152,13.426939965348076,-24.743038006829845,-14.485958540810753,10.257079466019093,-23.161264062738958,-21.227149817105648,1.7092052815146985,0.0008408071748878924,0.06552067762830094,0.43675261584454406,0.03771768749749377,0.12630980110636736,0.39187420272365103,0.4453032826973177,1.4000000000000001,-3.0367085577822337,0.0,-19.588367668037197,0.0,8.76308087599468e-05,0.018757175763122275,ok,False,0.03771768749749377,0.6975585450921774,0.0,0.0,0.0
94,13559,6.467791053833972,1.4256077672922096,15.669726772024735,-10.646253276523124,-27.81930720949169,3.1849895414563996,1.4256077672922096,54.56200214791156,27.09166502805884,41.87400563714767,48.52924745181393,15.290440374942293,normal,13.17166134958936,normal,94.1866875,9.850000000000001,-7.461263735066725,-14.302352074173633,0.1,0.0,-2.5294556617736816,0.1,0.011318434405187853,0.13829787234042554,17882539535520684803.mp4,13.516955135318057,unlabeled,0.4784710638617366,a1ef8dfcda3303750e0247c90f5ec3df,normal,6.871168433037157,0.1,29.74202212964496,-13.938155905477451,-7.066987472440294,2,-27.785430723141353,-20.063637637164234,-14.728034152300483,-12.131518414476105,-10.79583031423969,-10.142546262329462,-9.222012575332858,/b/src/336185346/17882539535520684803.mp4,0.1883954405784607,6.757748557769076,-25.451310933297503,-14.347288169511984,11.104022763785519,-14.154996001593949,-12.9832659090109,22.29782926181625,0.8087493361656931,4.591542750929368,12.0393321826872,0.03747447852026804,0.26776495138433215,0.27311660140599936,0.584621320493977,2.0,-13.884215120552222,0.0,-31.278495081510115,0.0,1.2970062002911972e-07,0.0005596510626359834,ok,False,0.03747447852026804,23.260754115772702,0.0,0.0,0.7966011683483802
14,11809,8.573186479676426,13.910462094148937,4.63497570206705,-9.865120417752477,-22.74785266093155,-1.4552070179281724,4.63497570206705,50.23660346338466,30.98685773663358,48.976053271357706,50.41379577235971,28.57104796114737,normal,17.760236461755387,normal,14.11775,10.75,-11.32032743568065,-13.582473728565056,0.30000000000000004,0.0,-1.8654451370239258,0.4,0.004745973010052898,0.0750938673341677,17882819828330716268.mp4,9.165378932366494,unlabeled,0.48708399048438056,555db4d0dfd68182487d83a567dc5a4f,normal,10.830725656610966,0.2,19.069922126526997,-20.379323416008997,-9.548597759398032,1,-31.692475287306653,-26.221813538971787,-20.998135253865073,-17.364404353255065,-13.179073435057683,-12.115744805001183,-9.597378916324368,/b/src/336185346/17882819828330716268.mp4,0.027021188288927078,12.726476034107266,-22.737856754587455,-13.216998051439264,9.52085870314819,-20.93518750251735,-17.73321527346646,6.486258865248227,0.14450354609929078,0.7278368794326241,2.575354609929078,0.037061422437889624,0.392591018768744,0.392591018768744,0.5447170780265553,0.9500000000000001,-9.28642761074221,0.05,-14.744345643074087,0.15625,0.0014510305379506585,0.006887175731523882,ok,False,0.037061422437889624,4.964539007092199,0.0,0.0,0.7092198581560284
81,4058,18.237532142765,20.912630343116945,19.418236154147294,-3.3608408318026597,-30.86926539152728,-2.702184334422619,18.237532142765,71.72460270410706,72.43550876320617,72.10853812379307,74.52327812973992,37.13769301985718,normal,22.15336906466539,normal,81.7575,20.55,-6.0630251662252785,-14.004772207612566,0.0,0.0,-3.1515870094299316,0.1,0.002112165365040384,0.15143929912390486,17882090533771199600.mp4,16.86449318391471,unlabeled,0.5369488614191237,c8e6aaac15c9b25ba8120fa66a95945e,normal,18.766069082177886,0.1,67.72348837163285,-29.414023055432803,-10.64795397325492,2,-37.935816408864405,-34.42492466334142,-29.288540205773977,-22.07294133893811,-16.90600053828262,-14.888340727209927,-12.514575373265707,/b/src/336185346/17882090533771199600.mp4,-0.1897902488708496,19.499399847790343,-32.14058897870987,-15.203915498583928,16.936673480125943,-29.857633521407976,-22.34315931353624,1.9930045871559634,0.006613149847094801,0.09652140672782875,0.608256880733945,0.03578997525051849,0.2910546438880046,0.4284743451833332,0.6858405654421675,0.35000000000000003,-9.424703812086584,0.0,-17.814157288325525,0.0,0.0002175564179068432,0.0016273288129314255,ok,False,0.03578997525051849,0.7339449541284404,0.0,0.0,0.0
23,6309,17.595381327419975,16.05821798289005,42.59164519791522,-12.762347021479519,-43.43143494566985,3.3510466670418335,16.05821798289005,62.517411588859936,33.27146612568876,41.906813931041626,47.48842277882278,21.715546889494156,normal,24.932383640768236,normal,22.9891875,9.8,-9.411300354437685,-14.800436056726248,0.0,0.0,-5.780956268310547,0.0,0.004017133167900236,0.0869837296620776,17882982722043698200.webm,28.6309988889436,unlabeled,0.6349241361993395,3332add7eaaa4c2796bf93edcc307ce4,normal,16.91799582615389,0.6000000000000001,65.21816417062755,-30.775089556811622,-13.85709373065773,2,-45.53781422043601,-41.36804010495034,-34.99146255313367,-29.288080780100607,-23.428654293996505,-21.042919398568106,-15.074607363720734,/b/src/336185346/17882982722043698200.webm,-0.7133678197860718,21.173938831764726,-37.599854829606954,-14.586094796911746,23.01376003269521,-31.266455402405448,-25.645751460554308,0.7317538126361656,0.00040849673202614386,0.0019063180827886708,0.1323529411764706,0.033649639822628155,0.15307463117525433,0.20783032326844703,0.7315752218153024,1.0,-7.485368244983941,0.0,-30.523038764791778,0.0,2.101998973576257e-07,0.020904518406638747,ok,False,0.033649639822628155,0.0,0.0,0.0,0.0
9,1848,8.333967317443499,18.070962636761028,24.39967347295949,-2.9471812522835763,-33.527769214495606,-3.6124870705379446,8.333967317443499,23.973698182460872,16.921429137490527,21.541953726930693,23.022638702303894,9.348786643005212,normal,22.02293234049611,normal,9.4040625,6.15,-6.559668322821521,-17.045836808221942,0.15000000000000002,0.0,-1.9772083759307861,0.5,0.0022506442689238623,0.1451814768460576,17881493032740090439.mp4,16.481932406273664,unlabeled,0.5614084640380854,1d41ad8b2bd682e6ee641dd2cedbbf56,normal,24.08249800223536,5.9,23.147246930191546,-34.988886487918826,-10.906388485683463,2,-40.275811690145986,-36.3933509425306,-33.3621976608692,-24.217165340045042,-17.03467450966252,-12.748747576972312,-10.58520929140746,/b/src/336185346/17881493032740090439.mp4,0.7312601804733276,23.63331074125133,-35.279046767426834,-17.950334443586982,17.328712323839852,-35.17752059631569,-21.29167216002278,3.2746010638297873,0.009308510638297872,0.30851063829787234,1.4601063829787235,0.03224567462452811,0.4033756469890485,0.4313500681604944,0.61169344460867,0.0,-7.904417416390778,0.0,-21.26053103045399,0.0,3.3772779576805895e-05,0.01402115717147648,ok,False,0.03224567462452811,3.1914893617021276,0.0,0.0,0.0
21,2204,16.657500594811665,12.147947933842582,12.92220209603191,-8.499063990111328,-28.494303537765347,-5.549592594347029,12.147947933842582,68.00900259448585,43.59071406320991,67.49098604979963,67.394319925641,22.60335938400744,normal,13.475079043426529,normal,21.6874375,7.65,-14.048656584458357,-14.547000630096612,0.05,0.0,-1.891358494758606,0.1,0.009572559138653465,0.049436795994993746,17881884012000161628.mp4,13.947302907668735,unlabeled,0.5704095254821718,d72e5e390dc510d2ecb0023aae4c3d7c,normal,12.921823431275264,0.2,45.089517755001914,-20.09462963503871,-7.1728062037634475,2,-35.568512569414864,-26.580242213022196,-21.401275522273462,-17.42645979990218,-14.85287635020168,-13.462192824001312,-10.431859098633888,/b/src/336185346/17881884012000161628.mp4,-1.4817155599594116,12.970380481789215,-29.150877261254447,-8.574707609816073,20.576169651438374,-19.925046334995656,-14.95679460338594,13.462904157043882,0.05744803695150115,3.239174364896074,7.886114318706697,0.03219161153295877,0.5373920514861088,0.5373920514861088,0.7642924599000764,1.9000000000000001,-7.444481851099172,0.0,-21.663850716932675,0.0,2.676996214438211e-05,0.0050716803790425095,ok,False,0.03219161153295877,3.0023094688221708,0.0,0.0,0.4618937644341801
14,1267,17.61335318379396,26.849847242554564,8.192545775101065,-6.693541238142009,-28.790507280749136,-5.866414907211189,8.192545775101065,49.18933751376784,52.24770339308944,50.82976943226997,51.95772736379309,26.26802350851161,normal,12.421585973726298,normal,14.8143125,7.95,-12.559956145353198,-14.522711252590273,0.05,0.0,-4.065112590789795,0.1,0.007757205968857218,0.09386733416770963,17882980389100005723.webm,14.267796028158862,unlabeled,0.576577469940242,09528886d1b480541411a723a7602729,normal,14.596173962445494,1.0,26.381952987163665,-23.54946314818606,-8.953289185740566,2,-37.27944210068871,-30.902852951850026,-23.48841486376163,-14.728385617627623,-12.955933172950282,-12.210564268927069,-11.641724880454825,/b/src/336185346/17882980389100005723.webm,-3.204496145248413,12.41513702250486,-29.142416951223566,-13.943840195057897,15.19857675616567,-22.8481357143765,-15.626082118974711,13.49514358108108,0.0,1.8606418918918919,7.424408783783784,0.03218570150668938,0.3449543158215023,0.5478743013578357,0.6275577397709434,1.6500000000000001,-9.874248348463098,0.0,-25.936180771054186,0.0,2.497440043792399e-06,0.0016627699412488258,ok,False,0.03218570150668938,2.364864864864865,0.0,0.0,0.0
89,5561,8.799718987425255,37.70629608117235,21.791722572786032,-4.4426467840088755,-45.93289288376651,-10.470741997886151,8.799718987425255,40.13718575377188,35.165048537154476,39.56043095264363,40.849109844552224,20.021879324388955,normal,16.275355978438732,normal,89.7988125,58.650000000000006,-14.913388781895026,-17.421901383109436,0.1,0.0,-5.479288578033447,0.1,0.0011275812057917544,0.05068836045056321,17882991087553114912.webm,28.510991500657077,unlabeled,0.5530005466985007,01c1631b180393dbef0db919441fff69,normal,10.51733997280452,8.0,40.406507911539826,-23.244634031799613,-12.727294058995094,1,-48.56262135044604,-33.3321163765978,-24.871274170206245,-19.830799282005074,-17.237612511358495,-16.224594690268308,-14.528063542107194,/b/src/336185346/17882991087553114912.webm,-5.377304553985596,12.108564499900583,-45.43222311973734,-16.920523927542742,28.511699192194595,-24.72134988085194,-21.652660532424328,2.201357938718663,0.0,0.005083565459610028,0.5210654596100279,0.02965880144897774,0.26446271548489164,0.36752279151675804,0.6065214444130972,1.0,-16.66060287511729,0.0,-18.149905404301602,0.0,0.00017656760124245123,0.002209567889240523,ok,False,0.02965880144897774,0.0,0.0,0.0,0.0
355,19909,2.7849754450347284,2.1738774884658656,8.03352041983694,-6.745687585421939,-44.14989810748062,-4.808760643619626,2.1738774884658656,73.22809786996184,50.53261897109534,71.33666811587199,67.51264712882694,26.63691770555657,normal,14.639283961431147,normal,355.89225,16.900000000000002,-11.554448229041565,-15.065550517747036,0.0,0.0,-3.9431893825531006,0.0,0.009978523657701549,0.05944931163954943,17883402285381557164.webm,29.084347589733582,unlabeled,0.535580647666137,7e05fa501de2bfc7b2beb64e658d97b6,normal,7.5779251054493635,0.30000000000000004,62.79509413279165,-17.43107697844325,-9.853151872993887,1,-30.14915460196177,-24.167748845169477,-17.839525722591215,-15.112558980123923,-13.751990480235362,-13.162140898559045,-12.139664709378243,/b/src/336185346/17883402285381557164.webm,-2.197078227996826,7.060535688352699,-45.76645575772781,-14.407563064841913,31.3588926928859,-18.039811312078953,-16.836362189427973,9.687772235492483,9.659969088098918e-05,0.5184241955880287,3.536567373893494,0.0293878384164586,0.101613288383392,0.3715004173183678,0.4553601286880983,1.85,-10.110180758860777,0.0,-16.095650224820396,0.0,0.0005616950990752888,0.009495747795968745,ok,False,0.0293878384164586,0.6884923422790502,0.0,0.0,0.0
101,19382,14.454958782091396,11.496597070809708,16.349892385151602,-14.780285906721343,-27.496340389601656,1.1540360492422668,11.496597070809708,27.860912339251357,17.326830850692183,21.398942721959187,23.021597611620766,10.653334331344322,normal,20.289488078117046,normal,101.912375,29.3,-13.626249857479076,-13.586547163264768,0.0,0.0,-2.823686361312866,0.4,0.0021579243955063346,0.05381727158948686,17882375422560632870.mp4,13.909793226336888,unlabeled,0.5654136526159793,927b035cf0e269a0a6bb31665a054209,normal,13.516438916852412,29.400000000000002,15.584216622926535,-23.94491680605606,-10.428477889203648,1,-32.48751968795917,-29.061938182518354,-24.652691672743416,-20.505772254265064,-16.531338629338983,-14.77411260803107,-11.629269828981363,/b/src/336185346/17882375422560632870.mp4,-0.49581411480903625,14.491828279675582,-26.67122800464061,-13.039570030603732,13.631657974036878,-24.460684397058877,-20.785302192926082,2.589793915603533,0.02349116781157998,0.2228900883218842,0.8765333660451423,0.029073525533020506,0.32911897631534326,0.32911897631534326,0.6742840310412032,0.75,-5.552922088040015,0.0,-19.173570725744714,0.0,0.0001061726787268243,0.002670198876413172,ok,False,0.029073525533020506,1.5701668302257115,0.0,0.0,0.0
147,5713,23.60987194650123,52.016744863333486,39.17835691892217,-33.438907826908995,-60.31106503922515,18.455351420338925,23.60987194650123,73.68009188251943,44.7894322685671,46.750094796486906,46.7116789142039,23.278738086103008,normal,14.849136590510977,normal,147.4003125,138.15,-14.98355640657007,-15.867081834675169,0.0,0.0,-6.308506965637207,0.0,1.8773762870642777e-05,0.05381727158948686,17881514248273582072.mp4,44.44398320454998,unlabeled,0.6843226520971172,d4dfe9e705b90a7d96faadef8083f023,normal,6.124183153469591,45.800000000000004,66.79251171645613,-18.49706583621039,-12.372882682740798,1,-60.9009524906773,-31.894070516143678,-20.507049768112406,-16.68351950681905,-15.19552603078462,-14.565329104249692,-13.102589702956157,/b/src/336185346/17881514248273582072.mp4,-3.225168228149414,10.282534074651037,-23.49880204306104,-15.300666797989575,8.198135245071466,-18.91840940436191,-18.07430481866039,6.220954884667571,0.0,0.14467435549525104,1.724898236092266,0.02840135288739921,0.27119719724892133,0.5368676289537332,0.5980690349192272,1.8,-41.43718103299062,0.0,-59.90966604143625,0.0,1.865368714769895e-14,2.968824403506031e-06,ok,False,0.02840135288739921,0.30529172320217096,0.0,0.0,0.0
31,4728,23.01309370602912,23.852579006088796,20.26642645141854,-8.85362837564976,-33.601726190021374,1.1134555970192697,20.26642645141854,29.00680318814891,19.95030923320443,25.339466704951345,27.460205701053134,12.805186440121027,normal,14.764765313467166,normal,32.02175,2.25,-7.740172778630491,-15.461259625656604,0.0,0.0,-5.15083122253418,0.0,0.003506484321122079,0.09449311639549438,17881892465490698469.mp4,18.140466564364772,unlabeled,0.5641549306356172,a1178fbb5fe8a7a181edaac204dbc3a5,normal,6.7827584399043115,2.2,27.336307682497818,-19.944650591355824,-13.161892151451513,1,-26.11372363480555,-23.33481092300566,-20.55812323075085,-17.97270802751069,-16.007605619173695,-14.771453097869815,-13.40517248414604,/b/src/336185346/17881892465490698469.mp4,-4.147806644439697,8.426761037779785,-33.067300439561244,-15.415870294042733,17.65143014551851,-20.493979912724583,-18.912571957906863,4.5096679687500005,0.0,0.01962890625,1.01513671875,0.027673661660846016,0.43276833558140454,0.43276833558140454,0.6442292446231398,0.1,-12.23661529145143,0.0,-16.254928740300617,0.0,0.0005041258257512107,0.003028023300573433,ok,False,0.027673661660846016,0.0,0.0,0.0,0.0
93,7599,-6.418237843849501,14.768847661657462,-1.726125797771017,-1.110179000103197,-10.286076060464062,0.27041359367015183,-6.418237843849501,80.91211896203495,52.28142047077402,80.69203398735085,80.07367790652505,36.7902356216276,normal,12.535659138101664,normal,93.622875,83.10000000000001,-0.8397654064330452,-6.964429458574514,0.0,3.5937499999999996,1.247093915939331,0.0,0.131959650385909,0.25156445556946183,17883366594111241955.mp4,3.3216466018895474,unlabeled,0.44497853995489606,343dce69d490f4579edc73017c37be23,normal,4.4396280025224035,0.1,69.87692872395326,-10.190094692860594,-5.7504666903381905,2,-15.359432370555526,-12.060962008126086,-9.998880216817712,-8.627841191010617,-7.317428543269429,-6.798940945595748,-5.9464364458427,/b/src/336185346/17883366594111241955.mp4,2.5237247943878174,5.005237591817382,-10.631371697119507,-6.989415161448581,3.641956535670926,-10.224541948374466,-10.011934343713847,36.47829861111111,4.301115117521367,11.970018696581198,23.2734375,0.027172499215976184,0.3783277057374335,0.3783277057374335,0.49727164958906117,0.35000000000000003,-1.505428040520622,0.1,-9.815112647899525,0.928125,0.027172499215976184,0.1988844845635654,ok,False,0.00534479014549694,74.78632478632478,0.0,1.2286324786324787,28.899572649572647
43,1869,13.400179953568937,5.4293717169479905,7.923030807053408,-12.426241940292169,-24.863449297064754,11.178223967783312,5.4293717169479905,74.03558065112372,66.40131831786493,74.47701685063775,67.23914604397746,34.40384475378993,normal,17.62050199850495,normal,43.6303125,37.75,-1.2480179725088565,-14.552643638276994,0.25,0.0,-2.0006988048553467,0.4,0.009463576754662752,0.28035043804755944,17883762415313690799.mp4,10.31080565878776,unlabeled,0.43715200885754496,6f9c3a9d1f7b86a675ce3012f3453840,normal,9.214511547870046,0.30000000000000004,70.59601337553751,-20.994541450902624,-11.780029903032577,1,-26.208319859816363,-24.553455085720895,-22.09008353563103,-18.66642825981598,-15.511856229277207,-13.685965172767569,-11.960064093825617,/b/src/336185346/17883762415313690799.mp4,-2.0006988048553467,12.6631638022034,-23.1752452874206,-16.277128253466724,6.898117033953877,-21.099928906133435,-19.621200803360296,2.8173738532110093,0.0018635321100917432,0.06006307339449541,0.599197247706422,0.026845863468570395,0.15047904827337547,0.2594548307854194,0.6318438988926962,1.0,-2.6516033609306833,0.0,-17.66188559998129,0.0,0.00024718973210741515,0.0048384141729226815,ok,False,0.026845863468570395,1.146788990825688,0.0,0.0,0.0
19,961,8.749589561997919,-1.0031689180525265,5.018241030837732,-9.548777953928461,-30.919732317698642,0.4459259370558364,-1.0031689180525265,35.990294780245904,34.58630185327943,33.18608887265684,33.22241514653995,29.558363627507333,normal,17.951150172098128,normal,19.9808125,1.8,-9.102852016872625,-14.21506913767573,0.0,0.03125,-0.37883487343788147,0.1,0.011236820413397372,0.1151439299123905,17882995027713414405.webm,16.704663180022912,unlabeled,0.5387049058160444,add3c597aac94c331be6b7e0c2098072,normal,13.90907269652437,9.4,23.370342740057943,-22.09414052617997,-8.1850678296556,1,-34.80916157886212,-31.877468080362693,-24.536325069246146,-16.765008464552494,-12.061908506003133,-10.7197006506719,-8.907104898051518,/b/src/336185346/17882995027713414405.webm,0.44352227449417114,16.40681831987567,-30.32311769483927,-13.762430035695662,16.560687659143607,-24.256010196289893,-17.507627897603957,6.909147869674186,0.3715538847117794,1.2036340852130325,3.2445175438596494,0.02654235571222411,0.10644693238637577,0.5221387194704276,0.45738564802643433,1.8,-9.102852016872625,0.0,-14.21506913767573,0.05,0.001579050331142477,0.011236820413397372,ok,False,0.02654235571222411,9.774436090225564,0.0,0.0,1.5037593984962405
69,2862,5.661794264987389,-11.073014853466692,7.736249433067485,-6.867740829398635,-25.94763852364916,1.343748272310318,-11.073014853466692,64.16122886400603,40.13336290855126,63.93299038348553,63.399186505601406,21.99973573804614,normal,18.359658547943873,normal,69.3115625,56.75,-5.523992557088317,-14.014366798440692,0.1,0.0,-5.794445991516113,0.3,0.0020908221215819975,0.17083854818523153,17883366593620010745.mp4,11.933271725208469,unlabeled,0.5490986579191888,07d0e697efa51fd4e7d02394e54aa636,normal,16.300924857380316,0.1,42.47631807057862,-28.734846133453928,-12.433921276073612,2,-44.15492882486926,-41.13545219779146,-30.180367255683834,-21.918218461070456,-17.003336509996515,-15.18835107208511,-13.044104027688622,/b/src/336185346/17883366593620010745.mp4,-4.283197402954102,19.016011789111936,-26.577762003945956,-14.901525412945094,11.676236591000862,-30.277467665966782,-22.642855950897975,1.830357142857143,0.0,0.018984487734487736,0.40056818181818177,0.026483390848400762,0.1634025641661204,0.24193119377394315,0.5690864307815834,0.8500000000000001,-7.484323456623384,0.0,-24.260793972255744,0.0,6.392845186682555e-06,0.0024631380119075393,ok,False,0.026483390848400762,0.36075036075036077,0.0,0.0,0.0
10,3920,36.03786308532599,6.144531927578143,2.214264288036799,-12.105690958135401,-33.97920712437596,4.225656631287632,2.214264288036799,26.692694338974867,20.034335436278404,25.437071102908387,27.99173454423457,12.921235469956947,normal,18.37925960898339,normal,10.7958125,3.1,-7.8800343268477695,-14.729067308397438,0.0,0.0,-1.6008095741271973,0.3,0.0002337839523755127,0.12578222778473092,17881481936410534871.mp4,19.25013981597852,unlabeled,0.5570286569722455,e74de2f4d3d95e07b92bbf6d4d2a700f,normal,17.12519928904998,2.0,22.670215417538863,-27.385111307907575,-10.259912018857593,2,-37.732177781500816,-35.164655938497134,-29.16243631933558,-19.054175544919076,-14.535872497323687,-12.576588211320399,-10.295112691361382,/b/src/336185346/17881481936410534871.mp4,-0.9306079149246216,19.58347747053994,-33.391327922302196,-15.836239686598496,17.5550882357037,-28.736023698069772,-19.30986752390801,5.0718023255813955,0.04011627906976744,0.4985465116279069,1.8973837209302327,0.026395151308376594,0.06784149709053754,0.2925967912807463,0.48707411994126576,2.0,-10.612725965511036,0.0,-19.54840177077071,0.0,8.31539441093039e-05,0.00025031718034384496,ok,False,0.026395151308376594,4.651162790697675,0.0,0.0,0.0
20,2666,30.650706248991767,23.994337361373937,22.399753219926353,-10.535266018951123,-29.197034109210225,-1.8983857531979567,22.399753219926353,29.46171216002313,17.121099949168972,25.05708392840789,29.707371470430893,9.174984487495408,normal,15.8860573974206,normal,20.8426875,7.5,-12.43365177214908,-13.823496757550148,0.0,0.0,-2.468895673751831,0.0,0.022524391684574513,0.0769712140175219,17883738660852484810.mp4,15.373537351660078,unlabeled,0.5438672227256696,84a9fe2c97eb7d04f00ed263f302f15d,normal,8.966265376039447,7.7,25.30932035975136,-17.94505455090734,-8.978789174867893,1,-31.270030495258453,-26.07591639578643,-18.79758585136058,-14.957716532944989,-13.344837441942932,-12.281594424148276,-10.949514307201644,/b/src/336185346/17883738660852484810.mp4,-0.9955170154571533,10.043154548739112,-28.583590815109357,-12.76026892700077,15.823321888108588,-18.34986960329657,-16.881574412877754,9.307391826923077,0.04146634615384615,0.7403846153846154,3.4469651442307696,0.02614673240023116,0.12073238888700427,0.2726902770573508,0.553239852359566,1.8,-9.928813791675827,0.0,-23.119515809262204,0.0,1.1948583507124146e-05,0.012450448419529596,ok,False,0.02614673240023116,3.3653846153846154,0.0,0.0,0.2403846153846154
38,4757,22.7047615323536,5.051200969084256,18.887142370610427,-17.21487981807254,-18.829068952539828,9.479714774633464,5.051200969084256,60.22572895817207,60.54898322251455,69.58010188612165,63.27031558528641,32.19510568833755,normal,17.257016754006372,normal,38.1271875,37.2,-7.735165043439075,-11.254095513975287,0.15000000000000002,0.0375,-0.4533447325229645,0.2,0.06139730240432073,0.08135168961201503,17883362821053253349.mp4,7.574973438564541,unlabeled,0.5640585301493961,d498a9086dc339ec4c4d80c440483fd1,suspicious,13.860111768083735,0.1,53.2421766882854,-20.730833287088576,-6.8707215190048405,3,-28.827266742532636,-26.040584598804546,-21.95870274878547,-17.393670293480866,-14.42535449186297,-13.298104919343194,-12.002143895309976,/b/src/336185346/17883362821053253349.mp4,-0.4533447325229645,13.630225068664217,-17.259590494410958,-9.253785109641882,8.005805384769076,-21.236466539629035,-17.710361486529337,7.198162729658793,0.02903543307086614,0.5055774278215224,3.0611876640419946,0.025579181406607948,0.29945758768677977,0.29945758768677977,0.4362994842319567,0.15000000000000002,-17.179020260361973,0.0,-24.47731444426627,0.0,5.449257384568499e-06,0.0021161088560037026,ok,False,0.025579181406607948,1.0498687664041995,0.0,0.0,0.26246719160104987
88,6463,7.007150757468732,30.206625426103514,29.46237510902511,-4.73423140326484,-41.921616114014256,-3.147252864681442,7.007150757468732,50.02304002017214,30.17689627219665,28.53960835205362,54.8105647058118,25.277170587348408,normal,12.44037756958003,normal,88.0853125,15.0,-7.8814842679462815,-15.792192922502107,0.0,0.0,-5.952966213226318,0.0,0.0073227007979027835,0.11076345431789737,17881789560600731133.mp4,26.12942319151215,unlabeled,0.5686214587805739,5ff8b5b4da5dd26cc561dd882b0997ee,normal,7.2431876865358475,15.0,21.91148039755663,-18.54466151764043,-11.301473831104584,1,-35.695641286200264,-27.19808393793637,-19.25311010634473,-15.398903252523644,-13.766041977719022,-13.284827518975932,-12.07584208374245,/b/src/336185346/17881789560600731133.mp4,-5.265958786010742,10.389959861691072,-42.876627317386905,-16.081797546006985,26.79482977137992,-19.55537706914533,-17.70633635559077,8.385611868256673,0.0,0.002448892674616695,2.5986300397501423,0.024849179237974268,0.17120579144684656,0.3581141025009408,0.5756341876693032,1.4000000000000001,-12.843836200976789,0.0,-15.00003383129105,0.0,0.0009943904924794584,0.000990443583653236,ok,False,0.024849179237974268,0.6814310051107325,0.0,0.0,0.05678591709256105
43,5662,17.868274370744384,26.172002440167784,27.28400089169289,1.3782610383653546,-34.81995315512988,-4.808810554730581,17.868274370744384,33.922192885873926,24.096786977590412,30.231139156565717,34.32971686927743,14.159163739027356,normal,20.64780485605677,normal,43.4546875,21.55,-3.430549516365226,-15.03806947181232,0.0,0.0,-3.352936267852783,0.2,0.01165437233146577,0.18147684605757197,17881522181840728730.mp4,19.78188368331756,unlabeled,0.5167263189124784,f3883a0203e544c195afcf3124b25a0d,normal,19.764722939835185,36.800000000000004,27.343515767047137,-32.40252218532205,-12.637799245486864,2,-46.84762910068354,-43.13739302355073,-33.247790616235264,-25.3549034127299,-19.28325458607603,-15.696071052402443,-12.787717366667973,/b/src/336185346/17881522181840728730.mp4,-3.352936267852783,21.952760728282264,-37.010497000798516,-15.870320140388326,21.14017686041019,-33.83679717793795,-24.000741123909552,1.292433831990794,0.0,0.05753739930955121,0.40376869965477563,0.024770199579448003,0.07517074832455382,0.25566184347160104,0.657690675640068,0.9,-7.044005904235183,0.0,-17.172451593543546,0.0,0.0003200551049062596,0.012630820591986423,ok,False,0.024770199579448003,0.34522439585730724,0.0,0.0,0.0
26,3141,-5.702051966990203,1.1985872930372707,0.7019597852396551,-8.1032633737661,-10.045253413880737,-2.0211945368219695,-5.702051966990203,8.038852960112802,7.609153186251454,8.023166355978578,8.925341418877059,4.221615888973302,normal,8.085551440976671,normal,26.495375,4.4,-10.12445791058807,-7.6150275390894695,0.0,18.41875,3.0471060276031494,0.0,0.04233565157381272,0.10012515644555695,17882590630500236667.mp4,2.430225874791267,unlabeled,0.5466284249531311,2553c56480cf40337f44ff41040e03fd,normal,1.146873130388344,23.6,6.991357888764152,-3.688039451910445,-2.541166321522101,1,-12.895986804245407,-11.156247352470603,-9.829886084640146,-8.611797082774997,-6.893932505566006,-6.035174589000123,-5.371158300587823,/b/src/336185346/17882590630500236667.mp4,3.5981485843658447,4.791469550862548,-8.163275843247138,-5.056210148456277,3.1070656947908617,-3.8397346359104874,-4.487402856610826,70.98676748582231,31.623700378071835,46.76784026465028,60.16446124763705,0.02346700630792245,0.3475524707685822,0.3475524707685822,0.27422232001800345,1.55,-9.365247497334849,0.05,-9.531177437917776,2.203125,0.02346700630792245,0.03894900226469785,ok,False,0.003696739047543498,83.1758034026465,0.0,4.725897920604915,31.001890359168243
62,13553,29.28733157808693,28.278456657920405,48.819185825026025,-15.428549792523214,-42.78615706262343,5.4917275941630965,28.278456657920405,41.45031505729213,38.89346405250299,42.79478137385314,45.879829818606254,34.27340975428593,normal,24.80064804082544,normal,62.9506875,52.75,-9.936822198360117,-16.554923966982543,0.0,0.00625,-0.9358875751495361,0.2,0.0005263419856105104,0.09198998748435544,17881476531272575763.mp4,26.23123309564089,unlabeled,0.5676977517251474,f516403bffde5262bb478fb1664b9b8f,normal,33.66231643070835,52.7,35.270353848642245,-45.388967032129415,-11.726650601421065,2,-58.135967558466874,-55.070908093858094,-46.79035095740468,-26.92228094154067,-20.46902699087999,-17.14152500286601,-13.007554478186616,/b/src/336185346/17881476531272575763.mp4,-0.078109011054039,36.27112752523021,-41.86124336968416,-16.257417199916496,25.603826169767665,-46.373202223216865,-24.87875705187948,1.0433379666401905,0.005957108816521049,0.07739277204130263,0.3646743447180302,0.023450653132645338,0.3381767502051427,0.37843719554654154,0.7144194992006685,0.4,-3.5764600693394746,0.0,-17.555483965508827,0.003125,0.00026010169940490286,0.0016328475101176354,ok,False,0.023450653132645338,0.3177124702144559,0.0,0.0,0.0
62,6925,-2.00436187785456,10.172554800562796,7.790980761249247,-12.739722331754827,-24.256162653876586,1.7792325880529276,-2.00436187785456,21.07656828637817,18.312295304434304,20.070799025457816,19.765683797492642,11.515597583213253,normal,21.6415266489426,normal,62.0205,49.300000000000004,-10.960489743701899,-12.523266888511873,0.0,1.6625,0.1794065535068512,0.4,0.0034141663363888163,0.07196495619524405,17881476138422688186.mp4,11.732895765364713,unlabeled,0.4998277267281876,b9802751d1f8b2072e903f74066b93b2,suspicious,21.40635325446894,12.700000000000001,19.325324393402646,-28.66201149698258,-7.255658242513638,3,-32.29125168265954,-31.158989366871424,-29.67144700822836,-26.991106110494982,-17.883845404719985,-14.673264950937906,-10.388691648538284,/b/src/336185346/17881476138422688186.mp4,0.1794065535068512,23.65865258374138,-23.91566016438796,-12.014201810761872,11.901458353626087,-28.714840165672783,-21.46212009543575,2.4841733870967744,0.09798387096774193,0.4100302419354838,1.1361895161290323,0.02339372150594298,0.23103801957122772,0.29834590096949987,0.5340309188548096,1.4000000000000001,-15.45713362438985,0.0,-29.464340565001258,0.0,3.5410871422162414e-07,0.006893687490794705,ok,False,0.02339372150594298,1.935483870967742,0.0,0.0,0.564516129032258
24,6207,12.116979135582294,26.253498801444422,16.991211681237793,-3.151981090524159,-30.169599279629615,-10.797591190954659,12.116979135582294,73.6415357541311,76.08291976622404,73.02794244222082,74.00764825154405,38.66979031119678,normal,16.29781932560148,normal,24.7525,21.450000000000003,-13.949572281478819,-14.912750966585767,0.0,0.0,-2.5894155502319336,0.2,0.008155174071536958,0.09887359198998749,17881514246470411526.mp4,15.256848313043848,unlabeled,0.5701345420930639,3d8f7d8f329ab63bd954d38b8c6fb857,normal,10.584665874542292,0.1,76.89518865590445,-18.361724701286875,-7.777058826744582,2,-37.26638804318043,-27.741881403615363,-19.95843272415379,-15.978823620213019,-13.799094093045293,-12.089009669546062,-9.618213696227224,/b/src/336185346/17881514246470411526.mp4,-0.9867027997970581,12.37370312893573,-31.468555622681944,-15.284900794424129,16.183654828257815,-20.0373990581637,-17.28452212539854,8.190025252525253,0.12487373737373737,0.9387626262626262,3.3901515151515156,0.023336879542884454,0.3049963172677513,0.5576006767123117,0.49784495940908186,0.4,-16.8871469544989,0.0,-16.65211187843338,0.0,0.000401114505425725,0.0020510264433036916,ok,False,0.023336879542884454,4.444444444444445,0.0,0.0,0.8080808080808081
139,12265,27.776089016594575,27.705979610302727,18.025659911361338,-7.479783387078223,-29.539118781313896,0.2849896905780449,18.025659911361338,55.44899244673153,58.83650756387468,63.40105469342254,65.33565237259413,29.525181902383153,normal,21.18807806699099,normal,139.389375,38.35,-7.194793696500178,-15.602264283915071,0.05,0.0,-3.4215869903564453,0.1,0.02322500113330846,0.14455569461827283,17881516957352928235.mp4,13.936854497398825,unlabeled,0.5000663726738648,047709e9938716eaaa7e946d13663ca0,normal,12.348928670853189,0.1,56.58263531520173,-25.019190237292147,-12.670261566438958,1,-35.03728052547263,-30.604241317543334,-25.444959104022846,-20.626957071644583,-16.40769696981631,-15.029780744214298,-13.110897107240747,/b/src/336185346/17881516957352928235.mp4,-0.7140591740608215,15.39005639624125,-29.95870715692248,-15.893487905858628,14.065219251063851,-25.781625938701133,-21.90213724105181,2.046331180480804,0.0033862576246860426,0.1083826695371367,0.6274668101901687,0.02311120922657462,0.4999507781860092,0.4999507781860092,0.5073019155227281,2.0,-9.531336584639252,0.0,-21.377540726050814,0.0,3.0783045757042205e-05,0.003431979930349804,ok,False,0.02311120922657462,0.1794043774668102,0.0,0.0,0.0
22,10127,4.796034942969946,12.496963202691532,7.624259852194727,-15.939785591545728,-39.67934826723229,-0.06233046845167678,4.796034942969946,49.669002330008844,46.14274739569396,49.00299656882446,46.73416634886557,24.0087843512147,normal,8.78165531078399,normal,22.4769375,2.35,-16.002116059997405,-16.643473802696157,0.0,0.0,-10.2608060836792,0.0,0.00011788535014898664,0.04755944931163955,17883305672610271300.mp4,23.035874464536136,unlabeled,0.5505743856796317,b6172bd5835776a514d3be3798f2e3bd,normal,1.7102470598399577,0.1,49.176164708841306,-8.181692102578612,-6.4714450427386545,2,-21.16221716600057,-13.898617630529637,-12.53742190040611,-11.725780065432797,-11.090531900346024,-10.733930294966303,-10.198698378408563,/b/src/336185346/17883305672610271300.mp4,-0.12110921740531921,4.370164626124394,-37.86147954779496,-15.80803515607307,22.05344439172189,-8.148814938128865,-8.902764528189309,50.85258908685969,3.533546770601336,18.714922048997774,36.69111915367483,0.022744341481685627,0.4189805435377582,0.4189805435377582,0.4119662520614097,1.9000000000000001,-15.939785591545728,0.0,-19.793989583829465,0.0,7.14261535514767e-05,0.0001761430533257117,ok,False,0.022744341481685627,32.29398663697104,0.0,0.0,0.22271714922048996
358,19631,25.161430353000213,14.681847611334124,14.088058773455607,-9.505711900721701,-31.548658210860204,-4.4253295872296,14.088058773455607,71.9600297415943,55.19900914064265,60.65393719096505,60.65393719096505,30.82256193400176,normal,16.12129661114474,normal,358.2375,83.35000000000001,-13.931041487951301,-15.107773785660724,0.0,0.0,-3.4834914207458496,0.0,0.009319212934182124,0.045682102628285357,17883402284080192306.webm,16.440884425199478,unlabeled,0.5717984375138284,82c3487b6ae318fe316e8b784886d87a,normal,10.48047217836111,0.5,64.11667269468032,-19.16501245557472,-8.684540277213609,1,-31.192936003408413,-26.41404356812432,-20.81376272322967,-17.061673387341635,-14.626188114600481,-13.336914756921605,-11.566792155855564,/b/src/336185346/17883402284080192306.webm,-1.4824868440628052,11.444650962708534,-30.2664176759493,-14.151802243953314,16.114615431995986,-19.750310855719782,-17.603783455207545,7.122469988833053,0.004676158570630932,0.5821032244556114,2.6435301507537687,0.022341444072764144,0.2078336391054423,0.40455397977941376,0.5293351956326908,1.7000000000000002,-11.547675303025066,0.0,-17.91077121732937,0.0,0.00020548424015138337,0.007316824805369019,ok,False,0.022341444072764144,1.675041876046901,0.0,0.0,0.0
26,7521,-0.4682892033270072,4.192643939174804,4.964782726195585,-20.63471486210652,-13.979259917308566,2.020891879446477,-0.4682892033270072,39.13380735927397,24.61882128883837,32.13251278509274,35.31593866902681,18.55078469520631,normal,8.384791921168347,normal,26.092,1.6500000000000001,-18.613822982660043,-9.842914939521178,0.0,1.0625,0.0791260227560997,0.0,0.0003806057718513459,0.02190237797246558,17882851775970918705.webm,4.136344977787388,unlabeled,0.5947470843662828,0dcb36452f469965f38c2be7e165a24e,normal,1.528310157724741,0.1,13.9382451728504,-7.8528610286526686,-6.3245508709279274,2,-15.105543629345494,-13.132398084780622,-11.615659568538883,-10.179618739784454,-9.053501176101175,-8.21426081933893,-7.500608706296877,/b/src/336185346/17882851775970918705.webm,0.3796348571777344,4.501167922433127,-8.982765309478033,-7.567912110081567,1.4148531993964664,-7.953970258813787,-8.005157063990612,57.87571976967371,5.742802303262956,23.837691938579656,42.99136276391555,0.021605072211751168,0.07814949403614875,0.18484425875120464,0.2887317826564188,1.75,-22.597330396256492,0.05,-9.483744325207134,0.8875,0.021605072211751168,0.000250771707773122,ok,False,0.0037670450573584657,58.73320537428023,0.0,0.0,9.788867562380037
11,1753,2.654796547655115,5.335883568955197,4.668386088781261,-8.758452762048536,-16.083405906598003,-5.089659253588669,2.654796547655115,32.92021641028238,16.050439989874643,20.182198456227706,28.917940275501916,10.932758107187766,normal,7.8795195954429715,normal,11.42425,1.1,-13.848112015637206,-10.015969890976809,0.0,0.0,-1.2275464534759521,0.0,0.0014622872145238393,0.057571964956195244,17883605048280422393.mp4,6.067436015621194,unlabeled,0.4929280833424217,9084bab7ab414a24f66cd9306a1e7bba,normal,3.9202551236332814,0.2,15.121082256328954,-8.686391451947426,-4.766136328314144,2,-13.055370813134683,-10.560158988633068,-9.992259733970606,-9.452052164498276,-8.468635260663682,-7.781423279516065,-7.421266689374821,/b/src/336185346/17883605048280422393.mp4,0.05434548109769821,3.0214237024672963,-16.067003772851088,-9.0358183986842,7.031185374166888,-8.860080124334093,-7.825174114345273,58.76260964912281,4.509046052631579,28.986019736842106,45.89473684210526,0.02125011363965619,0.09087555872455626,0.4929280833424217,0.36295981539409805,2.15,-14.379205431068668,0.05,-9.516305001372123,0.01875,0.02125011363965619,0.003261322027732022,ok,False,0.006937704304478202,85.96491228070175,0.0,0.0,12.280701754385964
111,8777,29.857346940634287,23.269136767734448,41.490874421268416,-16.512529479207522,-40.087075223477264,-0.5595086758649046,23.269136767734448,33.95675593181434,20.291018877076475,28.044940045979473,31.872854727474294,12.33500488958018,normal,19.926917451293434,normal,111.7010625,44.95,-17.072038155072427,-17.666864255006264,0.05,0.0,-3.7092771530151367,0.1,0.0014669282848083069,0.0344180225281602,17882990553482999670.webm,22.420210968471,unlabeled,0.631645319364104,2d839832157699b197032d31974356ce,suspicious,15.211003057019814,44.900000000000006,22.559579033366205,-21.919600017684044,-6.708596960664229,4,-35.90160303902209,-29.35037835368033,-23.165775793871894,-19.04785147102211,-16.6207076674347,-15.124775142932087,-12.646201122980944,/b/src/336185346/17882990553482999670.webm,0.19580906629562378,16.526818130973258,-38.33628706964327,-16.943780546580186,21.392506523063084,-22.698780972955227,-19.73110838499781,3.983158012533572,0.030998209489704567,0.23136750223813787,1.2437332139659802,0.02097597664459843,0.3535525123382104,0.40904131318903714,0.5930958209926485,0.25,-12.786703684611787,0.0,-20.189764574257655,0.0,5.831248719085464e-05,0.005409624873883459,ok,False,0.02097597664459843,0.6266786034019696,0.0,0.0,0.08952551477170993
7,996,8.00409323484724,-4.137662539148312,-2.3133107318440613,-12.320324136062313,-11.79425370291202,3.4143213174767784,-4.137662539148312,4.84152773059111,7.845730357189753,6.007238057763871,8.45757139074873,4.896869357879828,normal,8.630102374487985,normal,7.3839375,4.7,-8.906002818585534,-10.589422826444217,0.0,0.1875,-0.09368200600147247,0.0,0.030516725837616176,0.0851063829787234,17883365205720296667.mp4,1.2048308764678026,unlabeled,0.5619906828173978,3fd583e5ebd8a09d4a4c9ca4ba02f546,normal,3.0826590273036105,0.4,7.722410618055304,-8.567107716373322,-5.484448689069711,1,-14.289128438809415,-12.875969986105087,-11.752523518177957,-10.49326236441725,-9.380582138009487,-8.573561760318059,-7.819190889545459,/b/src/336185346/17883365205720296667.mp4,0.3436577618122101,4.3558088242909365,-8.989885954570937,-9.589522831467558,-0.5996368768966214,-8.674530188530028,-8.286444612675774,57.25850340136054,5.612670068027211,20.80824829931973,40.44982993197279,0.02076949486014044,0.05136667816206104,0.1649159093647432,0.26395775450314646,1.1500000000000001,-12.640877968395273,0.1,-10.033827799629481,0.30312500000000003,0.02076949486014044,0.012600302542612567,ok,False,0.0011855730829486838,57.82312925170068,0.0,0.0,8.16326530612245
73,4630,-5.998335427649742,13.179667918143833,9.551868695668245,-1.3824644546219438,-29.405411822861694,-6.84580576908227,-5.998335427649742,58.61004477104574,36.27775104736968,40.01609428384851,64.04288292760742,19.443747751312788,normal,20.7764299028394,normal,73.856,35.050000000000004,-8.228270223704214,-14.492512933956473,0.0,0.0,-4.630829811096191,0.0,0.0018189996795355112,0.11576971214017522,17881481520481940448.mp4,14.912898888905222,unlabeled,0.5531759583537081,1ce0dd5d75983bf0fb9e8d8b1ffbe0ee,normal,14.28059755300318,0.9,37.01673308754596,-25.068457251122066,-10.787859698118886,2,-39.6819854066552,-30.6476164048047,-25.26626245014721,-21.43682251397458,-17.65651310251313,-15.6464337727531,-11.448574012953516,/b/src/336185346/17881481520481940448.mp4,-0.8381838798522949,16.844989243109836,-31.522382800885758,-14.598313019731407,16.92406978115435,-25.49834454232363,-21.614613782691695,1.9483750846310088,0.01633378469871361,0.1772173324306026,0.6835223425863237,0.020216028889325572,0.11673769727617374,0.49234732302863415,0.6714328071304038,1.4500000000000002,-7.436373900980531,0.0,-23.24323569972443,0.0,1.1993192603362306e-05,0.046222783035947325,ok,False,0.020216028889325572,1.2863913337846988,0.0,0.0,0.2031144211238998
33,6060,1.2581961148292824,3.656702287396328,3.010632417403233,-7.2556398609755135,-11.91392635957089,-1.955909364248848,1.2581961148292824,8.8477661810503,7.85078284885919,8.739174488719769,10.193698336208454,5.128423179506752,normal,9.993470026368207,normal,33.001375,25.650000000000002,-9.211549225224362,-8.928395353082461,0.0,0.043750000000000004,-0.7886386513710022,0.0,0.01392695816379182,0.1095118898623279,17883789189970237990.webm,2.9855310064884293,unlabeled,0.5594547268123137,33476bceecaf0ea502ac5e0afc58c83d,normal,3.644355639157162,23.900000000000002,4.883822114491549,-9.706081478941876,-6.061725839784714,1,-13.963257188823505,-11.872679683694953,-10.143350578621945,-8.836105155761885,-7.901595842691172,-7.4317516229848835,-6.65205320871931,/b/src/336185346/17883789189970237990.webm,0.44675081968307495,4.332750372298544,-11.565502475867707,-8.564906116978136,3.0005963588895703,-9.864472816759449,-9.546719206685133,43.160037878787875,4.548106060606061,14.240814393939393,28.05407196969697,0.019466564719724844,0.28511911133504525,0.28511911133504525,0.37974035685310253,1.4000000000000001,-10.84178877210846,0.05,-9.743456768853589,0.03125,0.019466564719724844,0.007522868274050588,ok,False,0.0036486212977802036,76.06060606060606,0.0,0.15151515151515152,27.27272727272727
15,2254,6.897796831311797,5.777181593350626,3.00662704666758,-10.2159925171519,-11.926486762900332,0.40428209504512935,3.00662704666758,22.237979385957452,21.550315051564596,17.79715813561903,22.36636082277356,13.151188230414546,normal,11.734338956738497,normal,14.9735,11.350000000000001,-9.81171042210677,-9.662566045870026,0.0,1.5062499999999999,0.9420003890991211,0.0,0.011673933142704932,0.08948685857321652,17883123773750406054.webm,2.263920717030306,unlabeled,0.4987268326292738,78e927c36e5f1594e5897d0d28d76a13,normal,5.277656837184163,9.0,9.170414145313451,-10.1670901035606,-4.889433266376437,1,-22.882598208662817,-15.54528313462761,-11.742239265828411,-9.832772935454251,-8.112231761460345,-7.215000381050706,-6.297515006705127,/b/src/336185346/17883123773750406054.webm,2.0905730724334717,6.116258261323776,-10.599806974850955,-7.977077449405772,2.622729525445183,-10.448708255756143,-9.643765884305026,37.48871237458194,5.227006688963211,14.072951505016723,25.46091137123746,0.018909488591910443,0.11749951017346262,0.11749951017346262,0.29722815178787065,1.0,-8.525937709656134,0.1,-10.401365583623686,1.3187499999999999,0.018909488591910443,0.044340774276375915,ok,False,0.0021201174927266255,52.84280936454849,0.0,0.6688963210702341,17.05685618729097
197,8521,66.37722436350458,85.64421852813663,72.00689723895957,-4.310547501679244,-90.0,-9.030519090124661,66.37722436350458,79.74907485612543,57.97882390285429,80.78244154760718,80.78244154760718,32.58273154350596,normal,13.713845239614802,normal,197.973375,1.25,-13.341066591803905,-17.317674271293903,0.0,0.0,-1.7421386241912842,0.2,0.011718576759913758,0.06132665832290363,17882851777843317706.mp4,72.6823257287061,unlabeled,0.5520320734593201,5493c4f40e2a461b1359f083a608e38d,normal,7.646018507359707,0.7000000000000001,80.2180797381815,-14.195872881783089,-6.549854374423382,2,-23.04816770300861,-18.01254272640981,-14.633230185249618,-11.853367074386172,-10.052010543996753,-9.174662093071818,-8.105287720462503,/b/src/336185346/17882851777843317706.mp4,0.4395572543144226,7.967014108358477,-90.0,-16.241293092945334,73.75870690705466,-14.714936933496848,-13.27428798530038,20.565720510229855,0.9280436979035109,3.9839921697398335,10.419439883809043,0.017878271612263744,0.2867144620731414,0.2867144620731414,0.503527863518448,2.0,-11.849464353184178,0.0,-16.868425661529372,0.0,0.0003674229038834105,0.014176501434931349,ok,False,0.017878271612263744,26.117706491538268,0.0,0.0,4.016165698408689
60,4592,-1.66213024604017,-16.78715848375335,1.2332695656026438,-4.5770813139295985,-10.206033517979476,2.287223635251274,-16.78715848375335,6.606275003794607,8.485822777848671,7.547183596989171,6.432302592209307,7.725138922723843,normal,11.27232107251233,normal,59.9306875,13.3,-2.2898576786783247,-8.715288935820217,0.0,0.0625,0.33810335397720337,0.0,0.08382480910447945,0.2521902377972466,17883605049102381609.mp4,1.4907445821592589,unlabeled,0.4797684103681434,86cd26918d6e522a1ebd20bfaa3ac242,normal,2.7997794768688786,0.1,4.953493715603026,-10.23943323076217,-7.439653753893292,1,-11.219764353179222,-10.838443174195199,-10.404448015410093,-9.930522514901876,-9.36202205630692,-9.000137899043846,-8.462153765991875,/b/src/336185346/17883605049102381609.mp4,1.228383183479309,2.541265589810351,-10.006820839076322,-10.290468350577365,-0.2836475115010426,-10.371998151960987,-10.043937889033021,45.42096202003339,1.4464732888146912,11.33446368948247,28.096828046744577,0.017688297151066575,0.15981156670584068,0.22182900503856662,0.5570163284525732,1.1500000000000001,-4.965231551524051,0.1,-10.639802818376193,0.034374999999999996,0.017688297151066575,0.10933136284595285,ok,False,0.001904651787957155,99.24874791318865,0.0,0.0,5.008347245409015
29,14019,-6.878003046327272,3.1730047478161687,-2.8974328142141603,-12.374925497871182,-12.956628742831988,-1.0352255581630843,-6.878003046327272,21.86311144994485,25.52517042222665,23.940261115834055,26.160277626824925,19.828567572536848,normal,11.416436205056552,normal,29.9305625,15.450000000000001,-13.410151056034266,-9.282348502761746,0.0,0.3,0.3677973449230194,0.0,0.01328312439205491,0.044430538172715896,17881499155950627802.mp4,3.6742802400702423,unlabeled,0.5298042109780613,20b1612406e5e128e9be71d5ae38cc12,normal,3.7675575466407185,17.400000000000002,7.894400398675575,-10.60167768188258,-6.834120135241861,1,-18.527333803585435,-16.114203550974572,-12.490508837750614,-10.529370816971774,-9.520417019937087,-9.071736680326323,-8.243287698819552,/b/src/336185346/17881499155950627802.mp4,0.5282772183418274,5.199855768842166,-10.616878137168998,-8.775117893928881,1.8417602432401168,-10.750093371231529,-10.888158986714725,32.565739966555185,2.407504180602007,9.76013795986622,20.308214882943144,0.016983006337878564,0.04651467561871158,0.3076489590588035,0.4443918736107844,0.45,-11.144352780453461,0.05,-10.055669252184238,0.4,0.016983006337878564,0.014244129049037164,ok,False,0.003397396294225727,44.98327759197324,0.0,0.0,4.51505016722408
21,32362,-2.9211252847130433,3.431699809830949,0.9049097226575729,-9.019440743840853,-10.896341556946595,2.909429237133912,-2.9211252847130433,30.173358653444794,29.651701972260874,29.734101882143037,30.495344885766762,15.082044071014721,normal,10.264364858615526,normal,21.942875,14.0,-6.110011506706941,-9.581019522894014,0.0,0.5625,0.028455857187509537,0.0,0.05856120922795109,0.17271589486858574,17883621186740504663.mp4,1.3153220340525813,unlabeled,0.4517230860092234,88a9456bbd5547c8a74f553fc302f481,normal,2.802073771653183,0.2,27.898979289087983,-10.322839091378997,-7.520765319725814,2,-11.570884823879735,-11.11887344685902,-10.444004877168958,-9.67587731140992,-8.93016192591106,-8.47048766852053,-7.848496932128766,/b/src/336185346/17883621186740504663.mp4,0.366662859916687,3.0270332483119793,-10.652837747381238,-9.75175039400392,0.9010873533773172,-10.382244758264687,-9.897701998698839,42.85930365296803,3.137985159817352,11.738013698630137,26.46532534246575,0.016749326399163576,0.08275946702876269,0.22941235151790149,0.3052068290300069,1.9500000000000002,-6.849288201816372,0.05,-10.165543841277197,0.509375,0.016749326399163576,0.0200508174209272,ok,False,0.0014848951004155547,95.2054794520548,0.0,0.0,10.95890410958904
20,2828,25.777901082154905,27.14473814999848,39.52781829900188,-9.02943001402205,-52.391647651361595,1.6704575169187041,25.777901082154905,59.98387898686494,34.99026271695571,38.16364180936303,43.66942828702227,19.384070414996117,normal,24.74650863147916,normal,20.7354375,18.25,-7.3589724971033466,-17.35737078512979,0.0,0.0,-6.521664619445801,0.0,0.0045427928817397475,0.13266583229036294,17883654583550484065.mp4,35.03427686623181,unlabeled,0.5471414666084219,ea647ffa9a6565054603bdbbb66fdb3a,normal,41.237316582867436,18.3,39.30439048182087,-53.6457728694021,-12.408456286534669,2,-61.39876298898261,-58.872193942222765,-53.89672139924292,-38.990233946890484,-30.927954926715834,-25.35456889404729,-15.846598534147217,/b/src/336185346/17883654583550484065.mp4,-4.310308933258057,43.73363823481934,-52.99377603002047,-17.553812419519566,35.439963610500904,-54.00818960292723,-29.056817564737216,0.5066425120772946,0.0,0.02717391304347826,0.17995169082125603,0.01667291871474237,0.2402231014676981,0.37702215862006305,0.7527658573913817,1.05,-10.089850530504869,0.0,-30.875770756037493,0.0,1.6541112687229465e-07,0.004080644690271256,ok,False,0.01667291871474237,0.24154589371980675,0.0,0.0,0.0
26,10535,12.498450647310303,21.662898228722195,16.434213838980043,-6.4820023287754305,-32.85873890044717,-4.521313001993202,12.498450647310303,33.29864338670387,27.858168394906986,31.015403544610646,31.28939320139213,15.063605928985147,normal,20.182528712876593,normal,26.006375,2.5500000000000003,-11.003315330768633,-16.495760201594244,0.0,0.0,-4.476673126220703,0.0,0.0010020115224006318,0.0688360450563204,17881822071920401395.mp4,16.362978698852928,unlabeled,0.5186810538569833,dd70fd471233cbdeb68cda55b2e06e1d,normal,9.567697379266242,1.5,28.092957452130893,-23.212556403187758,-13.644859023921516,1,-48.81847923880393,-41.02593727616328,-25.467411302151447,-19.265703860822615,-16.220971544670373,-15.093298674122133,-13.645930029817116,/b/src/336185346/17881822071920401395.mp4,-0.9636395573616028,13.035652660451523,-33.516376921412785,-16.24137494219487,17.275001979217915,-25.42124570144982,-21.146168270238196,2.8271634615384613,0.004206730769230769,0.10576923076923077,0.765625,0.016603979059256493,0.36053816775393976,0.36053816775393976,0.5245884189982577,1.5,-6.992096561497975,0.0,-22.31250810172706,0.0,1.9409797576884847e-05,0.024785135468964214,ok,False,0.016603979059256493,0.0,0.0,0.0,0.0
91,5011,15.85135448574684,8.392842020294399,12.047830384596843,-10.909101435552834,-25.850319892634403,0.26228192210082213,8.392842020294399,60.385195349270404,40.106455762198166,60.9338597949397,66.37260897255723,23.538853952566697,normal,22.116284096312434,normal,91.60275,57.6,-10.646819513452012,-13.911391088927179,0.0,0.0,-3.251417636871338,0.1,0.0031116942340557773,0.08197747183979975,17882985387201630437.webm,11.938928803707224,unlabeled,0.49338685374998115,e3eeb37973d9e72a334e6f540ed76cd9,normal,14.095614869048923,0.2,37.265171474861056,-24.48023098866167,-10.384616119612748,2,-30.115322402067346,-28.332354975479777,-25.401882888099564,-21.647366098444504,-17.807684440474237,-15.643885840208073,-11.603860972760339,/b/src/336185346/17882985387201630437.webm,0.5781621336936951,18.09612341118743,-25.122288793063866,-13.756314743211039,11.365974049852827,-24.835861970449734,-21.53812196261874,1.7757914847161573,0.017467248908296942,0.1353711790393013,0.6027906659388647,0.016369853474484244,0.21578069288123564,0.3650168673404344,0.5624046717357086,1.55,-5.511629366849512,0.0,-18.09304858953558,0.0,0.00019425489866974822,0.009832438793365855,ok,False,0.016369853474484244,1.4737991266375545,0.0,0.0,0.32751091703056767
186,19702,13.340737866961497,13.383716624179002,19.428870508364106,-5.724643616461114,-34.33069888701459,4.9731189607542134,13.340737866961497,50.66538720176132,45.410965614385745,53.6888641457737,52.69382191328738,25.279198802511985,normal,17.722392915781228,normal,186.0,78.25,-0.7515246557069006,-16.541343109428936,0.0,0.0,-6.288567066192627,0.0,0.019765132190003067,0.26846057571964954,17882962934711007516.webm,17.789355777585655,unlabeled,0.5790795950830051,55ad72838242e8b7dfab829bc496db00,normal,10.180043185183878,170.9,52.36081113365964,-24.640408186812124,-14.460365001628245,1,-44.16955295527382,-29.92916955056058,-24.528425711775892,-20.55987587675735,-17.529493983839043,-16.32044230818216,-14.677911151432049,/b/src/336185346/17882962934711007516.webm,-5.240602016448975,12.337270696482237,-36.00572190532938,-18.128827546149324,17.876894359180056,-25.034041284237713,-22.962994932230202,0.8122647849462366,0.0,0.0005208333333333333,0.06974126344086022,0.016110506258510546,0.2216418299398222,0.2755055892438602,0.6409555813742642,1.1500000000000001,-2.320536551051463,0.0,-31.832383304530907,0.0,1.0184860105919923e-07,0.0014805124858383151,ok,False,0.016110506258510546,0.0,0.0,0.0,0.0
15,8188,-0.9508235273894314,13.294653739363838,11.470869621038261,-6.340844725753472,-20.093397854253116,-15.403623749162437,-0.9508235273894314,64.72976768081165,43.175552667654365,75.29947341039536,62.682898005983176,28.605908966931587,normal,8.834559199858171,normal,15.1161875,1.4500000000000002,-21.74446847491591,-12.292570867431555,0.1,0.0,-2.553302049636841,0.2,0.002090392971200076,0.007509386733416771,17883304731311404839.mp4,7.80082698682156,unlabeled,0.5453767108629634,f9a1a6237da585eebb327f87f2a0a9ca,normal,1.1060737953778066,0.2,59.60619341938526,-8.229972508844405,-7.123898713466598,2,-14.422983883034574,-12.326865097508584,-11.792140773213475,-10.71274007818926,-9.823618611500093,-9.691023214216994,-9.059783203841336,/b/src/336185346/17883304731311404839.mp4,0.1452661156654358,3.224581924770524,-19.588660929689077,-8.158970189236213,11.429690740452864,-7.9824525886324365,-8.689293084192736,63.6392798013245,0.7936672185430463,16.791597682119207,44.25869205298013,0.01557311364933087,0.21436375789345546,0.4893236269045476,0.6097131741278027,2.0,-21.654748385509315,0.0,-11.945043487507506,0.0,0.005072504328815377,0.0019504677530182471,ok,False,0.01557311364933087,62.58278145695364,0.0,0.0,0.6622516556291391
54,7580,13.239432754306808,8.135626924547724,17.59517706947767,-2.7601660174599667,-25.932319555923844,0.5286416069172359,8.135626924547724,71.27950350309354,50.620616401268904,63.94996466112316,72.47860998143395,37.18628661642167,normal,15.688256198243014,normal,54.474,4.05,-2.2315244105427308,-13.81075429409302,0.0,0.0,-1.4455021619796753,0.3,0.21974322520295364,0.2772215269086358,17883363580023828872.mp4,12.121565261830824,unlabeled,0.5116964029630076,0dd0672b542b8a6d391487fa6f3d0e87,normal,8.799270592840074,4.1000000000000005,17.45236914019665,-17.513469196461777,-8.714198603621703,1,-25.271867672658445,-21.35803114245341,-18.235543353409962,-15.9280055652702,-14.098121178015562,-13.010708496310572,-11.944343543227433,/b/src/336185346/17883363580023828872.mp4,-0.7433348894119263,7.362424202279831,-27.952593559200647,-16.106774947996794,11.845818611203853,-17.55920591583787,-16.43159108765494,9.686868686868687,0.07064967860422405,0.6926078971533517,3.312786960514233,0.01537580426659715,0.11102132865805586,0.11102132865805586,0.33914916867106343,1.75,2.2283667985342706,0.0,-20.448434931642648,0.0,6.012435141694569e-05,0.3294086605963156,ok,False,0.01537580426659715,1.285583103764922,0.0,0.0,0.0
8,2293,-9.375521573298705,19.472474578247173,-1.0222628112772254,-6.531463576967777,-23.815278683782978,-9.392596049976785,-9.375521573298705,43.053579799908505,35.357675127455465,40.36594195177729,40.56962818304375,18.965309883206636,normal,17.176077828608747,normal,8.3751875,7.050000000000001,-15.924059626944562,-14.558091006314282,0.1,0.0,-7.289687156677246,0.1,2.883690346413335e-05,0.049436795994993746,17881473718391599780.webm,9.257187677468696,unlabeled,0.5635165063617098,4421f201e67b0df065378d5a83b13f78,normal,14.145230898147325,3.2,33.20630274961805,-26.638368551530498,-12.493137653383172,2,-53.66242124379469,-33.41094361544366,-26.878336472070018,-19.74291971279316,-18.463061761316297,-15.72847573766881,-13.690959763691724,/b/src/336185346/17881473718391599780.webm,-4.2130656242370605,14.078023192121494,-24.46845734369893,-13.914424559147125,10.554032784551804,-26.672038257403614,-21.389143452845808,1.970808383233533,0.0,0.002245508982035928,0.20209580838323354,0.015339730933127954,0.47533751931517043,0.5635165063617098,0.6875179827522852,0.30000000000000004,-11.094047212078339,0.0,-26.662151537887127,0.0,1.6650525704491602e-06,0.0024789466874527684,ok,False,0.015339730933127954,0.0,0.0,0.0,0.0
16,1115,1.0066632407622071,6.754969898010238,1.5058020163538286,-5.024464102017261,-11.633702889154304,-3.3668368282559475,1.0066632407622071,7.0020715768925825,8.485507606625866,8.045128198701615,7.312921223502627,7.68472242618461,normal,11.265068968468256,normal,16.6951875,11.0,-8.391300930273209,-9.849893727033722,0.0,0.8125,1.0270522832870483,0.0,0.027195087361237956,0.09073842302878599,17883762413790883364.mp4,1.7838091621205816,unlabeled,0.5376828305849981,262ebfba9bd8c43c6e78453e8dbed02f,normal,3.553196075030171,3.8000000000000003,7.416773907228652,-9.771726695596954,-6.218530620566782,1,-14.550597005425695,-12.673089985738539,-11.406747705746385,-10.343890016581916,-9.632776474519078,-9.051726123430575,-8.190467424732798,/b/src/336185346/17883762413790883364.mp4,1.4436345100402832,3.804572794223083,-11.252006020650295,-7.169740112399685,4.08226590825061,-10.071962706824602,-9.821434458427973,42.81437687687688,2.617304804804805,13.388138138138139,28.229166666666668,0.015142716068657748,0.2232846560431353,0.5159283843735625,0.2777148317236886,0.1,-9.160564994195234,0.05,-10.363687875170205,0.228125,0.015142716068657748,0.02976795842854219,ok,False,0.001983229652340927,65.46546546546547,0.0,0.0,4.504504504504505
40,8187,8.981655879984174,38.504613021932094,30.290072155844975,-7.8634914312084785,-38.160427634212354,-6.137176874357841,8.981655879984174,71.84027830919001,44.1610090308402,42.50125868394306,50.52937945397706,26.293265358328167,normal,15.711715959153988,normal,39.9615625,17.45,-14.00066830556632,-17.620208434003644,0.0,0.0,-6.0468244552612305,0.0,0.00030889206387139814,0.06758448060075094,17882517691840177195.mp4,20.54021920020871,unlabeled,0.5843340115156216,8a3cb784be15307e3b62ccf49021d815,normal,10.493685803283341,16.900000000000002,39.57179474026901,-21.327637477411386,-10.833951674128045,1,-48.48174019304453,-32.64169160991679,-22.60440189412394,-17.40836250509721,-15.241008336900832,-14.123959560375354,-12.25434332016035,/b/src/336185346/17882517691840177195.mp4,-3.3421924114227295,11.421384992356993,-38.81059161543761,-17.060769211044658,21.74982240439295,-22.258004948937412,-19.053908370576718,5.5934762202753445,0.0,0.010481852315394244,1.4507196495619525,0.01471523338624444,0.3399741364146453,0.3641309068071457,0.6383180499349996,1.05,-8.417896815657981,0.0,-25.701770653986642,0.0,2.945080532559319e-06,0.017910809745298604,ok,False,0.01471523338624444,0.7509386733416771,0.0,0.0,0.0
31,4341,-0.29894454790128755,-0.24857318102420578,15.939052873005869,-7.763063591095214,-22.629081908999314,1.1269545274614057,-0.29894454790128755,26.41136978542604,33.67233624248594,43.035619203736964,38.76671474101529,20.389078139366838,normal,17.43107760190392,normal,31.8824375,9.25,-6.636109063633809,-14.744807506524634,0.25,0.0125,-0.9046587347984314,0.4,0.00997575226160425,0.14142678347934917,17881815532691588957.mp4,7.884274402474681,unlabeled,0.48794406625290676,b2cb574edd6b80e31f21b0b05481666f,normal,12.518389048662014,0.1,25.241304506837924,-21.563108434580695,-9.04471938591868,1,-35.249160324979755,-28.742033378044763,-21.958823080084034,-17.926006634460244,-12.361922802076176,-10.844082972812894,-9.432541053330159,/b/src/336185346/17881815532691588957.mp4,-0.7096002101898193,14.053423837492463,-23.190998071384918,-15.235444567271,7.955553504113919,-22.563323229435138,-18.140677812093738,5.691130298273155,0.2078100470957614,1.0711342229199372,2.852727629513344,0.014673935440883107,0.23533662446795328,0.3342465861493754,0.42527220150820516,1.9000000000000001,-2.7846243429646593,0.05,-16.03738725503699,0.01875,0.0007550977063131482,0.016587139639027304,ok,False,0.014673935440883107,8.320251177394034,0.0,0.0,0.6279434850863422
21,2161,3.675426563031828,3.537357480245511,0.0035611561749750997,-9.24274854063409,-16.685262487233736,0.0714593743113845,0.0035611561749750997,26.396111505298045,19.271557338315958,24.328995670759998,23.863551788016366,11.391091684506058,normal,13.619050826582715,normal,21.94425,12.9,-9.171289166322705,-9.192035479269288,0.0,3.6624999999999996,1.807650089263916,0.3,0.011766195275335522,0.11389236545682102,17882965449321446019.mp4,7.493227007964448,unlabeled,0.5207708427548905,73f10f08ab305cab8c1c6f3e663fc221,normal,10.716862881496162,6.300000000000001,24.423156656529443,-13.18639667893455,-2.4695337974383884,2,-28.88304481470007,-21.395725341923804,-14.419447790323758,-10.25234974684456,-6.999554729733087,-5.771362251701447,-3.4530327130278513,/b/src/336185346/17882965449321446019.mp4,2.67612361907959,12.467132521011766,-18.3611334190256,-8.061957344718602,10.299176074306997,-13.218172273158206,-10.942927207503125,26.488584474885847,3.8330479452054798,9.560502283105023,17.55607876712329,0.014153436172366671,0.20711096645027724,0.35373588419706914,0.4111338502891567,1.4500000000000002,-14.582505968892928,0.0,-15.489895002583893,0.0,0.0007583324300937689,0.0012292947986022726,ok,False,0.014153436172366671,34.47488584474886,0.91324200913242,6.164383561643835,18.036529680365295
131,13133,-1.6868801005719316,15.38202909269485,22.341967751938597,-5.6177653164708605,-26.865597338112373,-8.273325898708835,-1.6868801005719316,43.47050665195275,38.23035596885515,41.13641656645064,37.14901066563612,20.973169554410305,normal,14.451716591010538,normal,131.0534375,2.6,-13.891091215179696,-15.450733135998387,0.05,0.0,-2.718900680541992,0.1,0.0030609716681605495,0.0506883604505632,17883630353490599943.mp4,11.414864202113986,unlabeled,0.5327376689624714,a23905b20aa190f2f0f92b850d3daa4d,normal,4.9533736936834885,0.1,32.11901217145876,-17.200935318165918,-12.24756162448243,1,-22.031869678957467,-19.342523858775493,-17.679315463484784,-16.32032983635522,-15.350155299695158,-14.882771761328074,-13.953353971485793,/b/src/336185346/17883630353490599943.mp4,-2.718900680541992,5.65102822202663,-26.700291871552395,-14.982469818038131,11.717822053514263,-17.30472879805505,-17.17061727155253,7.726034910339565,4.769172071728348e-05,0.016453643647462803,1.5674360930942388,0.014070964921492844,0.32113140881461827,0.4639555421178878,0.6525397013667903,2.0,-3.865742621655718,0.0,-22.50489704693808,0.0,1.8438987804909384e-05,0.049768492601515425,ok,False,0.014070964921492844,0.0,0.0,0.0,0.0
66,9177,16.50272481651978,14.096359518877488,8.868087127992297,-12.70977920086763,-26.070974831389517,-1.6494045833040936,8.868087127992297,42.6186071524671,27.430347291786347,40.401136058097634,43.2958668234371,26.770486707995843,normal,18.49854139186422,normal,66.1536875,46.1,-14.359183784171723,-14.626556946245545,0.0,0.0,-3.960749864578247,0.2,0.0032586121017983615,0.046933667083854824,17881844800231147259.mp4,11.444417885143972,unlabeled,0.5064802646727238,247edea2a965a213a80e81036b51410e,normal,12.67850838562259,0.2,14.654374595658485,-22.246710860541892,-9.568202474919302,1,-30.58873989638489,-27.52936699537097,-23.320220068307705,-19.833053536097992,-17.119420273728856,-15.695873710879452,-13.96063756656519,/b/src/336185346/17881844800231147259.mp4,-0.8831163644790649,12.646259178700879,-25.55438625746092,-14.086312542869816,11.468073714591103,-22.58452000788708,-19.381657756343284,4.102324263038549,0.0049130763416477706,0.19264928193499622,1.3561035525321241,0.013701154586395342,0.34731761317620663,0.34731761317620663,0.4406059717255482,0.7000000000000001,-15.698867565773792,0.0,-21.639393215571825,0.0,2.5994649240831075e-05,0.0023867629601812745,ok,False,0.013701154586395342,0.22675736961451248,0.0,0.0,0.0
29,2162,5.232630880272303,12.020868051249106,0.6947160809593775,-9.457513050102621,-30.91726571221399,-4.940670356467397,0.6947160809593775,21.572586860784142,18.91955762490115,23.79393805955289,23.81992229662588,10.514520516869577,normal,18.57722201099948,normal,29.792625,16.25,-14.398183406570018,-16.484529891157337,0.0,0.0,-5.94372034072876,0.0,0.00039342127948368584,0.05819774718397998,17881473453033698719.mp4,14.432735821056653,unlabeled,0.5088941789480927,f0f37742cee6edbc53b51fe61590d485,normal,12.989030001869244,21.3,16.957231299756494,-26.422130442680192,-13.433100440810948,1,-36.343604693721936,-33.77586487691349,-28.031933363292897,-22.736915106271066,-19.13425272650517,-17.415460585161483,-14.105766459030457,/b/src/336185346/17881473453033698719.mp4,-4.583832263946533,15.232482820743389,-30.287259662406193,-15.911015787192385,14.376243875213808,-27.391701420375504,-23.161054274946014,1.1504201680672268,0.0,0.004201680672268907,0.20756302521008405,0.013669345010669872,0.45323903774523644,0.5058630829848686,0.6540709675884547,0.30000000000000004,-12.211926371782887,0.0,-20.209735109215423,0.0,5.7546817469603336e-05,0.0024974277971906243,ok,False,0.013669345010669872,0.0,0.0,0.0,0.0
30,5292,16.18274177049506,13.615706073902803,21.91096118485528,-10.362390142356176,-26.847571953030766,0.7283514643956526,13.615706073902803,73.65735630300532,54.123665016520285,67.06479657507424,72.63112457447843,30.855752496620674,normal,15.958959182753226,normal,30.3,25.700000000000003,-9.634038677960524,-14.795938905430383,0.0,0.0,-5.368953704833984,0.1,0.014372569794063181,0.12828535669586982,17881818513370293310.webm,12.051633047600383,unlabeled,0.6958363719699686,e2b77cff257a2a858894c6d5bb01d394,normal,8.82627859243576,0.4,69.58606290985149,-17.7161856429231,-8.889907050487341,1,-38.770092304536234,-25.35608129204353,-18.71536870436696,-15.846017822470298,-13.650437215649065,-12.878915245993817,-11.67114514758603,/b/src/336185346/17881818513370293310.webm,-0.663538932800293,7.897575671205413,-26.32210478034105,-16.066400406547018,10.255704373794032,-17.959649115520264,-16.62249811555352,10.282900165016502,0.08518976897689769,0.6055074257425743,3.7602103960396036,0.013522212052661032,0.25172698759951395,0.34354025793959425,0.49988813745834676,0.65,-14.596679899398342,0.0,-19.539890059805114,0.0,8.241072125566892e-05,0.0011306779127554982,ok,False,0.013522212052661032,1.8151815181518154,0.0,0.0,0.0
113,5990,17.910284118959627,34.524215111314675,11.376558338422129,-2.832890372199904,-29.366281351629997,-18.053468209111287,11.376558338422129,60.962636055598054,41.04450810945475,45.0912095024129,66.25231216937736,21.274992907462845,normal,22.838546179709365,normal,113.336625,111.55000000000001,-20.886358581311192,-17.41319483095054,0.15000000000000002,0.3,0.030132781714200974,0.4,0.003172442153731544,0.02065081351689612,17883395202170259937.mp4,11.953086520679456,unlabeled,0.5970000765222997,cb5cb57a49e2c3541fb2a43be93bebd2,suspicious,17.598406888091468,0.30000000000000004,44.66678307807661,-25.21781215376059,-7.619405265669121,3,-40.77651224492553,-31.885665616799756,-25.65838499977755,-21.007444060222422,-17.720804500753676,-16.4307816604976,-14.348551672886105,/b/src/336185346/17883395202170259937.mp4,0.047751329839229584,16.278045346428854,-29.659886318791223,-15.104549416152052,14.555336902639171,-26.084403107503597,-22.790794849870135,1.2811672550750222,0.020382833186231245,0.061562224183583404,0.31051412180052956,0.013503203689984618,0.2945602166530355,0.4375668347803046,0.8032429303729264,0.4,-13.763220284361605,0.0,-28.403633124414643,0.0,6.360910141084247e-07,0.006312308575619973,ok,False,0.013503203689984618,0.22065313327449249,0.0,0.0,0.0
9,1504,5.9554245933734045,13.313601736997002,8.361358874770856,-11.17105552109247,-28.660059856533294,-3.4037274088737988,5.9554245933734045,39.44748719583865,32.15079276940788,39.05317770104831,36.87423757678754,18.041969642053125,normal,13.534023425216535,normal,9.0180625,2.0,-14.574782929966268,-15.813543996449205,0.0,0.0,-6.055490970611572,0.0,0.00028176651041540674,0.05193992490613267,17882995026990600966.webm,12.84651586008409,unlabeled,0.5295563678794276,ec6b0bea5d83da968a9edc3dd58025cb,normal,6.235586924432457,7.1000000000000005,24.697317254721312,-19.225087132239807,-12.98950020780735,1,-48.87055858970634,-33.98744175743019,-20.41404975385807,-16.40034160431242,-15.02335403042923,-13.9158331930745,-13.065057230410943,/b/src/336185346/17882995026990600966.webm,-4.6922831535339355,8.104611205767913,-28.00178473311486,-15.207529340742624,12.794255392372236,-19.987353049699145,-18.22630657875047,7.756944444444444,0.0,0.026388888888888885,1.2805555555555557,0.013264139411462527,0.5295563678794276,0.5295563678794276,0.6964081607358908,2.0,-14.574782929966268,0.0,-15.813543996449205,0.0,0.0006347166090818623,0.00028176651041540674,ok,False,0.013264139411462527,0.0,0.0,0.0,0.0
23,1892,18.015754951684507,6.7922676731055605,15.546154911060524,-7.778590610782581,-36.483534141167745,1.094032082854019,6.7922676731055605,74.78086184825362,64.74254430859816,76.36715134383331,72.92157598517124,36.866109217504544,normal,16.441704444390094,normal,23.3825,10.450000000000001,-6.684558527928562,-17.212480445617075,0.0,0.0,-7.974276065826416,0.0,0.00976048974095461,0.14330413016270338,17883494374802973670.mp4,19.27105369555067,unlabeled,0.5160012779979255,356ba5d20aceaa6e419472c61ace1dfc,normal,7.598294655966049,0.1,54.51098920736844,-20.071957703720358,-12.47366304775431,1,-41.9011727760072,-33.44845776516804,-20.376535044854148,-16.51978331506678,-14.232009355600447,-13.666084237098422,-12.749312005379313,/b/src/336185346/17883494374802973670.mp4,-2.2526869773864746,8.1075560608213,-35.72893563507704,-17.555847573796896,18.173088061280147,-20.943153855668413,-18.69439142177657,5.582173447537473,0.006959314775160599,0.29001605995717344,1.7514721627408993,0.013105156364160007,0.1658501085211853,0.23430448541578916,0.6102092582368556,0.25,-8.736326198653005,0.0,-15.524131888687917,0.0,0.0007683727363242598,0.004180614044790596,ok,False,0.013105156364160007,0.0,0.0,0.0,0.0
61,3644,0.237683169508486,7.13262194115665,5.585611654368191,-15.525085395566737,-17.61225761595457,-1.3778815659944321,0.237683169508486,14.408512261612206,16.869576937061908,20.674475089789716,17.216071268918284,15.386500942250208,normal,14.494789108842802,normal,61.718625,60.35,-16.90296696156117,-10.184373634816295,0.0,0.025,-0.9214696884155273,0.0,0.00018622183693018973,0.04380475594493116,17883362820592751082.mp4,7.427883981138274,unlabeled,0.6041806650625322,3b1e7e17f19957c81f857f6a1e5eed6e,normal,8.164786804756247,14.700000000000001,11.489890868227533,-16.431822431707467,-8.26703562695122,0,-23.997159802680244,-21.1539858320019,-18.871383038915532,-16.291416742473512,-14.801333985444096,-13.850246853198055,-9.868412446264484,/b/src/336185346/17883362820592751082.mp4,-0.723493754863739,10.076024940110688,-16.288948830909696,-9.248928474137545,7.0400203567721515,-16.809886916409596,-15.218282863706541,14.929852106969205,0.08498784440842788,0.727208265802269,4.694793354943274,0.012762874495922491,0.26874202336398767,0.3278338676887524,0.4510391483465599,0.0,-29.33474283086295,0.0,-18.27159839060758,0.0,0.00016424554237078935,9.867156303470323e-06,ok,False,0.012762874495922491,2.593192868719611,0.0,0.0,0.08103727714748785
208,27483,7.49117956206973,21.34223149535939,5.561519126225393,-4.673996295513234,-18.096648211688823,-3.293241420166633,5.561519126225393,18.10804250930167,21.128274848017877,18.979090842104533,20.849220873111634,11.301672067240887,normal,11.171632985334723,normal,208.30625,8.3,-7.967237715679867,-11.210942763815597,0.05,0.9562499999999999,0.3708041310310364,0.1,0.04688862942534064,0.13642052565707133,17882317148630125539.mp4,6.885705447873226,unlabeled,0.5865498770927722,89baac7791af635eb564f39b57f2bf88,normal,4.322159628806214,8.3,11.583009963038055,-9.852305145908089,-5.530145517101874,1,-15.426909129163672,-12.875181321846018,-10.491375087485345,-8.560500170984398,-7.189967643009611,-6.642203193629566,-5.984356361502054,/b/src/336185346/17882317148630125539.mp4,1.629307508468628,5.62899596581495,-18.2966789470832,-11.19060028254623,7.106078664536971,-10.007926156376486,-9.542325476866095,42.585558689390304,4.2500300048007675,13.797407585213634,27.604206673067686,0.012718357888736,0.30472419607607365,0.36155055709224415,0.7247434349260513,0.0,-4.059534314202647,0.0,-13.136626279397058,0.709375,0.0032110663044440223,0.088048204802857,ok,False,0.012718357888736,66.65866538646183,0.0,1.0801728276524245,30.772923667786845
46,3220,1.5606072239095798,5.249200284226649,15.805974284645748,-12.44794983906158,-20.102651166957543,2.9065885531021625,1.5606072239095798,21.10232254074142,20.739564643696944,21.13582346672957,21.972343609586645,12.5974752117784,normal,16.10937881712582,normal,46.95075,42.95,-9.541361285959418,-11.526251705146224,0.0,0.0,-2.7396340370178223,0.1,0.0006422775901194224,0.10262828535669587,17881842512811766709.mp4,8.576399461811318,unlabeled,0.5754104930186608,b86e7e89e968db47f8fcae0999ddd8e4,normal,10.628570420470018,37.800000000000004,13.54219431666466,-19.666328278470537,-9.03775785800052,1,-31.88083254359178,-26.459280148748846,-20.168437176507055,-15.553698680576495,-12.553717574678238,-11.472505816714765,-10.07182135518828,/b/src/336185346/17881842512811766709.mp4,-0.8033906817436218,10.984844062736462,-19.64044091533038,-11.298274903930537,8.342166011399843,-19.895800467193176,-16.91276949886944,9.205870607028753,0.06263312034078808,1.0374068157614484,4.054712460063898,0.012621856300721433,0.1949130538796587,0.3806343694669731,0.8809913933705001,1.1500000000000001,-10.493614148847303,0.0,-11.805993095783972,0.0,0.005583949702099057,0.0039749633506958384,ok,False,0.012621856300721433,7.348242811501597,0.0,0.0,0.0
132,2517,3.295785612180957,7.288140677239049,-0.21962168919195824,-19.573209671744614,-17.364537190607486,-2.104461273981478,-0.21962168919195824,68.46897439488079,71.48162512509393,70.70536848717242,68.87314819370897,35.88429084648039,normal,12.684360590889272,normal,132.632375,70.10000000000001,-21.677670945726092,-9.871522980233156,0.0,0.49375,-0.3215625584125519,0.0,4.1466874469633274e-05,0.023779724655819776,17881822072441258580.mp4,7.49301421037433,unlabeled,0.4780264658782102,9f07583203c9aa36a49592b901ffd3fd,normal,5.714135148050523,0.1,76.5312753457918,-13.188088829757715,-7.473953681707193,2,-19.596402265801654,-18.284024339646997,-16.746092251025594,-15.078171176671134,-13.800044622486437,-13.059234570582797,-11.437361303007169,/b/src/336185346/17881822072441258580.mp4,-0.2030048668384552,8.05720246154008,-13.4137389781634,-8.77720950660882,4.63652947155458,-13.209061933809803,-12.887365457727727,27.38150452488688,0.18207956259426847,2.4304769984917045,11.338918740573153,0.012574837539318137,0.2004166121611139,0.2004166121611139,0.4525971951125203,2.0,-24.707421743322577,0.0,-18.95031697677746,0.0,0.0001131683382843169,3.986444477350892e-05,ok,False,0.012574837539318137,1.7345399698340875,0.0,0.0,0.11312217194570137
2,385,16.627156837660824,33.31184803272517,21.834049599389243,-13.993284231348717,-39.58245983028655,-2.475960377611557,16.627156837660824,63.03800217924689,34.55743069952291,59.42994419326729,37.9137397374155,22.0551664455251,normal,15.498488882243443,normal,2.564375,1.2000000000000002,-16.469244608960274,-17.942596332217697,0.0,0.0,-5.146401405334473,0.1,0.0008404693774512098,0.039424280350438046,17882995027191980515.webm,21.639863498068856,unlabeled,0.47529845533715553,42a3ca70b3c94440f3fd043be41a6a79,normal,11.096790556459153,0.4,41.94383738748306,-25.643538890724653,-14.5467483342655,1,-53.34076853460556,-40.24764905943058,-26.93730989138357,-19.39277294446192,-15.85215647388785,-14.11644148302215,-13.339599927864448,/b/src/336185346/17882995027191980515.webm,-5.059737205505371,13.986492745899044,-39.87791306202008,-16.99261911646945,22.88529394555063,-27.230336987329977,-20.558226087748814,3.7671568627450984,0.0,0.08700980392156862,1.3713235294117647,0.012539599201228251,0.2517363264905728,0.4329458411654569,0.4279494600379585,1.1500000000000001,-16.586996759771935,0.0,-17.942596332217697,0.0,0.0001974840554541128,0.0009438039854615279,ok,False,0.012539599201228251,0.0,0.0,0.0,0.0
18,1555,19.052576118885156,13.793023227657716,12.615277949917525,-10.122664959784455,-28.667793021997618,-0.8404644571873661,12.615277949917525,14.00383029422888,15.063468559444214,17.472836063242077,15.824809534291116,7.756020007588935,normal,16.562922275205583,normal,17.9490625,6.800000000000001,-10.963129416971821,-15.844748790126332,0.0,0.0,-3.1496357917785645,0.0,0.007464922486596917,0.08135168961201503,17883736276383310122.mp4,12.823044231871286,unlabeled,0.5488742990090838,af8552a32b6315cadd71e27b65ae1e8c,normal,8.454425540527012,0.2,13.644382102700568,-21.476368907062422,-13.02194336653541,1,-29.56557095628354,-27.03111546407009,-22.664866625340913,-18.118246934405946,-15.61588571907318,-15.011529458758051,-14.153568477325067,/b/src/336185346/17883736276383310122.mp4,-3.1496357917785645,9.149052465430767,-27.90102739006761,-15.633128813016983,12.267898577050628,-22.07648862852583,-19.712558066984148,3.3826815642458103,0.0,0.07472067039106145,0.6347765363128491,0.012288905939630623,0.33543343848525337,0.33543343848525337,0.5280513442385518,0.2,-10.41395704539979,0.0,-16.348119521050123,0.0,0.0004894138604421305,0.010830942395506792,ok,False,0.012288905939630623,0.0,0.0,0.0,0.0
10,5551,16.34951149879371,27.295003488782772,24.933900812916086,-10.182793893168066,-40.02775435759047,-3.4699109622602133,16.34951149879371,32.50862312363598,24.780248710644898,31.2696634791385,30.831242464215926,13.859128040717117,normal,24.425119941560673,normal,10.005375,2.8000000000000003,-13.65270485542828,-17.634821346828225,0.0,0.0,-1.35263991355896,0.0,0.0022724258106164357,0.052565707133917394,17882164214940608849.mp4,22.392933010762242,unlabeled,0.5359171217210762,49278fef20805e15940f9d460ceb4e39,normal,23.407182624848403,2.8000000000000003,27.6838233116504,-36.769404659103955,-13.36222203425555,2,-45.055641216517785,-42.48945841876908,-38.06446601541232,-35.40174434058281,-23.835762336811698,-17.181290578920184,-14.01750225825174,/b/src/336185346/17882164214940608849.mp4,-1.35263991355896,24.308049637267587,-38.66947941033462,-17.032937612618014,21.636541797716603,-36.90930881762554,-25.777759855119633,1.0334375,0.006875,0.0534375,0.2921875,0.012195137095820126,0.1327830918485276,0.3320023284110686,0.4658284973160718,1.6,-6.056091703896005,0.0,-31.860707061166035,0.0,1.0633752120598574e-07,0.05004426680621815,ok,False,0.012195137095820126,0.0,0.0,0.0,0.0
75,6969,4.209929047305307,15.408133997176096,4.147598011694299,-11.314239630846371,-20.689303890466334,-2.0138591504557244,4.147598011694299,38.794503199347304,33.281389334531056,34.73884364637597,45.340764209433516,32.48430368867495,normal,13.996897967156304,normal,75.7203125,8.3,-13.328098781302096,-12.81449857010438,0.05,0.68125,0.09112763404846191,0.3,0.0032088999580294868,0.06821026282853568,17883503339350300165.mp4,7.874805320361954,unlabeled,0.5907793928138589,b88a16c84965eaa0fb91fecd9c762dc2,normal,6.943995760970523,42.5,13.553319078319667,-14.298802033722705,-7.354806272752182,2,-21.730341162738103,-19.486934509466465,-15.701940578559757,-13.359317516762811,-12.347531079979737,-11.48416496373816,-9.863894239107912,/b/src/336185346/17883503339350300165.mp4,0.25226256251335144,7.1631202206301,-19.528554463534867,-12.158962887229377,7.36959157630549,-14.52126940715366,-13.744635404642953,19.531827939233818,0.2985468956406869,2.8029640026420077,9.307463672391018,0.011623247136772543,0.2836165160132549,0.2836165160132549,0.45324250240294595,0.65,-4.325745681907882,0.0,-13.30349292281165,0.0,0.002835242505409169,0.05334325482251638,ok,False,0.011623247136772543,7.199471598414796,0.0,0.0,0.19815059445178335
19,2338,4.173536165873403,-2.7638035841349975,7.28815402544496,-4.43286072914889,-13.473078378977881,3.4390342343683002,-2.7638035841349975,5.2350266138605335,8.638919283780186,6.26058953030963,7.492726838576132,5.152428386971071,normal,12.288617559037592,normal,19.3654375,10.15,-0.9938264947805899,-10.956683398396176,0.0,0.0,-1.0558186769485474,0.0,0.06368407862258058,0.28660826032540676,17883728720923018388.mp4,2.5163949805817047,unlabeled,0.5350839525216528,884b041bb9647b2c026130b13e2921a4,normal,4.568110336742713,12.0,7.011859156725883,-12.830789130829888,-8.262678794087176,0,-16.912179395099937,-15.652651994011839,-13.374734715270238,-11.082115394684307,-9.988020232774462,-9.69244596409798,-9.350414754925055,/b/src/336185346/17883728720923018388.mp4,0.29402637481689453,4.405063625821054,-13.79825636196682,-12.669680062047252,1.1285762999195672,-13.634322195901778,-11.994591184220697,28.77906976744186,0.6413113695090439,6.073643410852713,16.07703488372093,0.011514670468154464,0.18240952113251116,0.18828927298346476,0.5427577208048596,0.25,-10.024876734066199,0.0,-10.453014130319783,0.025,0.011514670468154464,0.02252769140481526,ok,False,0.001991903055093778,33.0749354005168,0.0,0.0,0.2583979328165375
269,9858,30.268475025745346,40.11945097784387,35.564346532341986,-17.470240261646424,-50.67029080046912,6.732778641722362,30.268475025745346,43.510483212624145,32.096621639604635,42.95373869807925,41.667146418330304,20.884204820987723,normal,17.96934831952667,normal,269.18,35.300000000000004,-10.737461619924062,-18.641010767488137,0.0,0.0,-8.879061698913574,0.0,0.0006469605114104845,0.08322903629536921,17883395205093681646.webm,32.02928003298098,unlabeled,0.5708056261290849,3a06dd84204667e631acc9721f1c8243,normal,11.54492718290181,46.900000000000006,26.925215685490404,-26.32476730874307,-14.77984012584126,1,-44.120020801531105,-36.02850433423892,-27.9243797838723,-22.331451984387563,-19.920375241763143,-18.534316001898773,-16.441037917455457,/b/src/336185346/17883395205093681646.webm,-6.093753814697266,15.311741415094898,-45.6026948600568,-18.17056873736775,27.432126122689052,-27.704570010503264,-24.063102134223936,0.35962753111647777,0.0,0.0,0.02236206576258592,0.011215705976802687,0.2797332380717419,0.4159649217478916,0.7993924120222056,1.4000000000000001,-18.41944587524589,0.0,-28.30311153125448,0.0,6.628921553078379e-07,0.0009028281963465738,ok,False,0.011215705976802687,0.0,0.0,0.0,0.0
15,646,9.487837506456412,8.057291544384189,10.458777764879866,-6.716776507171229,-14.425537110205259,1.402113984427901,8.057291544384189,37.398929618773394,35.25090141790852,43.839772252265305,38.74378451066017,34.25788546297184,normal,13.828740940975866,normal,15.072,5.550000000000001,-5.314662522743328,-7.784442575410191,0.0,2.6875,1.0743356943130493,0.1,0.010644315213319294,0.16020025031289112,17881484729291653886.webm,6.641094534795068,unlabeled,0.4872197214929068,4f7f6a03c7974d6699025cf049be78f3,normal,8.421645903150658,0.30000000000000004,13.758520835656428,-14.484192561496043,-6.062546658345385,2,-23.61442446290386,-20.435124413846424,-16.810638889612154,-13.414820932304673,-10.934259728756013,-8.543005926991542,-6.632597619688311,/b/src/336185346/17881484729291653886.webm,1.0743356943130493,12.79108890406756,-12.328893031181915,-7.385887166061702,4.943005865120213,-14.603032020182647,-12.754405246662817,24.166943521594682,0.9107142857142857,4.023255813953488,12.209717607973422,0.011188596021411699,0.10691223122116657,0.3362601327005112,0.48871442873837634,0.7000000000000001,-17.1401362712813,0.0,-14.197239151004512,0.0,0.0015334184296389108,0.0045692878101600155,ok,False,0.011188596021411699,13.621262458471762,0.0,0.6644518272425249,6.64451827242525
41,2021,1.7784493854868728,27.28670626398945,14.135301374333537,1.771403858910813,-38.810431207926015,-10.858292117743417,1.7784493854868728,35.75235137261549,21.73589630176025,32.182430335208224,35.0872146716304,13.660086745997678,normal,17.435350289864047,normal,41.378,27.55,-9.086888258832605,-18.418647537307347,0.0,0.0,-3.785139560699463,0.1,0.03318140585817688,0.11827284105131415,17883743087750007302.mp4,20.39178367061867,unlabeled,0.5300015904517461,5e3efaad6e7cfe4ecbd5cf39a82bd1f6,normal,11.11234935341414,39.400000000000006,27.907689604926635,-23.348477295008387,-12.236127941594246,1,-39.50922067327225,-32.3303116239749,-23.438340887619418,-18.82305293872544,-15.427231496249297,-14.097782205058863,-12.373618101418678,/b/src/336185346/17883743087750007302.mp4,-2.90498948097229,12.083610951717143,-41.41984559149426,-21.022766018259265,20.397079573234993,-23.843065569076593,-20.340339770836337,3.2837061668681984,0.0006045949214026602,0.11290810157194679,0.8934401451027812,0.011094043069171302,0.3355805704860526,0.34644156117186603,0.5032755542277462,0.15000000000000002,-8.420761102412403,0.0,-17.79904612200667,0.0,0.00022184298520937183,0.004321400225074279,ok,False,0.011094043069171302,0.6045949214026602,0.0,0.0,0.0
22,959,6.819082586416565,1.7943672547441913,15.704089855527053,-9.08767188895144,-23.254304895727813,2.74225384643751,1.7943672547441913,67.13755420894199,67.86142224451339,69.48200377021286,67.35954690106983,35.38108128661335,normal,17.635557629882406,normal,22.1983125,8.4,-6.345418042513931,-14.927282165389304,0.15000000000000002,0.0,-1.5094003677368164,0.2,0.022694695999436187,0.14205256570713393,17882931055810954040.mp4,8.32702273033851,unlabeled,0.4475889865020666,d6d48054f30d7643d5b561aaa103f332,normal,6.718769875488524,0.1,65.96678956570236,-18.4611391816515,-11.742369306162976,1,-25.134560020620754,-23.33559354199354,-17.597721240953433,-16.149543675079705,-15.052833141874476,-14.2289279716214,-12.014362225473311,/b/src/336185346/17882931055810954040.mp4,-0.648587703704834,6.313453514700573,-23.241973392398133,-17.254108912729894,5.987864479668239,-18.619353004982955,-18.28414533358724,5.553047404063205,0.016647855530474043,0.21049661399548536,1.5626410835214446,0.010942503939120033,0.20209684036188474,0.20318305876409018,0.5311267744735011,0.15000000000000002,2.3434225823953083,0.0,-21.525987156299337,0.0,3.3250293997016824e-05,0.21379411694855904,ok,False,0.010942503939120033,1.1286681715575622,0.0,0.0,0.0
14,1680,14.93589336071599,14.359220166911012,19.078090536501865,-1.5685212828173625,-25.12003428066565,0.5796901696128658,14.359220166911012,42.43407638575246,32.085359699923615,32.06737508986847,31.777716397240653,32.138334019019446,normal,23.690718889319772,normal,14.0480625,9.950000000000001,-0.9888311132044967,-15.642936967701232,0.15000000000000002,0.80625,2.1272239685058594,0.3,0.3040408045329789,0.28222778473091364,17882976404191622434.webm,9.477097312964418,unlabeled,0.3048353438505255,e2c1e21d4c202eff159620389dae61bb,normal,17.611385388638038,1.0,17.274133419005054,-26.189577154711827,-8.57819176607379,2,-37.32476983846005,-29.18886405992042,-24.635417051881866,-21.72899043626435,-19.752509564180862,-15.230712603990593,-6.818258427127839,/b/src/336185346/17882976404191622434.webm,2.2928521633148193,19.92898644921639,-26.95801872116912,-17.524041919320005,9.433976801849113,-26.48881090241225,-21.397866726004953,1.6035714285714284,0.2727678571428571,0.5412946428571428,0.9401785714285715,0.010582066687730698,0.08705616866950157,0.15475367506409204,0.36534979066878426,1.05,-0.5994967180636879,0.05,-16.338942969686073,0.30312500000000003,0.0007073657534879169,0.3603113886975777,ok,False,0.010582066687730698,3.214285714285714,0.0,1.0714285714285714,1.7857142857142856
11,1088,9.934183248518838,-3.1307376701297684,20.384812182412983,-3.906387931680885,-21.66491977954564,4.360805355595894,-3.1307376701297684,48.90668825631064,45.41734701650478,46.73091379269411,46.50593043106714,23.919030356847443,normal,19.647211653580477,normal,11.820375,3.5,0.45441742391500883,-13.64522201713423,0.05,0.0,-1.1530988216400146,0.4,0.0002437119884234025,0.30350438047559447,17881495343690864519.mp4,8.019697762411411,unlabeled,0.5414732453659725,2dd3c56e212a6bcf2e558dbbaf741ae8,normal,17.32796308928875,6.6000000000000005,42.129704257794195,-27.22464994320838,-9.896686853919629,2,-57.72890434081755,-48.90678815428504,-30.07565838606211,-20.988470356252297,-14.126129337361014,-11.160786855201465,-8.376288302915244,/b/src/336185346/17881495343690864519.mp4,-0.7711457014083862,22.596605748367185,-23.600346727471948,-16.10443940910984,7.495907318362107,-30.338972447890285,-20.418357354988864,3.5926906779661016,0.0815677966101695,0.5116525423728814,1.6467161016949152,0.01056536642706565,0.41684122289778297,0.41684122289778297,0.6175017118766296,1.1,-2.5329820097776703,0.1,-15.987568851289463,0.00625,0.0009260745703787291,9.991793621216663e-05,ok,False,0.01056536642706565,6.779661016949152,0.0,0.0,1.694915254237288
21,4385,6.625721392675448,24.50465960048906,24.86876857977996,-9.018033711499243,-39.682847388828215,-7.2168829218837125,6.625721392675448,28.008143176545694,20.957573357628345,23.816246168178502,25.576408398879728,13.838567127408464,normal,15.082310257918465,normal,21.0140625,13.9,-16.234916633382955,-17.880134944315035,0.0,0.0,-5.69970178604126,0.0,0.00039579000590329763,0.04881101376720901,17882860419571926260.mp4,21.80271244451318,unlabeled,0.5965511828786183,d462639e19e385d453e0bd1819843730,normal,10.503032342927836,13.600000000000001,26.296769463783704,-24.67169732848479,-14.168664985556953,1,-39.92910402117186,-33.26850364159135,-26.374128579429414,-18.30787708163721,-17.459751953976582,-16.727942926984273,-15.641016194931458,/b/src/336185346/17882860419571926260.mp4,-5.160665512084961,11.660118775092283,-39.630633313445436,-16.68756821562307,22.943065097822366,-25.034357392693387,-20.242975770003426,3.546577380952381,0.0,0.02395833333333333,0.6313988095238096,0.01046781377781469,0.0747700806412748,0.08133380878269726,0.4473071243266068,0.8500000000000001,-12.848230984449543,0.0,-23.283485918595733,0.0,1.057329564685881e-05,0.0010991219258179986,ok,False,0.01046781377781469,0.0,0.0,0.0,0.0
54,18410,4.202694831860473,7.471553269020074,2.4549303417759933,-9.575434899613285,-23.366659307253535,9.689209091846646,2.4549303417759933,15.301731971341763,12.820415395747656,15.497720520078113,15.865619815494785,8.997055821862162,normal,14.632713084688117,normal,54.474,25.25,0.1137741922333613,-13.596966060260156,0.0,0.0,-1.090867519378662,0.3,0.12834880034638826,0.2909887359198999,17883754289351458072.mp4,9.769693246993379,unlabeled,0.4697142705447286,be119987cee671ad6735832966c82ee4,normal,5.104458248781658,25.1,12.354163776964468,-15.623422011261594,-10.518963762479936,1,-24.5093242011039,-21.025149658922572,-16.845161067023344,-14.190558526468418,-12.968171135797506,-12.425504565116935,-11.6117840855714,/b/src/336185346/17883754289351458072.mp4,-0.7487806677818298,6.071725197718727,-22.11886474058287,-13.711228199079073,8.407636541503798,-15.736056380689439,-15.381493752469947,13.222623966942148,0.0690426997245179,1.1803833792470158,5.017791551882461,0.01043259502139402,0.19182130704601627,0.21529478569098545,0.4618650009160981,1.75,-10.97852479320358,0.0,-15.051066353798424,0.0,0.0009779404704489876,0.0029432074837707563,ok,False,0.01043259502139402,2.203856749311295,0.0,0.0,0.0
15,2188,14.242884090287717,21.0160050933138,29.145048519056793,-6.680376087713343,-25.688770770029606,1.819352782223615,14.242884090287717,42.093702030837115,36.04678983562482,41.610267092054,44.41388609014528,22.90611958710566,normal,17.47342698968754,normal,15.000125,13.0,-4.861023305489728,-15.039944857990434,0.0,0.0,-4.279515266418457,0.2,0.003804978507769375,0.16833541927409262,17882978896570357207.webm,10.648825912039172,unlabeled,0.5923758876689494,57a187a71ba3ee7fed16b52e604c21bb,normal,11.468767170979838,13.100000000000001,37.642544164983775,-23.217657436928228,-11.74889026594839,1,-47.28052472994572,-32.526095306196815,-23.874777138896405,-18.96206443280584,-15.24412600994323,-14.38299146369126,-12.295646726462456,/b/src/336185346/17882978896570357207.webm,-3.049708843231201,12.901025181405666,-25.653516267477723,-15.8894550359269,9.764061231550823,-24.067154696353256,-20.52313583291874,3.066875,0.0,0.11624999999999999,0.8627083333333334,0.010361980865797055,0.4037180687489031,0.4037180687489031,0.6248093283284422,1.9000000000000001,-8.937515355519706,0.0,-19.102782741564077,0.0,0.00010756790421167427,0.001277983609845276,ok,False,0.010361980865797055,1.0,0.0,0.0,0.0
10,5737,0.6077756069355313,-11.757339013277631,4.892135838421737,-6.552704631659543,-12.842317798686198,-1.2865670629310344,-11.757339013277631,13.592261715969812,10.179587165979097,12.283444914222342,15.360681432836714,5.170553185091094,normal,11.652762667821975,normal,10.8306875,7.95,-7.839271694590577,-8.46586631029283,0.0,0.0,-2.021466016769409,0.0,0.0006858536900643582,0.12453066332916146,17881833405432952478.webm,4.376451488393368,unlabeled,0.4549232541015299,06d70c213f163cd42fe1e3c0ef3b9749,normal,4.9916329350785205,8.0,7.208805586286271,-13.272882826072173,-8.281249890993653,0,-39.46462508141964,-18.048771638679778,-12.97186757628798,-11.396040688284794,-10.093035736235553,-9.400931126911926,-8.202230828250695,/b/src/336185346/17881833405432952478.webm,-1.6381477117538452,5.12243876075192,-13.112443410387545,-8.478041449823998,4.634401960563547,-13.42922093850801,-13.29091037957582,24.82060185185185,0.027777777777777776,2.9207175925925926,12.347511574074074,0.010291106553682126,0.23473606081141382,0.33656843005686277,0.7512210446905004,0.0,-7.072638062202554,0.0,-10.664430471681825,0.0,0.010291106553682126,0.005646194046663438,ok,False,0.005801208399396992,32.407407407407405,0.0,0.0,3.7037037037037033
36,13288,35.52638122860194,12.080688940654241,28.876857645176354,-10.830046933183283,-43.69691235438047,5.102444458605072,12.080688940654241,52.55916000589432,48.04321885686092,50.17373374656894,52.376046062097714,26.876774656990115,normal,10.351579361666577,normal,36.2013125,3.8000000000000003,-5.727602474578211,-18.24428587524337,0.0,0.0,-9.438422203063965,0.0,0.021133363867771385,0.15519399249061328,17881815533612790759.mp4,25.452626479137102,unlabeled,0.6034751669721371,da38bb425c9ff01ce19e9a4e6911773c,normal,3.4031695482930413,0.1,35.54274283710203,-15.586261603754219,-12.183092055461177,1,-35.78711717615241,-19.999521315936185,-18.152577542113875,-17.063555808679084,-16.28481217816155,-15.637495993966574,-14.824640118992663,/b/src/336185346/17881815533612790759.mp4,-5.939584732055664,3.9875974964666465,-43.218712567876466,-19.292210087169007,23.92650248070746,-15.572112908900152,-16.29116409372224,11.683529005524862,0.0,8.632596685082873e-05,0.3483252762430939,0.010249445587477346,0.12085184836540118,0.2468154941810035,0.6998195343088728,0.45,-12.745993212665923,0.0,-38.982257364853226,0.0,1.8793983598741206e-09,0.00015286626137151225,ok,False,0.010249445587477346,0.0,0.0,0.0,0.0
11,1395,28.50253649350457,13.034447178321232,19.888140217070017,-6.457625577525302,-34.242356104748396,8.010513288564265,13.034447178321232,23.44789860538133,21.327173658398905,24.64063098833563,21.63602199365181,13.287856102472706,normal,21.88133211241496,normal,11.8946875,2.3000000000000003,1.552887711038963,-17.3219743286122,0.0,0.0,-4.392737865447998,0.0,0.03492898828579877,0.36983729662077597,17882993666093723185.webm,16.920381776136196,unlabeled,0.46097719354512706,e95cc44e935367afde28d07f4333f1fe,normal,14.587495003952512,0.2,19.673589974398617,-29.85622869345153,-15.268733689499019,2,-49.60730096889802,-37.82368858711699,-29.843535014924207,-21.442457840367783,-16.42950790766551,-15.124228778549629,-13.773754687241745,/b/src/336185346/17882993666093723185.webm,-1.532705545425415,18.62184169365389,-34.57411100750803,-19.57236040578379,15.00175060172424,-30.285629521295938,-23.414037657840375,1.2283755274261603,0.006329113924050634,0.05089662447257384,0.29957805907172996,0.010220700328771168,0.12271310656609338,0.1585410219728318,0.7312881322933726,1.1500000000000001,-12.306455263911687,0.0,-26.458377571133074,0.0,1.88748354080279e-06,0.014379849578309473,ok,False,0.010220700328771168,0.42194092827004215,0.0,0.0,0.0
15,2864,12.15552955640208,16.487890342869974,6.236039795629482,-8.987142912759065,-25.546556370527075,-1.309342024262051,6.236039795629482,39.43253275902077,37.96406098254621,34.75963699008598,38.272210061789536,32.17741288127352,normal,18.066657792978642,normal,15.7613125,6.300000000000001,-10.296484937021116,-16.059382650766256,0.1,0.0,-3.1542744636535645,0.1,0.002436309507968138,0.0607008760951189,17882972983881866350.webm,9.487173719760818,unlabeled,0.5330085280864031,141eda1936336d5844b6542e07b4cf63,normal,10.30319545379287,0.1,13.453523263381161,-23.10508889394126,-12.80189344014839,1,-32.35846893701079,-27.936627180477725,-23.53640200651962,-18.55068977613076,-15.288946419246823,-14.546017403724914,-13.148833907595384,/b/src/336185346/17882972983881866350.webm,-1.9787901639938354,10.925451487402503,-25.549471980219522,-15.676382267109101,9.87308971311042,-23.299212925064218,-20.045447956972477,3.573015873015873,0.006349206349206349,0.20555555555555557,1.1972222222222222,0.010170436477908556,0.451422464938415,0.451422464938415,0.5829536424919096,1.75,-7.199171636817238,0.0,-21.000089529668614,0.0,3.887354334154791e-05,0.009238447705899523,ok,False,0.010170436477908556,0.0,0.0,0.0,0.0
27,3719,15.252136709930893,17.624302110567424,7.479343252440304,-11.24540765365798,-22.482290523755214,-3.136921718780707,7.479343252440304,70.11615707738716,61.45406312532163,72.62740069218027,73.88220011099969,31.775556561838783,normal,9.458434279031195,normal,27.05125,4.45,-14.382329372438686,-14.108405863928652,0.05,0.0,-2.1710662841796875,0.2,0.007328119235671645,0.05819774718397998,17883630354252600839.mp4,8.373884659826562,unlabeled,0.5386708737277343,bc4d6d532dfddfb69527441f038843ef,normal,2.9552055703583893,0.5,72.5758057064818,-8.771658757812187,-5.8164531874537975,2,-22.55951168317805,-15.936789515441527,-12.415567888189765,-10.24270837860257,-9.162753907882962,-8.866395149133027,-8.132483738172285,/b/src/336185346/17883630354252600839.mp4,-0.05005468428134918,4.824303085774342,-22.225629184633064,-13.390519268880642,8.835109915752422,-9.002959322947795,-9.508488963312544,45.214533271719034,1.8271719038817005,16.823937153419593,31.82243530499076,0.00994647803925726,0.3497746228010839,0.3497746228010839,0.6299164171212023,0.45,-6.5597451562649685,0.0,-17.38271609056788,0.0,0.0002821085436458471,0.0032667794809801394,ok,False,0.00994647803925726,43.622920517560075,0.0,0.0,7.393715341959335
15,6374,-1.6487184057238011,-1.932059347851812,-1.979753886996237,-9.478285939959736,-11.721315923735403,-0.20484836835087705,-1.979753886996237,5.128869171150953,6.0725681550280655,4.626746150159686,5.842661700916624,3.9892313291545705,normal,10.321397019937473,normal,15.7199375,12.05,-9.683134308310613,-10.737244850231082,0.0,0.8250000000000001,0.43829917907714844,0.0,0.04107807827777494,0.09136420525657071,17883601687482130585.mp4,0.984071073504321,unlabeled,0.4957877916013488,794805576456f2a04347d72e101b9f96,normal,3.227205118217137,14.9,4.121038197633231,-10.244756769452746,-7.017551651235609,1,-13.516733236838178,-12.771913142144978,-11.80328451083429,-10.600871746182017,-8.395529790446908,-8.002974111995849,-7.723470570394994,/b/src/336185346/17883601687482130585.mp4,0.43829917907714844,4.285092216897069,-10.514958450500224,-9.730000028305824,0.7849584221943999,-10.657344739322157,-9.883097840860325,41.43769904458598,3.777070063694268,11.70203025477707,25.274283439490446,0.009887381945987324,0.04241588498484612,0.22613333687031678,0.15357111715029684,0.4,-9.552724219957982,0.05,-11.251727244049274,0.8187500000000001,0.009887381945987324,0.04047598834069936,ok,False,0.001067291075168606,54.77707006369427,0.0,0.0,16.560509554140125
113,20329,12.299993836538215,10.201697451881916,11.820195456352055,-12.32234924031939,-15.750629945185793,8.5755529463581,10.201697451881916,11.732664247488309,11.759353739316524,12.577207677170186,14.12611302027376,7.509129945216248,normal,15.504087767238211,normal,113.12,21.900000000000002,-3.746796293961291,-9.231189873991417,0.0,0.03125,-0.21901650726795197,0.0,0.04604167419622596,0.20838548185231537,17881818514861948656.webm,6.519440071194376,unlabeled,0.5256384431454323,37552fd8e41e6cea93f0a0bbee1ec76e,normal,5.748874806798645,20.200000000000003,8.63304147567622,-11.202835266681404,-5.45396045988276,1,-16.356983394054453,-14.428682925729671,-11.803409008833048,-9.925223540517363,-8.968649248082404,-8.47538517807881,-7.514819228118989,/b/src/336185346/17881818514861948656.webm,4.454916954040527,6.0321912710314916,-13.905685523815887,-10.071000049116792,3.8346854746990946,-11.352158808647417,-11.049170813197684,34.10974801061008,1.7005968169761274,8.098060344827585,19.652768567639257,0.009558661171285874,0.15255197916433552,0.2383602194538634,0.7427222713844468,2.0,-9.268858348888791,0.0,-14.739894072511726,0.003125,0.0011908582750481567,0.013763134952154962,ok,False,0.009558661171285874,52.343059239610966,0.0,0.1326259946949602,10.389036251105217
113,20329,12.299993836538215,10.201697451881916,11.820195456352055,-12.32234924031939,-15.750629945185793,8.5755529463581,10.201697451881916,11.732664247488309,11.759353739316524,12.577207677170186,14.12611302027376,7.509129945216248,normal,15.504087767238211,normal,113.12,21.900000000000002,-3.746796293961291,-9.231189873991417,0.0,0.03125,-0.21901650726795197,0.0,0.04604167419622596,0.20838548185231537,17881881757080122173.webm,6.519440071194376,unlabeled,0.5256384431454323,37552fd8e41e6cea93f0a0bbee1ec76e,normal,5.748874806798645,20.200000000000003,8.63304147567622,-11.202835266681404,-5.45396045988276,1,-16.356983394054453,-14.428682925729671,-11.803409008833048,-9.925223540517363,-8.968649248082404,-8.47538517807881,-7.514819228118989,/b/src/336185346/17881881757080122173.webm,4.454916954040527,6.0321912710314916,-13.905685523815887,-10.071000049116792,3.8346854746990946,-11.352158808647417,-11.049170813197684,34.10974801061008,1.7005968169761274,8.098060344827585,19.652768567639257,0.009558661171285874,0.15255197916433552,0.2383602194538634,0.7427222713844468,2.0,-9.268858348888791,0.0,-14.739894072511726,0.003125,0.0011908582750481567,0.013763134952154962,ok,False,0.009558661171285874,52.343059239610966,0.0,0.1326259946949602,10.389036251105217
30,597,9.405211146991103,11.05872099033541,-0.16931135195696712,-11.937014663749768,-16.91561876236552,-0.3902461132676276,-0.16931135195696712,31.860156425614345,30.366820592139675,32.55157834361783,29.647373845690364,17.04332098357213,normal,17.7040649772582,normal,30.9071875,26.55,-12.327260777017395,-10.012169103696944,0.0,0.2875,0.23873409628868103,0.0,0.0010462878769830707,0.06508135168961202,17883762708100871935.mp4,6.903449658668574,unlabeled,0.47864426776281266,7dbd45bd574a9da4b44cf4c0e311c538,normal,11.652220768303113,6.9,19.78100245065197,-20.62196561281585,-8.969744844512736,1,-36.94899669485641,-25.078924051663105,-21.139084391816162,-17.663323199530826,-13.182251103111899,-11.818779141348777,-9.98868158113559,/b/src/336185346/17883762708100871935.mp4,0.23873409628868103,12.315812998813389,-16.733937088947894,-9.567981412511461,7.1659556764364325,-20.71819282937742,-17.465330880969518,6.690533980582525,0.17516181229773464,1.114279935275081,3.2783171521035595,0.00948369882032998,0.13811803058041314,0.33685745471031947,0.4137858236201941,0.0,-13.380229926364924,0.0,-22.78509089862007,0.0,1.3941776845306542e-05,0.003911160099616882,ok,False,0.00948369882032998,5.9870550161812295,0.0,0.0,0.16181229773462785
30,2310,0.8924279782202262,7.7794488147252,7.698091571855013,-12.456512077672588,-15.838212531587473,-6.924155022880033,0.8924279782202262,51.18695874779623,48.790599686467466,45.82359662643539,41.624038109084076,37.72594144822439,normal,13.652489782850694,normal,30.3573125,3.85,-19.38066710055262,-9.888217873822109,0.0,0.22499999999999998,0.10291314870119095,0.0,0.0003309308443769025,0.03128911138923655,17883571651500890327.mp4,5.949994657765364,unlabeled,0.5519152537363603,cb106983db498b5585b4b3cd0684c6cc,normal,7.6133148578887955,0.1,24.687655734565684,-14.00274658418419,-6.389431726295394,2,-23.977962432164656,-19.169053109579092,-15.097049865133217,-12.87622705902263,-11.309875397205257,-10.817406409078737,-9.095993511065434,/b/src/336185346/17883571651500890327.mp4,0.26071521639823914,8.139542538548795,-15.411272711776654,-8.909371590512968,6.5019011212636855,-14.0033360580484,-13.391774566452455,21.88416392092257,0.3818986820428336,3.062191103789127,10.57640032948929,0.00934671653701746,0.40835199685522583,0.533726069563418,0.5879852710506586,0.9500000000000001,-21.470603440730734,0.0,-11.688700967670952,0.0,0.005787097704848548,0.000640726400380599,ok,False,0.00934671653701746,17.1334431630972,0.0,0.0,0.9884678747940692
151,15999,49.68918242004063,23.93551952591111,56.23276933146138,-24.100670764385214,-43.72827071426866,13.585978845237229,23.93551952591111,48.39160171052922,65.43539921932381,56.87519662937922,44.13736889691993,34.38429349445074,normal,17.49302396831513,normal,151.5946875,2.6500000000000004,-10.514691919147985,-18.787304159613196,0.0,0.0,-2.5278944969177246,0.0,0.0013647217673378553,0.09198998748435544,17883362819580784808.mp4,24.940966554655464,unlabeled,0.5805872945500637,62c0babcca2759eb1df73512ecdd7280,normal,8.36096486035796,0.1,65.02333189223674,-19.139154974464716,-10.778190114106756,1,-25.838513043491652,-22.61325081161222,-19.8922731528763,-17.567751220046453,-14.859009748020583,-13.496814126172076,-11.470572772027758,/b/src/336185346/17883362819580784808.mp4,-0.594914436340332,10.917739171268718,-42.14902349246459,-18.313937344131762,23.83508614833283,-19.316419155038137,-18.08793840465546,5.304808644011878,0.018063345430550975,0.30726245463543383,1.5624175189706369,0.009225060715481693,0.1928771881407503,0.3328735637403247,0.8645440007205355,1.9500000000000002,-23.525367979939762,0.0,-34.91328082767465,0.0,1.7486755503450994e-08,0.0018858227582466789,ok,False,0.009225060715481693,1.979544704717915,0.0,0.0,0.09897723523589574
41,4128,17.724993133335506,35.527815860635414,18.418239581366258,-0.15121504333401128,-45.17925686529887,-12.038883976309444,17.724993133335506,37.16155869806164,28.830902595849246,39.17888561469431,38.12341141384201,17.31254145330079,normal,17.841751529349153,normal,41.116,13.15,-12.190099019643455,-19.390813426506483,0.0,0.0,-8.420345306396484,0.0,0.0018843100816002079,0.0869837296620776,17882975301801483476.webm,25.788443438792385,unlabeled,0.5467514803098136,1d80ee38a935081bcae6c3b53cbf99a0,normal,9.533169554905644,33.6,33.35343480488877,-25.909849264155138,-16.376679709249494,1,-49.97104781423327,-44.29000285865869,-26.879464446606406,-20.575558728688037,-18.663426662896438,-17.94180142566727,-16.49461777298849,/b/src/336185346/17882975301801483476.webm,-5.152963638305664,11.019743038313782,-47.09918549348545,-19.068558560617,28.03062693286845,-27.35833600290437,-22.994715167654817,0.9178071776155717,0.0,0.001292579075425791,0.07177615571776155,0.009110514652239684,0.3870384855235746,0.3870384855235746,0.713653212676467,0.45,-11.652142505379208,0.0,-19.974804118622423,0.0,6.609271224901338e-05,0.007041683802922186,ok,False,0.009110514652239684,0.0,0.0,0.0,0.0
117,8868,2.85062259273636,1.5288911294181347,0.3318876268370401,-9.167730562250277,-15.485367827004408,0.16195743238406735,0.3318876268370401,38.485995513515604,38.15203873907474,38.42095449155729,38.669749982885065,37.32441002473287,normal,12.257483696055571,normal,117.771625,4.2,-9.00577312986621,-9.54911326986686,0.0,1.15625,0.37257495522499084,0.0,0.021192938176985015,0.10700876095118898,17881898672571490536.mp4,5.9362545571375485,unlabeled,0.43546835041621607,6b576cda4f2b1d9409647eb015e32f3b,normal,4.721623747487793,12.200000000000001,6.6951417702059715,-11.456700059927034,-6.735076312439241,1,-17.604035182697906,-14.724703370841919,-11.913379251899732,-10.068565916631387,-8.96171372895715,-8.418438468662087,-7.61931337038425,/b/src/336185346/17881898672571490536.mp4,0.8364042639732361,5.352444325412619,-14.584777991746105,-9.415454511898387,5.1693234798477175,-11.592711961022937,-11.421079432082335,31.259846072186836,1.6757961783439492,7.267781316348196,17.753795116772825,0.008833979589685433,0.26256402317588784,0.26256402317588784,0.3460587352189777,0.9500000000000001,-9.324265438334479,0.0,-15.197328067237796,0.0,0.0009490176260484527,0.0268847394456815,ok,False,0.008833979589685433,50.61571125265393,0.0,0.0,10.40339702760085
9,1183,11.73020490788134,18.974002893315998,20.143592352928106,-2.08557839023665,-31.393493672781403,-5.636342523161453,11.73020490788134,18.755766078975665,13.786066223614515,15.7745849363845,16.021713016847055,7.242993023353144,normal,17.396338900751893,normal,9.2415625,7.65,-7.721920913398103,-16.914249433499375,0.0,0.0,-8.341216087341309,0.0,0.017789423569578362,0.12265331664580725,17881590043080834075.mp4,14.479244239282028,unlabeled,0.44291535007810595,d8e4077b68a089c90dcd42c67ed82a73,normal,14.13295038953908,7.7,16.76148449795724,-30.282016947628566,-16.149066558089487,2,-34.207815831843554,-32.62099173055078,-30.94896186589967,-29.90261160967846,-28.25383889999421,-16.987903071048045,-16.383440142824174,/b/src/336185346/17881590043080834075.mp4,-8.341216087341309,14.601555321352851,-31.98281282104517,-17.02800013885751,14.954812682187658,-30.690816055290618,-25.7375549880932,0.5186820652173912,0.0,0.0,0.00203804347826087,0.008693978545476232,0.10236535453036369,0.3022243932485784,0.5001186319260695,2.0,-6.579406054541855,0.0,-30.17859243444369,0.0,2.6010180350252594e-07,0.03131112590309396,ok,False,0.008693978545476232,0.0,0.0,0.0,0.0
17,7370,-1.9679232711355414,1.3991787996590048,-2.379735250557669,-14.353466389122685,-13.608170292533764,-3.8896395044326315,-2.379735250557669,19.37658415903062,13.30445719824488,18.432617822870366,19.60139111973626,10.85386364473198,normal,8.861805474288566,normal,17.536,6.95,-18.243105893555317,-11.329272050574074,0.0,0.06874999999999999,-0.7468897700309753,0.0,0.0034454962090886493,0.025031289111389236,17883762414411720473.mp4,2.2788982419596895,unlabeled,0.5527046938359205,3a8466a38d8423c3847178c3fec54fbe,normal,3.264216264400133,0.2,8.746792349104695,-9.522948074528461,-6.258731810128328,1,-14.895288451906762,-13.872569974010618,-12.859743129696389,-11.694049348457323,-10.252754870558922,-9.195507290906258,-8.189632398772538,/b/src/336185346/17883762414411720473.mp4,-0.5341351628303528,6.19699697462269,-9.95900842558478,-8.354006712601992,1.605001712982789,-9.742307313225371,-9.395940637118919,47.48589285714286,3.0751785714285713,14.848571428571427,31.507142857142856,0.008653536650697121,0.06505098780258674,0.15650082908200758,0.25885418909539765,1.75,-19.560681210973996,0.0,-10.917752781478224,0.196875,0.008653536650697121,0.003011418997142506,ok,False,0.0015084944749919795,30.571428571428573,0.0,0.0,3.428571428571429
56,7774,37.61638485854303,25.41574913201764,30.40151455541946,-12.742707670456582,-43.407267111954724,3.1763899568212857,25.41574913201764,29.372123969945882,24.23074487776755,27.750113248624544,29.001701541792166,15.158551464508378,normal,17.83205192551159,normal,56.7800625,52.35,-9.566317713635296,-18.908997998877467,0.0,0.0,-5.694836616516113,0.0,0.004508076477985517,0.07446808510638298,17882609730050165123.webm,24.498269113077257,unlabeled,0.548442166635747,cbaa62daa12d6a39a77e05ec9b668c1c,normal,12.198567520950657,29.3,25.88341386746741,-28.223675847525705,-16.025108326575047,1,-45.16786113156636,-43.08506868088911,-29.508434075506898,-20.790791363254712,-18.561388899927064,-17.47642544391148,-16.198339026553093,/b/src/336185346/17882609730050165123.webm,-5.388625144958496,14.759590424870842,-40.138857082421055,-18.4742385357798,21.664618546641254,-29.429909197158764,-23.220677070470085,1.0261013215859032,0.0,0.0009911894273127754,0.11233480176211454,0.008620864467172994,0.1777479037841606,0.2960120546768418,0.6972891178413185,0.75,-9.466506351708567,0.0,-20.92216292412234,0.0,3.967211992662597e-05,0.005376991224970568,ok,False,0.008620864467172994,0.0,0.0,0.0,0.0
95,11124,4.484877023142406,-0.24663695313738643,-0.7995161243707631,-9.15609478600048,-12.479521087226548,1.4713090749268627,-0.7995161243707631,10.347255745959384,8.777054244223802,10.839647472266357,11.403389167814037,5.046361971618719,normal,13.253555693148144,normal,95.0625,71.25,-7.6847857110736175,-8.818432783364987,0.0,0.025,-0.7328828573226929,0.0,6.949147205167665e-07,0.12640801001251564,17882992284800942409.webm,3.661088303861561,unlabeled,0.6047483059376215,7c8809951527fa169988e0cb4657a799,normal,4.7509552617117,61.2,5.5254271322640225,-12.53138401234189,-7.780428750630191,1,-16.335917431040514,-14.592357996577489,-13.129581023184985,-12.064051227285622,-11.248168385896365,-10.620974713976706,-7.925938779952081,/b/src/336185346/17882992284800942409.webm,0.8925756216049194,5.811499220481688,-11.918141742014745,-9.99328114533977,1.924860596674975,-12.510592093295479,-12.360980071543224,31.60251183587586,0.20065097317201472,3.141833245660179,13.98287085744345,0.008597498361932663,0.1324146720774578,0.5945361668743823,0.711783847187893,0.5,-5.31991869857907,0.0,-11.058032336678277,0.0,0.008597498361932663,0.0107981767809701,ok,False,0.003846408790474802,23.25092056812204,0.0,0.0,1.6307206733298263
153,6719,3.9099776290590578,-4.090121927479123,-2.7262379406879873,-3.3079605081128842,-14.219900590468168,1.2589234909854325,-4.090121927479123,62.453755742368784,38.24335414447346,68.69005047271301,44.080527262120604,19.155153109745157,normal,14.68347340579187,normal,153.1820625,102.60000000000001,-2.0490370171274517,-8.37047611969696,0.0,0.5499999999999999,0.5178406238555908,0.0,0.03334713997144523,0.25406758448060074,17882081298050386567.mp4,5.849424470771208,unlabeled,0.4512334147952783,5c7729d60eaff8b0081142b25d62ca82,normal,7.152638633535326,0.2,46.80735775407577,-14.689453654276885,-7.536815020741559,2,-18.122110168497503,-16.464487640114978,-14.407802865650098,-11.35396086330407,-9.2126123462232,-8.384164251346686,-7.154110295765929,/b/src/336185346/17882081298050386567.mp4,0.9616575241088867,8.614643999298515,-15.028423076817276,-10.251260954454235,4.777162122363041,-14.866490289596685,-13.721815881682984,19.341005550114268,0.4745347698334966,2.6200620306888673,8.457741593209272,0.008290371798192517,0.12413645398102405,0.26985595484285174,0.6091760528365944,1.4500000000000002,0.8537819691384116,0.0,-23.91318778255077,0.0375,8.944386021421921e-06,0.21625457551442873,ok,False,0.008290371798192517,29.97061704211557,0.0,0.0326477309826967,8.455762324518446
15,6517,5.394328321526458,8.634890035962835,2.8235172614328166,-6.03040787853868,-24.1728857636131,4.366390412819475,2.8235172614328166,27.870925306613,7.73167689718052,16.37173677123633,18.45905265559618,4.2076487613421225,normal,12.532702575196982,normal,15.7895625,1.4500000000000002,-1.6640174657192057,-14.477855508378283,0.0,0.0,-2.409193754196167,0.1,0.05404077790867419,0.27784730913642053,17881484729772461168.mp4,9.695030255234816,unlabeled,0.5484652048426468,462115ed7b2e92e70f38114e11d54b02,normal,6.327085138957849,0.30000000000000004,12.970840797333903,-12.229746463184718,-5.902661324226869,2,-18.39168819477206,-15.890390654390727,-13.466801955946945,-12.046908173903718,-11.021135483008088,-9.550745128755118,-6.597600355081984,/b/src/336185346/17881484729772461168.mp4,0.8157675862312317,7.199715239009201,-24.102696718872274,-15.897025982829328,8.205670736042945,-12.096354980963431,-11.71693498896575,28.902182539682542,1.6535714285714285,6.219047619047619,15.772619047619047,0.008273731064414092,0.22188614884659189,0.22188614884659189,0.5068021845659576,1.9000000000000001,-6.379148399053676,0.0,-14.041567718301316,0.0,0.001800730318378451,0.022567923481585823,ok,False,0.008273731064414092,24.126984126984127,0.0,0.0,4.444444444444445
223,7843,4.968258536554803,8.937821076033341,2.714958880585919,-9.759494075002348,-15.497928754869932,-1.9030719241272163,2.714958880585919,75.06594611776183,52.85516798861961,73.77807466159184,73.77807466159184,29.830356962139987,normal,13.677958264417956,normal,223.26425,82.35000000000001,-11.662565999129564,-9.945707699740236,0.0,0.13749999999999998,-0.48318392038345337,0.0,0.00852816278459755,0.0669586983729662,17881824658061612723.webm,5.552221055129696,unlabeled,0.530612721214293,65f28be1ea9ce1fe2831f11b64fb0cac,normal,5.071834350569638,0.5,76.87807338636385,-13.372941899452762,-8.301107548883124,1,-20.826760875650603,-17.318617980021585,-14.30491135398523,-11.99476809579654,-10.8819552329806,-10.33851849707657,-9.416970910280696,/b/src/336185346/17881824658061612723.webm,0.5277959108352661,6.014117638161229,-15.349658721447152,-9.331293575330367,6.0183651461167855,-13.80662199530855,-13.15016235358269,21.95162374020157,0.7051651735722284,3.829871220604703,10.797508398656214,0.008218683209408174,0.4380495933209998,0.4380495933209998,0.7016888934616308,1.9000000000000001,-19.92712283650937,0.0,-18.879688039468384,0.0125,0.0001179890857879525,0.0015641055958980823,ok,False,0.008218683209408174,25.03919372900336,0.0,0.0,0.2687569988801792
36,2050,26.66734038847033,7.9347859435379196,14.314182397231177,-12.601047519183062,-37.55892316761452,1.529399021186899,7.9347859435379196,48.25412119680212,36.165161658977766,39.388640058274646,44.85868965164383,19.788900681902682,normal,21.303977657906508,normal,36.8878125,6.6000000000000005,-11.071648497996163,-18.88770153374294,0.0,0.0,-5.743504524230957,0.0,0.002405573492186017,0.08385481852315393,17883503341513979297.webm,18.671221633871582,unlabeled,0.5566038466235487,5b056ba31b7400af070fa0f9191414f7,normal,14.869085761127211,4.800000000000001,42.084525004126114,-30.324486053638097,-15.455400292510886,2,-59.133289051498856,-47.78131780354877,-32.601787452435445,-25.289150151459477,-21.97751711411644,-20.151412182624682,-17.76961995330277,/b/src/336185346/17883503341513979297.webm,-4.855928421020508,18.47683427676808,-36.93068740941922,-18.503543942981498,18.427143466437723,-32.44841769020859,-26.159906078927015,0.32276119402985076,0.0,0.00135685210312076,0.02561058344640434,0.00819745088798543,0.2737044935440105,0.30521102528673355,0.49119806370998703,1.1500000000000001,-13.894762511209334,0.0,-22.014818696178786,0.0,2.1162662522751275e-05,0.000650934766130476,ok,False,0.00819745088798543,0.0,0.0,0.0,0.0
211,19595,-7.9061953772378,13.76219805889944,-5.734367704133828,-8.385024889748532,-26.471114757841647,-10.692856706494627,-7.9061953772378,56.8705956422882,73.56639879997812,66.06043313929068,57.871341202931475,37.39429612799657,normal,11.417315038921782,normal,211.648,9.0,-19.07788159624316,-15.180345755952239,0.0,0.0,-1.9286669492721558,0.2,0.0007301934716484281,0.028160200250312892,17882852782200122443.mp4,11.290769001889409,unlabeled,0.525743212908033,aec57d3e07906e574dfcd64c0b0d4143,normal,5.499370101983077,0.1,73.81667739775031,-10.571418529947575,-5.072048427964498,2,-19.88585856657866,-17.26836755984213,-14.754390007360826,-12.227214745105512,-10.435632671431694,-9.052465981611721,-7.433817545306765,/b/src/336185346/17882852782200122443.mp4,1.2432523965835571,7.90857002363717,-26.431495172342842,-11.067465360573863,15.36402981176898,-11.106478013320077,-10.174062642338225,40.72616375236295,2.697542533081285,10.486915170132326,24.46008093100189,0.008162848726401826,0.04852527482887762,0.1405184239529086,0.5474973076289013,0.1,-8.065767089877479,0.0,-23.595410102650305,0.0,9.890565705688032e-06,0.05022046298367835,ok,False,0.008162848726401826,22.920604914933836,0.0,0.0,4.8676748582230625
9,5057,5.84556703904485,8.508303793550485,2.6498074166828562,-14.684335334659897,-13.003237900881548,0.08926028810300046,2.6498074166828562,80.16717695989266,79.3741545601458,72.24889741625864,75.49877706029166,40.45310696807885,normal,9.872952664339246,normal,9.2183125,4.8500000000000005,-14.595075046556897,-10.207565487741668,0.0,0.41250000000000003,-0.4111807346343994,0.0,0.00836147757763294,0.0506883604505632,17881920537863481690.mp4,2.7956724131398794,unlabeled,0.5335403926236213,25825d8b0e73ce85885117d64b6b629a,normal,4.3712671857584215,0.1,83.35570453301015,-10.18613238467076,-5.814865198912338,2,-18.890741762315542,-16.36799457086634,-13.331428257277953,-11.579392181136114,-10.35305308271824,-9.790498444754952,-9.250472252250805,/b/src/336185346/17881920537863481690.mp4,-0.059006161987781525,4.25996781615315,-10.501756534794689,-8.52672861780323,1.9750279169914595,-10.553202930541065,-9.931958826327028,39.63451086956521,3.492866847826087,13.298233695652172,25.84069293478261,0.008100605910057233,0.3422429428384272,0.3422429428384272,0.3083781063578364,0.9500000000000001,-12.683323432645224,0.0,-11.093084523928827,0.246875,0.008100605910057233,0.011266941215329146,ok,False,0.003002194952163285,32.065217391304344,0.0,0.0,0.0
14,1780,7.344148019992403,6.020286466106928,7.083075706171704,-11.46069478249762,-19.562421226371335,-0.985363381696299,6.020286466106928,7.126925437534355,5.573497034678187,5.158266571320043,5.56767914343591,5.27922571563731,normal,15.52292753615452,normal,14.3035,11.350000000000001,-12.44605816419392,-12.2286839614642,0.0,0.056249999999999994,-0.5524714589118958,0.0,0.008495745678378882,0.07697121401752191,17883363195093793356.mp4,7.3337372649071355,unlabeled,0.3596191642005304,89dcacd00ee8cd556eb7cfa1f00f3278,normal,6.194824722439508,11.4,5.200867564962705,-17.080770346914026,-10.885945624474518,0,-21.398434426700078,-20.055810779360318,-18.67559260299771,-16.838373340647536,-14.439457021473288,-12.897816038572248,-11.807323761231961,/b/src/336185346/17883363195093793356.mp4,-0.5524714589118958,7.620370709190944,-18.49962502017698,-11.240793555151335,7.258831465025644,-17.165691322588852,-16.075398995066415,10.222027972027972,0.07080419580419581,0.6315559440559441,3.0605332167832167,0.007968278653145946,0.24110144461246769,0.24110144461246769,0.3094939006353452,0.35000000000000003,-16.958502787357823,0.0,-20.58380868394039,0.0,4.659285029469375e-05,0.005414522677947167,ok,False,0.007968278653145946,2.097902097902098,0.0,0.0,0.0
73,5582,19.611245854656822,39.714376615267945,23.430839914857067,-5.329801778628905,-49.40745737271059,-7.167291355092601,19.611245854656822,70.34623209407266,41.39749385244823,48.70450458235531,48.8690065453337,22.00148047975759,normal,15.451622930205595,normal,140.364625,1.4000000000000001,-12.497093133721506,-19.897840025619058,0.0,0.0,-10.00158405303955,0.0,0.0006854846402698752,0.06633291614518147,17882990551990848425.webm,29.50961734709153,unlabeled,0.5390045081213082,f5f47fa93dd852253fa9bc2afee1027d,normal,9.263073700260964,0.30000000000000004,40.84343371008529,-25.91800220872657,-16.654928508465606,1,-45.73613367124318,-36.12482955849564,-27.17197462744924,-23.255077693064628,-20.500071442166767,-19.36679857819939,-17.74596813099253,/b/src/336185346/17882990551990848425.webm,-8.937755584716797,10.619948926862754,-50.17424720613462,-19.328822765523924,30.8454244406107,-26.794823589736495,-24.38937851492239,0.508572319201995,0.0,0.0,2.2265764161026006e-05,0.007924264623718957,0.43751963838079694,0.43751963838079694,0.5683006939487872,1.4000000000000001,-12.497093133721506,0.0,-19.897840025619058,0.0,6.804957505993707e-05,0.0006854846402698752,ok,False,0.007924264623718957,0.0,0.0,0.0,0.0
73,10229,16.547757071612672,17.92243681899829,11.893777781339288,-3.2048533352848527,-43.276578851097355,-10.31216147710482,11.893777781339288,73.66772704116396,62.28277768926084,73.66772704116396,73.66772704116396,35.964850394570945,normal,19.048458116816846,normal,73.2821875,30.6,-13.517014812389672,-19.13196607943847,0.0,0.0,-6.0388641357421875,0.0,0.00013708109035463935,0.06445556946182729,17881473452652718877.mp4,24.144612771658885,unlabeled,0.5787869409772967,7a93583bd3ced3cec26575c25a9150f4,normal,14.952903131642254,42.400000000000006,74.32107927975274,-29.661625057407605,-14.708721925765351,2,-90.0,-69.14871446555505,-31.701915629736035,-24.410678123946134,-19.123397759283847,-16.88456081853749,-14.973235412848135,/b/src/336185346/17881473452652718877.mp4,-5.170013904571533,18.366762210979793,-44.6502402506878,-18.433266739365067,26.216973511322735,-31.67597718352362,-24.21847202138838,1.1335324232081911,0.0,0.0007679180887372013,0.22013651877133106,0.007676125249934176,0.15121294721550768,0.5250476779809137,0.5020390704900493,0.0,-90.0,0.0,-90.0,0.0,7.419293235158119e-16,0.9999999999997906,ok,False,0.007676125249934176,0.0,0.0,0.0,0.0
28,4971,3.4482584634179085,-7.643410008303413,7.635277087419135,-2.8705083783693786,-18.85313832090266,0.44347206446116516,-7.643410008303413,33.109502094861995,16.213868006088397,24.073335763900964,25.3375502092547,9.025291483883471,normal,16.856557202338738,normal,28.3994375,11.200000000000001,-2.4270363139082134,-11.606770282986616,0.0,0.0,-2.3919754028320312,0.0,9.141672338814125e-05,0.2634543178973717,17883762414982927116.mp4,7.246368037916042,unlabeled,0.4528778593959169,7548e50c0dc08aa7f563859823aedab0,normal,7.410872185259068,0.7000000000000001,22.832407222569337,-19.88920259267865,-12.478330407419582,1,-24.436784853014355,-22.103434379079424,-19.313914858159603,-16.83157960588145,-13.770297126207916,-12.337136433030105,-10.710222225023275,/b/src/336185346/17883762414982927116.mp4,-1.3953604698181152,9.277114758975564,-20.39304725902489,-13.39290851544244,7.0001387435824505,-20.12209406335841,-18.251917672156853,5.02799823633157,0.022707231040564376,0.39858906525573196,1.6909171075837743,0.007630285420422859,0.11612288550214077,0.17159630813038126,0.6836902638535408,1.05,-5.640517168863188,0.0,-21.265573781760455,0.0,3.353007808079803e-05,0.0008906465334792561,ok,False,0.007630285420422859,4.232804232804233,0.0,0.0,0.0
28,9061,5.46337888866265,13.641508753218943,14.666389451263404,-10.40410510896969,-27.607866835202923,-0.31685095711249467,5.46337888866265,48.392324759179075,36.216093666461845,49.756860239525,54.04730260093499,23.319777822366376,normal,22.920047416622005,normal,28.3946875,9.600000000000001,-10.720956066082184,-16.186336981271364,0.0,0.0,-6.030625820159912,0.0,0.0009903461765760776,0.09699624530663328,17881479230062576023.mp4,11.42152985393156,unlabeled,0.5289079215674769,847d505c4a7c6651c80733698e4cc14d,normal,24.19278834534923,27.6,36.66084092712459,-35.14106291568451,-10.94827457033528,2,-67.8966108586184,-59.10407004900587,-36.49108338734634,-26.50925327673667,-20.309303379218118,-16.705183175720386,-13.69505026928908,/b/src/336185346/17881479230062576023.mp4,-1.4529310464859009,26.628516107791672,-27.514464181706202,-15.877103000612598,11.637361181093604,-36.86641876257009,-24.372978463107906,1.1053791887125222,0.00308641975308642,0.053571428571428575,0.31261022927689597,0.007524812453714242,0.24011050607750312,0.44318504693061633,0.6648502825506954,1.0,-14.159525003368236,0.0,-18.758074448286145,0.0,0.00012727380291107304,0.004036637917398689,ok,False,0.007524812453714242,0.3527336860670194,0.0,0.0,0.0
15,1394,18.17997509406424,20.81833655320812,0.08074326897967765,-7.816323964347004,-30.443905920058047,-6.641734921574723,0.08074326897967765,66.99729696681678,55.0802150847193,74.64302643320927,73.92746561615488,29.889424693096657,normal,20.880668259502023,normal,15.8955,4.25,-14.458058885921726,-17.152571846197624,0.0,0.0,-3.3099567890167236,0.0,0.001151727060476588,0.05381727158948686,17882856217603363762.webm,13.291334073860423,unlabeled,0.5211590367529066,d0cf889037e356737f9c74ab9138c4b9,normal,13.836638425586997,0.30000000000000004,71.28451835568904,-27.68624667517393,-13.849608249586932,1,-49.53638560978566,-37.924216775060785,-28.19505957633191,-22.57873488793746,-18.331371384548667,-16.58227059992136,-14.26663529419845,/b/src/336185346/17882856217603363762.webm,-1.827939510345459,15.975889997983801,-31.42821761463435,-16.57508196644849,14.853135648185859,-28.917219493684225,-22.708607769847482,1.8517350157728707,0.004534700315457414,0.0694006309148265,0.5027602523659306,0.007522561069603814,0.204220088630168,0.3623652993295034,0.614846351907086,0.30000000000000004,-15.647502652314376,0.0,-16.575502633112826,0.0,0.00041815688964407286,0.0009304638369509192,ok,False,0.007522561069603814,0.0,0.0,0.0,0.0
208,4264,10.683369664959315,1.5333378212558717,10.41157035508018,-5.039125513509962,-16.9144789796051,0.704107668667751,1.5333378212558717,79.27884885916124,77.36196100265519,77.56181275742173,74.48736117672075,38.70960676771345,normal,14.576240318049832,normal,207.048,159.8,-4.335017844842211,-10.462056936297701,0.0,0.0,-1.2279609441757202,0.0,0.01723078016209611,0.19524405506883605,17881824657500120138.webm,6.452422043307399,unlabeled,0.5608741835372129,e222738a4d1431f7c337a9ef061f8f53,normal,6.142217860800736,0.5,77.29293148355926,-14.644327417669658,-8.502109556868922,1,-19.111850265758246,-16.879229273741387,-14.623928043989451,-12.558608590461883,-11.255555039041417,-10.670858989930723,-9.739411931104845,/b/src/336185346/17881824657500120138.webm,0.4032003581523895,6.799313148733669,-16.43811870845534,-11.683108951623947,4.755009756831395,-14.79968907181845,-14.173039959897443,18.20788043478261,0.17346014492753623,1.9079408212560385,7.619701086956522,0.007474377717447655,0.1187202464688741,0.214756926800779,0.4092485281272386,1.75,-7.554209127985741,0.0,-13.940357570338218,0.028124999999999997,0.0018279772746958103,0.002579477240748102,ok,False,0.007474377717447655,18.357487922705314,0.0,0.0,0.33816425120772947
38,4839,14.517301339874187,3.088702647455084,23.192520658848053,-18.089013277387803,-30.485322546646874,6.097530883173388,3.088702647455084,17.91514830001097,10.995905610217495,16.734121819948818,19.18686251869191,7.238341250872487,normal,21.874150249278063,normal,38.2933125,21.450000000000003,-11.991482394214415,-17.04246883956708,0.0,0.0,-2.9757580757141113,0.0,0.0002859897372906873,0.07759699624530664,17883738659350349591.mp4,13.442853707079795,unlabeled,0.45072543697420064,56d0f827fa325e6d1122cc1a202f7553,normal,12.207052763187896,21.5,16.213200372196308,-25.836347876156868,-13.629295112968972,1,-30.58265750923027,-29.184095097687557,-26.9669828149365,-23.29983302232188,-19.873153930306817,-17.940280008690547,-14.817940473293474,/b/src/336185346/17883738659350349591.mp4,-1.2429993152618408,14.453269767522913,-29.311993431523163,-16.59846845760822,12.713524973914943,-26.07517886331708,-23.117149564539904,0.916748366013072,0.0022875816993464053,0.03611111111111111,0.2181372549019608,0.007412109705801746,0.14397327888744654,0.33350447874519407,0.6386509429056608,1.25,-12.788067119632087,0.0,-26.53126250010386,0.0,1.7752029261661862e-06,0.002126525867071051,ok,False,0.007412109705801746,0.0,0.0,0.0,0.0
39,5668,3.266100981982168,2.233067569662996,5.003594946260499,-9.300567908748537,-14.198206400922391,0.9663473504445346,2.233067569662996,22.51908338787208,10.257657248771736,17.22079804595156,21.039944446220595,6.76205906131554,normal,13.57312023563078,normal,39.9165,1.1,-8.334220558304002,-11.959259301095727,0.0,0.14375,0.9364569783210754,0.0,0.035542526073400756,0.1195244055068836,17883404914270838653.mp4,2.238947099826664,unlabeled,0.4016460097740133,a9889151423c90d0c22ce42212c9fe5a,normal,2.517833974221988,0.1,8.722376857218535,-11.832567164461747,-9.314733190239759,0,-15.678250619649598,-13.803251752984949,-12.784572425299942,-11.944569643684277,-11.263827130489,-10.947710496358114,-10.257968180685719,/b/src/336185346/17883404914270838653.mp4,1.6328645944595337,2.9147907199976384,-13.648389691357764,-10.734976267627198,2.9134134237305656,-11.91390094638087,-11.940255641171246,31.083646616541355,0.6956453634085212,5.1798245614035086,16.11763784461153,0.00739197452965252,0.16385881543553743,0.19075493574698785,0.34242965338611153,1.4000000000000001,-7.971519131539649,0.0,-11.390738891004183,0.10312500000000001,0.00739197452965252,0.032425873892487425,ok,False,0.0014344849795763779,26.691729323308273,0.0,0.0,0.0
68,4075,-1.4687556484497168,2.081168513692919,1.6934432072619412,-13.646614614938272,-11.972256322663373,-0.9963414115210423,-1.4687556484497168,22.627699265073765,12.7949259599268,19.19846124512326,19.89161921665272,8.072964874051891,normal,9.49926598957922,normal,68.752875,14.200000000000001,-14.642956026459315,-10.41940075688799,0.0,0.35625,-0.4006689488887787,0.0,0.0004566684745331669,0.043178973717146435,17883548479992268949.webm,1.552855565775383,unlabeled,0.6020791684919489,427c24b99d50aaa833fc806d11aebd77,normal,3.623951588014773,0.1,9.647707536988232,-9.222913696652089,-5.598962108637316,1,-13.815365584316021,-12.859032573959892,-11.967404917001424,-11.057735065508641,-10.20802677679833,-8.246220626258081,-7.211909954095027,/b/src/336185346/17883548479992268949.webm,0.18508359789848328,5.1606900039753,-9.064645052156996,-8.313184972549271,0.7514600796077247,-9.253083894273793,-9.314182391680736,46.04609090909091,4.140954545454545,15.337227272727272,30.5545,0.007366630411783009,0.06880807622626679,0.4176470538626127,0.40239723098984365,1.05,-14.96979918685862,0.05,-11.650572479870084,0.346875,0.007366630411783009,0.0031577243546634824,ok,False,0.0013971436217299525,50.836363636363636,0.0,0.0,6.6909090909090905
40,4715,4.252638052228267,23.32497345865972,15.030872470932099,-4.749271240375938,-36.786049541184255,-6.348829915595553,4.252638052228267,36.64706335684646,30.36610660648788,32.371355493503245,32.779001503806356,15.320032775942213,normal,16.088911254675512,normal,40.7186875,4.45,-11.098101155971491,-19.03389813112585,0.0,0.0,-6.197680950164795,0.0,0.008408642177173508,0.09011264080100126,17882986903551391286.webm,17.752151410058406,unlabeled,0.505372618951161,04e624b236aaa9d3dca198d11aa31111,normal,6.542359490359875,4.7,32.13342918943607,-18.784398793258216,-12.242039302898341,1,-27.52449581207839,-23.00954954758781,-19.38013584954482,-17.131449568481788,-15.553266904164667,-14.867791100666247,-13.631761557676299,/b/src/336185346/17882986903551391286.webm,-2.072744846343994,6.727207848231368,-38.85648512157621,-19.533161933547042,19.32332318802917,-18.848534236931524,-18.161656101019506,5.629760442260443,0.0019963144963144963,0.12292690417690419,1.33622542997543,0.00730643264639918,0.2706013005209501,0.2706013005209501,0.4359050957853086,0.4,-14.501723458657624,0.0,-21.908200469902145,0.0,2.2451245147174362e-05,0.0019094799287342006,ok,False,0.00730643264639918,0.0,0.0,0.0,0.0
111,3421,8.992015326374258,-2.7297192960104546,7.130640930429749,-9.110522153455792,-21.423245486884085,1.9182109921785155,-2.7297192960104546,72.75904985604183,56.42157088284224,73.57581215036716,73.68847450651099,30.578923161764834,normal,18.93572614654868,normal,111.5835,48.800000000000004,-7.192311161277276,-13.338544625150037,0.0,0.0,-1.7425487041473389,0.3,0.0027155161487690304,0.14142678347934917,17881897216290648887.webm,8.084700861734047,unlabeled,0.5390287360337765,609f63c87460595b89ac098491531d96,normal,9.003779005528058,0.6000000000000001,74.34465656480542,-21.28709261494945,-12.283313609421393,1,-26.60750630245589,-24.170019068599,-21.3363368186786,-17.899923341287554,-15.259143026468445,-14.187234560342205,-12.49868091389132,/b/src/336185346/17881897216290648887.webm,-0.4359592795372009,10.794957289746659,-21.34895388983449,-13.632738952981875,7.716214936852616,-21.58173295794598,-19.371685426085882,3.771683101748095,0.008684446436575526,0.17077543702375617,1.057093231734648,0.007258948934375222,0.2143259622982354,0.2143259622982354,0.6183358617620475,1.4500000000000002,-11.558485759311635,0.0,-18.98337231636006,0.0,0.0001133930460897763,0.003597424645320502,ok,False,0.007258948934375222,0.44822949350067237,0.0,0.0,0.0
27,1497,6.460384981748486,1.8002851456019577,9.575623417186709,-8.223187794716669,-17.204674755327336,4.450255791600579,1.8002851456019577,19.489707108675542,19.994027439077996,16.348258156712994,21.173433269840036,12.298854889269856,normal,12.10128117502659,normal,27.1194375,14.5,-3.7729320031160896,-11.031903034611224,0.0,0.0,-1.015640377998352,0.0,0.020192753220457493,0.1877346683354193,17883362911711823606.webm,6.172771720716112,unlabeled,0.5441546346886074,48e29e39f4cbae73e6fb7233d29137a0,normal,5.44295307855766,2.1,13.417148119937504,-12.031079720254445,-6.5881266416967845,2,-21.391165423294378,-16.19209166139806,-13.211387577490427,-11.416788982781936,-10.209798536192391,-9.524015058059936,-8.785451729565246,/b/src/336185346/17883362911711823606.webm,0.16814082860946655,5.887877035765219,-17.83038494072737,-11.673654410458585,6.156730530268785,-12.148954954438258,-11.933140346417124,29.791051660516604,0.7721402214022139,6.114045202952029,16.80223708487085,0.007196785048038699,0.24219669134499858,0.3103156131665938,0.5176438442772788,0.8,-6.938572296010326,0.0,-18.598152005851674,0.0,0.00015997487277717774,0.08473479675991516,ok,False,0.007196785048038699,31.54981549815498,0.0,0.0,1.6605166051660518
39,11609,8.057252959459959,4.285170210977153,13.545817471785048,-14.36441722824312,-19.2899039921821,4.417359697271603,4.285170210977153,8.745605211440502,8.775671992628087,9.990166834857767,10.814234539396711,5.8155762420952115,normal,16.174378707274528,normal,39.311375,29.85,-9.947057530971517,-12.069950284719827,0.0,0.056249999999999994,-0.6165388822555542,0.0,0.009423601071305573,0.10262828535669588,17881908209530860625.mp4,7.219953707462274,unlabeled,0.45873715065309756,dcf1cc4d6fcba895aeb0ca4961980f50,normal,6.667340647735255,29.900000000000002,8.680754364381592,-17.207935985783646,-10.54059533804839,0,-22.234369098470665,-20.38813641101459,-18.41091223409719,-16.6809856812979,-15.38277427402587,-14.439806906978554,-12.184615517774803,/b/src/336185346/17881908209530860625.mp4,-0.6165388822555542,8.975336937076397,-18.518354353697895,-12.02432907125178,6.494025282446115,-17.545233372202894,-16.790917589530082,8.443463740458016,0.0178912213740458,0.2524650127226463,2.05470737913486,0.007187039718593098,0.16066057266229525,0.21584416601298337,0.5885698983422334,0.4,-9.980923283873857,0.0,-13.127866135919067,0.0,0.002893801581650305,0.02729635608457362,ok,False,0.007187039718593098,1.0178117048346056,0.0,0.0,0.0
7,1062,-8.977873275867934,3.988827546329663,-5.330373841006782,-6.617287679900191,-21.476532946190645,3.4765782251308606,-8.977873275867934,30.167253473198194,26.581574237804226,27.74096672428764,27.771759033364845,27.168039655283195,normal,18.764588871041504,normal,7.848375,5.15,-3.140709454769331,-13.424724627049347,0.0,0.0,-1.4730347394943237,0.2,0.046929914045398174,0.2327909887359199,17883360634863868593.mp4,8.051808319141298,unlabeled,0.30420267466210715,a9254f0de900ac2668b5e6239f67bdd6,normal,11.78900080512766,3.7,7.243125751336027,-25.28975090310157,-13.50075009797391,0,-31.491177648949993,-30.17314825312885,-25.335105965385072,-18.78763173832014,-14.827377967362114,-13.267844289358132,-11.964248639576738,/b/src/336185346/17883360634863868593.mp4,-1.4730347394943237,14.651067224913197,-21.095315399175696,-14.65015009912571,6.445165300049986,-25.174129068442124,-20.237623610535827,3.2431891025641026,0.00641025641025641,0.14262820512820515,0.9306891025641025,0.006874456459801706,0.19820415875020692,0.19820415875020692,0.34688562623226576,2.0,-16.707798685555282,0.0,-30.250860786725738,0.0,2.2828026179718423e-07,0.0036513965099309355,ok,False,0.006874456459801706,1.282051282051282,0.0,0.0,0.0
15,3950,2.443139270737451,6.926020083778905,2.4001971119337,-10.096207201820956,-14.135088748939634,0.30423396074166575,2.4001971119337,16.408920553100288,15.226744206848654,13.690263380220973,16.717064031072,8.293185426783552,normal,12.654604402316622,normal,15.59075,9.850000000000001,-9.79197324107929,-11.793448756900354,0.0,0.7000000000000001,0.5196626782417297,0.0,0.026421345723693278,0.08886107634543179,17882856216440155389.webm,2.34163999203928,unlabeled,0.5836487278551434,9ae8ce80476ceb2793a07d8308314d6d,normal,6.457035122173374,8.4,10.042581474187935,-13.060579821383985,-6.6035446992106115,1,-20.847675168001015,-16.71222100510839,-14.062966884668116,-11.936600462403106,-10.245723560109374,-8.823242433364136,-8.22141208823251,/b/src/336185346/17882856216440155389.webm,1.0590623617172241,5.974173093890688,-13.357488197890467,-10.66484701462526,2.6926411832652075,-13.356744186407317,-11.595542040599398,26.89228295819936,2.348070739549839,7.566117363344052,15.599075562700964,0.006859698474023512,0.10427511869100689,0.5370591559831787,0.404947968114299,2.0,-9.060265462011273,0.05,-11.93931892543505,0.521875,0.006859698474023512,0.03467969370922806,ok,False,0.001448512351020692,26.04501607717042,0.0,0.0,5.787781350482315
71,3527,10.919132175760986,24.614186712820835,30.21988577509982,-10.667319019213856,-45.97784739547208,-0.9564346785712097,10.919132175760986,43.24514919872336,33.727313544315955,37.757175899088935,55.89862329164691,19.305069113116637,normal,20.293844963635372,normal,71.9354375,25.8,-11.623753697785066,-19.52506950376184,0.0,0.0,-5.969439506530762,0.0,0.0044917497394296735,0.0750938673341677,17883030536483974021.mp4,26.45277789171024,unlabeled,0.5709260985468255,9cd120730870de478626ed840193867f,normal,12.887052872009182,58.900000000000006,36.8943648019098,-27.822314773087,-14.93526190107782,1,-52.45859086715141,-45.587953156917635,-30.00016212886439,-23.336182561589666,-19.318225676453398,-17.87039695822401,-16.644414337461583,/b/src/336185346/17883030536483974021.mp4,-3.294128894805908,14.625019701031743,-43.42304812732175,-19.08778246453916,24.33526566278259,-29.19004660889093,-23.58797385844128,1.1638125869262865,0.0,0.008909944367176634,0.18502260083449235,0.006603429346775974,0.11792453516961858,0.19319204116834762,0.5196012887898332,0.35000000000000003,-10.571950661995174,0.0,-24.063138548178653,0.0,7.061296239716508e-06,0.01054643865685205,ok,False,0.006603429346775974,0.0,0.0,0.0,0.0
15,3604,16.150268603702354,2.0852327389952436,20.731129948675342,-6.481771879411545,-25.953281725633925,2.8691857970782104,2.0852327389952436,26.669947088086268,21.305066105295463,25.006002473279906,26.334614257435664,11.856561591253751,normal,15.832867436192664,normal,15.698125,4.65,-3.6125860823333342,-15.900594457884157,0.0,0.0,-7.667296409606934,0.0,0.009514329132885259,0.2021276595744681,17882991087122403545.webm,10.052687267749768,unlabeled,0.5655695346144459,5f8c117727df66dcd8cabeb4cad4fcab,normal,5.4913183847034475,4.6000000000000005,19.256563114508314,-20.165388221542546,-14.674069836839099,1,-34.58684715528285,-25.116636151627397,-19.828234746342954,-17.897505461020412,-16.633330027682966,-15.492013270043365,-14.552086722090907,/b/src/336185346/17882991087122403545.webm,-4.2994065284729,6.502696313558973,-26.968429534821347,-17.75910387002353,9.209325664797817,-20.15858144169099,-20.132273964665565,2.30870607028754,0.0,0.0029952076677316293,0.16493610223642172,0.00658501173263749,0.33563683078218953,0.33563683078218953,0.6009575873544887,0.9,-5.074875772358785,0.0,-20.206560661071492,0.0,6.055753673942973e-05,0.0050279681302946985,ok,False,0.00658501173263749,0.0,0.0,0.0,0.0
128,7013,17.09218859973953,63.229601779426204,42.34485149656879,-2.9452562181742428,-41.522257251485186,-4.615136016829677,17.09218859973953,49.629289516535664,35.60871105448794,44.01441052597272,55.944906310446655,33.74824285414548,normal,14.271609544113318,normal,128.7314375,48.050000000000004,-7.56039223500392,-20.104187571149478,0.0,0.0,-12.488255500793457,0.0,0.00164908513013104,0.0969962453066333,17883494375303884670.webm,21.41806968033571,unlabeled,0.5770741325149554,c3d1e87117e477126733bd2b89857682,normal,8.942451932858592,39.900000000000006,37.1955672122736,-26.61553377904262,-17.67308184618403,1,-43.75574896533204,-34.77066884097535,-27.99204192366323,-23.165941853283503,-20.99848243640874,-20.22204690130746,-18.753140304890415,/b/src/336185346/17883494375303884670.webm,-10.758461952209473,11.810821158183366,-41.79405183111335,-20.260659949386806,21.533391881726544,-27.622014220654638,-25.03007149632279,0.016924048174048172,0.0,0.0,0.0,0.006539171478956267,0.37701832100734606,0.3798867255715872,0.717450197241089,1.6500000000000001,-13.991349456935144,0.0,-22.14987329492491,0.0,1.974977431414646e-05,0.004287824858612126,ok,False,0.006539171478956267,0.0,0.0,0.0,0.0
42,15949,34.251816368853056,-0.5888840415179537,7.826987654678778,-17.561539091818208,-17.595733428355405,10.534114313410782,-0.5888840415179537,10.342520768250646,7.596506552659159,8.35416163448358,8.630211302330334,5.889083634822523,normal,13.495809768679091,normal,42.608625,2.0500000000000003,-7.027424778407425,-11.455271791677003,0.0,0.4875,0.2407999485731125,0.0,0.015993427004959333,0.13016270337922403,17883618548041341684.mp4,6.140461636678403,unlabeled,0.5937798426817075,b47e57f9457f3e186a01a51ff7049fd8,normal,7.256523088261016,40.0,7.202291470626086,-13.186381108550748,-5.929858020289732,1,-20.549033775334284,-19.331860130115217,-18.28149177432818,-17.059664259695886,-14.995567881039591,-13.93201836171347,-10.4743873833218,/b/src/336185346/17883618548041341684.mp4,0.39984583854675293,9.96508092507178,-13.354295108772853,-10.244994382048619,3.109300726724234,-13.198276020118147,-13.095963930132339,27.40456279342723,0.20781983568075119,1.4019953051643192,10.730487089201878,0.00637827619227784,0.1247633329089378,0.1744891980963316,0.3767128447919557,2.0,-7.228190856155171,0.0,-11.633937121885795,0.265625,0.00637827619227784,0.015018758697984897,ok,False,0.005653370507870763,2.3474178403755865,0.0,0.0,0.35211267605633806
6,806,15.45745362623756,8.764219851225215,3.4552308358327384,-9.648699459005634,-31.466227936371695,-10.737014060423597,3.4552308358327384,58.058461982168865,42.73995575707885,53.27315283062036,59.356414888572004,23.514288924277388,normal,8.326325865831503,normal,6.6176875,2.4000000000000004,-20.38571351942923,-17.46553589304368,0.0,0.0,-6.635560035705566,0.0,0.002689977388246655,0.018773466833541926,17883365206332090010.mp4,14.000692043328016,unlabeled,0.5624305137295836,deeb720c9e96379d056e510751b516cf,normal,5.456551769301942,0.1,44.582561309412284,-14.880040316728088,-9.423488547426146,1,-35.758726591248795,-31.153994755161072,-21.26790760447088,-17.47478977640518,-15.322578033449165,-14.572484069848874,-13.58510757838443,/b/src/336185346/17883365206332090010.mp4,-5.875060081481934,8.282487644485027,-31.050954505618158,-12.652022583235729,18.39893192238243,-15.925403992673926,-14.201385947313437,24.919507575757578,0.0,0.006155303030303031,9.37784090909091,0.006360112548791766,0.01855148210597264,0.5624305137295836,0.7335774631623505,2.0,-26.686248336849616,0.0,-18.164117070816623,0.0,0.00017429462992013599,0.0002687192572171037,ok,False,0.006360112548791766,0.0,0.0,0.0,0.0
17,3412,8.402756540770923,22.29380145330447,22.82980902135833,-12.279374701484453,-48.63109485495733,0.1109896345261383,8.402756540770923,63.15976364525677,43.86531330996247,47.64424506424547,77.78886195153385,27.576592195979956,normal,24.222057230686428,normal,17.207375,10.65,-12.168385066958315,-19.808234037147695,0.0,0.0,-5.387749671936035,0.0,0.0006118852439554335,0.07697121401752191,17882616869150172882.mp4,28.822860817809637,unlabeled,0.5310689018613713,b101a840ecde6acb855a6090a4562e50,normal,19.543095806190436,0.5,53.14636696000361,-31.179184418789497,-11.636088612599062,2,-66.7089701365988,-61.11811626185003,-34.951289109427975,-24.06548690647571,-19.99021578094542,-18.680754210693614,-16.198119823194485,/b/src/336185346/17882616869150172882.mp4,-0.529089629650116,23.62312758627351,-47.953024786603294,-19.260344164303685,28.69268062229961,-34.92635915243264,-24.751146860336544,0.6991279069767442,0.008175872093023256,0.04087936046511628,0.19694767441860464,0.006344266839266963,0.15845314715772454,0.224148403163576,0.4726938449872245,1.1500000000000001,-5.4916186641480405,0.0,-18.422049408013855,0.0,0.0001648429589385955,0.019907184155252847,ok,False,0.006344266839266963,0.29069767441860467,0.0,0.0,0.0
168,15967,-8.200275498016389,7.774788119086114,-6.139398549286099,-12.855117480284441,-14.36617758458555,-3.2455984249101135,-8.200275498016389,77.36976042023484,69.78509150329216,75.27917934159798,75.77047735907296,38.10199364965292,normal,12.56215375470042,normal,168.87875,55.550000000000004,-16.100715905194555,-9.554091195749827,0.0,1.3,0.1323377639055252,0.0,0.004969976488668057,0.04693366708385482,17882072935740453586.mp4,4.8120863888357235,unlabeled,0.5695789993639234,db830b9ee4794462d03bf9081993bdd6,normal,5.595535982297353,0.5,74.99959075747617,-12.340330275409354,-6.744794293112001,2,-19.592836333734528,-17.06569827153777,-14.730790439011221,-12.394884761400796,-10.429727922444293,-9.445810766708862,-8.246832677155112,/b/src/336185346/17882072935740453586.mp4,0.6441546082496643,8.122508859535287,-12.114940189018675,-8.829404980715825,3.28553520830285,-12.553720959147803,-11.917999146450756,28.90477864968907,1.265823956174119,5.680707728753331,15.375296120817294,0.00618623772268695,0.2713364943828362,0.32728516196513785,0.5078717480941272,1.6500000000000001,-11.427634047232818,0.0,-12.982250635317644,0.32187499999999997,0.003091469662796822,0.02287452457373177,ok,False,0.00618623772268695,21.024578027835357,0.0,0.0,2.9908202546639027
100,20111,2.993274108304224,11.876234567734521,6.770808376871157,-16.73801055947058,-26.606937066233087,1.8014376635438296,2.993274108304224,12.424128415078629,11.084631184871554,12.676648315615505,12.291059409529227,6.037912836278171,normal,15.578273180333031,normal,100.6005,98.4,-14.936572895926751,-16.3533846081119,0.0,0.0,-6.750479698181152,0.0,0.00044235906329224354,0.05506883604505632,17881887456220927927.webm,10.253552458121188,unlabeled,0.481518560953855,54e8d9e9b4b2095fd1c10e0829e4e4d3,normal,3.7679340993742283,90.60000000000001,9.761786625647197,-15.865504707901017,-12.09757060852679,0,-27.353382889496256,-23.173475540216455,-16.05550698697285,-14.784518777659596,-13.991940969989457,-13.547487749233486,-12.925453133825497,/b/src/336185346/17881887456220927927.webm,-0.8211519718170166,3.8550823021773333,-25.700976280582353,-15.682573381616532,10.018402898965821,-15.961725062041438,-16.399425152150048,10.645129224652088,0.011679920477137177,0.45175820079522866,3.343066600397614,0.006018232499309771,0.3451354343911653,0.4063656631240315,0.8806573305817512,0.0,-13.142582747952872,0.0,-17.302743166362838,0.0,0.00028286188245150355,0.002356395537924971,ok,False,0.006018232499309771,0.0,0.0,0.0,0.0
115,8597,8.569638264967086,19.615290976856787,17.267839401258502,-28.579734812759586,-35.3827304737474,12.457137316706781,8.569638264967086,20.81911967407,17.29394042266222,20.37068489620241,20.813490181739997,11.603284552060234,normal,11.572541679638316,normal,115.66,108.80000000000001,-16.122597496052805,-18.843445035918798,0.0,0.0,-3.6426987648010254,0.0,6.603964369859041e-06,0.04130162703379224,17883503340201876185.mp4,16.539285437828603,unlabeled,0.5583226354952753,e0500262d26f3e28a426468f19b5bbef,normal,0.3464566280677328,97.5,3.7704370148188797,-11.019310763797197,-10.672854135729464,0,-34.54992550816758,-32.554663057093926,-30.76683783940948,-29.168405870695587,-27.05040497597968,-23.839824409501112,-17.263789986905504,/b/src/336185346/17883503340201876185.mp4,-0.030092215165495872,16.287007808299187,-15.820349106576485,-16.027846081230447,-0.20749697465396189,-11.022082210918649,-11.602633894803812,68.08598140942499,0.007728058798097709,0.054096411586683955,1.1783398184176395,0.005762242139491039,0.10640521429755352,0.13766726570717916,0.45930081855381555,0.45,-23.89722576940775,0.0,-28.060418994225397,0.0,7.557677549592317e-07,1.4818262226037244e-06,ok,False,0.005762242139491039,0.0,0.0,0.0,0.0
10,3496,4.347266724687632,14.458632319349688,9.857061998358528,-14.865955462356048,-29.148725292267425,-1.2300601678657799,4.347266724687632,75.6110462459874,52.268487313913226,79.75493313803102,79.75493313803102,26.697205471238505,normal,16.31298689575344,normal,10.1006875,1.1500000000000001,-16.096015630221828,-17.07107163067369,0.0,0.075,-0.2554003894329071,0.3,0.0005833297702417781,0.03504380475594493,17883654585152315193.mp4,12.077653661593736,unlabeled,0.5888009100573103,e9af82b76a3af6cd3014af912e41b9be,normal,10.031028301146991,0.5,79.79218990759124,-20.064082438620726,-10.033054137473735,1,-42.110828995321164,-30.95965131729345,-23.195174635047763,-17.10932594705042,-14.246710301036606,-12.396670470608553,-11.760993893221846,/b/src/336185346/17883654585152315193.mp4,-0.2554003894329071,13.110578783350379,-25.158342662260054,-14.960310598324371,10.198032063935683,-20.323019511002514,-16.568387285186347,9.577970297029703,0.09591584158415842,1.16615099009901,4.405631188118812,0.005504129174167695,0.1116520933174966,0.13612157241708822,0.597861344572724,0.45,-7.673476729489991,0.0,-12.0587684560656,0.040625,0.00496767774876919,0.0004340571275466133,ok,False,0.005504129174167695,2.4752475247524752,0.0,0.0,0.0
94,6851,42.37859053426375,27.130494057012395,33.27211830467873,-25.66281965227502,-38.53553013722872,20.245564494119492,27.130494057012395,36.38160099545196,40.03573335305555,39.84126166862403,40.6223461415612,24.315769786642434,normal,21.834411625018088,normal,94.8230625,1.1,-5.417255158155529,-20.27126693240858,0.0,0.0,-6.134129047393799,0.0,0.021149820970046113,0.16145181476846057,17882984412463159365.webm,18.26426320482014,unlabeled,0.6127656094891365,8814261780aed327807ec51937dd78fd,normal,16.663327876008225,39.900000000000006,20.55506314276212,-29.659482901309985,-12.99615502530176,2,-43.93687684836749,-38.584548203878406,-31.097202786681642,-25.728581729294028,-20.679058565552396,-18.936434024427747,-16.105980151113805,/b/src/336185346/17882984412463159365.webm,-3.586449384689331,19.7968966354967,-33.39871507855341,-22.631705453849534,10.767009624703874,-30.753632663489654,-25.42086100970742,0.591376582278481,0.0,0.012856012658227849,0.12569224683544306,0.005496481702622587,0.4658230276958694,0.4658230276958694,0.830196915684999,1.55,-8.648568001421737,0.0,-20.096689072159496,0.0,6.309708375026551e-05,0.008287564455503313,ok,False,0.005496481702622587,0.05274261603375527,0.0,0.0,0.0
53,8199,-0.5697284642616545,34.826457812347606,1.5329727033299587,-6.942024244267183,-36.278669512890254,-1.4781642053844068,-0.5697284642616545,45.0589809985678,37.935794537411255,36.225304449020854,49.04951499278261,22.034082806316803,normal,20.456003751646833,normal,53.7513125,29.150000000000002,-8.42018844965159,-19.843373931672595,0.0,0.0,-10.907089233398438,0.0,0.002002504413698787,0.1151439299123905,17882997637261376198.webm,16.43529558121766,unlabeled,0.6658226510613703,c8c4524fce5f286941d4f52282162911,normal,8.803292380717675,19.1,29.32789117554119,-27.143239856353404,-18.33994747563573,1,-55.29101263554357,-43.9014832162447,-30.551502514797303,-23.309653000634363,-20.524622904758832,-19.371899039970682,-17.47063931352018,/b/src/336185346/17882997637261376198.webm,-4.360329627990723,14.430948488857897,-35.926761904612576,-19.918547291851457,16.00821461276112,-28.855997945284926,-24.816333379637555,0.31372093023255815,0.0,0.0019767441860465114,0.04046511627906976,0.005478108355588327,0.4363760872834917,0.49752382400731177,0.5754337138742233,0.55,-4.7977060839819075,0.0,-33.72908846407476,0.0,3.552597822884909e-08,0.0007752349736584543,ok,False,0.005478108355588327,0.0,0.0,0.0,0.0
181,8750,16.17574446026606,3.7271871046707856,5.130997035705736,-6.805160904529492,-40.67026837631626,1.488340716264152,3.7271871046707856,68.31622541943631,41.945495957532685,54.99502549129174,71.26409690308795,22.36134638165133,normal,18.57635783686777,normal,181.138875,41.95,-5.31682018826534,-19.758610811897768,0.0,0.0,-7.664118766784668,0.0,0.0035376659279790826,0.16833541927409262,17883494374140561343.mp4,20.91165756441849,unlabeled,0.562990463726476,5e5721c7d0d96f422709808f3a61e550,normal,10.528077557097376,17.2,48.35318403791976,-26.983234011217256,-16.45515645411988,1,-41.99954192102431,-35.20486020112677,-27.99012887310492,-23.653921449597235,-20.84821933742165,-19.390277945701698,-17.15566684343588,/b/src/336185346/17883494374140561343.mp4,-6.493696212768555,12.932523653133433,-41.283914881821346,-20.74260814893802,20.541306732883324,-28.075708315962302,-25.070054049636326,0.4000207067918277,0.0,0.0,0.052112092766427386,0.005455758705506328,0.10680412041718342,0.28183468517521215,0.4842372241498809,0.5,-8.664100630722643,0.0,-22.285240209888943,0.0,1.9054918289442643e-05,0.011952479878488534,ok,False,0.005455758705506328,0.0,0.0,0.0,0.0
24,9997,5.101792134793353,14.441681243625151,15.169717147471234,-10.002891062353996,-30.236238484020767,-3.378987447006052,5.101792134793353,30.89173201119725,24.052746983241253,24.76458104162963,27.66741359289137,13.823767261253433,normal,27.49730214574249,normal,24.2773125,15.65,-13.381878509360048,-17.678384660924166,0.0,0.01875,-0.7212191224098206,0.1,0.0030726516834660004,0.0688360450563204,17883503341152539975.mp4,12.5578538230966,unlabeled,0.5033823123981114,aaaa7b36a35fc25f02801aa1bf819cd1,normal,25.254385200274328,21.8,21.752803168793992,-39.373765737616,-14.11938053734167,2,-53.69408671979418,-50.629423014936656,-40.638052410064034,-31.38577674680502,-24.935233386938705,-22.188202171337906,-15.629813420346437,/b/src/336185346/17883503341152539975.mp4,-0.7189461588859558,27.97286634884228,-30.151864693807852,-17.070184509227854,13.081680184579998,-39.88844689255106,-28.216248304628447,0.3646907216494846,0.005927835051546392,0.038402061855670105,0.14213917525773195,0.005389953136309683,0.18713704603146072,0.2001841910717861,0.5664877764354086,2.0,-16.61334416217229,0.0,-42.26268616849603,0.0,3.073315147492539e-10,0.0009646380324296512,ok,False,0.005389953136309683,0.0,0.0,0.0,0.0
23,3421,3.880154966490857,7.909259394846622,0.4235855754541724,-7.9180828347806225,-12.78538384157208,-2.737878248528827,0.4235855754541724,41.085864064879615,42.57107370234543,40.676734563236096,42.14173033710364,38.77613487350309,normal,12.870589886119086,normal,23.661125,22.200000000000003,-10.65596108330945,-11.65826069282513,0.0,0.06874999999999999,-0.5593960881233215,0.0,0.01794008986357986,0.08823529411764705,17882910606891101170.mp4,1.1271231487469517,unlabeled,0.37546572880164103,97c38147466983a9ed288cf940ff506b,normal,2.563366648432016,0.1,8.261633021779788,-12.186517210840044,-9.623150562408028,0,-14.452107478624509,-13.498071451567798,-12.538398223283053,-11.679771554922523,-10.807332074444192,-10.313019733911963,-9.551166267276612,/b/src/336185346/17882910606891101170.mp4,0.6594240665435791,3.2880970267650103,-12.26834995804711,-11.15698913691496,1.1113608211321502,-12.425978504882094,-12.211165819575507,29.54307610993657,0.5918340380549683,4.491939746300211,14.529466173361522,0.005254638939109328,0.3237329970528412,0.3237329970528412,0.3188577281886026,1.35,-5.239489425583319,0.0,-12.182102142500081,0.0125,0.005254638939109328,0.08471116579028598,ok,False,0.001255314319298328,34.24947145877378,0.0,0.0,0.0
39,4211,-1.1776929070947062,10.624363082746967,-7.544083333494619,-5.9195201957835195,-12.188791348222765,-12.593434153435247,-7.544083333494619,11.234253370420038,10.909857774181415,10.243876213200986,10.754227352518487,7.04767662321558,normal,10.807512580811785,normal,39.4275,16.1,-18.512954349218766,-8.597277215161771,0.0,2.64375,0.331459105014801,0.0,0.00412224658534577,0.022528160200250315,17883610291612389703.mp4,3.5915141330609934,unlabeled,0.5194157734112608,c4e8d6335efdde644bed1300d307339b,normal,5.14949826249034,15.9,7.30870086625403,-10.382393012891981,-5.232894750401641,1,-15.302771969018226,-13.564457431099678,-12.118761567007635,-11.061601588034359,-9.961891808439788,-9.16479996254412,-8.240084242985613,/b/src/336185346/17883610291612389703.mp4,0.7842884063720703,4.452197979999501,-12.332360704090172,-6.360847910209034,5.971512793881138,-10.636750927358461,-10.023224174439715,39.32986992385787,3.38880076142132,12.420685279187817,25.14427347715736,0.00510756507703536,0.3784246613444138,0.3784246613444138,0.5487467398535775,2.0,-4.436242549903774,0.0,-12.062237385056989,0.015625,0.00510756507703536,0.007135923886136054,ok,False,0.005073539635797305,46.954314720812185,0.0,0.0,4.060913705583756
11,1663,40.00863338526332,16.78490177894392,43.08070764191342,-12.75447997620886,-37.89189667286711,11.305667298291105,16.78490177894392,51.918899059488815,43.89548630611287,51.15405241439366,51.22956252169121,24.250560049159247,normal,28.337941867204513,normal,11.739125,8.6,-1.4488126779177546,-21.478123431903377,0.15000000000000002,1.6125,2.6540184020996094,0.3,0.12514102011268755,0.2772215269086358,17882993665621506103.webm,16.413773240963735,unlabeled,0.5576745827603313,b9cb86c18667a6dcd6ba7c2073442bdc,suspicious,30.17282844610791,0.1,36.25781796839365,-36.405818144982845,-6.232989698874936,4,-41.01026313480322,-40.008773154688065,-38.33986006079002,-36.68638409951477,-34.6879720044016,-31.947949284498108,-13.916933003119507,/b/src/336185346/17882993665621506103.webm,2.6540184020996094,36.314138811465114,-36.18050507356374,-23.261200114887565,12.919304958676172,-36.57715054109235,-25.683923465104904,0.6260683760683761,0.1688034188034188,0.31463675213675213,0.4743589743589744,0.005103756002560056,0.09986351424098683,0.24479646510899838,0.7396462262124202,1.85,-7.148376514875885,0.0,-37.26754020180075,0.0,5.569126642984661e-09,0.08912804095546277,ok,False,0.005103756002560056,1.282051282051282,0.4273504273504274,0.8547008547008548,0.8547008547008548
38,3924,1.4797190490438286,2.1119534822820114,-3.778706361174903,-7.804769213816433,-15.197404585244595,1.8451573582322887,-3.778706361174903,55.654705966798986,34.617568139395914,48.38598873888927,56.596366591120535,21.359528511441,normal,12.172287896273795,normal,38.4508125,5.300000000000001,-5.959611855584145,-10.145416823947844,0.0,1.14375,1.0980321168899536,0.0,0.09936880210716027,0.1595744680851064,17881471349043346110.webm,5.0519877612967505,unlabeled,0.5578467635801311,1c2fad3afc0da8073ff16f80d056d42c,normal,5.893015878323613,0.1,28.00922385412106,-10.496785471660527,-4.603769593336914,2,-17.348743304610093,-12.76099510779526,-10.678091216564528,-9.560104969826419,-8.04026612230057,-7.278802405706267,-6.268141846880782,/b/src/336185346/17881471349043346110.webm,2.280536651611328,6.314103032774069,-15.211947697372954,-9.93875728343917,5.273190413933785,-10.562826845217794,-9.891751244662467,38.79600130039012,4.003007152145644,12.498374512353706,24.95692457737321,0.004921522055064025,0.08985072496489052,0.24143935616505846,0.33183065142406204,2.0,-7.160789719407253,0.0,-16.39936655024245,0.0,0.0004973295872904781,0.023686482890366213,ok,False,0.004921522055064025,68.79063719115734,0.0,0.6501950585175552,17.815344603381014
16,6648,18.963233711989176,9.520568866175491,11.490479087179482,-7.39311057273432,-30.83441374745503,1.024901186251424,9.520568866175491,32.957878074336975,32.37309600102221,30.82693047005997,33.27418703047968,25.262461963961314,normal,17.34938240191911,normal,16.835875,4.55,-6.368209386482896,-17.922437180646345,0.0,0.0,-4.6684794425964355,0.0,0.03207354015448376,0.14330413016270338,17883547928902064187.webm,12.911976566808686,unlabeled,0.5043420151521177,dc02422810e675c0b45235f9fda5380a,normal,5.140825390168876,4.1000000000000005,20.51619195655415,-19.60055130708502,-14.459725916916144,1,-31.743410769076476,-23.129774300605416,-19.518607396949655,-17.049694942650564,-15.599618547880084,-15.145861012364975,-14.593130921785647,/b/src/336185346/17883547928902064187.webm,-2.12444806098938,5.913623542878321,-30.290019755952446,-18.63916605886889,11.650853697083555,-19.87146859714087,-19.47383046290849,3.3524925595238093,0.00018601190476190475,0.03850446428571429,0.6434151785714286,0.0048513001789227,0.1134295329746675,0.1807232803494522,0.44105573152161714,0.2,-5.203683292193699,0.0,-19.33503898306632,0.0,0.00010700694438118633,0.0721648590172137,ok,False,0.0048513001789227,0.0,0.0,0.0,0.0
21,1635,8.226127056045712,19.113762793368192,13.601672249423737,-11.862359310277661,-36.718233944431816,-0.6850697742423826,8.226127056045712,39.9084312705686,32.84762356470728,42.649496457535946,30.226991688902146,26.343196691053507,normal,17.146298549209153,normal,21.9733125,9.0,-12.547429084520044,-20.23691097836399,0.0,0.0,-11.523131370544434,0.0,0.002411039083177368,0.05944931163954944,17881842513112074762.mp4,16.481322966067825,unlabeled,0.5477299524989048,273f18f836f90b0c4358009b323b00c0,normal,17.19355261542135,20.8,18.28459560916471,-34.807159843806964,-17.613607228385614,2,-39.91421564006875,-38.5997121502773,-36.18407862561281,-25.369986217246115,-22.36950742207442,-20.500012492604682,-18.74207698269867,/b/src/336185346/17881842513112074762.mp4,-9.534428596496582,18.698627184592244,-36.43296312002981,-19.665879031287115,16.767084088742696,-35.98556870931211,-26.680727145705735,0.06321184510250569,0.0,0.0,0.0,0.00474185345282122,0.40382237686523476,0.40382237686523476,0.5431211047121538,0.15000000000000002,-8.65043714035209,0.0,-24.1354685932784,0.0,6.856259693265188e-06,0.008926828467823725,ok,False,0.00474185345282122,0.0,0.0,0.0,0.0
66,7110,2.9897284745188415,10.060784150696293,7.507670887351868,-1.8921994767998922,-10.745278767799057,-10.489854097542004,2.9897284745188415,74.62141713852537,41.0880243744745,58.525778285624455,67.33667647648959,23.533645642196404,normal,10.750331751350451,normal,66.6804375,49.5,-12.382053574341896,-6.922838625067347,0.0,10.9875,1.3578368425369263,0.0,0.029759457725803715,0.04755944931163955,17883548477450301670.webm,3.8224401427317103,unlabeled,0.5365412592733303,824d5bff1f78a0b79a5b2a94540a3278,normal,6.151610837430033,0.1,45.39770488305212,-9.204180770819011,-3.052569933388978,2,-16.40429772505625,-12.522928455817057,-9.821768936456177,-7.801211276846414,-7.003640800372816,-6.663441691489916,-6.356147400195586,/b/src/336185346/17883548477450301670.webm,2.9908037185668945,4.629153756338769,-11.637141853591302,-4.3155966472075455,7.321545206383757,-9.156684193150662,-7.759528032783556,49.432905101275324,10.94537696924231,24.841944861215303,37.40336646661665,0.004706010288598058,0.0905386108446579,0.3958163880754594,0.565720209933251,1.2000000000000002,-11.759726270670262,0.0,-14.734663890060952,0.0,0.001210351206059977,0.03007412950316772,ok,False,0.004706010288598058,70.81770442610653,0.0,0.22505626406601648,46.88672168042011
33,2621,0.46488532565299323,8.160077948397182,2.4357093812572295,-6.644251383346352,-22.969460698581294,-10.082639243783436,0.46488532565299323,25.461516070767146,23.689410423582814,23.063973525389166,21.844286225881945,22.14721410488289,normal,10.823903179507665,normal,33.6006875,10.15,-16.726890627129787,-15.194914304493798,0.0,0.0,-4.352088928222656,0.0,0.003066213324452852,0.030037546933667086,17882910607593763509.mp4,7.774546394087496,unlabeled,0.5513511369506312,8c127ecfba15c08e4b100681828a87dd,normal,5.342904112668371,9.700000000000001,9.727965943130915,-14.592649914712759,-9.249745802044387,0,-39.8820372360733,-26.014902764882674,-19.484156722705336,-17.89038594294319,-15.21757671112467,-14.33008422956071,-12.575490912993814,/b/src/336185346/17882910607593763509.mp4,-4.018198490142822,7.422141817701526,-23.36048555113478,-10.373280726308485,12.987204824826295,-14.666232407993672,-14.842101669650487,18.596447172619047,0.0,0.19252232142857145,7.204706101190476,0.0046696096857020055,0.4965109699772105,0.4965109699772105,0.685951503592284,1.85,-5.530428379577858,0.0,-41.59401209865641,0.0,4.76057500934938e-10,0.012310555656683427,ok,False,0.0046696096857020055,0.0,0.0,0.0,0.0
1,21642,-2.264711014214499,-17.392813874779982,-5.416485936514359,-9.538294043615625,-17.612219756252948,4.046994682003964,-17.392813874779982,75.90373166918319,63.25984041844836,75.87137533119801,78.11585443401273,37.67243613349311,normal,11.70594894258721,normal,246.3405,107.9,-5.491299361611661,-13.127031835344365,0.0,0.0375,-0.3586200475692749,0.0,0.08675845436732742,0.16645807259073842,17882046897390441550.mp4,4.485187920908583,unlabeled,0.4817260946799261,1af0d42ce247542a8c5c53cc5d74ae9b,normal,2.2703414705844196,0.7000000000000001,79.67886621248745,-10.303726420064782,-8.033384949480363,1,-14.057882878530346,-12.275602128804016,-11.284222820270095,-10.58669832342904,-10.071925971647353,-9.765509830246419,-9.20384249194165,/b/src/336185346/17882046897390441550.mp4,1.1813476085662842,2.93138178895833,-16.854735849071766,-12.633502440255706,4.22123340881606,-10.471261225575406,-10.524601334020925,39.237718229801054,1.851679861956963,9.807323386114494,23.48719803085668,0.004518652764853145,0.04632064963349986,0.34095051473835547,0.47486250638770355,1.5,-7.385582217161177,0.0,-12.44278125552371,0.046875,0.004518652764853145,0.08257998449757162,ok,False,0.002074439171105982,69.63053187170118,0.0,0.0,0.5481120584652862
14,1514,39.0829489521552,19.798933779631916,27.46716095211914,-5.205113688632919,-43.36736210867031,2.5115033362881354,19.798933779631916,30.374146487180404,23.92972272235971,26.32861969320325,30.0551392954411,14.919818867644263,normal,20.507914186784824,normal,14.024875,12.25,-2.693610352344783,-20.372123117076068,0.0,0.0,-5.642660140991211,0.0,0.08068461974387106,0.23967459324155194,17881481521233653944.mp4,22.99523899159424,unlabeled,0.5098584661446264,c4507d6f36dc527c7b7094c65699672e,normal,17.427933180854374,12.200000000000001,27.42973063345576,-33.27471711155495,-15.846783930700576,2,-47.036043912377465,-43.10506373510682,-34.30996452136129,-25.39012316982886,-21.477863371031617,-20.10337174822258,-16.97894959819297,/b/src/336185346/17881481521233653944.mp4,-5.642660140991211,20.064895073817365,-43.256952383933935,-21.850450030292237,21.4065023536417,-35.24877147756003,-26.150574327776035,0.3595982142857143,0.0,0.00022321428571428573,0.019642857142857142,0.0045098918939488085,0.07312828811185108,0.14088113658945745,0.5919895180985262,1.4500000000000002,-13.043360846108875,0.0,-23.00506507781988,0.0,1.2565368852732658e-05,0.013871939912139118,ok,False,0.0045098918939488085,0.0,0.0,0.0,0.0
5,30067,-4.985147947167739,7.300464724096194,-1.6431351919572563,-25.270548782860143,-17.895386011668776,-1.4589360596021415,-4.985147947167739,25.747054745635367,25.70223577672604,28.474572111378166,27.18792631119114,20.980953814369713,normal,15.438690595206898,normal,587.7899375,121.55000000000001,-26.729484842462284,-12.110224182328729,0.0,0.0,-1.0452817678451538,0.0,1.996979620626563e-05,0.011889862327909888,17883011129180875556.mp4,5.785161829340048,unlabeled,0.5917342731264308,35591c9ea8461328d45e379b1e05d9d0,normal,7.299498848174169,0.1,11.990103847568179,-15.994919560627135,-8.695420712452966,0,-29.53074723937326,-22.25305508510254,-18.393281579089535,-16.07808704862905,-14.580570077251313,-13.69790858858152,-12.349301231237423,/b/src/336185346/17883011129180875556.mp4,-0.11302605271339417,7.877790638787717,-14.834860035652742,-10.048959355208247,4.785900680444495,-16.04511552474932,-15.551716647920292,13.199675669927691,0.05384410888983411,0.8745108464483198,4.6183592088472984,0.004503764053133753,0.15405888654229946,0.15405888654229946,0.2200823869972428,0.25,-9.554311983786945,0.0,-45.122756777467636,0.0,6.537273073787299e-11,0.0014730198423919371,ok,False,0.004503764053133753,0.5444491705657167,0.0,0.0,0.0
197,21845,5.295757354913903,6.360645389846269,1.7550409220731265,-15.94191890078708,-22.69667819237293,-14.723042946738335,1.7550409220731265,33.67153653661428,36.43745687066679,30.04918590714738,29.476096678051334,33.24312045571285,normal,13.199215163072024,normal,197.764375,16.150000000000002,-30.664961847525415,-14.684864007246183,0.0,0.06874999999999999,-0.08941945433616638,0.1,2.5906033104586672e-06,0.007509386733416771,17881853885400517838.mp4,8.011814185126745,unlabeled,0.5686598311675782,58b6fa0e07260bb5186c2e0561f75b66,normal,4.4894285463860175,18.6,22.320906237909746,-12.951177146053993,-8.461748599667976,1,-28.59521494123298,-20.216292259281477,-16.046906115771197,-13.718411350326399,-11.885023705182446,-10.855984318034535,-10.206360176241363,/b/src/336185346/17881853885400517838.mp4,0.31747955083847046,7.299090737238528,-22.009508395034587,-9.615588686020871,12.393919709013716,-13.198378736497036,-12.881735612233554,26.193694690265485,0.3889538558786346,3.5100031605562574,13.344073957016434,0.0044118873236176845,0.14226304573502666,0.5524535443065224,0.927474359210906,1.1,-14.92127489335931,0.0,-24.341127954658102,0.0,5.870833868422322e-06,2.6185487111250947e-05,ok,False,0.0044118873236176845,10.79646017699115,0.0,0.0,0.1011378002528445
65,5038,3.19241220358559,8.851502729043846,2.2746373643963036,-15.871658800944711,-21.03107650770731,-1.6964473564297755,2.2746373643963036,23.830345114944947,24.85916704036071,29.665594240191137,27.73801402025249,12.993429884144494,normal,11.559784220882822,normal,65.596375,43.650000000000006,-17.568106157374487,-14.248750021079838,0.0,0.0,-6.009383201599121,0.0,0.0004476803998084802,0.04067584480600751,17883030536082204315.mp4,6.782326486627474,unlabeled,0.5259252534094784,ef500e78fe097679bd4f390453135fd4,normal,6.43071971358426,6.800000000000001,13.843806239275033,-16.16119080723295,-9.730471093648688,1,-29.504062570652295,-22.701073014209822,-18.826337808530187,-15.281573138519175,-13.955332569222312,-13.30765433186102,-11.445354807118775,/b/src/336185346/17883030536082204315.mp4,-4.300508975982666,7.94718623752623,-20.52496680449432,-13.417378911411518,7.107587893082801,-16.348947998975298,-15.860293196865488,12.873283752860413,0.0,0.45614035087719296,4.590293668954996,0.004397163996595746,0.35634927589989246,0.395523918240914,0.6509404818497825,0.05,-15.270254104297095,0.0,-14.81103789976528,0.0,0.0010945513075587745,0.0002749235951095676,ok,False,0.004397163996595746,1.6781083142639208,0.0,0.0,0.0
30,2800,-1.8548819640283885,1.5571718698602908,11.046175039235147,-9.735385417616147,-19.213601058406088,-6.051617301061787,-1.8548819640283885,58.29573057953746,67.29266298177973,67.1937786955877,58.53288840891826,39.279250515531835,normal,15.083733546307103,normal,30.1395,15.4,-15.787002718677934,-13.218268668613446,0.0,0.01875,-0.9348365068435669,0.0,0.0003696767405449189,0.045682102628285357,17883621187581391416.mp4,5.995332389792642,unlabeled,0.5564544834861882,e02dd0f05f09243d3c173207d2d6cfaf,normal,8.36967728397124,0.1,62.10987782824129,-17.368066873362004,-8.998389589390763,1,-24.442376608613916,-21.729497289159184,-19.02030236386267,-16.201544188927446,-13.764993738714473,-12.703887484162944,-10.814313322479824,/b/src/336185346/17883621187581391416.mp4,-0.5632476806640625,9.050266605377594,-18.818512278972563,-11.969221972843005,6.849290306129557,-17.942262459052564,-15.646981226971166,11.230377906976745,0.28249584717607973,1.4662583056478404,4.649397840531561,0.004379341235998022,0.12113636750378325,0.4448089878788408,0.5481430080719856,0.05,-15.682989153507368,0.0,-12.227839768273654,0.0125,0.004379341235998022,0.0007523674887987014,ok,False,0.003523579259144944,3.488372093023256,0.0,0.0,0.0
109,35081,8.86966449702923,-2.965890101526556,12.689278702045264,-7.64373302280278,-19.213241996406836,1.0477621988764279,-2.965890101526556,39.22748497227721,40.713609540284445,38.36912455432067,38.52163297371639,35.3686007676167,normal,13.394089916801768,normal,109.273125,20.75,-6.595970823926352,-12.877073613670571,0.0,0.0,-3.311835765838623,0.0,0.018302543026491605,0.1451814768460576,17881893522620492608.mp4,6.336168382736265,unlabeled,0.5463341880409546,b4305094fe423a04bf5dc30b51df8604,normal,6.725251446526137,0.1,19.113837064657698,-16.313409260067957,-9.58815781354182,1,-23.42807713888859,-21.335919190861024,-17.784026206819473,-13.898433199142545,-11.906703310346773,-11.157160845442204,-9.579470060590934,/b/src/336185346/17881893522620492608.mp4,-1.9794163703918457,9.89183031408603,-17.48064720361453,-12.78471114055926,4.695936063055271,-16.94680434804403,-15.373506287193614,12.555520594965675,0.002774599542334096,1.4901887871853547,5.3643306636155605,0.004348773406685438,0.13375772293157576,0.2787230303776575,0.47299814101154253,0.8500000000000001,-11.200852919244435,0.0,-22.15298946161986,0.0,2.152177146570272e-05,0.05317306293135467,ok,False,0.004348773406685438,11.02974828375286,0.0,0.0,0.41189931350114417
19,2696,16.65874564618557,2.2028413978649084,17.42199085572207,-8.160620433895753,-35.84739098410471,-2.099903910281105,2.2028413978649084,27.998391996344548,20.12603992977049,27.645369369870732,25.584488723995946,12.373466502406202,normal,17.85558683911197,normal,18.9475,16.75,-10.260524344176858,-19.613834978987573,0.0,0.0,-3.5895261764526367,0.0,0.0038254201674332976,0.07634543178973717,17881920536740800036.webm,16.23355600511714,unlabeled,0.4697136652813889,2b4b7b66fb4116e2cfb4eaffe46fe98a,normal,15.884490476996842,3.9000000000000004,23.94761743888733,-28.25018790345215,-12.36569742645531,2,-39.96380372036527,-36.81280163843304,-30.3510894311587,-20.600998091057807,-17.21701873913597,-15.207919655089034,-12.576018739947221,/b/src/336185346/17881920536740800036.webm,-3.565382719039917,19.144386088028895,-30.315594094500184,-18.893567200720348,11.422026893779837,-29.352203247958997,-21.42096955815189,2.6048280423280423,0.0,0.09656084656084656,0.7589285714285714,0.0043207962748979326,0.11765821752804863,0.4377785078349975,0.604576537978582,0.2,-7.0960423227576666,0.0,-20.238573265811482,0.0,5.861321068578376e-05,0.003501756698824283,ok,False,0.0043207962748979326,0.5291005291005291,0.0,0.0,0.0
22,10117,-2.7154473491911553,10.718101207248335,1.944211930610296,-5.959058855051686,-18.767901649762344,-10.738878738662507,-2.7154473491911553,14.51943094975539,8.500108100960936,12.251256606683919,9.224207487123277,4.880882981430116,normal,15.107082661826055,normal,22.016875,8.8,-16.697937593714194,-12.926441556592003,0.0,0.0,-1.726167917251587,0.2,0.001066018112000939,0.030663329161451813,17882851777052748645.webm,5.84146009317034,unlabeled,0.5422144284351084,71db182928cd4cfc828f9c1f29ce5b17,normal,8.013630623631382,8.9,8.91458882217611,-16.898011640593325,-8.884381016961942,0,-20.87072490480164,-19.3401297342584,-17.688953012196972,-15.761842029012621,-14.406980696751765,-13.413522673008053,-11.35318095543268,/b/src/336185346/17882851777052748645.webm,-1.055318832397461,8.234191885427578,-18.60743370089034,-11.121868451218802,7.485565249671538,-17.137458719669333,-16.162401494223516,10.675994318181818,0.0125,0.4349431818181818,3.126988636363636,0.004302576517898255,0.2586421617209612,0.2927823333362827,0.6305682612919868,1.55,-10.395943535254588,0.0,-17.11038863698393,0.0,0.00032218919515244587,0.010278124061630312,ok,False,0.004302576517898255,1.5909090909090908,0.0,0.0,0.0
12,10456,3.5653499047895054,2.7560152968411984,6.621129037019223,-6.511179549631717,-13.778460917098332,-0.3825766965573445,2.7560152968411984,39.28406653838918,38.48856075180848,38.59409154792947,38.75525348663399,36.85066238134426,normal,12.13650500141402,normal,12.0511875,1.3,-6.893756246189062,-12.523792862326731,0.0,0.0125,-0.9058935046195984,0.0,0.06061619399893528,0.13266583229036294,17882931262390659617.mp4,1.2546680547716011,unlabeled,0.5373091289015242,18e168c34b4bc93a9c73a8917d4b4f6d,normal,5.11391864259315,0.1,6.301577780283875,-13.116880583931827,-8.002961941338677,0,-16.17856234054431,-14.842691591324764,-13.557443641074519,-11.637300237940137,-9.863971879447702,-9.198357887797936,-8.52728971420499,/b/src/336185346/17882931262390659617.mp4,-0.08646196126937866,5.460286208193509,-13.85892372123232,-12.057059845893598,1.8018638753387233,-13.458705366302933,-12.2229669626834,29.002074688796682,0.5267116182572614,4.793827800829876,14.641078838174273,0.004271341243125779,0.19039737685342772,0.24068740093341817,0.2770468048165389,1.3,-6.893756246189062,0.0,-12.523792862326731,0.015625,0.004271341243125779,0.06061619399893528,ok,False,0.0009220123988881805,28.63070539419087,0.0,0.0,3.7344398340248963
441,25697,18.5917857676648,6.925416560869884,19.30266384320992,-3.288023181888221,-36.75006100502967,1.5920065078717487,6.925416560869884,45.74825453137407,50.604212449947724,53.71610198545896,40.10132869794277,27.587413026645876,normal,20.641636598832427,normal,441.69,70.75,-1.6960166740164722,-19.907976504336915,0.0,0.0,-9.219053268432617,0.0,0.06057774992400332,0.2503128911138924,17883030534910461038.mp4,16.842084500692756,unlabeled,0.5201656680900447,f611d6fd86148db8736274e69fcf1e72,normal,12.775895811283181,0.1,52.4162743068332,-31.54415214001351,-18.768256328730327,1,-43.82355378785149,-36.788330112775995,-30.722887377262925,-26.053592606047058,-23.360318414777595,-22.148230734466892,-20.23997906101834,/b/src/336185346/17883030534910461038.mp4,-8.13193416595459,13.318358541786822,-37.72607445322429,-21.754873848912126,15.971200604312166,-31.723283559237853,-28.773570764787017,0.013167949733952224,0.0,0.0,1.4151477414242048e-05,0.004149330532586366,0.1220697303930192,0.2504488450370033,0.39637811741357654,0.05,-3.1092482251601776,0.0,-43.130892040436095,0.0,2.1695086320082622e-10,0.043149290818245804,ok,False,0.004149330532586366,0.0,0.0,0.0,0.0
45,18101,6.358860116590852,0.6429273505972048,4.132546581413857,-3.5934916173396685,-13.20827713937325,2.4611917749683165,0.6429273505972048,58.82591921245762,43.37507365779054,54.87346686702993,57.309930292287135,22.137042049102973,normal,14.526841727539615,normal,45.5343125,10.950000000000001,-1.1322998423713522,-11.135427489168928,0.0,0.00625,-0.9652657508850098,0.0,0.1476260177999954,0.295369211514393,17883728720141485733.mp4,2.072849650204322,unlabeled,0.39801402525159774,d2e49c4387bbd774cc5f8803af817fa2,normal,3.416612426165365,0.30000000000000004,46.1300120906415,-13.959141394822627,-10.542528968657262,1,-16.458040928745618,-14.529314829084882,-13.19881068780792,-12.107174433287007,-11.225673533292383,-10.812485718535498,-9.944907982918844,/b/src/336185346/17883728720141485733.mp4,0.6074516177177429,3.8121273990577045,-14.070436442688788,-12.970641193944289,1.099795248744499,-13.99438943820769,-13.919390109821872,20.076304945054947,0.1646978021978022,1.86875,8.155494505494506,0.004120381098704201,0.1090971028380118,0.13095574224694284,0.4099280110212213,1.85,-2.7751726583930685,0.0,-12.67875518437445,0.00625,0.004120381098704201,0.12712494969411925,ok,False,0.0015140787356746196,23.186813186813186,0.0,0.0,0.0
60,10601,14.967224833340172,13.656696271625336,0.3974355661190394,-5.98118251919203,-18.312508130736866,-1.4415392078501004,0.3974355661190394,71.43747148903105,58.52330748765819,62.85959575932609,67.19381094777431,32.72476566203175,normal,14.299755962991656,normal,60.0468125,23.75,-7.422721727042131,-12.34895864559633,0.0,0.14375,0.4683379828929901,0.0,0.04412075420771366,0.14267834793491865,17882945994513992858.mp4,5.963549485140536,unlabeled,0.5505917044871693,9266906778e4a2a1136707891df17c14,normal,9.178445388372179,0.1,10.608193616690748,-14.472854612172142,-5.294409223799964,1,-19.93993776055621,-17.27104658976047,-14.033571021891305,-12.557923843956253,-11.26818831632173,-10.63143096320687,-9.175982280466494,/b/src/336185346/17882945994513992858.mp4,0.8600471019744873,5.85638129100399,-18.55786881940959,-11.618844805206049,6.939024014203543,-14.58175074621144,-13.439708861017168,20.45765625,0.5634895833333333,3.2836458333333334,9.7403125,0.0041151355277260215,0.05623284154543034,0.47230027419039106,0.5341999148460845,0.30000000000000004,-1.2179657073248062,0.0,-15.22483660375456,0.0,0.0010423515758775392,0.10021598636159894,ok,False,0.0041151355277260215,15.583333333333332,0.0,0.0,0.8333333333333334
37,3995,-7.899270648363258,6.111971310070715,5.545351092880068,-3.7168592739512274,-26.46882533073655,0.5876038580077649,-7.899270648363258,49.11342044213957,38.99208923916636,40.22365824271117,56.75612287795815,23.065842547188552,normal,16.774253993766706,normal,37.7173125,31.55,-3.1292554159434625,-16.519163174107813,0.0,0.0,-8.692466735839844,0.0,0.0023940234995027372,0.22465581977471838,17881920537372788499.webm,9.949662156628737,unlabeled,0.5450773493142884,b6a8138a061a57f62c1fdaeb65868126,normal,12.476399957368951,0.5,45.04282799253696,-28.993494587831815,-16.517094630462864,1,-45.53283308002427,-38.88563846837398,-31.813014209836933,-23.722346093589614,-17.83919353208845,-16.825801633332574,-15.642389466748094,/b/src/336185346/17881920537372788499.webm,-7.520580291748047,17.315765119591504,-26.7804983315012,-18.44281716032829,8.33768117117291,-29.123104611771794,-24.294834285514753,0.4563992042440318,0.0,0.0,0.007128647214854111,0.004062880420407236,0.11264311498338202,0.22082230255315177,0.5301202119574414,0.55,-9.45563361208475,0.0,-39.07072920754201,0.0,1.875229478588184e-09,0.01854031382207878,ok,False,0.004062880420407236,0.0,0.0,0.0,0.0
21,2879,0.20859151794136288,-8.448945375789362,0.6873858022455805,-18.69908616893799,-16.99572613554724,-1.9944378703994374,-8.448945375789362,34.27838756655301,43.38909870202999,34.781704470098035,36.556453923732086,41.00963357494971,normal,12.0977813093621,normal,21.48425,14.8,-20.693524039337426,-16.025455341894247,0.0,0.5125000000000001,-0.31183043122291565,0.1,0.0017931909982387998,0.018147684605757195,17881502698032195206.webm,0.9702707936529933,unlabeled,0.5421729922426052,82dc60cd2917d826420d6c2abd7e4ea3,normal,8.72657489731451,13.4,6.983074946789243,-14.347613623781175,-5.621038726466665,1,-22.934442442868125,-19.37846965158175,-16.15350336246763,-13.538158810846737,-8.383133639296895,-7.883596247502028,-7.495870383029844,/b/src/336185346/17881502698032195206.webm,0.3004872500896454,9.906593924369727,-15.50073872302612,-14.608006742823,0.8927319802031217,-14.743061033667853,-11.797294059272454,23.176719114219114,2.909819347319347,7.28030303030303,12.066433566433567,0.004050152771084957,0.16569473452617897,0.4594611495570414,0.17746017199897765,0.1,-17.125785643233097,0.1,-13.185416046185502,1.296875,0.004050152771084957,0.004349126356475915,ok,False,0.00029689708038188703,21.678321678321677,0.0,0.0,12.82051282051282
123,4788,7.307238071481381,0.9152853676236354,2.049699960436606,-6.907192612776376,-24.839954961043446,9.155419016369986,0.9152853676236354,65.4517873646821,61.13354773475365,59.22809202776645,49.93976314488252,31.73085954260346,normal,19.52649705340619,normal,123.241375,44.95,2.2482264035936117,-15.82389380797789,0.0,0.0,-5.943086624145508,0.0,0.1329371976354693,0.4261576971214017,17882982721471559521.webm,9.016061153065555,unlabeled,0.5758779760334766,f2f10080ba7f7bcb75f449c0e43cb64d,normal,8.816247666567685,0.1,61.277527907520735,-21.009565162236004,-12.19331749566832,1,-30.78150517003864,-25.83928884544907,-21.873281140618325,-18.574408002220572,-16.331174376925272,-15.209336437752802,-13.635737181850553,/b/src/336185346/17882982721471559521.webm,-0.3008924722671509,10.53852565652184,-23.33689227300652,-18.74914623565773,4.58774603734879,-21.557540477669782,-19.82738952567334,3.4227120535714284,0.002358969155844156,0.06069906655844155,0.7792461444805195,0.003993306461695443,0.11575743741274575,0.11575743741274575,0.5652124561580627,1.25,-11.740661028520389,0.0,-22.30224836870386,0.0,1.9200155534737954e-05,0.032929736563699526,ok,False,0.003993306461695443,0.040584415584415584,0.0,0.0,0.0
13,5235,16.24277669114126,32.33823518242508,27.311731427125917,-8.02212578077286,-47.696968181364525,-4.753491491752804,16.24277669114126,42.09917193855726,21.296011560737185,36.0960440221974,43.293824789242,11.50509232363683,normal,18.34392899937007,normal,13.9305625,5.5,-12.775617272525665,-21.24635483530578,0.0,0.0,-10.727890968322754,0.0,0.002948628870271916,0.06320400500625782,17883362292152505614.mp4,26.450613346058745,unlabeled,0.5109264284449574,a7aac3e97ad193a7de21c6dbdedee4df,normal,19.884162070139855,5.0,38.262934849631705,-38.805951519002036,-18.92178944886218,2,-52.6255632858558,-46.04297100335171,-39.44478434149349,-29.217343616119358,-22.902178026289693,-21.36066975082536,-19.841982546642544,/b/src/336185346/17883362292152505614.mp4,-10.118365287780762,20.635755712572124,-46.76004575994694,-20.609252091988598,26.150793667958343,-39.16507069009204,-28.462294287150833,0.028327338129496404,0.0,0.0,0.0,0.003973937137654667,0.1995075283746613,0.47054902268186716,0.49831688264493135,0.0,-12.276750888267822,0.0,-36.643049619229686,0.0,6.848331783534494e-09,0.0033940671022936767,ok,False,0.003973937137654667,0.0,0.0,0.0,0.0
7,561,-7.233815589686984,21.740140817457423,17.688392192292024,-5.892627960330703,-43.76133784502021,-10.801486168584436,-7.233815589686984,23.30091307402924,20.238834053249608,22.627215000112628,22.742610359418702,13.247617563960347,normal,16.1147861896533,normal,6.9891875,2.2,-16.69411412891514,-20.7709676602082,0.0,0.0,-9.335822105407715,0.0,0.001438805041710088,0.039424280350438046,17882976403980356911.webm,22.990370184812008,unlabeled,0.40432261867154873,9834514be2cf858523186968dd1ab7f8,normal,8.8393392771519,1.8,22.74731338087828,-27.109017845992476,-18.269678568840575,1,-45.15109216740358,-39.807922695254206,-28.40016777226756,-22.052542766611488,-19.78464905655246,-19.28066277525178,-18.355203612558984,/b/src/336185346/17882976403980356911.webm,-7.905032634735107,10.259461492088619,-44.04187861707265,-19.897276683775857,24.14460193329679,-28.59919652283997,-24.01981882438841,0.9532374100719424,0.0,0.0,0.0044964028776978415,0.003969744234530867,0.0901557494399225,0.2970240508723724,0.4726339600701913,1.7000000000000002,-5.107995088714532,0.0,-24.712200103568822,0.0,5.654634991540742e-06,0.10931694343749983,ok,False,0.003969744234530867,0.0,0.0,0.0,0.0
12,3207,11.166912983995125,9.733270677117467,5.041353355736327,-8.389298790884505,-16.517342331104263,-0.1494965872842915,5.041353355736327,33.95955742421138,32.634845989356066,36.36504492301381,32.62404331448067,18.948704326710377,normal,17.468910972120824,normal,12.70275,2.9000000000000004,-8.538795378168796,-12.00818132789202,0.0,0.0,-1.1683260202407837,0.0,0.00023482847982860932,0.10012515644555695,17881479227760332500.mp4,4.509161003212244,unlabeled,0.5537261205988784,3b157debc59bfa0763bfcf1aa3a62411,normal,15.668125716426827,10.0,25.226643727319967,-25.09524470129467,-9.427118984867844,2,-49.271901155172664,-38.577862418798674,-27.166051733516944,-18.02028534618207,-13.371788282702733,-11.365758785130684,-9.666248091680972,/b/src/336185346/17881479227760332500.mp4,-0.913652777671814,17.919795894444295,-16.17259384936835,-12.207770612646458,3.9648232367218927,-26.81303974536298,-18.382563749792638,5.903297244094488,0.1889763779527559,0.9891732283464566,2.8774606299212597,0.003911213228933596,0.4263415146273521,0.48013061666588874,0.6661872287864725,1.6500000000000001,-8.500061739676674,0.0,-15.283917922768287,0.0125,0.0008738950944513938,0.001319634785882161,ok,False,0.003911213228933596,7.086614173228346,0.0,0.0,0.0
23,9248,5.537843747441417,2.429947170902679,2.6100488678491307,-9.1897057990934,-20.922933240374398,3.138090295597639,2.429947170902679,14.672283515056403,17.191103184762813,13.885516218118461,16.51669678363888,10.341880465394276,normal,17.200139592992556,normal,23.4521875,4.3,-6.051615503495761,-14.167017860706654,0.0,0.0,-2.0732228755950928,0.2,0.03220804784122215,0.1501877346683354,17881844800972489424.mp4,6.755915379667744,unlabeled,0.49198100330049716,ce47a783d335c00f6cf62e1ea248f514,normal,9.264630401439726,21.900000000000002,11.518097400640379,-21.04106389643856,-11.776433494998832,0,-28.90922649402468,-24.90015242803464,-20.705346948296384,-17.545290181127935,-14.693534619723273,-13.468016497287472,-11.470782761351435,/b/src/336185346/17881844800972489424.mp4,-1.5984362363815308,10.147984462695025,-20.731514531018533,-14.822623360446634,5.9088911705718985,-20.84522398321151,-18.798575829374087,4.696028784648187,0.010660980810234541,0.23707356076759062,1.4052505330490406,0.003891021404044694,0.21940268866138865,0.21940268866138865,0.4146357070691984,0.6000000000000001,0.45744932728162285,0.0,-14.572694510837362,0.0,0.0013745967431779893,0.01982085731112432,ok,False,0.003891021404044694,1.9189765458422177,0.0,0.0,0.0
102,4045,19.114077329571927,9.289989725932102,24.461026810938783,-10.6484945276889,-44.767578814322405,1.5011828564916687,9.289989725932102,31.73491511353342,29.104815232847322,29.61076834857073,30.265602337228128,14.97339968734039,normal,17.169827296870555,normal,102.492875,46.400000000000006,-9.147311671197231,-21.664621875613953,0.0,0.0,-13.416894912719727,0.0,0.0011094421207934176,0.10763454317897372,17882518278190594065.mp4,23.102956938708452,unlabeled,0.5696958382779298,026c45d3ef962edace5cb2eb7c1f0515,normal,15.905949450155866,77.80000000000001,24.613772482227834,-35.79163085216875,-19.885681402012885,2,-48.03020476831743,-44.250901338599206,-38.55972486579394,-29.534604300723714,-24.983490860447954,-22.983058056051647,-20.7045465571842,/b/src/336185346/17882518278190594065.mp4,-12.514568328857422,19.207605622845573,-43.91887377098517,-21.81330117954161,22.10557259144356,-38.15271352123579,-29.684395625727976,0.0,0.0,0.0,0.0,0.0038132574690062405,0.3331806170515829,0.46137805093543366,0.7942540394129745,0.9500000000000001,-11.826242835592401,0.0,-24.354835111583835,0.0,5.9060636203154425e-06,0.003002822489651066,ok,False,0.0038132574690062405,0.0,0.0,0.0,0.0
20,2243,-13.39147886324637,4.604564358802211,-6.166771211604122,-19.89786707740678,-15.087092121751336,2.7590619787310757,-13.39147886324637,72.60262392207551,73.63759148345287,72.06054072205822,72.52084474729278,37.45579247651095,normal,10.748409068105376,normal,19.9938125,2.0,-17.138805098675704,-12.557123023386158,0.0,0.075,-0.06600256264209747,0.0,0.003465671102385176,0.04881101376720901,17883283236663245048.mp4,2.5299690983651786,unlabeled,0.5208043320689251,a97afd6a1139e76c342c8ab7d2b5d638,normal,3.9352831901600256,0.1,75.6148460398424,-10.037970405128581,-6.102687214968555,2,-16.171020641415968,-14.681502486888618,-13.422424057260537,-12.28548814241876,-11.432585502917965,-10.772279898823715,-10.099944740248043,/b/src/336185346/17883283236663245048.mp4,1.1115655899047852,4.00400629388046,-10.769198220199495,-10.033742653826398,0.7354555663730977,-10.054633035275323,-9.636843478200591,45.15554511278195,2.93671679197995,13.843828320802004,29.283521303258148,0.003694172225523172,0.1109962680465371,0.1109962680465371,0.30551710358122103,2.0,-17.138805098675704,0.0,-12.557123023386158,0.11562499999999999,0.003694172225523172,0.003465671102385176,ok,False,0.0012972919172958798,19.047619047619047,0.0,0.0,0.0
54,12346,4.654860088800833,9.615236104597873,4.4678779249643785,-13.155062289100524,-20.83727719882319,-1.617925582982,4.4678779249643785,15.576660142349077,13.090527335530197,13.263176979156565,12.74685951668124,8.225821796988814,normal,15.886874549351802,normal,54.1489375,35.300000000000004,-14.772987872082524,-13.932751640609688,0.0,0.0,-2.519821882247925,0.0,0.0007942392069072487,0.05444305381727159,17883362293243007980.mp4,6.9045255582135034,unlabeled,0.4720809322098438,82b08c7cb1fb258402393a1d5416e34d,normal,7.6443116666921185,21.900000000000002,8.036104192206832,-17.666373750702565,-10.022062084010447,0,-24.28420830229726,-21.691438796873534,-18.506731842010865,-15.69513107896779,-13.67645778637209,-12.945333254864238,-10.860253205656562,/b/src/336185346/17883362293243007980.mp4,-0.7436890602111816,8.85670690144743,-20.025606885107514,-13.18248523040575,6.843121654701765,-17.765099671281128,-16.630563609562984,9.030845656192236,0.0407231977818854,0.5479436229205176,2.9305106284658042,0.003692256145641751,0.07425928719881704,0.11563918841773022,0.5271929008741592,0.55,-8.945849811353927,0.0,-16.48047798273761,0.0,0.00045395924686315127,0.002617212263563042,ok,False,0.003692256145641751,2.5878003696857674,0.0,0.0,0.0
13,1386,-1.394159818932419,1.058770441130486,3.5727442206971127,-14.876916123025342,-24.749352002014284,-3.7019798746902772,-1.394159818932419,12.397694912606212,9.505480470661219,8.357000625239152,11.544889655712595,6.306873306794202,normal,16.877472215795223,normal,13.0031875,7.7,-18.57889599771562,-15.890357453964983,0.0,0.0,-3.119035243988037,0.0,0.0012534903785261606,0.03191489361702128,17883749947011412113.mp4,8.858994548049301,unlabeled,0.5159483457066225,5405c247894ff8514dc1a1be74cb3b80,normal,4.106437497201977,6.7,9.16931623462696,-16.540256771320497,-12.43381927411852,0,-29.734563054682088,-27.812758303716457,-18.005883390368453,-15.958487893841333,-15.043728664499989,-14.639298404402046,-13.610742392615284,/b/src/336185346/17883749947011412113.mp4,0.08930768817663193,4.932201518953244,-22.56183029941309,-14.710183720863641,7.851646578549447,-16.592787727310537,-16.78816452761859,9.996634615384616,0.02139423076923077,0.2742788461538461,2.915144230769231,0.003690506559484281,0.10073197684522162,0.16892581381806152,0.3727588145959367,0.05,-9.757102147203067,0.0,-15.968808259722397,0.0,0.0005953028912457984,0.0005514631527737672,ok,False,0.003690506559484281,0.0,0.0,0.0,0.0
5,847,26.65035023643274,16.59357508009576,33.75140044883728,-12.932382149142745,-37.43395727674857,7.047338711495719,16.59357508009576,80.10035056426655,45.86465102234291,41.90034169155476,42.02912962578978,22.959188911517487,normal,18.942017340328796,normal,5.24775,1.2000000000000002,-5.885043437647026,-20.714875874953613,0.0,0.0375,-0.0905938446521759,0.2,0.012834877326310052,0.1332916145181477,17883548480383421811.mp4,16.71908140179496,unlabeled,0.5251934525938561,d508f98cc5384596b2b5ea27360d2887,normal,8.51639827789331,0.1,50.559021104097404,-20.535765206308557,-12.019366928415247,1,-43.85764700621478,-30.05222367087913,-22.563420256982493,-19.87147493652935,-15.320843461632455,-14.106566123231392,-10.13306269521208,/b/src/336185346/17883548480383421811.mp4,0.3976888656616211,12.849945080463904,-34.97389511369461,-21.127234746606057,13.846660367088553,-21.390389380902562,-18.544328474667175,5.279447115384615,0.09134615384615384,0.3371394230769231,1.9368990384615383,0.0036842598727015274,0.2625968885886479,0.3028114412184561,0.5560607824939816,1.5,-7.3622300328584815,0.0,-19.481985445652228,0.0,9.721356261795299e-05,0.06893539468253089,ok,False,0.0036842598727015274,2.8846153846153846,0.0,0.0,0.0
15,1880,20.691427186924564,3.2309155534165104,21.02953551544511,-13.421277868661647,-28.327772701861868,9.216330147186778,3.2309155534165104,66.68756048902529,66.55094291512202,62.34190772231513,64.91368305645884,33.903844914937494,normal,17.360153067578224,normal,15.2511875,8.9,-4.204947721474871,-17.738615282942042,0.0,0.0,-5.70974063873291,0.2,0.007059153689219935,0.18397997496871088,17881476137901395338.webm,10.589157418919825,unlabeled,0.4880551530028276,a4665e636cd77012174717b0aec1253d,normal,9.874434980357552,0.2,65.86057012399417,-23.83814290221512,-13.96370792185757,1,-36.091942523223786,-30.983620674897562,-28.197066476722917,-22.847492040466044,-19.37914565490137,-16.767174997636552,-12.76385618936334,/b/src/336185346/17881476137901395338.webm,-4.894352436065674,16.35660644547758,-24.67307579349982,-17.355177211588433,7.317898581911386,-25.05676451044564,-22.254505503643898,1.0594262295081969,0.0,0.007786885245901639,0.20737704918032787,0.0036324456126829363,0.2244608874363362,0.3583151539566219,0.5041315158510554,0.8500000000000001,-15.419140405294124,0.0,-29.141818954886762,0.0,4.1921381241080904e-07,0.0011999505777498573,ok,False,0.0036324456126829363,0.32786885245901637,0.0,0.0,0.0
14,1051,0.9645517464268121,11.394903363560182,3.5349795032247378,-3.6353694265155467,-25.379179210104024,2.572937157179962,0.9645517464268121,73.35849490928814,42.26231630673017,76.89860192519677,75.45701944766938,22.15054012217834,normal,20.655996422364552,normal,14.11775,9.0,-1.0624322693355848,-16.323592284053706,0.0,0.0,-2.7323951721191406,0.1,0.12644874971747505,0.26220275344180227,17882860419140208430.mp4,9.055586926050317,unlabeled,0.5058394647298861,e792904fc4c557568e025b615fc9600e,normal,11.66683181052547,0.4,75.16489269202043,-24.464131124022558,-12.797299313497088,1,-40.501952178986535,-32.42730782310742,-24.9988339921453,-18.892899255824187,-15.60193798074076,-13.682360125019747,-10.434321098243915,/b/src/336185346/17882860419140208430.mp4,-0.5911485552787781,17.397214421364403,-26.997807512696212,-17.395586983674402,9.60222052902181,-25.916903133906146,-21.24714497764333,2.428413120567376,0.024601063829787235,0.22495567375886527,0.8388741134751774,0.003617959234339773,0.1611227292724686,0.1611227292724686,0.47187726806597297,0.75,-6.107948694315908,0.0,-17.03160883067975,0.0,0.00034788210121727863,0.012573906184427877,ok,False,0.003617959234339773,2.8368794326241136,0.0,0.0,0.3546099290780142
17,11587,14.312856174904176,9.629985779316494,6.946638682206608,-7.7822096299928205,-23.50033644015632,4.7623817890961355,6.946638682206608,66.49966355984368,60.174405166577955,72.88439972955273,73.09445773068404,31.378440500433904,normal,16.099397411731786,normal,17.1093125,2.0,-3.0198278408966854,-15.473146884429822,0.0,0.0,-3.5398852825164795,0.0,0.04786690168065312,0.22152690863579474,17883360946663175983.mp4,8.0271895557265,unlabeled,0.6846134033272252,c040add9af0949979ef23f2281cd513c,normal,7.072240210646946,0.30000000000000004,64.69590210269075,-17.554195736565767,-10.48195552591882,1,-21.46227598970083,-19.216413626345265,-17.61866556639059,-16.084481847151824,-14.799618987487406,-14.108100733304832,-12.945096217871047,/b/src/336185346/17883360946663175983.mp4,-1.1585166454315186,7.525525278454435,-23.182808778470083,-17.002089397627017,6.180719380843065,-17.833057033937628,-17.257914057163305,7.17452485380117,0.005299707602339181,0.18877923976608188,1.6644736842105263,0.0035475888296637916,0.1589578511430433,0.17880200674794547,0.47336168414649354,2.0,-3.0198278408966854,0.0,-15.473146884429822,0.0,0.0008738840444950318,0.04786690168065312,ok,False,0.0035475888296637916,0.5847953216374269,0.0,0.0,0.0
15,2962,-2.822442119069672,6.499330537797974,-4.3181182695774165,-7.628830738175408,-14.477367351352104,-2.719551312138245,-4.3181182695774165,17.582645422133382,13.46018313817315,14.373058441406299,15.342735932668445,7.896195818009248,normal,12.2929179731445,normal,15.1640625,14.600000000000001,-10.348382050313653,-10.765226043673273,0.0,0.01875,-0.49595940113067627,0.0,0.01828651416145397,0.1013767209011264,17883792594060886381.mp4,3.7121413076788308,unlabeled,0.557073766003881,3e86026a98bf6963b22b3259b44d4a81,normal,7.308038197443703,5.5,8.110612297168714,-13.28883820888308,-5.980800011439377,1,-19.654583647391348,-16.54042211724274,-14.099305635294273,-11.95539091523348,-10.344601874857087,-8.94247996774134,-7.900340476569215,/b/src/336185346/17883792594060886381.mp4,0.4357233941555023,6.5243787092723675,-14.168765433768488,-10.690957626408457,3.4778078073600316,-13.57683782194786,-11.857194578988997,27.25948844884488,1.4744224422442245,7.001856435643565,15.39872112211221,0.0034785274414532437,0.26969174002873375,0.26969174002873375,0.3750433339473657,1.1500000000000001,-7.895896961437776,0.0,-14.830473735506496,0.0,0.0011474642379548175,0.015085300090616378,ok,False,0.0034785274414532437,26.072607260726073,0.0,0.0,5.9405940594059405
42,13320,1.7249691287793656,7.151443860910046,4.587107610647374,-4.644380833028631,-17.43294429117034,0.42462178703748776,1.7249691287793656,12.620876488479208,12.164432941244833,12.804631659203707,13.121020915246874,7.9980293644529254,normal,15.662149255753597,normal,42.9569375,6.7,-4.219759045991143,-12.168216868904315,0.0,0.0,-2.1516849994659424,0.0,0.0015484844678177573,0.19962453066332916,17883738660381448444.mp4,5.264727422266025,unlabeled,0.5568744028465495,82da61177978414861de919dce0e2328,normal,6.048561508142702,2.7,8.315844969132023,-16.690343813907525,-10.641782305764822,0,-22.82749911203189,-20.213463273374856,-17.70763835661127,-15.491173817225595,-13.945619694204057,-13.119286038834087,-10.845329530665492,/b/src/336185346/17883738660381448444.mp4,-0.2783050835132599,8.487504571708419,-18.79587779052664,-13.652113408050194,5.143764382476444,-16.861264464817697,-15.940454339266857,11.559807916181606,0.025538416763678698,0.4788998835855646,3.4339348079161813,0.0034540550134205352,0.06961450550888103,0.5568744028465495,0.6968962247175416,0.2,-3.3401100945519335,0.0,-16.5967227182857,0.0,0.00043999281597709123,0.0013853905534717758,ok,False,0.0034540550134205352,1.979045401629802,0.0,0.0,0.0
56,8008,4.501891442796669,10.900840998482316,10.402389744464353,-17.14680526307183,-20.080948085736267,-1.298567226283776,4.501891442796669,62.90010380792972,34.04796022458961,52.961598852409274,60.81640485302864,20.859011517322237,normal,15.515306610447077,normal,56.1706875,28.200000000000003,-18.445372489355606,-14.174834994076953,0.0,0.056249999999999994,-0.1726059764623642,0.1,0.0017350786693411742,0.04380475594493116,17882539536361467310.mp4,5.906113091659314,unlabeled,0.5181454622038104,1131377d5c62430b7ea52059d269c915,normal,10.05658656879083,0.1,39.87706144332711,-18.45836644583473,-8.4017798770439,1,-23.731901039974858,-21.492023326163103,-19.737049839330947,-17.224951521467123,-12.834155087463662,-11.233393699096878,-9.715704922814442,/b/src/336185346/17882539536361467310.mp4,-0.13872256875038147,10.701878980817149,-19.31293409070144,-12.50463649232907,6.80829759837237,-18.748083358443452,-15.654029179197458,9.702693677649155,0.3022039180765806,1.929374443455031,4.745937221727516,0.0033638384456946956,0.33520939054158533,0.33520939054158533,0.26686353658011197,2.0,-22.821380075962544,0.0,-21.359533380732625,0.0625,3.0160951674975593e-05,0.0004931433296329331,ok,False,0.0033638384456946956,7.3018699910952805,0.0,0.0,0.0
30,3769,-0.46083515076457715,16.70232227590961,4.3121147747384425,-3.8260862787226078,-21.40854631964407,-10.159231676636754,-0.46083515076457715,24.767335689302836,20.77413746174055,21.979279245624863,27.38080125435222,11.774755671932509,normal,19.118549170677124,normal,30.7896875,23.700000000000003,-13.985317955359362,-14.81370304390784,0.0,0.0,-3.649261474609375,0.0,0.0005700667850102156,0.06320400500625782,17882945991710981247.mp4,6.594843275736231,unlabeled,0.5293374730313469,f2c0ac4e1b1077a528cd0f216c840825,normal,12.310362227111746,21.0,20.275755586653794,-22.466223975736497,-10.155861748624751,1,-34.94147537552468,-28.39175757780925,-22.894477907822633,-18.808707048563072,-15.449505030359433,-14.060759821698493,-11.377290091155402,/b/src/336185346/17882945991710981247.mp4,-0.451271116733551,12.742982330010529,-21.26410972738757,-14.199611051712365,7.064498675675205,-23.519072857726368,-19.569820287410675,4.238516260162601,0.015752032520325206,0.31128048780487805,1.5265243902439023,0.0033398735431200833,0.29392617732216675,0.3468252996077796,0.5490495355477623,0.05,-2.1090132003099864,0.0,-14.943158434791703,0.0,0.0011376372601745925,0.02950472009806255,ok,False,0.0033398735431200833,1.4634146341463417,0.0,0.0,0.0
18,2670,6.745755145202427,13.106251107756261,-3.8761813223754533,-10.43660850250209,-17.346564334801933,0.6956704396679569,-3.8761813223754533,36.27484707303837,34.91831127345554,34.880913016842335,34.10099167138385,32.64689560605207,normal,13.954017141034324,normal,18.048,4.4,-9.740938062834132,-12.808227001209175,0.0,0.0,-4.575930595397949,0.0,0.0010503909750770053,0.09136420525657071,17883011960943014363.mp4,4.538337333592757,unlabeled,0.5093370907842983,20962c2981754b33ab5f5055ded5a9a4,normal,6.276124696184283,11.100000000000001,7.682957022431644,-18.1330298344132,-11.856905138228917,0,-25.03850779990357,-21.250627337365955,-17.815378298967275,-15.697130846207196,-14.006006053802468,-13.20280876700936,-12.223756122489059,/b/src/336185346/17883011960943014363.mp4,-3.4997942447662354,6.182115630913337,-17.045535260700625,-12.741451002612358,4.304084258088267,-18.362269990402986,-17.45381138580056,7.513194444444444,0.0,0.057118055555555554,1.4364583333333334,0.003306915877030029,0.500309874288199,0.500309874288199,0.39982313552667004,1.8,-8.622120068147874,0.0,-15.218146864731134,0.0,0.0009040700318592086,0.0007418355682687939,ok,False,0.003306915877030029,0.8333333333333334,0.0,0.0,0.0
16,2518,1.4804943205196466,2.6266778591016156,2.169750047889199,-7.686399671165626,-15.730024011201602,2.458745157590779,1.4804943205196466,74.24752009050826,70.82259044531433,78.65287813631907,77.53464448806758,37.09914694874112,normal,14.938714304636722,normal,15.8293125,1.35,-5.227654513574847,-12.92306025579294,0.0,0.00625,-0.9316152930259705,0.0,0.01723591232234592,0.1783479349186483,17883743088121019212.mp4,2.8069637554086615,unlabeled,0.3901981797896268,7e4d4f8d7fb6db09b986a6558e9808f1,normal,5.343568823862048,0.1,72.51648530478792,-14.993476433061355,-9.649907609199307,1,-19.083465346801304,-17.482524022384343,-15.198589598851926,-13.547525316619277,-12.239850424031331,-11.546153861970623,-10.056554828352466,/b/src/336185346/17883743088121019212.mp4,0.18666061758995056,6.226592581957524,-15.468891257613912,-14.377513631788078,1.0913776258258334,-15.1055795752402,-14.752053687046772,15.583069620253164,0.1499208860759494,1.3674841772151898,5.8924050632911396,0.00327730526086542,0.19788516712599918,0.20661358201576466,0.5440301995110437,1.35,-5.227654513574847,0.0,-12.92306025579294,0.00625,0.00327730526086542,0.01723591232234592,ok,False,0.0014454921176866088,7.9113924050632916,0.0,0.0,0.31645569620253167
47,17105,23.6463810081177,27.567863350399307,27.11575077077926,-14.476671066818767,-49.03034970277462,3.26077966897412,23.6463810081177,68.43088128688957,61.27790691640623,61.27790691640623,68.43088128688957,31.640955473141993,normal,28.275792742088253,normal,47.7634375,26.8,-11.215891397844647,-21.686574807170395,0.0,0.0,-5.966063022613525,0.0,0.0077152478631362185,0.057571964956195244,17881493033801858155.mp4,27.343774895604227,unlabeled,0.5513783596095333,17bee20ae881c02cbf540d5697ca3370,normal,29.9318876841984,21.0,69.28372157034644,-45.59671935618318,-15.66483167198478,2,-56.171207312040714,-52.31383654922412,-47.28636409770945,-38.9495612326146,-28.85702433754084,-24.92623463994839,-20.41324766574749,/b/src/336185346/17881493033801858155.mp4,-3.5132246017456055,32.371612646935404,-48.23063562985944,-20.875723290657103,27.35491233920234,-46.28856027405207,-31.78901734383386,0.10464659685863874,0.0,0.0007198952879581152,0.02068062827225131,0.0032255915342008653,0.15483851781870483,0.26942031464626004,0.4448756515690366,0.05,-13.029812468109139,0.0,-35.12996398193093,0.0,1.5677688745642365e-08,0.0025479798158454655,ok,False,0.0032255915342008653,0.0,0.0,0.0,0.0
12,989,3.764011783267626,8.545169440446358,8.04864550526159,-4.139223077670242,-15.29915184824642,-3.2958894067292706,3.764011783267626,38.429147038166214,42.90421622283383,38.72470358466654,39.376885967374065,39.39792658521091,normal,14.578069655883974,normal,12.4373125,11.700000000000001,-7.435112484399513,-11.448825286280893,0.0,0.15625,0.0744233950972557,0.0,0.04490408580532998,0.1132665832290363,17881567896901561719.mp4,3.8503265619655274,unlabeled,0.4719195643681685,6946f58e08df2c38a79e269ef47438c3,normal,6.096073524678909,0.1,7.535013198962506,-15.001844610050613,-8.905771085371704,0,-20.656234509566435,-18.221111145495275,-15.266128917988944,-12.698625647549733,-11.72681298807772,-10.804735518821651,-9.768570053165497,/b/src/336185346/17881567896901561719.mp4,0.14615501463413239,6.0318955610104386,-15.976608682188054,-11.329782510008368,4.646826172179686,-15.44082298309278,-14.431914641249842,16.767893145161292,0.24672379032258063,2.0622479838709675,7.452620967741935,0.0031679982596973365,0.2636337688025373,0.2982727622426806,0.3210226227637103,0.05,-3.394794588527933,0.0,-15.786625936199197,0.00625,0.0007677704025949101,0.13604873673112855,ok,False,0.0031679982596973365,14.112903225806454,0.0,0.0,0.0
12,4334,-3.007964794108101,9.51932946176104,-0.6215866977791382,-11.479176773063049,-16.227618591295297,-5.0758323738238325,-3.007964794108101,12.599739778984718,11.645435587752123,10.510305941645337,8.03880705010243,9.269600457657441,normal,8.661314961892932,normal,12.490875,3.75,-16.55500914688688,-12.577740801050131,0.0,0.0,-1.53761887550354,0.0,0.005021035680420819,0.025031289111389236,17881522182391635807.mp4,3.6498777902451653,unlabeled,0.5499214661296065,54f1e9c96429f05228f6796972bcb74f,normal,4.332791870181932,2.3000000000000003,8.18586640462948,-10.627964179692784,-6.295172309510852,1,-21.219958558723665,-18.52424236023264,-15.989976754632858,-13.67912925023853,-12.185668191606037,-11.176860215763886,-9.47750883169156,/b/src/336185346/17881522182391635807.mp4,-1.2719380855560303,6.649149583203739,-11.302996935026215,-7.214277313927223,4.088719621098992,-10.626962915820863,-9.933253047448963,47.01355421686747,0.5150602409638555,12.44929718875502,29.22991967871486,0.0031487525207600404,0.1391498396016202,0.42805441281979184,0.4819759766332868,0.4,-14.528213080771732,0.0,-12.860503056737397,0.0,0.0031487525207600404,0.0031878900724989535,ok,False,0.0019512117325386508,9.63855421686747,0.0,0.0,0.0
69,21551,19.23516396257415,-3.435460286544246,-6.336731277391905,-15.361308001391098,-34.420201873265626,-5.412270322631553,-6.336731277391905,24.801016219722527,23.40818801319218,17.141453924701935,17.493662673250732,12.508674417591237,normal,16.590246785976156,normal,69.265125,11.25,-20.77357832402265,-20.979526296527027,0.1,0.0,-1.7950448989868164,0.1,0.002159113739580722,0.0181476846057572,17883613748010161145.mp4,13.440675576738599,unlabeled,0.5693748955834793,09cbbcf040b3c5437f7746931332bb92,normal,7.599739910158533,11.3,24.330218367903665,-19.304006693895342,-11.70426678373681,1,-33.97246317530278,-24.97918852215801,-22.463891026239878,-20.106466568250397,-15.472691657873057,-14.20609684303702,-12.689815016894412,/b/src/336185346/17883613748010161145.mp4,-1.3889994621276855,11.287887025363013,-33.747451660750286,-17.419100431265093,16.328351229485193,-20.292884678521958,-17.97924624810384,6.008664259927798,0.014936823104693141,0.5533393501805054,2.127436823104693,0.0031350395879731997,0.06258323425606102,0.3779585092579336,0.708886051980984,0.05,-13.690591321320332,0.0,-33.05695388896431,0.0,4.8805316969162976e-08,0.0007466865577336358,ok,False,0.0031350395879731997,0.5776173285198556,0.0,0.0,0.0
11,1856,-18.776126589628838,-7.199663554255551,-16.556847932338794,-3.144687373094449,-23.930603123306646,-13.756401476577004,-18.776126589628838,66.28807653889808,60.33653981236392,65.50302467187149,68.20613181165055,30.467098437572467,normal,13.681578205469057,normal,11.331375,4.7,-16.901088849671453,-17.198664312576394,0.15000000000000002,0.0125,-0.935043454170227,0.2,0.0016881062362299152,0.05944931163954943,17883011960512230584.mp4,6.731938810730252,unlabeled,0.5786948859204374,f183406b26571566ca1e9f9782ab3d0d,suspicious,15.29402355075143,0.1,61.63147443692557,-20.48098258622481,-5.186959035473379,4,-27.52373896615132,-24.502797410777955,-21.281292345144546,-17.673511787330124,-14.482826261321803,-12.628000181852125,-9.579534513937976,/b/src/336185346/17883011960512230584.mp4,-0.935043454170227,12.579828599781031,-24.049335189653334,-15.067260484272357,8.982074705380978,-20.563062636706547,-14.616621659639284,12.348727876106194,0.5746681415929203,4.231194690265487,7.859513274336283,0.003125506610151482,0.16531892049755592,0.5786948859204374,0.6422798376464781,0.65,-12.256441049370999,0.0,-21.396121974158856,0.0,3.0183185147809646e-05,0.007070550154497899,ok,False,0.003125506610151482,4.424778761061947,0.0,0.0,0.4424778761061947
48,6415,6.19258470849607,-3.307396136126499,11.07354657356085,-10.37379460489565,-12.6474962658913,0.8111721191351844,-3.307396136126499,15.473013974753837,10.304989963940834,12.798247514510237,17.162201106987947,7.3812731839473855,normal,12.067205095984463,normal,48.018875,13.850000000000001,-9.562622485760466,-10.570623376135428,0.0,0.80625,1.630632758140564,0.0,0.009750789173710039,0.09824780976220275,17883749946690643421.mp4,2.0768728897558724,unlabeled,0.5345997222760867,35ffb2a931fb38ebdb364d6ce279164a,normal,4.523973853782659,0.1,7.801547522510621,-10.699428792095011,-6.1754549383123525,1,-14.547460330885148,-13.565879838796107,-12.573841683828176,-11.457347129321228,-9.954613416589286,-9.313212860289475,-8.397887693106169,/b/src/336185346/17883749946690643421.mp4,2.312605857849121,4.980329964789798,-11.299071062424451,-9.868104331720335,1.4309667307041156,-10.888737308168611,-9.754599238135341,42.62220052083333,3.4931640625000004,12.840950520833333,26.99485677083333,0.003038715714056531,0.05515089161073209,0.25554481917645516,0.5450145251763643,1.9500000000000002,-8.958333963928514,0.0,-13.09128715005326,0.43437500000000007,0.003038715714056531,0.0379757442163855,ok,False,0.0016229281325737866,35.729166666666664,0.0,0.0,2.8125
34,2852,10.237739542479174,10.92862628481642,6.213217157015661,-8.74852265624831,-22.931978571795124,0.512406117336413,6.213217157015661,32.37263483218614,15.26850487030864,20.950929108697757,25.485362001164084,9.764039022161946,normal,13.15014413365243,normal,34.96925,1.1,-8.236116538911897,-15.633529589553547,0.0,0.0,-2.5732436180114746,0.0,0.04920823823796849,0.11889862327909888,17881898671850776960.mp4,7.2984489822415775,unlabeled,0.4677757088229125,cb8055f4989438d750f5faf41105ff1d,normal,2.371493911901485,0.2,11.273980012611176,-13.545469310687569,-11.173975398786084,0,-17.11912237210727,-15.076600948619667,-14.22376104883376,-13.602960746721685,-13.11582762880847,-12.899928108410005,-12.543204056517036,/b/src/336185346/17881898671850776960.mp4,-0.6220541596412659,2.1050004682766073,-20.839786943425167,-15.002026506876872,5.837760436548296,-13.637113553080503,-13.772198293293696,22.131080114449215,0.035765379113018594,1.627950643776824,9.014663805436337,0.0027579105466278417,0.17038174602305378,0.20949611816860267,0.25799157373800996,1.85,-7.017597867911245,0.0,-14.213963092500174,0.0,0.0017402643827969162,0.07134922457220808,ok,False,0.0027579105466278417,0.0,0.0,0.0,0.0
21,1526,0.47374245104745505,2.99368346248772,3.607059311852786,-15.109774422321111,-16.145149461007662,-1.404220445427141,0.47374245104745505,7.767426777348515,5.297612463941453,5.706357711682072,8.045617162780717,4.165993994929687,normal,12.825816617249275,normal,21.8731875,2.4000000000000004,-16.513994867748252,-12.20904269588151,0.0,0.00625,-0.8428919315338135,0.0,0.008367840106830707,0.05319148936170213,17882970587180891282.mp4,3.9361067651261514,unlabeled,0.720500429411648,28adc63e2d1042ecfffd8427e624551d,normal,3.3588063568866744,2.4000000000000004,5.341415285163542,-13.404686348800796,-10.045879991914122,0,-17.39248006097983,-15.901927826060474,-14.247447393362515,-12.700390063182068,-11.817897768817302,-11.408678425322217,-10.938592725380587,/b/src/336185346/17882970587180891282.mp4,-0.4185596704483032,3.8232951116773446,-15.470343999368332,-11.499902670594013,3.970441328774319,-13.559488342037744,-13.244376287697579,22.669193363844396,0.3373855835240275,3.184496567505721,10.546767734553777,0.002711426866119164,0.25081597327364696,0.25081597327364696,0.13927024008200864,0.65,-15.999756119747556,0.0,-14.57698335671185,0.0,0.0012559634933120764,0.007802706930738481,ok,False,0.002711426866119164,13.501144164759726,0.0,0.0,0.0
4,16052,5.0732717183229745,-1.1588183825342036,4.117393923020346,-1.8836863078317525,-13.86914657246334,0.6697901615630466,-1.1588183825342036,31.77074002180467,45.67703521059374,41.747658935163805,36.965761294865715,41.2426177962188,normal,15.357537716594187,normal,58.35175,13.0,-1.213896146268706,-10.943679656727573,0.0,0.10625000000000001,0.2338903248310089,0.0,0.11550242575127669,0.28660826032540676,17881892466801410370.mp4,2.9254669157357664,unlabeled,0.5761042929898285,79780814a3418f97ca858dd8aced3031,normal,8.420233625211864,0.1,12.024965141882944,-16.038552695751285,-7.61831907053942,2,-21.199758960293966,-19.058938892230934,-16.16557273175159,-13.89925629944147,-12.296373166266637,-11.273895024173244,-9.838136660533571,/b/src/336185346/17881892466801410370.mp4,0.3506387770175934,8.650808324189185,-14.905810908103284,-12.495175152537742,2.4106357555655418,-16.279804348532693,-15.006898939576594,13.473007712082264,0.29878963153384747,1.7254712939160242,5.5686589545844045,0.0027057571279214907,0.11279382817355972,0.16659236314001555,0.6120530908548065,0.1,-11.54754223732261,0.1,-13.928586128653805,0.296875,0.0027057571279214907,0.0015908638774365506,ok,False,0.002118810319842351,8.826049700085688,0.0,0.0,0.2570694087403599
10,937,10.31427122093864,4.246593385322328,5.844508674784526,-6.564428353713499,-17.379395378158218,2.9188204575652206,4.246593385322328,17.2755937555232,25.499086857168983,25.993529324409877,17.334215716819497,15.159217234159051,normal,14.95415441880587,normal,10.38075,8.15,-3.6456078961482783,-12.629837252996872,0.0,0.0,-1.5789271593093872,0.0,0.06983399213393532,0.20525657071339173,17883792594381253945.mp4,4.749558125161347,unlabeled,0.49558700213601303,f943c227817e2d133762d837cf3e43cd,normal,7.926158554765026,0.1,26.198966214189902,-16.757008974528038,-8.830850419763012,1,-23.449192360294113,-20.90043709704149,-17.230201099004734,-14.067816246794003,-11.516259924608821,-10.265209980155399,-8.776637447850286,/b/src/336185346/17883792594381253945.mp4,-0.034652166068553925,8.643977745016302,-17.80774042548586,-13.16688919021411,4.64085123527175,-17.596932741524775,-14.988806584874425,12.892210144927535,0.4704106280193237,2.2379227053140096,5.867753623188405,0.002697033990774177,0.10870712780058159,0.10975423168973322,0.48605281539079104,1.1,-9.955538816073949,0.0,-16.901104822462326,0.0125,0.00036174324489168244,0.009183721130021593,ok,False,0.002697033990774177,13.043478260869565,0.0,0.0,2.4154589371980677
18,1454,-1.6962146764982897,6.105235051094713,8.683617029516991,-13.627315928526748,-18.597406581823783,-3.079556148196808,-1.6962146764982897,21.109920618382446,22.44819217439879,24.297523961501806,23.11241613929007,14.51426638518141,normal,11.991649575384898,normal,18.065125,16.45,-16.706872076723556,-13.827727455684272,0.0,0.0,-5.433965682983398,0.0,5.377173067363543e-05,0.035669586983729656,17881473452011163774.webm,4.769679126139511,unlabeled,0.552932611472693,21e13dbff049b9369b472a38f3920f71,normal,5.839829391766887,4.6000000000000005,8.239234115992044,-17.11229202756696,-11.272462635800071,0,-31.887426357161846,-24.010324048864053,-17.577751194170293,-15.244032701262357,-13.6475092744912,-12.751951316302794,-12.015009269157622,/b/src/336185346/17881473452011163774.webm,-4.5088276863098145,6.266823739885918,-18.16433070511465,-13.12315952508236,5.041171180032292,-16.96829532980154,-16.500477261694712,11.828081717451523,0.0,0.09089335180055402,3.789993074792244,0.0026374773395557187,0.38301732978735353,0.45548881620621046,0.7052094403548593,1.35,-16.338544842050304,0.0,-14.765982691866107,0.0,0.0011200712689876022,0.00022115253016403075,ok,False,0.0026374773395557187,1.10803324099723,0.0,0.0,0.0
27,3728,3.7242740812407225,-0.984343202136964,8.541549848692112,-5.84242967722628,-19.25717676378692,1.235905561222717,-0.984343202136964,39.82882608724294,45.29036290117517,41.95633198936195,37.24962064975338,34.6157760044719,normal,16.099494095273364,normal,27.7435,6.800000000000001,-4.606524116003563,-13.78372632654599,0.0,0.0,-1.5990616083145142,0.0,0.05316432462083119,0.18085106382978722,17882976404672109878.webm,5.473450437240929,unlabeled,0.5301236534497027,b0921016e0194aaa51e01b75bdabd300,normal,4.9219196281229465,0.1,20.224632897299266,-17.655981728526704,-12.734062100403758,1,-21.17506701284688,-18.122051988857862,-16.698763431038948,-15.908581644816955,-15.097554771787678,-14.451454646878373,-13.607157276520354,/b/src/336185346/17882976404672109878.webm,-1.5990616083145142,4.439437992754781,-19.29694208017026,-14.523661988096006,4.7732800920742555,-17.687387933603112,-17.69855570358788,6.041854693140794,0.0005640794223826715,0.06859205776173286,1.0865297833935017,0.002541068087492373,0.11634128631269751,0.2951083063145541,0.5005892865292934,0.15000000000000002,-5.683660357840846,0.0,-21.012550451322465,0.0,3.8828833855481586e-05,0.00637535022789717,ok,False,0.002541068087492373,0.0,0.0,0.0,0.0
12,1023,-17.611257534324416,3.213843708874988,-8.073577633831945,-5.5439342987512195,-30.429207108035516,-1.4986106631403828,-17.611257534324416,24.802437217970724,21.554355799023305,19.487361409821556,22.577290404824332,11.402882326470227,normal,23.13984928227071,normal,12.0279375,2.85,-7.042544961891602,-19.447137123428508,0.0,0.0,-5.630054950714111,0.0,0.005286871101637851,0.12015018773466835,17883364450273686137.mp4,10.982069984607008,unlabeled,0.5397548130770693,65d9354a4b5fbf730d55b08f0f4dd04e,normal,12.95588835751137,2.9000000000000004,14.281598845954225,-28.706072045983916,-15.750183688472546,1,-38.4216799465894,-32.891833301456025,-28.6361385455786,-24.33843044175718,-20.1854948497786,-18.646236975205845,-14.187529902807952,/b/src/336185346/17883364450273686137.mp4,-2.113121509552002,17.088330471787835,-31.222019130932523,-19.230553813821007,11.991465317111516,-29.31772272903416,-25.25297079182271,0.3984375,0.0010416666666666667,0.007291666666666668,0.08828125,0.0024953985355279282,0.3423727290293059,0.3423727290293059,0.6234801319211486,2.0,-6.086764688932504,0.0,-29.394982354938904,0.0,3.953854233177286e-07,0.022047910005372054,ok,False,0.0024953985355279282,0.4166666666666667,0.0,0.0,0.0
11,1424,27.759929061922122,12.66464223088094,2.1166298702286444,-17.088008087219425,-28.13723006629076,-7.660225177387904,2.1166298702286444,20.107927904811802,21.622087076587036,21.895907530420992,18.905140562948098,11.994992554170686,normal,12.470179747645357,normal,11.517125,6.050000000000001,-24.74823326460733,-17.998637825754734,0.0,0.0,-5.919224739074707,0.0,0.0006244364142003583,0.015018773466833543,17883792594712215621.mp4,10.138592240536024,unlabeled,0.3427482218753321,897eee44100626314abf275547ac753b,normal,5.28275670969262,5.2,18.816697388893743,-18.944831754441374,-13.662075044748754,1,-31.720047082878164,-27.58783586744338,-21.724250741242606,-18.916695007416042,-17.586544527770933,-16.887401328543234,-14.681476591231709,/b/src/336185346/17883792594712215621.mp4,-5.854740142822266,7.596123977302243,-27.461837354922054,-15.59634353406005,11.865493820862003,-18.90271474422824,-18.324919890467623,6.381521739130434,0.0,0.0016304347826086956,1.201358695652174,0.0024624831590717845,0.04713599523670363,0.15709864939589532,0.5298631782415195,0.0,-16.036121633745406,0.0,-19.131404118921985,0.0,0.00010275441056721366,4.02371309144393e-05,ok,False,0.0024624831590717845,0.0,0.0,0.0,0.0
39,5762,-1.3444919314999169,-3.5530940115281844,0.3860713836070566,-6.058583834496302,-18.065041955658373,0.1819668415826623,-3.5530940115281844,10.488835353269636,12.646143134210842,10.502682985546155,13.930477414468562,7.051461107075784,normal,17.731435400228847,normal,39.891875,10.25,-5.87661699291364,-13.53329881537751,0.0,0.0,-3.4748780727386475,0.0,0.004510653889933351,0.1595744680851064,17882856217302108584.mp4,4.531743140280863,unlabeled,0.5455498884372817,62c7509fe029fb5cb88ca36626e1eefd,normal,9.564154882552334,18.3,12.020363641825156,-19.00688350437972,-9.442728621827385,1,-23.2445921447988,-21.079025908972174,-18.857962324849805,-16.52674797380777,-14.3355786009925,-12.919933673454791,-10.5547813953086,/b/src/336185346/17882856217302108584.mp4,-0.12286967784166336,10.572176686349733,-18.22556710830607,-14.339109627727833,3.886457480578237,-19.127048232893152,-17.85430507807051,5.9341279799247175,0.006900878293601004,0.2001254705144291,1.5401505646173148,0.0024061668061974386,0.26536972802999687,0.4745926074605155,0.5820996996428945,1.1500000000000001,-6.372729084244985,0.0,-17.50173662574548,0.0,0.00027339349502557693,0.023735600992013835,ok,False,0.0024061668061974386,3.136762860727729,0.0,0.0,0.12547051442910914
43,6657,-5.241594917794281,-4.686115486064716,0.8996791490351761,-12.63423405689226,-31.324765021695697,1.0976558989101015,-5.241594917794281,17.887087717783785,15.311443430706525,18.21663887533991,18.30686584869096,10.209542328636555,normal,21.924681892264303,normal,43.1673125,24.75,-11.53657815798216,-19.370704495173577,0.0,0.0,-7.71539306640625,0.0,0.0007826309304233992,0.07321652065081352,17881525426301284739.mp4,11.95406052652212,unlabeled,0.560976359304457,f93fdde777315e50833cfa9cd4f3053c,normal,17.488518203053843,24.6,14.251594474956583,-32.48168046571981,-14.993162262665969,2,-38.91519048556416,-37.18896824022144,-33.824783816206995,-29.87794072620366,-25.572106543242214,-23.060049778469622,-19.001989236716756,/b/src/336185346/17881525426301284739.mp4,-6.493227005004883,20.042439144525506,-30.468106937342473,-19.17877765702436,11.289329280318114,-32.77234883766417,-28.417908897269186,0.15070973348783315,0.0,0.0,0.008256083429895714,0.002402678171110312,0.09613141282376325,0.3418459595017668,0.7511691491990788,1.4000000000000001,-14.558451873080166,0.0,-31.732790104600646,0.0,1.0214207040570523e-07,0.008713752554143018,ok,False,0.002402678171110312,0.0,0.0,0.0,0.0
52,8607,2.6791718483276936,6.692435388065441,3.65262298113211,-7.918653152759152,-15.372541700395939,1.6922055192413978,2.6791718483276936,52.228188994481215,29.159690105760163,36.8389522215163,46.43154963636945,21.873275914709566,normal,16.451638732190833,normal,52.1985,49.2,-6.226447633517754,-11.853100932885805,0.0,0.025,-0.5079483985900879,0.0,0.07396050318296166,0.1376720901126408,17883754288070018447.mp4,3.519440767510133,unlabeled,0.4661391298412565,235e1242c04d073cd08811011b86854b,normal,7.941842613730254,0.1,17.83352135667741,-16.849609331512994,-8.90776671778274,1,-20.44577825411139,-19.52109811729109,-18.2415961045215,-15.28274807425348,-13.888256385741657,-12.842654318078509,-11.084884543731649,/b/src/336185346/17883754288070018447.mp4,0.5546466112136841,10.145738291625785,-15.39017166358169,-11.333644888945097,4.056526774636593,-17.045959869667495,-15.89699212097715,10.572447267497603,0.07454458293384468,0.7322627037392138,3.3767976989453494,0.0022359070595487918,0.14830030780624054,0.1679341988775381,0.28181653878984625,1.5,-13.300724733962369,0.0,-19.360607074296095,0.0,9.255712277631863e-05,0.010481000556029064,ok,False,0.0022359070595487918,2.684563758389262,0.0,0.0,0.09587727708533077
15,2169,8.415653102861105,2.9511002090774596,-2.9467397595275946,-14.217105056176102,-15.095528028121429,-2.432196779391127,-2.9467397595275946,17.447814135753518,15.471384577832048,18.39552569628367,18.649587802547963,8.607753524580012,normal,12.056697741991016,normal,15.093,3.4000000000000004,-16.64930183556723,-11.60777092052175,0.0,0.0,-1.9099876880645752,0.0,0.0020381790619545563,0.04380475594493116,17882945491800634635.mp4,3.4877571075996787,unlabeled,0.5511820244280141,f316c259a1b9eb4ce57eefe3cb38d092,normal,6.544645212115185,11.700000000000001,11.815523103524956,-14.461164381316543,-7.916519169201358,1,-22.669070092134863,-17.473298836600947,-15.474091842223455,-13.774455685665085,-12.448566585314015,-11.953969776440779,-11.057051120146,/b/src/336185346/17882945491800634635.mp4,-1.429911732673645,4.975274219878008,-13.895043272344626,-9.458283826306381,4.436759446038245,-14.609070040638104,-13.486609474664661,22.17753322259136,0.12645348837209303,2.8540282392026577,10.353612956810633,0.002186991134985367,0.08454867670581792,0.3739568117080722,0.3689185966945874,1.25,-26.82597080244384,0.0,-13.639602451000645,0.0,0.0020541935882733993,0.00010642844820065325,ok,False,0.002186991134985367,6.64451827242525,0.0,0.0,0.0
25,800,11.87973262167232,11.141122388720257,6.4284337471730195,-9.424793835352823,-22.914939659338252,0.42366102466882083,6.4284337471730195,30.762762851385737,30.366478059102405,29.44760167005697,30.68246678058346,15.499912938562762,normal,16.16086605201751,normal,25.68125,22.55,-9.001132810684002,-16.07906734563973,0.0,0.0,-6.449639797210693,0.0,0.007975268172485804,0.0750938673341677,17881844801293313034.mp4,6.835872313698523,unlabeled,0.4757554991687827,0f53a2ece46b1a4a1738faa215b8ca7b,normal,5.643825535077415,22.5,23.746193706652768,-19.847845847012465,-14.20402031193505,1,-38.765936214766235,-27.277609953047065,-19.863606765547427,-17.491010916204104,-16.448140383627265,-15.930793005214454,-15.20969169706351,/b/src/336185346/17881844801293313034.mp4,-3.3364579677581787,5.946290497122517,-23.099341235382646,-15.99298960311524,7.1063516322674065,-19.98115049329001,-19.49732401977569,4.360380116959065,0.0,0.025341130604288498,0.8418615984405458,0.002156565544250611,0.19854774467579978,0.29797259599199954,0.6033388095155985,1.1500000000000001,-14.337384508370139,0.0,-18.904313473193483,0.0,0.00011692379010114669,0.0012594445260081049,ok,False,0.002156565544250611,0.0,0.0,0.0,0.0
36,13601,2.5517386833268745,16.22417515479275,18.99434202317238,-9.467282481431303,-28.117252787573143,-3.4225407238927676,2.5517386833268745,19.598266328055164,16.833065150459003,18.112262988938646,20.03486019728901,9.743879196660249,normal,17.977545588169097,normal,36.361,31.650000000000002,-12.88982320532407,-18.47987042479352,0.0,0.0,-3.2559375762939453,0.0,0.0012554726613785284,0.060075093867334166,17883395203571038295.mp4,9.637382362779622,unlabeled,0.5054069144726568,6a32763d6cba189a637957785a6b49ab,normal,10.110985208801328,33.9,14.936557341898627,-21.2802574035059,-11.169272194704572,1,-30.492686099883144,-26.731470705383632,-23.1883807112704,-18.325956464018596,-14.967759857333883,-14.057983438800473,-11.983461418219093,/b/src/336185346/17883395203571038295.mp4,-1.2552516460418701,12.871138235547567,-28.402447503933942,-17.795625579152976,10.606821924780967,-22.374263758647153,-19.232797234210967,4.465870013755159,0.007737276478679505,0.2268741403026135,1.4300206327372766,0.0021488653735534788,0.1991384054304626,0.33269565668600753,0.5239882250396419,0.9,-7.19305794352404,0.0,-16.482342336321192,0.0,0.0004610254620318501,0.004991844344208719,ok,False,0.0021488653735534788,1.1004126547455295,0.0,0.0,0.0
166,15189,9.93973195952423,13.90632623032127,16.306076003797127,-10.9197755569631,-37.094945979499855,-2.616683139087451,9.93973195952423,38.74989736150213,21.273934635182343,29.224169337477264,37.788058852740775,13.51162167707713,normal,13.491452042330515,normal,166.254875,34.35,-13.53645869605055,-21.6317502969788,0.0,0.0,-10.148209571838379,0.0,0.002972865784922535,0.06445556946182729,17883249491200883434.mp4,15.463195682521054,unlabeled,0.4758206565224059,4c00669d0f7a67069d63922f87c55877,normal,4.853713317249468,33.7,21.0073146892763,-22.712060697119586,-17.858347379870118,1,-32.88774519655524,-27.38180747332061,-22.82122036804297,-21.274132465125337,-20.479380467358983,-20.040459897247285,-19.379922772377107,/b/src/336185346/17883249491200883434.mp4,-9.410381317138672,4.8790995126223855,-36.53556067658307,-21.090272706522356,15.445287970060711,-22.753256011023737,-22.901833359469187,0.263796992481203,0.0,0.0,0.0,0.002084224953276279,0.17587569915947407,0.2601977497234581,0.37501391072994655,1.6,-9.847669981507625,0.0,-27.607113595720342,0.0,1.001285964466161e-06,0.004936472216470523,ok,False,0.002084224953276279,0.0,0.0,0.0,0.0
49,4046,0.7222328069278552,4.780348269507073,8.31620771236781,-6.558512463443529,-18.00034791383735,-2.2904198679633065,0.7222328069278552,23.51721752226431,15.066303273169634,15.580317498306648,20.29817669612106,9.756656366423417,normal,13.009178969384136,normal,49.8068125,7.8500000000000005,-8.848932331406836,-13.912778060598,0.0,0.0125,-0.8670241236686707,0.0,0.029973596196033132,0.10763454317897372,17883613748671458691.mp4,4.087569853239348,unlabeled,0.5607548562942449,55eef86a84b1c1e0f13efa6ea61de693,normal,6.8980094624985,42.900000000000006,10.946370252541657,-14.177612282753815,-7.279602820255315,1,-19.46039837809589,-17.225671142942698,-15.212682005029283,-12.980302906003251,-10.297065946590816,-9.09712999908237,-8.122837863037423,/b/src/336185346/17883613748671458691.mp4,0.34197258949279785,7.8444342116118415,-17.755648503532562,-14.102994915510312,3.6526535880222504,-15.046451488543259,-12.667206379891338,22.498682228915662,1.085027610441767,5.465863453815261,12.473707329317268,0.0020803209376069444,0.3984711335452381,0.3984711335452381,0.3368635435928276,0.9500000000000001,-7.231443656016593,0.05,-14.185459893035537,0.009375,0.0020803209376069444,0.03376349819726495,ok,False,0.0020651421323773455,18.775100401606426,0.0,0.0,4.718875502008032
16,3041,6.573371703289347,3.2407797798110387,7.341128791744325,-8.354288504255333,-17.931876210880173,-0.31062748606919754,3.2407797798110387,62.9270692130885,70.67505451983709,71.9030482983273,71.93343061292019,35.692995990496726,normal,15.294054394928715,normal,16.06825,10.75,-8.66491599032453,-13.56264370671849,0.0,0.0,-2.6087427139282227,0.0,0.003678165188542505,0.11201501877346684,17883610291191258644.mp4,4.369232504161683,unlabeled,0.345959467920703,9e3cc78aa76c9411e33458bae1fef204,normal,5.0815384309884255,0.1,70.34282135218064,-17.962093141588824,-12.880554710600398,1,-25.579424287657904,-19.938804632552365,-17.8471774039459,-16.11530662024505,-14.308753812388174,-13.666249703302153,-13.071780723787214,/b/src/336185346/17883610291191258644.mp4,-2.197629690170288,5.158409755601673,-18.008080226100834,-13.334509282967256,4.673570943133578,-18.045864565750765,-17.491684085099003,6.74727414330218,0.0017523364485981308,0.16491433021806853,1.6279205607476637,0.0020611204607585546,0.19333655332681215,0.19333655332681215,0.46125993610362537,0.2,-7.599522905690459,0.0,-18.604212390293128,0.0,0.0001434087382492306,0.003945653107405336,ok,False,0.0020611204607585546,0.0,0.0,0.0,0.0
5,691,22.00283308046822,33.41548017569824,18.941706067619542,-8.272865630197582,-60.806427865109725,3.7785569975368816,18.941706067619542,38.74092544834016,37.555929612323474,36.25956925665768,32.66521304903472,19.906692800532632,normal,25.092787678033968,normal,5.3870625,4.25,-4.494308632660701,-23.725284118820795,0.0,0.0,-11.358606338500977,0.0,0.005149810955952679,0.1758448060075094,17881516956381828635.webm,37.08114374628893,unlabeled,0.4891447071317906,a977e3cf5938b73365a1e7c5511edc8e,normal,38.634701439628714,3.9000000000000004,28.480311496962038,-57.212148117457154,-18.57744667782844,2,-65.84646049927542,-64.36873870904176,-57.49139293705236,-38.06400426454704,-24.576872887595293,-22.97881997858396,-18.746331907049523,/b/src/336185346/17881516956381828635.webm,-5.52614164352417,39.315469505825874,-61.36634640010013,-24.20415245342379,37.16219394667634,-58.90427487445825,-30.618929321558138,0.13317757009345793,0.0,0.002336448598130841,0.02102803738317757,0.0020348126555028425,0.4116021576185279,0.4116021576185279,0.6366406855639051,1.0,1.5042621240431509,0.0,-45.8055628144176,0.0,5.238690474263617e-11,0.09954026887167619,ok,False,0.0020348126555028425,0.0,0.0,0.0,0.0
14,7229,-1.9675790670151798,10.719177316223119,5.7162572159265075,-0.6642663393026743,-19.5805756971509,-10.620091727111312,-1.9675790670151798,15.157626202312718,12.023577472483982,14.192421532569515,14.828507348137379,6.773842769567111,normal,18.95513971227937,normal,14.3745625,2.6,-11.284358066413986,-14.657306984447237,0.0,0.00625,-0.7998495101928711,0.0,0.015880676841182766,0.09574468085106383,17883132059110703317.mp4,4.923268712703662,unlabeled,0.40149475789412137,f69508bac331ee9a2a18bbe109907875,normal,14.665973606510718,6.800000000000001,15.64241804195019,-25.479788831747342,-10.813815225236624,2,-30.309503798986903,-25.999324535107895,-24.066561705796683,-19.42129102093466,-14.557762215435142,-12.664972770355563,-11.038511881454024,/b/src/336185346/17883132059110703317.mp4,-0.3375113308429718,14.503167242146711,-20.91120159083743,-14.122966777943065,6.788234812894364,-25.75374247002085,-19.29265104312234,4.320775261324042,0.13850174216027875,0.7338850174216028,2.0672909407665507,0.0019656954793470533,0.25668328223259845,0.25668328223259845,0.4994581317257658,0.1,-8.956477122318876,0.0,-15.68651826612495,0.015625,0.0007427809936274022,0.038492091596842234,ok,False,0.0019656954793470533,4.181184668989547,0.0,0.0,0.0
16,4406,-2.757749197035018,15.58119877201176,9.505540132538544,-0.44883807496194583,-22.428907051305714,-4.679731224828613,-2.757749197035018,18.684616050592425,22.580975285729796,16.27209829518287,13.308545259469028,13.881330956357804,normal,14.91532343141371,normal,16.7648125,1.8,-5.128569299790559,-16.31270422840313,0.0,0.0,-2.343991756439209,0.0,0.040940759808850535,0.17209011264080099,17883613749082552001.mp4,6.116202822902583,unlabeled,0.5024577706332642,5eca2007e58f8290a7f90ad91867e78f,normal,7.2163287225005845,0.1,14.275135492825378,-18.059736909783474,-10.84340818728289,1,-29.498638696646346,-22.512940249641296,-19.426021355494786,-16.975613746162793,-14.61785227361145,-13.629978189542435,-12.706016987444162,/b/src/336185346/17883613749082552001.mp4,-1.8196437358856201,7.170940676862248,-22.394751619298376,-17.022181394321965,5.3725702249764105,-18.784003016689056,-16.73496716729933,9.218843283582089,0.020708955223880596,0.726679104477612,3.603917910447761,0.0019407919817339538,0.4221948378986183,0.4221948378986183,0.5329552211716483,1.8,-5.128569299790559,0.0,-16.31270422840313,0.0,0.000542744497235149,0.040940759808850535,ok,False,0.0019407919817339538,0.0,0.0,0.0,0.0
34,4088,16.254137918819104,2.4575141979966797,4.802165934299449,-3.280459307258604,-27.357157523193326,-1.1279989927750096,2.4575141979966797,41.64344600910176,57.137741386211765,69.76333186822986,62.35046287488756,32.18776941510322,normal,13.056994994022462,normal,34.3655625,2.85,-4.4084583000336135,-18.185617910456394,0.0,0.0,-5.3922529220581055,0.0,0.04381921096512718,0.20087609511889862,17883605048671123964.mp4,9.171539612736932,unlabeled,0.34206132644647463,21be8ea4c4636bb7b842b179a9e01fdf,normal,2.962379503612233,0.30000000000000004,66.48747603392935,-14.42946035452552,-11.467080850913288,1,-21.466024123855522,-16.507362159800024,-14.17125794417739,-13.142201591155025,-12.570873706997334,-12.266168023142884,-11.432815118100828,/b/src/336185346/17883605048671123964.mp4,-1.497984528541565,3.597624192865535,-27.96158304381995,-17.21245796842136,10.749125075398588,-14.40680502774881,-14.554979522564027,17.46015283842795,0.04294032023289665,1.400382096069869,6.8306040756914115,0.00191225933918871,0.12254382036856294,0.15138550280216517,0.45820735645244975,1.9500000000000002,-3.016760835287307,0.0,-23.6990453010499,0.0,9.865513325430205e-06,0.08338662785336742,ok,False,0.00191225933918871,2.7656477438136826,0.0,0.0,0.0
2,250,-9.542653854701317,0.9087796212909218,4.901264228559838,-12.248144887585703,-15.389525809633751,-4.827101132304229,-9.542653854701317,21.915827424665824,20.738600924108386,22.151860756241707,23.725569532719064,10.852971621747773,normal,13.21532805999384,normal,2.020125,1.2000000000000002,-17.07524601988993,-24.747541227234706,0.0,0.0,-5.46009635925293,0.0,0.0011813196638380116,0.056320400500625784,17882908582780350407.mp4,-9.358015417600955,unlabeled,0.589559809857644,ca6d0cf0c66e78be77190326354135ec,normal,4.092095564213178,0.1,20.265813864711422,-15.31905715609259,-11.226961591879412,1,-90.0,-36.83336573300771,-16.071426737371514,-14.435599821838755,-12.693292668221174,-12.067262636127706,-10.924504178511608,/b/src/336185346/17882908582780350407.mp4,-2.3677964210510254,5.698692362439619,-14.652830810876043,-26.032944663465273,-11.38011385258923,-15.856328008395472,-15.583124481044866,14.184375,0.003125,0.7890625,6.2703125,0.001896435099263673,0.1958242842763907,0.36071796280910634,0.34613776738237695,0.4,-12.607697131703222,0.0,-13.810415984872407,0.0,0.001896435099263673,0.001168707746401511,ok,False,3.755577590302587e-07,5.0,0.0,0.0,0.0
24,28307,3.4631145424931695,16.243584928912533,16.468966723140554,-11.682158046037404,-33.89283821080528,-1.9947417267313767,3.4631145424931695,29.742063343132223,20.26943319392381,23.441273371217967,35.3105086739542,11.621659400062278,normal,25.64350199381467,normal,24.1135,18.95,-13.676899772768781,-20.94976949474019,0.0,0.0,-4.11075496673584,0.0,0.001460716096075522,0.05944931163954944,17883132061242944984.webm,12.943068716065092,unlabeled,0.5017716089782571,d5626a058a7824ab2eb1a5c9cb42d9cc,normal,24.3540726606647,3.0,25.869546921026107,-37.835046147451564,-13.480973486786866,2,-53.251840893423925,-46.39417595122518,-37.65724161922435,-29.656144492570988,-24.489368022983513,-21.59422713486845,-15.666144744450033,/b/src/336185346/17883132061242944984.webm,-2.177720069885254,25.065461068860273,-33.31835118115457,-20.333377584538773,12.984973596615795,-38.56044606831749,-27.821222063699924,0.35762448132780084,0.0007780082987551867,0.01867219917012448,0.10282676348547719,0.0018443154033520443,0.18403903910002228,0.4825886954292527,0.6947834298128036,0.65,-13.704829963026453,0.0,-28.28941187646304,0.0,6.786820941914267e-07,0.0074804535082015865,ok,False,0.0018443154033520443,0.0,0.0,0.0,0.0
21,7584,6.394777448468082,4.904026476817496,14.156594083334383,-13.699750879426288,-20.2894884241162,3.527903476620816,4.904026476817496,10.575120324884878,6.820588633545913,10.414017445065063,9.37422860807778,4.250133818018039,normal,15.98471863575806,normal,21.3855625,14.600000000000001,-10.171847402805472,-14.878561253584495,0.0,0.0,-2.493302345275879,0.0,0.012385890227244917,0.09949937421777222,17883613749663980555.mp4,5.410927170531705,unlabeled,0.4293070945559495,0abce562d4029ef0323155943e1d87c0,normal,7.771179208363765,5.4,8.289395881406541,-17.432122173322306,-9.66094296495854,0,-22.915771050238607,-20.46600165925931,-18.46650056408677,-16.199581336165352,-14.507004253349155,-13.348544580633726,-11.927944748456493,/b/src/336185346/17883613749663980555.mp4,-0.45499709248542786,7.413799681488742,-19.27552369654661,-14.542826134362253,4.732697562184358,-17.54369772113573,-16.43971572824349,9.329478922716628,0.05108313817330211,0.5238583138173303,2.8545081967213113,0.0018418172346419228,0.13289354310944182,0.22505303686773068,0.6035710422052034,0.2,-5.258152836825178,0.0,-17.423468415263304,0.009375,0.00027793454170204116,0.002734279362517756,ok,False,0.0018418172346419228,1.405152224824356,0.0,0.0,0.0
92,7023,0.45830501451628347,-0.9728420946112024,-1.3750400272788168,-7.051028593638153,-14.774988141078454,2.6262793017295634,-1.3750400272788168,71.43874337431541,69.46832593415144,73.57119243225782,70.09353155978594,36.35619190349469,normal,14.817489721571517,normal,92.067125,86.2,-4.42474929190859,-11.955322406723269,0.0,0.0,-2.764744758605957,0.0,0.08609356570636215,0.1802252816020025,17883728718860980858.mp4,2.819665734355185,unlabeled,0.4962149691068316,ad64001b906226ce8e5a73a5a68f82de,normal,3.5309918695395943,0.1,70.29725474783282,-15.210926795517906,-11.679934925978312,1,-20.136899687582897,-16.840667093989246,-15.246084061913828,-13.869225272172129,-12.70207179972297,-12.243773715571297,-11.413002078690772,/b/src/336185346/17883728718860980858.mp4,-0.43753373622894287,4.506315787226363,-14.520258298684011,-12.65917189700854,1.8610864016754718,-15.321717837841128,-15.25502345780046,14.811515480717002,0.007706409560021727,0.5385659967409017,4.528279467680608,0.0018389645210435059,0.20028570966744688,0.2094114189199344,0.4947966193358571,1.35,-4.573025342481337,0.0,-15.808254978894283,0.0,0.0006754787909659428,0.003272471999883355,ok,False,0.0018389645210435059,3.09614340032591,0.0,0.0,0.0
60,11306,-0.08216789476478503,8.788279747219248,1.0446245497964295,-16.498140803129917,-16.836311405748738,-4.660974966283629,-0.08216789476478503,31.42191889853472,34.177662244017206,32.004227410102715,32.0580574206803,17.183199513112694,normal,11.662897718177774,normal,60.000375,10.4,-21.159115769413546,-12.96941304910609,0.0,0.0,-1.9222831726074219,0.0,0.002535383667587591,0.013141426783479349,17883519406150144854.webm,3.8668983566426487,unlabeled,0.5606537967952725,8a9d28d9c539f7dc83dcf6a71a6f7739,normal,2.9710356863642176,0.30000000000000004,34.53800902127094,-11.574653855901852,-8.603618169537635,1,-20.226596608027666,-17.520933412767263,-16.311017364126684,-15.115971323424578,-13.744320604458409,-13.160092825094972,-12.62626638978301,/b/src/336185346/17883519406150144854.webm,-0.10586275905370712,4.324943647295907,-11.077673470897153,-10.721360155358196,0.35631331553895684,-11.587596762466504,-11.768760477231481,35.66916666666667,0.10031249999999999,4.51765625,18.409947916666667,0.0018388990718690612,0.10670700560955113,0.1196668359815792,0.6139644031209472,0.30000000000000004,-20.916995175585612,0.0,-16.40325224004991,0.0,0.0004584423679393158,0.0014691422115934243,ok,False,0.0018388990718690612,0.08333333333333334,0.0,0.0,0.0
2,119,14.407219961307746,10.08412887161816,7.730367671686514,0.48685362677680166,-20.237148266943944,2.0677328858831383,7.730367671686514,71.15697715528489,66.41754698779752,71.11424715181496,76.82456816610303,34.99698347899691,normal,19.20177923957565,normal,2.6470625,1.7000000000000002,2.55458651265994,-16.43064534378465,0.05,0.0,-1.5404300689697266,0.1,0.029529221523518643,0.4292866082603254,17883718694430279999.mp4,3.806502923159293,unlabeled,0.3574027635886851,5696a4c02395e2f87e87a7b8d681fe71,normal,8.627057696628599,0.30000000000000004,66.09496246981743,-22.137023344368924,-13.509965647740325,1,-84.20510043604546,-24.00803875162051,-21.00076592020721,-14.343786808327813,-13.31064404377619,-12.642223080831183,-10.934438579078893,/b/src/336185346/17883718694430279999.mp4,-0.3218704164028168,10.963773312661564,-22.672543384697597,-19.414928255498264,3.2576151291993334,-22.893063066107402,-19.523649655978467,4.168269230769231,0.03365384615384615,0.21875000000000003,1.2379807692307692,0.0018163347243923258,0.10918607154451843,0.2399336248955247,0.5907938238250742,0.55,0.48685362677680166,0.0,-14.063308492975516,0.0,0.0018163347243923258,0.02153339999948123,ok,False,0.0008796633873412609,3.8461538461538463,0.0,0.0,0.0
268,7367,3.7559801291080603,23.06036149736366,3.3731581315995562,-6.7167347530686845,-48.53255446681381,-8.158123835435692,3.3731581315995562,32.267446078987206,28.157505285712382,30.33949426192882,31.700046810069647,16.718745829639218,normal,22.47050878078192,normal,268.00325,68.2,-14.874858588504376,-23.624873177962172,0.0,0.0,-13.874817848205566,0.0,0.0004178676910957857,0.05569461827284106,17882986904072261398.webm,24.907681288851634,unlabeled,0.5373318498849863,5ba0ff4b5437bc504dcd871b5a8efe52,normal,16.623708608467062,68.4,29.79451266540189,-35.20969803624603,-18.58598942777897,2,-47.53624137965485,-42.972806435783816,-36.25718536953114,-29.952960646145996,-25.97304077662986,-24.48334747794533,-22.291009794241912,/b/src/336185346/17882986904072261398.webm,-7.82352876663208,17.844114995730852,-48.42291229258851,-22.975990933167562,25.446921359420944,-36.07437554036794,-30.294037547414,0.013001399253731344,0.0,0.0,0.0004314365671641791,0.0018131275946832851,0.26042895851167797,0.39410417578668866,0.5389037862884739,1.9500000000000002,-18.734058476510214,0.0,-44.99051758591813,0.0,6.853181093715901e-11,0.0016726332249467043,ok,False,0.0018131275946832851,0.0,0.0,0.0,0.0
20,3622,-4.727268938862106,9.21629557714822,-1.6080718404739405,-2.2671505777717984,-17.865221096699706,-4.2241827255927875,-4.727268938862106,16.412640850666815,12.796570989042653,16.913953626535733,16.526252482783757,9.768671474952015,normal,12.890620112945776,normal,20.318875,10.600000000000001,-6.491333303364586,-13.898617194229042,0.0,0.0,-3.178466796875,0.0,0.016031054009355186,0.13454317897371715,17881473718963999081.mp4,3.9666039024706645,unlabeled,0.5773199194273799,c320a9e88e2db65a83cf37d8a8277b27,normal,5.601998243196533,0.1,8.13790158656155,-15.84888743017986,-10.246889186983326,0,-21.582164457958832,-18.978978878837317,-16.334484927389532,-14.598756680790562,-13.005445002815335,-12.272807871341618,-11.933329753266497,/b/src/336185346/17881473718963999081.mp4,-2.0182859897613525,5.035041080411377,-18.320893056731922,-14.241674971571666,4.079218085160257,-15.972150091908434,-14.908906102707128,15.887931034482758,0.0021551724137931034,1.0985221674876846,6.282943349753695,0.0018092312931715015,0.270076511502229,0.270076511502229,0.456419651718605,0.9500000000000001,-9.780948206657303,0.0,-16.31775694143683,0.0,0.0005261844155548989,0.0422749978352326,ok,False,0.0018092312931715015,1.7241379310344827,0.0,0.0,0.0
178,4132,17.006361915108318,21.366876600734777,26.930874690391843,-12.598621829111217,-45.29261913350129,7.665626330529723,17.006361915108318,45.23031359826187,38.09601491003631,44.911063757446044,45.60736812193693,21.744251505373107,normal,15.054673314725637,normal,178.888,153.5,-4.932995498581493,-23.585144229148277,0.0,0.0,-12.999006271362305,0.0,0.041258139278110596,0.2334167709637046,17882992285692418554.webm,21.707474904353013,unlabeled,0.5961692609482614,f27caf243d8f6f14e4f3d54e70b74817,normal,7.662160879717511,97.60000000000001,42.19821428352614,-27.15856968164385,-19.49640880192634,1,-45.80463798791093,-36.49761785216449,-28.06441436826619,-24.348441847890292,-22.501552745162954,-21.702986752000772,-20.5467264835915,/b/src/336185346/17882992285692418554.webm,-11.293302536010742,10.071525231417581,-44.088677995183644,-24.17700025438715,19.911677740796495,-27.783457157352835,-26.34797585073638,0.0003145093653899916,0.0,0.0,0.0,0.0017747064713018923,0.2811044884467037,0.2811044884467037,0.5956728257451878,0.15000000000000002,-8.028217482999477,0.0,-25.12036538366162,0.0,4.283760879328333e-06,0.051515832487114284,ok,False,0.0017747064713018923,0.0,0.0,0.0,0.0
413,24367,-4.554938299970125,3.0927385395094475,14.51002240426478,-11.4497907145442,-21.885871980742202,-0.17597169565019044,-4.554938299970125,43.292131910388896,47.16076736728229,44.555916176609415,45.125936976342274,36.559332135902935,normal,16.821580471931576,normal,413.547375,170.35000000000002,-11.62576241019439,-16.211592137510074,0.0,0.0,-4.879204750061035,0.0,0.005673655576007294,0.07759699624530664,17883296974660820360.mp4,5.674279843232128,unlabeled,0.5424696981558061,a030218ae7199cc28a64c58d72cee2fd,normal,6.142764037884412,0.1,32.60456466991118,-21.350966161334792,-15.20820212345038,1,-28.380690887819174,-24.992996605294813,-22.219028078734066,-19.919832730688363,-18.18103095977673,-17.398894085572454,-16.037574122861177,/b/src/336185346/17883296974660820360.mp4,-3.985539436340332,7.213765630909654,-21.23793126801568,-15.795974461140935,5.441956806874744,-21.565403909474142,-20.807119908271908,1.503272370012092,0.0,0.0038996372430471584,0.16732920193470374,0.001769207217765283,0.49748019016323675,0.49748019016323675,0.5545120524462089,0.30000000000000004,-17.505174820925816,0.0,-21.17183996540141,0.0,3.3463614757972834e-05,0.0005103347628522318,ok,False,0.001769207217765283,0.0,0.0,0.0,0.0
15,2468,1.4579947579992245,4.320058639506765,1.0281038267959914,-4.657164173313758,-14.880667827950976,-1.4373125842926786,1.0281038267959914,20.548873761323335,13.995469941881083,17.971658867878553,19.962015506543985,7.647558659615825,normal,11.042609627500827,normal,15.0711875,2.2,-6.0944767576064365,-13.797183591338332,0.0,0.0,-3.3558239936828613,0.0,0.06773347132346025,0.15331664580725907,17883403664482967427.mp4,1.0834842366126445,unlabeled,0.5493543510452377,cc1b9ee9cef7801e5604c15fe86fa9ba,normal,2.8980526910111593,3.9000000000000004,13.684210252558568,-14.619580780219225,-11.721528089208066,1,-19.566765734669172,-17.231023476408037,-15.762596135821074,-14.22781195284253,-12.946404897081308,-12.594607667056726,-12.196023963144137,/b/src/336185346/17883403664482967427.mp4,-3.3558239936828613,3.7267744890420644,-15.118996028355298,-13.246423704578039,1.8725723237772591,-14.481696572382724,-14.398433621183688,20.300041528239202,0.0,0.31872923588039864,6.612126245847176,0.0017573207323523586,0.10391164515848966,0.25533761455616016,0.35018132567437815,0.2,-5.882166209581703,0.0,-14.225852960537747,0.0,0.0017573207323523586,0.08739565628525353,ok,False,0.0005619270178767149,0.0,0.0,0.0,0.0
77,6146,4.88064616065407,20.891859150944065,10.809453944274475,-5.368170780605626,-42.57576576715991,-3.7316026043068806,4.88064616065407,38.080959747092436,30.610654975702488,34.694682032664346,35.06313511227732,18.442212924199865,normal,21.34813243561073,normal,76.92775,41.5,-9.099773384912506,-23.205773350664668,0.0,0.0,-10.469771385192871,0.0,0.0018114975438830198,0.09386733416770965,17882968512990599919.mp4,19.36999241649524,unlabeled,0.53673852367393,0fa2366d02c2d012138d4ae76e752bd8,normal,14.70431304366496,43.2,29.37169230195733,-31.193596642032734,-16.489283598367773,2,-48.433370331504015,-39.5562781227635,-32.01136002399436,-26.46203326611577,-22.992297219356892,-21.364348342082252,-19.05769523252381,/b/src/336185346/17882968512990599919.mp4,-6.0425496101379395,16.015148779453916,-42.11649200509504,-23.12958097283114,18.9869110322639,-31.798441415764145,-27.39068204574867,0.06794538361508452,0.0,0.0,0.005201560468140442,0.0017502399770548303,0.2297899889558471,0.3608042881690107,0.5682966733147921,1.6,-11.94657068872912,0.0,-28.28875190054274,0.0,6.792168845778442e-07,0.003868634244247581,ok,False,0.0017502399770548303,0.0,0.0,0.0,0.0
240,18180,0.18680068973421182,5.3577787045816585,-0.6287776459563101,-6.490379157495777,-11.510250673486883,-1.7971268983124808,-0.6287776459563101,74.87898185314342,73.60420939535415,74.41135469146452,74.33843973267128,37.20820026917062,normal,12.795518772333898,normal,240.0725,220.5,-8.287506055808258,-9.812295228907054,0.0,0.43125,0.3398420810699463,0.0,0.044431679280818724,0.11514392991239049,17883283235460687238.mp4,1.6979554445798293,unlabeled,0.5444981974102792,f36b627f3d32a9a365be4de49967a3a5,normal,3.0316347868374747,0.1,73.264334202295,-10.17731194825193,-7.145677161414455,2,-13.057160430639525,-12.311450694753892,-11.542067193322596,-10.73817987580424,-9.426984862734125,-8.981853965338823,-8.49275458637886,/b/src/336185346/17883283235460687238.mp4,2.8039181232452393,4.390086377519482,-9.948328014758063,-8.796920913182255,1.151407101575808,-10.273363159247515,-9.991600649088658,43.58504738596125,2.0760388460737347,12.074776088314934,27.523029056446575,0.0016920357907345182,0.1175790537255094,0.3016588939191501,0.37385106926588907,1.25,-3.498856300684178,0.0,-15.48904420377084,0.0,0.0009019805912055294,0.1259748923301226,ok,False,0.0016920357907345182,65.54884399083524,0.0,0.0,5.228077483857529
10,3467,1.119940236685939,3.5437718035655887,-0.11304832326069292,-4.106196173170893,-23.191654352756295,-5.328336037514308,-0.11304832326069292,65.1393848015048,62.96657618832201,65.89483999390194,66.54348584605786,32.660978443879586,normal,19.46424086148806,normal,10.7044375,8.9,-9.434532210685202,-16.71257688010691,0.0,0.01875,-0.3510967195034027,0.2,0.009283208422903023,0.1132665832290363,17882819829021538170.mp4,6.4790774726493865,unlabeled,0.5450091327373301,5ec9fad095b7b15b66e4c834ee601bdc,normal,11.715728718933486,0.1,62.054995906764745,-23.153305115333872,-11.437576396400386,1,-25.52470018086217,-23.99603848773643,-22.62249145191472,-19.33109775785995,-16.00718745284778,-13.660460843357416,-11.849490240494399,/b/src/336185346/17882819829021538170.mp4,-0.3510967195034027,12.13489453950903,-23.8100205606523,-16.510514884459543,7.299505676192759,-23.867844848355766,-19.815337580991464,3.3475467289719627,0.026869158878504676,0.2996495327102804,1.2391939252336448,0.0016833320469217185,0.2515949444145239,0.2515949444145239,0.4458424664604249,1.4000000000000001,-0.5564952229744358,0.0,-23.497413363020037,0.0,1.1170033135131403e-05,0.1104692817434954,ok,False,0.0016833320469217185,2.336448598130841,0.0,0.0,0.0
61,11856,25.95259823811743,44.299863799651064,28.28065371992465,-3.0932478538105492,-45.402031184406816,-5.330746155942144,25.95259823811743,47.817158221297376,46.93799767178912,47.74146980181138,44.4855774966642,30.634530874151956,normal,18.958682087791612,normal,60.997375,7.300000000000001,-8.423994009752693,-23.83449203293089,0.0,0.0,-11.242626190185547,0.0,0.0061329426345949475,0.12077596996245307,17881471347760391895.webm,21.567539151475927,unlabeled,0.663463236257385,aa7f36220361bbd1be79adefe259fdb4,normal,13.478655014832608,1.8,39.284555911136756,-32.13306812143612,-18.65441310660351,1,-63.92324508277117,-54.53974529113561,-33.17121102366748,-26.5663677364134,-23.25926415323996,-21.795516705041315,-20.14547766601251,/b/src/336185346/17881471347760391895.webm,-9.591797828674316,14.39310625888455,-47.44618775492413,-23.871745017706843,23.57444273721729,-33.78583993216826,-28.550479916465928,0.026148482362592287,0.0,0.0,0.0,0.0016830025531789795,0.3241858048393135,0.45207686905012684,0.7253821086592714,1.8,-4.496027590900899,0.0,-26.068040873809714,0.0,2.5921468052913217e-06,0.04978868959081059,ok,False,0.0016830025531789795,0.0,0.0,0.0,0.0
4,512,-5.069609963905329,2.027547064870671,0.4492725973033229,-16.197144087102714,-15.062722953419437,2.699807786243504,-5.069609963905329,4.28099465810979,3.757470105850075,3.2695503313504926,4.638926590986049,2.682996145397528,normal,12.796676393421421,normal,4.342125,2.75,-13.49733630085921,-13.711453122447214,0.0,0.0,-1.9854856729507446,0.0,0.0028469646930646495,0.06382978723404255,17881944209360229122.mp4,1.3512698309722229,unlabeled,0.42461333520849276,1a370620a91b7846b3ea2c2745ee1c18,normal,2.860119138328736,0.30000000000000004,3.9219195372793685,-13.633687892419388,-10.773568754090652,0,-17.587503709697927,-16.271856615045,-14.764654647983832,-13.868104333610535,-13.089646362829424,-12.594237904567784,-11.54868975491309,/b/src/336185346/17881944209360229122.mp4,-0.5172489881515503,3.575786283394679,-13.317367392026298,-12.610381232575719,0.7069861594505795,-13.268736531716069,-13.313925381572972,24.353197674418606,0.14607558139534885,2.1867732558139537,10.077761627906977,0.0016738367078312382,0.19479807302134017,0.24825080408756914,0.20410256141004113,0.6000000000000001,-12.72730337273715,0.0,-14.05185911064861,0.021875000000000002,0.0016738367078312382,0.004939459982474194,ok,False,0.0007037655259490763,3.488372093023256,0.0,0.0,0.0
12,1539,3.1715330406932942,3.9062931120493545,2.963542129227664,-15.33598988122381,-18.421484157924528,1.8504330082285438,2.963542129227664,77.41722907740703,70.62002525707416,77.9584368206589,74.8395864735995,35.418036156423646,normal,16.030723952779987,normal,12.6316875,8.3,-13.485556872995266,-14.174543525378503,0.0,0.00625,-0.9873067140579224,0.1,0.0027613911628076937,0.056320400500625784,17881842512440169283.mp4,4.246940632546025,unlabeled,0.5271570402876532,eea60321826aa5a1dc90242ed1fe9d31,normal,9.850387887003846,0.1,72.11749028230167,-18.63393960124468,-8.783551714240835,1,-29.447161115091795,-24.787729744021483,-20.56525792068352,-16.78426315607185,-13.574459782952717,-12.420611873796368,-10.917365350141182,/b/src/336185346/17881842512440169283.mp4,-0.9715258479118347,12.31066935908901,-16.823979376028884,-13.606133086615227,3.2178462894136572,-19.064190637017965,-17.00224980069182,8.375248015873016,0.08060515873015872,0.7876984126984127,3.3204365079365075,0.0016655568706579965,0.19306008030306987,0.462876569922918,0.5163914016354771,0.9,-15.033432416605084,0.0,-16.445543227086777,0.0,0.0004497593961021253,0.0015030306604601339,ok,False,0.0016655568706579965,3.968253968253968,0.0,0.0,0.3968253968253968
23,1578,27.79330210849449,16.62051408905898,31.283126312516433,-14.233641888433443,-51.12040914284685,4.5756690752019225,16.62051408905898,34.59616850450542,30.361898713417485,35.02604666103309,34.523145938175745,16.555966943528283,normal,18.603806667738688,normal,23.720625,4.5,-9.65797281323152,-23.506148526325475,0.0,0.0,-9.237752914428711,0.0,0.008086339306401139,0.10137672090112641,17882984411912776904.webm,27.614260616521378,unlabeled,0.47382871732321236,ab60f99b9b872287edc957346f80878a,normal,17.221169248417723,13.200000000000001,32.769986423934476,-36.12531208278351,-18.904142834365786,2,-54.98671271110208,-52.54065128962325,-37.16107794466713,-25.585246937038335,-22.414616143432916,-21.086698308730565,-19.486217252415287,/b/src/336185346/17882984411912776904.webm,-8.495301246643066,18.709571310077436,-50.0784441498217,-23.132584732802243,26.945859417019456,-36.89623509951669,-27.099107914381754,0.1061445147679325,0.0,0.0,0.0017141350210970463,0.00165650174719454,0.13959487725757033,0.3284707523479919,0.498810020265538,0.55,-13.459246838759507,0.0,-23.537520444534906,0.0,9.212270273110422e-06,0.0036656010342173465,ok,False,0.00165650174719454,0.0,0.0,0.0,0.0
46,9468,19.060580644252,18.842772814498353,30.215818415216006,-13.349273126888725,-40.95598920931246,2.249975418867077,18.842772814498353,35.232247542242064,27.97519343238932,32.04061047755063,35.98033879259829,16.332486493660127,normal,24.68686356811824,normal,46.3455625,42.95,-11.099297708021648,-23.115788349681907,0.0,0.0,-8.01547908782959,0.0,0.00013960483930456816,0.08010012515644556,17883776984760501604.mp4,17.840200859630556,unlabeled,0.45802747707187835,ab140021b852d89bb7ba8931d958525c,normal,19.317825978792445,43.0,32.36812712305846,-33.83667081347554,-14.518844834683097,2,-52.82507442328992,-44.56290915803531,-34.96306188342149,-29.68177870543166,-25.240630293182228,-23.09646581733881,-19.662891282754682,/b/src/336185346/17883776984760501604.mp4,-4.194938659667969,21.125295837502875,-41.170624594273505,-22.66084598270545,18.509778611568056,-34.52677945217908,-28.88180222778621,0.11987041036717062,0.0,0.0024973002159827213,0.020315874730021596,0.0016439882813385662,0.22780427224422217,0.41188397371648794,0.5104250341492668,1.9000000000000001,-15.722273481413868,0.0,-29.915554077287858,0.0,2.733863483704488e-07,0.00014223712071965977,ok,False,0.0016439882813385662,0.0,0.0,0.0,0.0
82,9770,7.531029489154792,9.941695999342262,3.909641923064161,-10.612006486769728,-14.539783300319662,-8.815571032479136,3.909641923064161,9.514977465686297,10.426480340819431,11.193381736515146,10.306934877748919,6.97297788039948,normal,13.398254193518122,normal,82.4555,52.35,-19.427577519248864,-12.145460905495597,0.0,0.2375,-0.09831893444061279,0.0,0.001477607413091578,0.02190237797246558,17882847301893826052.webm,2.3943223948240657,unlabeled,0.5165643322050577,01bc994a1ebd0fbcd3561357432743c1,normal,5.076665992969943,77.2,8.75601310047947,-13.454561714595295,-8.377895721625352,0,-19.90325268330895,-17.796058171207395,-15.221805517469624,-13.675949157220598,-12.660826928732288,-12.10145454849824,-11.1783496175444,/b/src/336185346/17882847301893826052.webm,0.5144978761672974,5.752003812662716,-12.723829787208752,-9.452780267490093,3.271049519718659,-13.486893429256275,-12.883756317350825,25.851311400849,0.3319436021831413,3.223734081261371,12.459596725288053,0.0016373301509322383,0.20212017388488746,0.4071933178531428,0.33351554136667966,0.9,-21.70396839312079,0.0,-14.061638101817824,0.0,0.0016373301509322383,0.00046802225557619087,ok,False,0.0015264709007782225,4.063068526379624,0.0,0.0,0.0
42,14710,12.565778398045643,-1.5724292009105447,-5.803265159502211,-9.594162583263458,-14.369309983920395,9.366819054621743,-5.803265159502211,6.548745933236624,5.475368933125473,5.830355011601263,5.705565017876742,3.6762016276023957,normal,13.319128819969766,normal,42.213875,21.400000000000002,-0.22734352864171492,-12.36218784000563,0.0,0.00625,-0.9093310832977295,0.0,0.08971604523729208,0.2571964956195244,17883618546620500101.mp4,2.0071221439147653,unlabeled,0.45659092314206784,2aed04c8d472f6db16bc3075a12a95e5,normal,4.597714049226671,30.3,4.730533110165702,-13.231094529156188,-8.633380479929517,0,-18.203202017342555,-16.22623548078348,-14.997182659813927,-13.769472806755196,-11.870684155206645,-10.959343155609192,-9.958957147045588,/b/src/336185346/17883618546620500101.mp4,0.5266294479370117,6.100326857419139,-12.957252272865771,-12.99796527249088,-0.04071299962510899,-13.30876014696302,-12.792499372032754,26.7237855450237,0.35137736966824645,3.228450829383886,11.819979265402845,0.0016236805265940572,0.04085707231510273,0.1551759793896095,0.31566387180364697,1.3,-12.775040620639432,0.0,-14.128358974352691,0.0,0.0016236805265940572,0.01204686972482526,ok,False,0.0010748206511308766,10.90047393364929,0.0,0.0,0.11848341232227488
15,1988,-6.028015702774653,-0.8456778489019889,-8.738413263798453,-9.662028714517971,-43.89963347051729,-0.881803805955574,-8.738413263798453,39.01364991480817,35.13958148764439,43.09020088736183,39.721147893970695,21.053843129600665,normal,21.0427061542432,normal,15.4398125,12.850000000000001,-10.543832520473545,-23.465082954161343,0.0,0.0,-9.262796401977539,0.0,0.0020202506643115614,0.09574468085106383,17882975302122573741.webm,20.434550516355944,unlabeled,0.5058656490507684,590ee32c2c8890929cdec5dd1e229f21,normal,23.364432425026475,7.1000000000000005,38.580146730662875,-39.12461583984155,-15.760183414815078,2,-54.27461849904588,-47.90812583243042,-39.53273908579655,-26.41136134113485,-20.482263915550956,-18.770819154056518,-16.178609079121777,/b/src/336185346/17882975302122573741.webm,-4.606392860412598,24.692422191872197,-43.80011810315881,-22.947549731648767,20.852568371510042,-39.68054126581232,-25.649099014655796,0.8528814935064934,0.0,0.004058441558441558,0.1266233766233766,0.0016154845746100999,0.204204100431166,0.23829770063447525,0.4911435537943324,1.85,-11.602680709511851,0.0,-26.207307924480403,0.0,2.1358056907950006e-06,0.0034219531626280665,ok,False,0.0016154845746100999,0.0,0.0,0.0,0.0
34,1246,-1.9384061299043633,3.7322128983284095,0.3983354538128472,-12.105594059189823,-17.906117560511237,2.251877002370616,-1.9384061299043633,12.565067302390556,23.060926221815244,18.18175716030731,12.54889359961495,13.279181658888842,normal,15.039560051222399,normal,34.317625,19.25,-9.853717056819207,-13.82524130756608,0.0,0.27499999999999997,0.6189566254615784,0.0,0.02447123363152311,0.07697121401752191,17881538834371167966.mp4,4.080876252945158,unlabeled,0.4528826885796109,1b886c4ce7600a40b20dcb7778cc55f9,normal,7.610161361440228,8.0,15.01177239918239,-14.350609853380403,-6.7404484919401755,2,-21.591215277276923,-19.861483484724715,-17.365323246009382,-14.695307165061635,-11.453188564438436,-10.397768095353062,-9.12162518354386,/b/src/336185346/17881538834371167966.mp4,2.4085564613342285,9.173269724669531,-14.537624340079674,-12.55188512109926,1.985739218980413,-14.501639591061622,-12.63100358988817,22.85805393586006,1.3372813411078717,4.747995626822157,11.563775510204081,0.0016071667248855584,0.12773399005466188,0.4023548973339273,0.19893331771310105,0.6000000000000001,-13.186732447310236,0.0,-19.325456180263817,0.0,9.290412118950205e-05,0.0001412922180258202,ok,False,0.0016071667248855584,11.807580174927114,0.0,0.0,0.7288629737609329
44,9129,9.298714091258562,4.20515317118117,2.906276075503893,-11.22830561781845,-15.205510766875218,2.271017757376166,2.906276075503893,11.693081388111095,8.720172176995042,11.424633991499029,9.306460698101096,5.487645743709095,normal,15.072948590294757,normal,43.9989375,24.25,-8.957287860442284,-13.282219585685244,0.0,0.0,-3.5850021839141846,0.0,0.010289921470638022,0.11639549436795994,17882847300471118232.webm,1.923291181189974,unlabeled,0.49073816638260676,00266e9c732426a68c87b27174152723,normal,6.495921946102112,30.0,7.57184979082268,-14.449411491191494,-7.953489545089382,1,-18.571083976596704,-16.858693215814633,-15.05949176888281,-13.459888383945113,-12.222339030733712,-11.236050439159216,-9.08461371659606,/b/src/336185346/17882847300471118232.webm,1.0320324897766113,7.636381188117238,-15.026210499820108,-13.566212991344653,1.459997508475455,-14.739456300839617,-14.040916100518146,18.454635949943118,0.3775597269624573,1.7851251422070533,7.189135381114903,0.0016050652087893002,0.13450468318494688,0.3405939886209791,0.6705477677008784,0.4,-14.811942835766441,0.0,-14.123530252746203,0.2375,0.0016050652087893002,0.004568824682115519,ok,False,0.0008949864581926513,8.64618885096701,0.0,0.0,1.023890784982935
8,873,10.874143426148734,8.247325008172155,8.184975687964945,-12.229761497775108,-23.157769213713905,-0.17770958563800576,8.184975687964945,35.65219042397597,13.598021972898088,18.71726579961856,21.202241162699124,7.7046222737632455,normal,15.2349749558288,normal,8.05875,1.4000000000000001,-12.407471083413114,-16.60316300093178,0.0,0.0,-3.32080340385437,0.0,0.006069134690494093,0.07133917396745931,17883371443270039210.mp4,6.554606212782126,unlabeled,0.5365587072162403,7905c7454a40b245de7181d0825ce04a,normal,4.940349182197457,0.2,16.56899257892713,-17.162273141317435,-12.221923959119978,1,-29.304017812062593,-22.242293336433196,-18.37132037576138,-15.591274229042524,-13.959434254487725,-13.429185948750785,-12.722356176201354,/b/src/336185346/17883371443270039210.mp4,-1.8066030740737915,6.571885340586084,-22.49838707654443,-16.03278422060046,6.46560285594397,-17.811748485592968,-17.041578029902592,8.349767080745343,0.0038819875776397515,0.20380434782608695,1.9437111801242235,0.001585464429616923,0.1602229494216196,0.37313289276388617,0.6955088667111675,0.65,-11.336571235033118,0.0,-16.582913025006544,0.0,0.0004239390673117601,0.00442434344343215,ok,False,0.001585464429616923,0.6211180124223602,0.0,0.0,0.0
52,3205,8.535815114458757,6.6368846791760365,8.990960596359127,-6.186438290821748,-17.686729212642902,-0.3147022711440819,6.6368846791760365,35.020421830197996,39.57043425722286,39.30627783394827,38.34479564486312,35.80538269935614,normal,15.42970825247032,normal,52.8021875,36.35,-6.50114056196583,-13.952664433877386,0.0,0.0,-3.3512182235717773,0.0,0.022782757382707172,0.14205256570713393,17883362291631020109.mp4,3.734064778765516,unlabeled,0.49703284908972867,b0d9e87c054df0221b0d694d0beedc33,normal,6.201768444999111,2.1,11.36202631600635,-17.4763060879585,-11.274537642959388,0,-25.02191863332291,-20.91441946692203,-18.165755273005644,-15.782987098718564,-14.203660225950028,-13.623106228075267,-12.530369185365755,/b/src/336185346/17883362291631020109.mp4,-1.3731104135513306,6.404452279408112,-17.721731552378408,-13.98908368509956,3.732647867278848,-17.79244119809522,-16.80281866602165,8.647845643939393,0.011896306818181818,0.42885890151515155,2.7242542613636362,0.0015804699890071554,0.2359935944962821,0.27866068745399963,0.5363653801110558,0.1,-8.266915594827429,0.0,-19.190795365266464,0.0,0.00010385490415929907,0.0068659628407300236,ok,False,0.0015804699890071554,0.3787878787878788,0.0,0.0,0.0
18,2501,0.551749837601184,8.513402171097985,-6.576568269384101,-8.629659000960904,-19.3737562264471,0.7395856145644917,-6.576568269384101,8.507477317842252,5.721605885742878,7.548319100005202,8.021436526117057,4.2458560841442825,normal,13.765389195764268,normal,18.459875,17.35,-7.890073386396413,-15.093709200062086,0.0,0.0,-6.064842224121094,0.0,0.01582020701358374,0.1251564455569462,17883363579372929706.mp4,4.280047026385013,unlabeled,0.4443056897962509,a657af9aa9590a53b929c10f13ba108c,normal,4.217950159891982,17.3,6.516203624056068,-16.326471045216053,-12.10852088532407,0,-20.21008398371884,-18.685522324963376,-17.338742670021478,-16.330957197760902,-15.768640050647589,-15.256383899971855,-14.490686632355379,/b/src/336185346/17883363579372929706.mp4,-2.3660714626312256,4.685647908482524,-19.19892524263971,-15.144592337026356,4.054332905613354,-16.33174295817114,-16.131460658395493,10.812669376693767,0.001524390243902439,0.1505758807588076,2.619071815718157,0.0015681882517619304,0.42210374221591584,0.42210374221591584,0.4838925283552043,0.8500000000000001,-6.967933169447267,0.0,-16.17525006134366,0.0,0.0005432855005269211,0.0012607733130834498,ok,False,0.0015681882517619304,0.0,0.0,0.0,0.0
136,6282,-14.14388144084031,5.428836701976529,-10.493946936033549,-13.731000162676757,-17.575135261800874,-6.044951467391655,-14.14388144084031,74.37289557567944,64.68161197722279,73.46942771579558,75.2629973029487,33.98802954643388,normal,13.226138343786399,normal,136.04575,121.10000000000001,-19.775951630068413,-13.595253271658649,0.0,0.0,-4.546248435974121,0.0,0.0025939451725523447,0.024405506883604502,17882729831740370000.webm,3.979881990142225,unlabeled,0.46167040462020015,0bc6488a3a146c98c96c42803036c2ca,normal,3.5367572814524397,0.4,74.86099352668339,-13.279825122441295,-9.743067840988855,1,-17.87406387828729,-15.532847940106876,-13.613153340843308,-12.646498090728862,-12.04708755575998,-11.703934179543797,-11.131847162594775,/b/src/336185346/17882729831740370000.webm,-0.2609497904777527,3.7156278936671665,-16.723653345644756,-12.668911450860172,4.054741894784584,-13.433911026982363,-13.487088134264152,22.653791360294118,0.1517922794117647,2.265785845588235,9.737201286764705,0.0015526652866403097,0.05510220468665691,0.05510220468665691,0.4458137784965485,0.55,-8.849659793038871,0.0,-15.903014865311196,0.0,0.0006732133938527543,0.05234863611956697,ok,False,0.0015526652866403097,9.080882352941176,0.0,0.0,0.0
18,933,6.950424602170306,5.085493357305506,3.914818393196059,-7.453607767878958,-15.81784310956185,2.329855760882535,3.914818393196059,6.607944632162546,10.135576222338987,8.086359181933531,7.014510063521135,5.405583395860916,normal,13.444035672612916,normal,18.4148125,7.15,-5.123752006996423,-12.68163345965723,0.0,0.0,-1.851130485534668,0.0,0.05124037741821115,0.16645807259073842,17881818515382911741.mp4,3.13620964990462,unlabeled,0.49744920536913645,d816a361d08174121ea078fdebb9f80d,normal,5.383609682634038,1.1,6.017302280290746,-15.431007328005645,-10.047397645371607,0,-18.309426361310447,-17.088657354099862,-15.765653895942506,-14.141081965546674,-12.751987191705105,-12.069480282897784,-11.601447951565186,/b/src/336185346/17881818515382911741.mp4,-1.2011724710464478,4.979503071185816,-15.515780662324879,-13.333533522151871,2.1822471401730077,-15.69828510096195,-14.645208143659364,15.289572010869565,0.2511888586956522,1.8111413043478262,6.223335597826087,0.0015289226790435291,0.09715340295574959,0.22206133870975406,0.43690136422707515,1.55,-8.577704369090666,0.0,-15.573972933316902,0.0,0.0007904658447787991,0.03744148948948239,ok,False,0.0015289226790435291,4.619565217391304,0.0,0.0,0.0
18,933,6.950424602170306,5.085493357305506,3.914818393196059,-7.453607767878958,-15.81784310956185,2.329855760882535,3.914818393196059,6.607944632162546,10.135576222338987,8.086359181933531,7.014510063521135,5.405583395860916,normal,13.444035672612916,normal,18.4148125,7.15,-5.123752006996423,-12.68163345965723,0.0,0.0,-1.851130485534668,0.0,0.05124037741821115,0.16645807259073842,17881898673623789229.mp4,3.13620964990462,unlabeled,0.49744920536913645,d816a361d08174121ea078fdebb9f80d,normal,5.383609682634038,1.1,6.017302280290746,-15.431007328005645,-10.047397645371607,0,-18.309426361310447,-17.088657354099862,-15.765653895942506,-14.141081965546674,-12.751987191705105,-12.069480282897784,-11.601447951565186,/b/src/336185346/17881898673623789229.mp4,-1.2011724710464478,4.979503071185816,-15.515780662324879,-13.333533522151871,2.1822471401730077,-15.69828510096195,-14.645208143659364,15.289572010869565,0.2511888586956522,1.8111413043478262,6.223335597826087,0.0015289226790435291,0.09715340295574959,0.22206133870975406,0.43690136422707515,1.55,-8.577704369090666,0.0,-15.573972933316902,0.0,0.0007904658447787991,0.03744148948948239,ok,False,0.0015289226790435291,4.619565217391304,0.0,0.0,0.0
4,254,5.942936275859648,13.847212183935259,10.572542053415672,-3.4389094415941184,-20.23211790048856,-5.224616845800847,5.942936275859648,12.442573281655616,12.017868892088345,13.176763318492197,13.849546281401928,8.333832816862724,normal,19.80601071962395,normal,4.50175,3.4000000000000004,-8.663526287394966,-16.02482254424862,0.05,0.025,-0.6519762277603149,0.1,0.012648604841146627,0.10575719649561952,17882972984082725586.webm,4.207295356239939,unlabeled,0.44330799679826743,2ac8f211ea92fbca131ba5950c07e0b8,normal,8.32060231463436,3.1,10.328566972309341,-20.53761412807824,-12.217011813443879,0,-24.904916310550767,-23.503215145846195,-20.368153317515628,-15.663175720424379,-12.37855615593954,-11.278184436566203,-9.84207859433808,/b/src/336185346/17882972984082725586.webm,2.327850341796875,10.596358659471354,-20.467472335750784,-16.123979313906652,4.343493021844132,-20.684047988529727,-17.478160377827074,6.8597222222222225,0.16527777777777777,0.8416666666666666,2.8736111111111113,0.0015107255919109275,0.3597274330112077,0.44330799679826743,0.491183210685497,1.1,-1.8992188288802616,0.0,-17.651014018066746,0.05,0.00027456148869257923,0.08267917416008819,ok,False,0.0015107255919109275,7.777777777777778,0.0,0.0,0.0
47,5964,7.84622928215982,4.064737543163542,1.6816223986682322,-15.338856199057346,-17.944323837677224,1.5085914311030777,1.6816223986682322,13.672828166120084,13.685614857426387,13.657946816206142,11.429038146032752,8.433036550548373,normal,15.207721345042867,normal,47.284,5.25,-13.830264767954269,-15.227260854367096,0.0,0.0,-1.629061222076416,0.0,0.008005856791864401,0.06382978723404256,17881823853491102384.webm,2.7170629833101287,unlabeled,0.50895336688647,fa0250dfcb3308372d85259aa05b3a2a,normal,6.822336910551044,23.5,10.53758314851018,-17.46903716126173,-10.646700250710687,0,-24.439284096249523,-22.68164030964054,-19.2374659444631,-17.145836385775464,-16.085545675057382,-15.134520826476907,-13.835732255596549,/b/src/336185346/17881823853491102384.webm,-1.629061222076416,6.27878530789822,-16.151947632094462,-14.212353692003594,1.9395939400908677,-17.706969552095227,-16.836782567119283,8.423478835978836,0.01011904761904762,0.5318121693121693,2.6460978835978834,0.001499216359919912,0.22626122892681985,0.22626122892681985,0.28915802139155394,0.1,-11.909299980338837,0.0,-14.299572935452314,0.0,0.001499216359919912,0.01770767517853067,ok,False,0.0007561939840073096,0.0,0.0,0.0,0.0
14,4692,8.905254281494738,11.495295300923132,6.5248737366921015,-8.224174030800805,-21.06205641863322,-1.3687921214872087,6.5248737366921015,13.48414672152926,6.877929298172315,9.47722332834244,12.744683701324293,4.640084809445391,normal,10.064270326786005,normal,14.0030625,1.6,-9.592966152288014,-15.925893075303641,0.0,0.0,-4.074559688568115,0.1,0.030786244655034437,0.08635794743429287,17882594178701321642.mp4,5.136163343329578,unlabeled,0.5868895785661549,818886cb7362abdd66986dbddf797318,normal,5.4276474401385055,1.3,10.444565713074892,-13.729447368886785,-8.301799928748279,0,-21.536063787212488,-19.018133992474688,-15.389575836992394,-14.160891815530727,-12.459995283454054,-11.039783819475785,-10.310267448304922,/b/src/336185346/17882594178701321642.mp4,-2.7225425243377686,5.174414385903727,-20.26060988860285,-14.331570258634649,5.9290396299682016,-13.892166839478326,-12.786812851123774,27.041294642857146,0.00022321428571428573,3.6328125000000004,14.0109375,0.001469151705000228,0.2848700058360172,0.2848700058360172,0.4450653273578575,1.6,-9.592966152288014,0.0,-15.925893075303641,0.0,0.0006408780685600838,0.030786244655034437,ok,False,0.001469151705000228,8.928571428571429,0.0,0.0,0.0
5,1894,8.74260552783059,12.543291163418285,11.151853127280255,-3.6999756896841265,-20.59091274399266,-6.555845515724425,8.74260552783059,34.86717534956286,26.75655237747117,32.39574216440311,34.94512481806193,16.111874370144815,normal,15.979463339939596,normal,5.8746875,2.25,-10.255821205408552,-15.289895647620671,0.0,0.0,-2.954582929611206,0.0,0.009675528648333114,0.0725907384230288,17882962082150616264.mp4,5.301017096371989,unlabeled,0.5527236357338666,bc1a071a1e13fdf33834a048bd27ca5b,normal,7.3463776668311205,4.7,31.37108922143844,-20.657897049723665,-13.311519382892545,1,-49.17668026739614,-31.865456542874313,-20.59091274399266,-16.73122322941604,-14.819241494971495,-14.3363616663801,-13.205076743371817,/b/src/336185346/17882962082150616264.mp4,-2.954582929611206,7.535385206574796,-22.982703155613763,-14.956952501891719,8.025750653722044,-21.247663449892578,-18.9340462695508,5.448183760683761,0.0010683760683760685,0.38301282051282054,1.9182692307692306,0.001461898345747001,0.05331816534601389,0.43838311256869184,0.5712533435199837,1.35,-6.504088014876361,0.0,-16.399953050624674,0.0,0.0004885075553784994,0.010239180159460728,ok,False,0.001461898345747001,0.0,0.0,0.0,0.0
171,15235,-1.1723717491400785,1.7386381266099775,2.1484196329523773,-5.485424029096604,-14.844284292429979,2.0459220126083277,-1.1723717491400785,43.88726276237081,24.791529109640678,30.603818476539516,49.48574290125709,12.769974067440536,normal,13.93482542612999,normal,171.0614375,148.25,-3.4395020164882766,-12.26769762309896,0.0,0.0,-2.6058599948883057,0.0,0.025720883010629202,0.21339173967459324,17882852783301885668.mp4,2.5765866693310198,unlabeled,0.501941460828544,4e0afd47f744cd65933d6cc520a57ed1,normal,2.1634153635968563,0.4,29.11323013961513,-14.214183319997193,-12.050767956400337,1,-17.20713537832891,-15.579332972591482,-14.34574829134107,-13.475443951282818,-12.909698212987964,-12.65395286623688,-12.218632442221649,/b/src/336185346/17882852783301885668.mp4,-0.369390606880188,2.8338852825916465,-14.41118000198825,-13.224378115662494,1.186801886325755,-14.198619157196026,-14.304216033010178,19.732808389359835,0.0028865828705057,0.7852601578485823,6.822018415667934,0.001448527110576802,0.13474656591334053,0.2852701077821314,0.36811508906165513,0.4,-0.8057271968768129,0.0,-14.865962625897858,0.0,0.0012767614253456642,0.20261790625140122,ok,False,0.001448527110576802,0.6138555977784274,0.0,0.0,0.0
15,3981,10.259583242854799,10.029942668223505,4.529497530510726,-13.524034002012009,-16.966061529000946,3.8559690261696815,4.529497530510726,54.29185956859875,55.47087666439245,52.252612986543596,57.80515545192881,35.68984349235665,normal,14.79321961763928,normal,15.000125,4.75,-9.668064975842327,-13.642879713898584,0.0,0.0,-1.2734851837158203,0.0,0.03804272089962843,0.08635794743429287,17882937250210556712.mp4,3.3231818151023624,unlabeled,0.511105885531474,aafd25a5c5a80dfe2024449c2e4ac248,normal,5.622619432078661,0.1,38.74525586819735,-15.500654482814909,-9.878035050736248,1,-26.56052160244982,-21.4772107881929,-18.373150272432653,-15.621071556089527,-12.619401627431062,-11.565755912002635,-10.53964197269379,/b/src/336185346/17882937250210556712.mp4,-0.3088155686855316,8.123837400776067,-14.123609679026096,-12.613881908071672,1.5097277709544237,-16.33041744485284,-15.102035186324812,14.468958333333335,0.086875,1.466875,5.68875,0.001406272706943583,0.1880639115959963,0.42047788312360473,0.33118590642911705,1.6500000000000001,-15.47196045171593,0.0,-16.194220606311614,0.003125,0.0005161560814253384,0.0021095778260666023,ok,False,0.001406272706943583,7.666666666666666,0.0,0.0,0.0
65,15867,-2.3059618309957415,-1.4316030797129127,-1.4279147153793792,-13.10183130058591,-20.725633871990855,3.3349066218165966,-2.3059618309957415,7.559898784092482,9.442443698101506,8.892732543708718,8.208183941427993,4.762139316187191,normal,12.647029470625917,normal,65.6853125,27.450000000000003,-9.766924678769314,-15.559714496939675,0.0,0.0,-4.421874523162842,0.0,0.02573397270770745,0.09699624530663328,17883789190941351406.webm,5.16591937505118,unlabeled,0.4164079243292971,4ab4684148ecb1606a368aa17ace597a,normal,4.978657992991403,0.5,8.25466803270873,-16.727241774354248,-11.748583781362845,0,-22.15499457816248,-20.486135866765466,-18.049616080140844,-15.230209494674112,-13.879766180219328,-13.291303514084992,-12.445530921335768,/b/src/336185346/17883789190941351406.webm,-3.446861505508423,6.206631454394811,-19.485146719887155,-14.620362978429842,4.8647837414573125,-16.86839261485321,-16.09389097613434,10.889232673267326,0.0,0.24233625285605484,3.576589870525514,0.0013867557493707796,0.13837835904921872,0.24009258706412603,0.388858992564601,0.5,-14.491146484704153,0.0,-19.06337290343961,0.0,0.00010778099125388265,0.0054125651553398125,ok,False,0.0013867557493707796,0.2284843869002285,0.0,0.0,0.0
24,4306,1.5814712582461965,10.852329922399491,3.94476356110727,-13.960275103878619,-24.032313335508874,-3.1840393520878507,1.5814712582461965,69.49233366583479,57.884082489479816,71.1533844537499,71.53678289954401,31.970099278462953,normal,15.604242911998195,normal,24.055875,9.75,-17.14431445596647,-17.267845060408007,0.0,0.0,-5.4303765296936035,0.0,2.02512887499284e-05,0.04755944931163955,17881922260521632941.mp4,6.764468275100867,unlabeled,0.4102466846951184,65d71a09e05bde8fbebe5e375cb49686,normal,6.32104249437365,0.30000000000000004,69.15759626249347,-21.77180128052914,-15.45075878615549,1,-26.284731122420208,-24.82643373190979,-22.495718818419,-19.846160917667408,-18.43955028696635,-17.666369204689563,-16.364091226787785,/b/src/336185346/17881922260521632941.mp4,-5.098784446716309,6.618999900300482,-23.379287310749792,-16.599098591326083,6.780188719423709,-21.810413653593393,-20.703027358714504,1.4872661122661124,0.0,0.002598752598752599,0.1392931392931393,0.001346606810037729,0.15396883261413477,0.3533785497840612,0.40454800892254444,0.55,-19.038956074469656,0.0,-19.112869174408495,0.0,0.00010358866669141415,3.142164381766387e-05,ok,False,0.001346606810037729,0.0,0.0,0.0,0.0
68,16557,-4.729246470613532,28.35704670443683,21.81522963790711,-2.402819637026704,-40.995057614486285,-5.120912765288615,-4.729246470613532,42.98135676345508,35.40533302753154,37.72464093919828,42.48249108350152,18.576439127815313,normal,28.672020870782873,normal,68.1055625,64.95,-7.523732402315319,-23.29089193530112,0.0,0.0,-7.548677921295166,0.0,0.002135708064493285,0.13078848560700876,17881476530211282024.mp4,17.704165679185166,unlabeled,0.5296390866553785,fb205fe90193025e170d30cde53f6224,normal,33.581903164715015,41.7,37.86690099808836,-50.82113182557543,-17.239228660860416,2,-64.6052109271513,-56.65788004665163,-50.46671525522612,-44.245613447715115,-36.729428616374946,-31.38800484251485,-22.94351775020576,/b/src/336185346/17881476530211282024.mp4,-7.540786266326904,35.60335837809826,-42.431399114680474,-23.116845099263934,19.31455401541654,-51.14504105914651,-36.21280713710978,0.026890602055800295,0.0,0.0,0.0011013215859030838,0.0013366591424483546,0.1209877624246318,0.39615258506162215,0.4194549143674627,0.2,1.072412108080472,0.0,-54.02165214463278,0.0,5.751351823349252e-13,0.3939481797670862,ok,False,0.0013366591424483546,0.0,0.0,0.0,0.0
77,9958,20.0305634558218,4.536249903228914,14.068189580083331,-7.6712963616161804,-44.733142188496856,4.832820310221344,4.536249903228914,40.20662625874141,35.09712516672645,35.86180633110424,40.64369226153785,19.362844427302512,normal,25.23805073399525,normal,77.0003125,33.050000000000004,-2.838476051394837,-24.175449151137546,0.0,0.0,-7.8573994636535645,0.0,0.014635358716190972,0.2083854818523154,17882986904743056536.webm,20.55769303735931,unlabeled,0.5970839155161491,1079d4dd3a9e6126a583a990158f07b2,normal,20.194577110669353,40.2,37.36642629556986,-38.16639913862035,-17.971822027950996,2,-55.743183229055326,-51.21209015810245,-39.910738943933836,-32.454647273066634,-27.589173633060206,-25.386212960033262,-22.604199703425266,/b/src/336185346/17882986904743056536.webm,-7.558961391448975,22.919363669240532,-43.04948863465272,-25.795526455923326,17.25396217872939,-39.96561137948775,-32.797012125444226,0.02012987012987013,0.0,0.0,0.0010551948051948053,0.0013329269136658154,0.24830788973665596,0.24830788973665596,0.4494191999717327,1.2000000000000002,-6.716266908284723,0.0,-27.437937235540485,0.0,1.1266437756236371e-06,0.006468358838127399,ok,False,0.0013329269136658154,0.0,0.0,0.0,0.0
42,4479,14.408433545794313,12.768622768653692,11.525338199325489,-14.275947658568333,-33.07379566440631,2.333773966571183,11.525338199325489,26.583681022326708,27.453825449853213,25.87837017614651,31.758295992148202,16.680097494442684,normal,25.84642629965579,normal,42.4925,41.95,-11.94217369199715,-21.276808117427336,0.0,0.0,-8.4660005569458,0.0,0.003796603817264196,0.07822277847309136,17881849127142692915.mp4,11.796987546978976,unlabeled,0.4366315237231328,25ee6c7e5451020c8125f02674645129,normal,18.98931376744616,20.8,17.841002515589757,-38.017216385380436,-19.027902617934277,2,-49.530081823957026,-43.716216352994195,-39.108674640216876,-35.312222241090545,-33.01942896151421,-30.74222234299464,-24.06785008805913,/b/src/336185346/17881849127142692915.mp4,-8.4660005569458,20.716261320207515,-32.30236793024487,-20.98672257721193,11.315645353032942,-38.40307421966051,-34.31242685660159,0.008907538280329799,0.0,0.0,0.00022084805653710247,0.0013110637506786977,0.18266270499813164,0.27603940364203894,0.49954279681958247,1.55,-15.293684585502241,0.0,-35.88187110429986,0.0,1.0291133871318987e-08,0.0010176544582325493,ok,False,0.0013110637506786977,0.0,0.0,0.0,0.0
12,1153,0.3883689230834526,4.242210119257667,0.22531817342256666,-11.270815332924887,-17.588367466013676,-2.358034278692905,0.22531817342256666,7.906509314422252,4.54436317647103,4.266549061864154,4.417838634806756,2.95515060533371,normal,8.281313129866245,normal,12.771,6.0,-13.628849611617792,-14.35140857712397,0.0,0.0,-6.162628650665283,0.0,0.012406083716947677,0.010638297872340425,17883749947242963847.mp4,3.2369588888897063,unlabeled,0.4211589209104626,a2775b09b66070a4499010517707ecc6,normal,3.179867194393598,1.0,9.543914481988487,-13.876314709028001,-10.696447514634404,0,-19.756777023060504,-18.33545819535566,-17.414394676545026,-16.544734455709147,-15.458840319867543,-14.320492174840032,-13.71816862487163,/b/src/336185346/17883749947242963847.mp4,-5.497514724731445,4.0696571388872975,-12.691780993187752,-12.008310454200721,0.6834705389870308,-13.259146357430271,-13.77882785459769,28.21519607843137,0.0,0.0014705882352941176,3.7053921568627453,0.0012871174991904747,0.3060281242197877,0.3060281242197877,0.3767092748146323,1.35,-12.417130577286834,0.0,-16.617729466339966,0.0,0.0004207064472309866,0.014466957408759116,ok,False,0.0012871174991904747,0.0,0.0,0.0,0.0
16,1523,13.871716325843416,3.647279968145419,8.040728729453107,-11.923325386426178,-17.581924367728867,6.38435527649691,3.647279968145419,72.83141839736753,68.38964824947608,73.65933839178066,75.62000873681956,38.61304273215606,normal,15.901953997846999,normal,16.4693125,11.0,-5.538970109929268,-14.06204153489501,0.0,0.0125,-0.7095333933830261,0.0,0.011396605244351498,0.1639549436795995,17882534069561866380.mp4,3.519882832833856,unlabeled,0.41749492812630506,e66cc7ad4b87eb223ca61d9fcd7e0046,normal,4.576890731417306,0.1,74.48227266205294,-16.102327108427954,-11.525436377010648,1,-21.371012840577688,-19.279357318427337,-16.573000454417482,-14.170170920015245,-12.002889729551628,-11.269199178239246,-10.678271243803602,/b/src/336185346/17882534069561866380.mp4,0.30830955505371094,7.298795332359363,-17.223527664093265,-14.873778058250567,2.349749605842698,-16.483137646147412,-15.593644442793288,12.354483282674773,0.09783434650455927,1.0495820668693008,4.742971124620061,0.001266398383400304,0.1452617431884017,0.19088554483326983,0.5412542205039017,1.75,-7.5927441587606666,0.0,-15.20663464250191,0.0,0.0009290347690464069,0.009654745614105674,ok,False,0.001266398383400304,10.030395136778116,0.0,0.0,0.0
10,1664,-0.5683605808338079,6.502487012801101,4.58855967782034,-7.082761534041509,-26.737786129820197,-6.942001844638263,-0.5683605808338079,33.93644620864308,31.843377137454446,35.19284599348168,35.9299751221363,17.53142850597659,normal,14.172947751107912,normal,10.7784375,5.65,-14.024763378679772,-19.064555029485653,0.0,0.0,-11.349472045898438,0.0,0.003630975292145665,0.043178973717146435,17882989063332331138.webm,7.673231100334544,unlabeled,0.5607798360698182,022cd3f31fe6d1e935c2c595ada0c4af,normal,10.307864992354407,1.3,24.8316980856151,-27.397970202713736,-17.09010521035933,1,-48.106937960855106,-39.97663486370183,-28.027488531986286,-23.126522134639444,-20.789774392328003,-19.680194344253287,-17.93110884911799,/b/src/336185346/17882989063332331138.webm,-10.86015796661377,11.26969932435804,-26.846741203606612,-18.47231000024371,8.374431203362903,-28.20913731793941,-25.033105717721682,0.02122093023255814,0.0,0.0,0.0,0.0012488239497680281,0.4713179884117808,0.4713179884117808,0.43988410606063905,1.6,-4.000081583859434,0.0,-24.774447852461005,0.0,5.33731978118504e-06,0.057380522906906276,ok,False,0.0012488239497680281,0.0,0.0,0.0,0.0
85,20856,7.889467669042283,5.742379030256831,4.346149395115688,-19.705646611561292,-19.329959724555582,0.2829241745751432,4.346149395115688,54.522303792639136,54.651326884984606,56.10351973526204,54.32568968923477,34.293999935886546,normal,13.410700775051826,normal,85.7745,1.6500000000000001,-19.42272243698615,-14.937257527108223,0.0,0.0,-4.224542617797852,0.0,0.0003244201023109711,0.030663329161451813,17883363193190877432.mp4,4.39270219744736,unlabeled,0.5754754684516697,f8acb14e33bf740505a392e8d16b8e46,normal,3.812007127119129,0.1,40.59089096868094,-15.180964554862138,-11.368957427743009,1,-21.98659126676457,-20.09593244298587,-17.89874457329066,-16.209519236908804,-14.467773758572129,-13.925831570802238,-13.240454853029506,/b/src/336185346/17883363193190877432.mp4,-1.9570661783218384,5.096599951558909,-16.694719678145177,-12.72901573550432,3.9657039426408573,-15.747600298525368,-15.367766953373664,14.331158892128279,0.0029518950437317786,0.4147594752186589,4.1689868804664725,0.0012422643171701529,0.09160176571076942,0.21592236270207238,0.3160052762964541,1.6,-18.775404197995996,0.0,-14.937257527108223,0.0,0.0010192128994588583,0.00047969201702860844,ok,False,0.0012422643171701529,0.0,0.0,0.0,0.0
66,4183,6.246685440347012,4.393899402118151,3.398485871536819,-2.7463789562911947,-24.872208132316185,0.4659031322176572,3.398485871536819,9.040015478873269,7.840344210213772,7.551766852248711,8.669514580332944,5.557276342621279,normal,21.23588371585469,normal,66.89525,65.8,-2.2804758240735374,-17.743606739156256,0.0,0.0,-5.975940227508545,0.0,0.09144029800364559,0.23654568210262827,17881853219990637659.webm,7.128601393159929,unlabeled,0.38909541328942965,fb5e423b3793973b1944929cc3c2eb98,normal,11.038196508181375,24.6,9.203720748030381,-27.511251138477746,-16.47305463029637,0,-31.607986147234648,-28.055766946462796,-27.10942473290264,-26.31802535306691,-25.073512303021143,-23.089636843198058,-17.10520818229779,/b/src/336185346/17881853219990637659.webm,-5.420022964477539,11.90598671596007,-25.963143489816574,-18.776603138064527,7.186540351752047,-27.50749459445453,-26.65590668033223,0.1355179506357517,0.0,0.0007479431563201197,0.021456619296933432,0.001196251021276553,0.08720143632747157,0.10261564017902257,0.23424148292301775,0.05,-5.863003157631379,0.0,-25.50522070359404,0.0,3.4623521037718428e-06,0.04021825780684979,ok,False,0.001196251021276553,0.0,0.0,0.0,0.0
12,1535,24.81050565735533,36.611024144023034,31.271858793529923,-7.280909610145489,-27.330193403816388,-5.971718540482161,24.81050565735533,65.57244790978999,65.47002172232236,66.35343558528066,68.7149604390861,34.502272531760624,normal,17.441479728352576,normal,12.766,6.8500000000000005,-13.25262815062765,-19.386376175883488,0.0,0.0,-7.381686687469482,0.0,0.0006194313795369514,0.06758448060075094,17881472051890532784.webm,7.9438172279329,unlabeled,0.5089297424017466,a3c0dd34f1fd8846888778282ea78b34,normal,14.322991447189855,10.9,53.46854580958076,-28.519825280905227,-14.196833833715372,2,-83.20643262858539,-64.95173914743847,-30.94669571000784,-22.52015966975172,-18.36096179995563,-16.541380309183264,-14.847989083948205,/b/src/336185346/17881472051890532784.webm,-5.597776889801025,17.316688182348393,-28.185085139596016,-18.804552814886133,9.380532324709883,-31.486900335908757,-23.0392566181536,1.5737745098039218,0.0,0.000980392156862745,0.31666666666666665,0.0011946560502450311,0.4222393375225507,0.4222393375225507,0.7392468282652225,0.5,-11.857485478318946,0.0,-16.719370802893806,0.0,0.0003917685698566386,0.0032535356228035927,ok,False,0.0011946560502450311,0.0,0.0,0.0,0.0
33,4605,9.96871194037217,6.187601585991585,11.159434323761367,-14.234831025785443,-21.740965018392096,-0.5845083992036315,6.187601585991585,41.351757412751645,41.45146885078133,40.597069779775325,40.70008879505444,24.26856952560193,normal,20.37540329333222,normal,33.8793125,20.3,-14.819339424989074,-16.306132017010537,0.0,0.025,-0.31530052423477173,0.0,0.0031074058282053573,0.05193992490613267,17881516956110873643.mp4,5.434833001381559,unlabeled,0.5776755949801199,270d260b56144520c282d2e64278d2ba,normal,6.937873989326583,32.300000000000004,12.313402641918533,-21.33170316512028,-14.393829175793698,1,-34.49672734916949,-27.1947138248858,-23.38548106268234,-20.469136541341495,-18.390357769066103,-17.227889788045925,-15.469700646166158,/b/src/336185346/17881516956110873643.mp4,-0.31530052423477173,9.377262887759608,-20.71937550142639,-15.543873427107677,5.175502074318715,-21.96320579510803,-20.69070381756699,1.8748153618906942,0.006277695716395864,0.03268094534711965,0.30954579025110784,0.001182291578197972,0.13072543055866986,0.25416210146787044,0.3275536286280143,0.30000000000000004,-18.73572470375055,0.0,-23.448918372578664,0.0,9.563265178185305e-06,0.0006053120941906307,ok,False,0.001182291578197972,0.0,0.0,0.0,0.0
14,15018,0.691881929999397,-1.8884013908359272,7.6413493019833085,-7.959431777814819,-28.194076231326385,-0.1032443559566314,-1.8884013908359272,44.00447521186201,37.67591607518547,62.88751445814458,49.357963292726794,22.49220014316759,normal,17.141557910044455,normal,14.3573125,6.2,-8.06267613377145,-19.804477721882215,0.0,0.0,-6.828980445861816,0.0,0.0005953673478255772,0.11702127659574468,17881780161750148146.mp4,8.38959850944417,unlabeled,0.5816971886973872,ca7b60bef86e225d85fe76c70c9a9d62,normal,13.645793179697131,0.2,34.10045292339592,-28.229677071042612,-14.583883891345481,1,-43.54486654237911,-35.518159271471276,-29.201640530813737,-24.52212215066823,-19.656554401146327,-16.713553035536975,-14.16361834278917,/b/src/336185346/17881780161750148146.mp4,-6.828575134277344,16.165717225053058,-27.697865270631254,-19.85004707858524,7.847818192046013,-29.109675253154926,-23.9701330443218,1.078397212543554,0.0,0.0,0.19817073170731708,0.0011409142808465594,0.3586568764104496,0.40924519973530515,0.6717575602168645,0.2,-7.6982046294576705,0.0,-21.730767770394717,0.0,2.558467356969022e-05,0.00047153728647389903,ok,False,0.0011409142808465594,0.0,0.0,0.0,0.0
17,3137,10.421081669579323,20.328289623300627,16.093014458027078,-9.594969704700144,-31.535627340624682,-0.9851010910520408,10.421081669579323,18.06283257569342,15.645320897556367,19.567124588081803,19.319640377721058,10.59639914347111,normal,19.57597401071811,normal,17.5786875,2.35,-10.580070795752185,-21.121706270076047,0.0,0.0,-4.4519524574279785,0.0,0.010037978116978348,0.07384230287859825,17882723413080939974.mp4,10.413921070548636,unlabeled,0.5292015274652778,c1118d2be56298e4f2fedcf8a5f7d7f7,normal,9.18013339240581,10.9,13.641283425810265,-25.587101738222117,-16.406968345816306,1,-35.66663769810927,-31.603172549853138,-26.92876720001333,-23.371383030771987,-20.643044748588654,-19.122578472124726,-16.08517387338523,/b/src/336185346/17882723413080939974.mp4,-4.4519524574279785,12.305338712187238,-30.85778036143384,-21.08627274911903,9.77150761231481,-26.3454524660824,-24.027926468146088,0.9364316239316239,0.0,0.006054131054131055,0.23664529914529916,0.0011356100284887433,0.27190815257951795,0.27190815257951795,0.43532298662395325,0.75,-6.529944474673181,0.0,-28.153360941725385,0.0,7.654699342641305e-07,0.010171081067195907,ok,False,0.0011356100284887433,0.0,0.0,0.0,0.0
28,12330,4.125085671922061,-8.864767080640492,-2.5886589210662017,0.6575798623833443,-17.81833438915399,3.7819023857897713,-8.864767080640492,70.5468025272917,67.28022651314024,70.53204192167665,69.83212831530783,35.03453788569823,normal,15.571313443528638,normal,28.352,12.9,4.439482248173116,-14.78996503501385,0.0,0.0,-8.09748363494873,0.0,0.026491429799994963,0.6608260325406758,17883364448671411005.mp4,3.028369354140139,unlabeled,0.4436937003520392,94c6ef4b23d97430b53f49f28d3264c2,normal,6.947621886810669,0.30000000000000004,69.90739602102761,-23.130190112676672,-16.182568225866003,1,-27.507451077900072,-25.41564936644098,-21.41064036841055,-19.104709531418266,-17.85209306715364,-16.59996931424015,-14.255602525382262,/b/src/336185346/17883364448671411005.mp4,-6.838225841522217,9.182045416327762,-18.946624128570438,-17.82517258685418,1.121451541716258,-22.95592460094427,-22.409539285050855,0.6278659611992946,0.0,0.0,0.019290123456790122,0.001131421081486913,0.4408026911424567,0.4408026911424567,0.7064945146756478,0.25,-4.720182102997751,0.0,-23.8978733431003,0.0,8.889349128806497e-06,0.1294228093688633,ok,False,0.001131421081486913,0.0,0.0,0.0,0.0
66,11667,9.182388816022717,20.40178986771695,8.286185483947989,-6.108457572536592,-33.76488734582978,-5.313455869106363,8.286185483947989,46.80973513287558,34.730711871690104,26.010738717544314,36.76945285674117,20.77998160735883,normal,17.827794448102562,normal,66.65,10.200000000000001,-11.421913441642955,-22.129252480306977,0.0,0.0,-12.130191802978516,0.0,0.0016491275559331906,0.06946182728410513,17882997638273590912.webm,11.6356348655228,unlabeled,0.6025607733344095,bf6b4cd10824cfa2948eef765cfab1a4,normal,7.737384741134818,3.3000000000000003,29.2012113636817,-27.194474629569815,-19.457089888434997,1,-43.002007895916705,-34.83198132628537,-28.12330051645439,-24.454631679103134,-22.856683325229405,-22.01000720934694,-20.81973283418196,/b/src/336185346/17882997638273590912.webm,-8.69395637512207,9.314153537705405,-34.82283986878876,-21.713203434179775,13.109636434608987,-27.911118837362462,-26.521750823224632,0.0032820705176294074,0.0,0.0,9.377344336084021e-05,0.0011168453536150773,0.3408100735846784,0.43803079209806584,0.49583829572306964,1.3,-10.828677128345037,0.0,-24.94863219332771,0.0,4.280609794558758e-06,0.0027485223029531177,ok,False,0.0011168453536150773,0.0,0.0,0.0,0.0
30,4029,1.285669209686727,6.679851004891402,1.0263272203744922,-8.33952400704221,-22.977184110663185,-8.231043282294833,1.0263272203744922,26.24418388185602,23.09956643630015,19.015082560127965,15.358794515795104,12.19296584563984,normal,11.658888963673805,normal,30.164125,4.65,-16.570567289337042,-17.22299278774534,0.0,0.0,-3.7888498306274414,0.1,0.00574655197957996,0.04818523153942428,17882594179132271601.mp4,5.754191322917844,unlabeled,0.5970060196574166,e047a08e5224b5f4c3e59bccc1810ea8,normal,5.273467706802117,0.1,14.971809499705081,-15.403471865758515,-10.130004158956398,1,-23.155430185500343,-19.034607768482935,-17.273752970011287,-15.47401359294518,-13.719502422368137,-13.243252089954277,-12.547735381430307,/b/src/336185346/17882594179132271601.mp4,-2.629863977432251,5.063064393026805,-23.06129803075578,-14.823450366583064,8.237847664172715,-15.498811913436343,-14.288752941106056,20.03223466003317,0.00020729684908789387,0.8215174129353233,8.23165422885572,0.0011041653882295458,0.23335580968453767,0.23335580968453767,0.40914553250083435,1.4000000000000001,-10.183943800085377,0.0,-23.485248918129102,0.0,9.729243837825776e-06,0.01077193352148607,ok,False,0.0011041653882295458,0.0,0.0,0.0,0.0
14,3106,4.859411613038029,5.258107289448018,9.10344688711071,-1.438959481425125,-20.15163790433253,-4.746145822252459,4.859411613038029,19.878558454332193,22.63037193592852,20.990152279535202,20.79445027823612,14.243589256878,normal,13.274644657710454,normal,14.024875,4.800000000000001,-6.1851053036775845,-15.954126107738148,0.0,0.0,-3.7084076404571533,0.0,0.054299741180411684,0.16458072590738423,17881499157083617683.mp4,4.197511796594384,unlabeled,0.417380791282408,be4a63fec0a81427816efef275780567,normal,5.3960285022124665,4.6000000000000005,19.47730226085504,-17.526157870855094,-12.130129368642628,1,-25.953148868485428,-20.78148700017457,-18.064369733255397,-16.38903715719104,-15.689303631672967,-15.124147304185671,-14.508717705997844,/b/src/336185346/17881499157083617683.mp4,-3.4436707496643066,3.6374070248707735,-21.04929757778446,-15.970343448753532,5.0789541290309295,-17.717680281448477,-16.71831540737476,9.802901785714285,0.0,0.06517857142857143,2.8823660714285717,0.0010849797450338864,0.301304205531645,0.301304205531645,0.5911968219751796,1.75,-6.698643091182559,0.0,-16.140151257709338,0.0,0.0005751031577815204,0.023919665188034952,ok,False,0.0010849797450338864,0.0,0.0,0.0,0.0
23,1099,-5.862053145202125,7.81424796737674,4.742446095788194,-18.84650863790139,-25.1102287535381,-3.151597408549339,-5.862053145202125,72.9811428994704,71.74424341705927,73.27328099515475,73.27328099515475,36.507325425027865,normal,14.494798130725773,normal,23.744,22.8,-21.99810604645073,-18.062389853352098,0.0,0.0,-10.166196823120117,0.0,0.00021973494398387983,0.017521902377972465,17881877958380397469.mp4,7.047838900186001,unlabeled,0.6470804399503941,9ee267de203d99e9fe67bfce2f56ca28,normal,9.019371535871082,10.5,48.673192367857084,-22.97740924708429,-13.958037711213207,1,-90.0,-38.409139926112275,-24.94573826246794,-20.992810214696313,-19.333270281465165,-18.332592715731618,-16.82771369055293,/b/src/336185346/17881877958380397469.mp4,-7.414292812347412,9.49684628651262,-24.354886702258,-17.119512253011358,7.235374449246642,-23.635915709146907,-21.909090943073185,0.689873417721519,0.0,0.0,0.022415611814345992,0.0010664861381018487,0.10740668165334559,0.4464716692880642,0.4667622775602132,0.15000000000000002,-19.24776788510244,0.0,-20.721753768150343,0.0,4.292152917737687e-05,0.0021175753625295507,ok,False,0.0010664861381018487,0.0,0.0,0.0,0.0
31,7994,1.3534428180991664,4.042681877031088,9.885632753958507,-8.078680406434485,-25.741838027205233,-9.904171130462524,1.3534428180991664,34.24673956741794,33.50428501609977,29.481740201477365,29.753199821936764,35.005178365717136,normal,13.49912339027858,normal,30.998625,10.65,-17.98285153689701,-18.31562132189248,0.0,0.0,-3.763075113296509,0.0,0.0027085384588045585,0.03191489361702128,17883362912262081154.mp4,7.426216705312754,unlabeled,0.5890896406625191,2f0920b2512c30c0af6233df860dfb3d,normal,4.442634457952995,10.200000000000001,14.588218950913882,-16.302896813560345,-11.86026235560735,1,-37.227893786779376,-27.284703241150275,-20.558006950031416,-18.458506229489473,-15.703007932573817,-14.363555421154565,-13.358868216273386,/b/src/336185346/17883362912262081154.mp4,-3.3047380447387695,7.555682158316742,-25.462458998648312,-16.134522403011278,9.327936595637034,-16.689342232668878,-16.80386143501735,8.78857027463651,0.0,0.14277059773828757,1.984753634894992,0.0010453806319945516,0.04556244969447159,0.1156503791359148,0.6179214318713354,1.0,-12.8915856355988,0.0,-30.789063714853718,0.0,1.7084304245933602e-07,0.0029267807739435285,ok,False,0.0010453806319945516,0.0,0.0,0.0,0.0
16,1215,0.865133766698996,2.1605424638141795,11.367799363608928,-10.758455652362365,-27.364691214577352,5.050125215977172,0.865133766698996,33.88407202785446,39.26345801024917,39.614193352154246,46.148813260178606,32.31824242588844,normal,20.437229998908073,normal,16.045,10.3,-5.708330436385193,-19.61190003832314,0.0,0.0,-3.734118938446045,0.1,0.003273945590914187,0.1639549436795995,17883011960201727592.mp4,7.752791176254213,unlabeled,0.5184940146837244,a1508963da933c5eb9218f5643b13f93,normal,13.530356842787032,14.9,16.805511051907004,-26.188129391962335,-12.657772549175302,1,-33.60102878832261,-31.579484332562018,-28.0279976456036,-23.614235609106643,-19.888670275320703,-17.90613799503903,-14.01998831331105,/b/src/336185346/17883011960201727592.mp4,-2.5309948921203613,16.5671502567766,-24.705307417813565,-20.269651667156907,4.435655750656657,-26.71138230259573,-22.968224891028434,1.1888671874999999,0.0001953125,0.04453125,0.3291015625,0.0010387638176018853,0.40626910118713455,0.40626910118713455,0.5014702322878218,0.30000000000000004,-11.5921548041986,0.0,-21.53723265706741,0.0,2.8130109504184105e-05,0.009734690999456555,ok,False,0.0010387638176018853,0.3125,0.0,0.0,0.0
23,11284,-0.5872364792012452,5.759843785531277,0.2199508800214689,-0.534390607547385,-19.516906309627668,-10.268280560578328,-0.5872364792012452,6.254286185240527,7.9731832527189255,7.151152778442654,6.495835293016313,4.2292775075638644,normal,8.66706145602156,normal,23.8686875,2.6,-10.802671168125713,-15.455485621710503,0.0,0.0,-5.341085910797119,0.0,0.025324914727675722,0.0688360450563204,17881598293911823985.mp4,4.061420687917165,unlabeled,0.5360331068037265,8ae0618fa12bae374e96374a22cc412c,normal,2.2837397742985157,2.7,9.387844986119195,-13.030952909789523,-10.747213135491007,0,-20.602249489027646,-18.718816021608948,-17.002252351546407,-15.658326836584974,-14.740872572014407,-14.368740393462424,-13.589431918625985,/b/src/336185346/17881598293911823985.mp4,-4.791960716247559,3.56948482370548,-21.11158465682012,-13.099584496841162,8.012000159978959,-13.199334022069635,-13.459022172269119,28.59971174004193,0.0,0.18343815513626835,9.780136268343815,0.0010251340412654193,0.16410664686676593,0.47582812179827555,0.6046654602401769,2.0,-0.4942026250785353,0.0,-18.973069464754246,0.0,0.00013496121449194654,0.2667445876010951,ok,False,0.0010251340412654193,0.0,0.0,0.0,0.0
92,10347,-1.2148368598719657,2.69419869480037,9.241002701537168,-15.679840365687877,-18.61945581707853,1.3919999841152375,-1.2148368598719657,14.045331539327293,16.10401330615994,13.78105054738402,14.379655512958289,9.835113371585816,normal,11.731893674737332,normal,92.1135625,46.45,-14.28784038157264,-14.902454476733132,0.0,0.0,-4.1266326904296875,0.0,0.002235673612546077,0.05694618272841051,17883360634001954587.mp4,3.7170013403453996,unlabeled,0.5626451705944682,5181017c1f2ecd41b0fac12d2cdc504b,normal,5.043508214843662,81.4,9.11743588518802,-15.583599180864523,-10.54009096602086,0,-20.95424385743473,-18.91809176808873,-17.03600967752961,-15.521525046219375,-14.26591031498634,-13.64922316896469,-12.594872773629895,/b/src/336185346/17883360634001954587.mp4,-3.4509336948394775,5.204886884692778,-16.99877991114574,-13.454412470697706,3.544367440448033,-15.72648906239674,-15.18282736957681,14.822814875135723,0.0,0.6273072747014115,4.902110477741585,0.001006050745534965,0.09786375631875399,0.35463163380452123,0.49455246806809705,1.7000000000000002,-15.00962196689172,0.0,-18.227217131834173,0.0,0.0001706043810860234,0.0061413575140073,ok,False,0.001006050745534965,0.21715526601520088,0.0,0.0,0.0
17,5321,6.181900385863237,6.746397230987352,-2.3978300790236435,-16.680336403690763,-18.63181946581746,1.9150658605763375,-2.3978300790236435,72.67419469770888,43.677034826475676,66.70731134213396,75.10524940304492,26.122213916060247,normal,14.929451094556189,normal,17.856125,6.1000000000000005,-14.765270543114426,-15.064895848949593,0.0,0.0,-1.3196115493774414,0.0,0.0032863380266651967,0.04630788485607008,17882765960050099587.mp4,3.566923616867868,unlabeled,0.5278221966721349,9977e641e8daefbced1644b511638978,normal,7.440733146024339,0.2,50.85377219465155,-17.203612624383624,-9.762879478359284,1,-25.45961003427737,-22.298295139655874,-19.385730418545354,-15.995539291492868,-12.681417713378295,-11.244230420465465,-9.569211758853477,/b/src/336185346/17882765960050099587.mp4,-0.5299348831176758,10.246216366212332,-16.30869342606744,-13.3979461591972,2.9107472668702385,-17.83216545096803,-15.459385977673865,11.96218487394958,0.1983543417366947,1.6449579831932772,5.392331932773109,0.0009987599082457149,0.1797303411519396,0.3536553136132753,0.20248269988781767,1.85,-19.65801596656179,0.0,-20.591776437166132,0.00625,4.607523518031414e-05,0.0017870107541744706,ok,False,0.0009987599082457149,7.8431372549019605,0.0,0.0,0.0
39,5764,13.884987526781664,7.461762071393,14.176590150599711,-9.165167244874278,-20.18539194638771,-1.2994601131551615,7.461762071393,49.248116885106356,55.30843786045179,67.45591961768125,71.08080479748813,29.222367355133272,normal,16.39518266671631,normal,38.8701875,9.5,-10.464627358029439,-15.711546922259497,0.0,0.01875,-0.4386526644229889,0.0,0.004744209914741282,0.08948685857321652,17881516958083668963.mp4,4.473845024128213,unlabeled,0.6017220210256635,396dd359980919484f7225411336361e,normal,7.065552404445672,37.6,21.618411962519502,-17.76633492576514,-10.700782521319468,1,-27.58477970871169,-23.617166593944894,-20.37407206507099,-17.83447043739658,-15.219021721070913,-14.24443113768239,-12.905202825459185,/b/src/336185346/17881516958083668963.mp4,-0.4386526644229889,8.66646393260844,-17.012427827717417,-14.499306264686448,2.5131215630309693,-18.007630648252608,-16.833835331139298,8.89792471042471,0.012146074646074647,0.32038288288288286,3.001930501930502,0.0009860737233918931,0.06869515030448665,0.25925086343584797,0.44205987411711234,0.0,-7.290583306891332,0.0,-17.966170884590397,0.0,0.0002197736059197026,0.05198440148878079,ok,False,0.0009860737233918931,0.2574002574002574,0.0,0.0,0.0
59,12672,15.964778202743844,-0.046978004989281175,0.8528569544705435,-23.975688377889465,-18.350488204885153,4.2256284556466674,-0.046978004989281175,12.77270441280065,7.282442526008062,10.554107554587713,8.955379279098892,5.085467553724072,normal,14.076296891752637,normal,59.6070625,19.25,-19.750059922242798,-14.845447548727822,0.0,0.0,-3.203162908554077,0.0,0.00019698229505686794,0.03128911138923655,17883547928121728384.mp4,3.5050406561573304,unlabeled,0.5137592617077463,bcb58a595bdf49d86b1384507a36d8ee,normal,4.358619764984695,19.3,4.293206761695595,-15.162968977209582,-10.804349212224887,0,-20.4449775185613,-19.089869408109543,-17.74954787628795,-16.447971261664158,-15.378152114700539,-14.652300291756127,-12.797985139309464,/b/src/336185346/17883547928121728384.mp4,-0.9167585372924805,6.841271235237654,-16.120518832601526,-13.099575880012845,3.0209429525886815,-15.304033669506598,-14.993055429045118,15.669148489932885,0.01405201342281879,0.5564177852348994,4.64392827181208,0.0009832428812982762,0.12954522915637806,0.2531377088595687,0.3549114196630292,0.30000000000000004,-19.95907966232118,0.0,-16.32849056795385,0.0,0.00047672319099563036,9.686983266377552e-05,ok,False,0.0009832428812982762,0.5033557046979865,0.0,0.0,0.0
32,2511,9.51243241384189,15.835755576520864,26.059027556411706,-15.466194035098832,-31.798909739816914,0.9550890058673769,9.51243241384189,60.041255560902016,45.47142496285922,57.17264381641009,60.51350784434415,27.958791556421716,normal,20.274274640009505,normal,31.997125,8.9,-14.511105029231455,-21.615020779302785,0.0,0.0,-10.994251251220703,0.0,0.00044595458111719,0.06195244055068836,17883363578981334549.mp4,10.183888960514128,unlabeled,0.5392063601370254,7d7033b3c8c5bb4e7f10496b52d3b06a,normal,11.028527272823101,14.0,23.166074250088993,-29.65143734186713,-18.62291006904403,1,-49.13564834032469,-39.842491827326,-30.32399555768476,-25.575551859306916,-22.779425083810988,-21.16632935016774,-19.380956415385718,/b/src/336185346/17883363578981334549.mp4,-6.4090728759765625,11.806393963341606,-31.272866943418624,-20.990369085722158,10.282497857696466,-30.137989493740257,-26.683347515986068,0.014182316118935837,0.0,0.0,0.0008802816901408451,0.0009727103791261372,0.36297118682929475,0.369431090670844,0.786737922867591,0.4,-18.481360010285016,0.0,-22.05589571334466,0.0,2.0566254155721736e-05,0.00034846023314106524,ok,False,0.0009727103791261372,0.0,0.0,0.0,0.0
119,10710,-7.721002056337802,13.418629641612581,-9.189131705102422,-6.129140659482575,-31.081613316868477,-13.388103223544336,-9.189131705102422,55.591469538916,33.0873129064616,47.780105858556325,51.89542120703729,17.239388115920974,normal,9.232107013109932,normal,119.489875,69.8,-19.51724388302691,-20.757430493809405,0.0,0.0,-9.966866493225098,0.0,0.0006428945173163276,0.028160200250312892,17883689595390969867.mp4,10.324182823059072,unlabeled,0.5793078100732725,2bbf3406369f8a2b57d96729e2919975,normal,6.036547265071656,0.1,34.04485582029306,-18.73244366500115,-12.695896399929493,1,-32.282532882944786,-25.976440308014634,-21.618403671082145,-19.988520820188416,-17.546524552916974,-16.16285169929055,-15.042258616166365,/b/src/336185346/17883689595390969867.mp4,-9.012369155883789,7.277941486118335,-31.55824020718701,-16.89297220439816,14.66526800278885,-19.16427985474511,-18.24447616899372,6.626334240267894,0.0,0.0,0.0,0.0009678102093621631,0.010329120060422893,0.2598995954151064,0.6571002656920077,0.9500000000000001,-7.675258291119761,0.0,-26.903190442534434,0.0,1.5002596810750188e-06,0.005935777517978143,ok,False,0.0009678102093621631,0.0,0.0,0.0,0.0
15,1149,10.650832514006563,5.352251180565485,-2.5020860639798466,-17.043085390430015,-18.84078608975113,6.106388492500976,-2.5020860639798466,20.62792172200527,16.561594541635728,20.992528182270306,21.78771692095863,9.434842136675378,normal,11.743201165173929,normal,15.5355625,6.5,-10.936696897929039,-15.222260410639834,0.0,0.01875,-0.295318067073822,0.1,0.04786856129060702,0.08385481852315395,17882910606490191844.mp4,3.618525679111297,unlabeled,0.5899494481325548,cafb25b53a40e53cfc9aff577415d5f9,normal,4.339373218578645,0.2,14.123582292872946,-12.180778300602439,-7.841405082023794,2,-23.944299090907933,-19.780546638974435,-17.716872065857153,-15.07595545903169,-13.437102399915087,-11.19397147499005,-9.539818889681849,/b/src/336185346/17882910606490191844.mp4,-0.295318067073822,8.502668383117802,-12.735364585063767,-12.360282605195186,0.3750819798685807,-12.428974858181046,-12.03851923224775,31.616935483870968,0.45584677419354835,4.969153225806452,16.081451612903226,0.00091218521194722,0.13067610748816938,0.3348899896176587,0.375394346309682,0.9500000000000001,-13.67166360939133,0.0,-20.572897670607137,0.0,4.685967041749379e-05,0.0018086175502149732,ok,False,0.00091218521194722,7.096774193548387,0.0,0.0,0.0
15,2341,-0.6408550306333889,1.1384688208750084,-3.2117860824760385,-5.510422600961897,-15.296845749039344,-2.379764028291019,-3.2117860824760385,11.571154993168786,17.98761262103813,15.696974857220814,16.520567518697653,9.753102039598271,normal,10.057527839815553,normal,15.0711875,8.5,-7.890186629252916,-13.363119295540645,0.0,0.0,-2.3266537189483643,0.0,0.04983033754693747,0.12015018773466835,17883557757900343322.mp4,1.9337264534986982,unlabeled,0.5556626743002598,6c094c2f96e7162430e6123760528164,normal,5.323433141493474,2.6,8.120741978615392,-13.501527526110753,-8.178094384617278,0,-19.137228311509816,-16.45335272953822,-15.14691379570046,-13.8338635739254,-12.284235300865545,-10.904794058071715,-10.404323440127577,/b/src/336185346/17883557757900343322.mp4,-2.3266537189483643,5.214206054013825,-15.337412263981022,-12.402214641443827,2.9351976225371956,-14.504817396697366,-12.384181558763917,28.48546511627907,0.0008305647840531562,2.917981727574751,18.033637873754152,0.0009042009603276386,0.07618312765919391,0.2581504010354809,0.4910837830722883,1.05,-8.979765365524836,0.0,-15.31487949824542,0.0,0.0009042009603276386,0.034906663905503656,ok,False,0.0008318377021367144,8.305647840531561,0.0,0.0,0.0
10,1186,12.493071375190581,3.2940358155286678,9.48983809056366,-19.30204532856782,-19.319388168567343,1.8235941512382396,3.2940358155286678,31.42696835394147,35.19343943693525,32.41621646271872,30.477391132295498,34.50065005600324,normal,15.934180529653364,normal,10.05425,8.75,-17.478451177329582,-15.461073879452183,0.0,0.0,-3.938023567199707,0.0,1.2200782977826207e-06,0.04443053817271589,17883654585914957727.mp4,3.8583142891151603,unlabeled,0.4025743813062777,cd0986b93904ec6fbf65e8a8dda77689,normal,5.102258460077241,8.8,5.9152395213950655,-19.194813223162583,-14.092554763085342,0,-24.817548451625818,-22.27498122101108,-20.299649458183904,-18.390145492046766,-16.45260538484655,-15.905900729190328,-15.182278160205026,/b/src/336185346/17883654585914957727.mp4,-2.688127040863037,5.90245491455161,-18.32486414294029,-14.736347686558286,3.5885164563820027,-19.364427265252846,-18.6223075705164,4.037002487562189,0.0012437810945273632,0.04291044776119403,0.7434701492537313,0.0009036019562802497,0.11526741378968317,0.19142282238845695,0.3615918155199979,1.9000000000000001,-21.062423748112078,0.0,-18.95914478905672,0.0,0.00011265073194285531,2.2762774728145517e-07,ok,False,0.0009036019562802497,0.0,0.0,0.0,0.0
54,4182,13.85952673181438,23.18380422844929,8.29128150363379,-3.699396832538114,-35.085681416099646,0.34693003061414096,8.29128150363379,35.788734187888195,19.459595271627716,25.51208434839271,27.3127061512387,11.42186676511982,normal,19.870987577835148,normal,54.6844375,33.15,-3.352466801923973,-23.10737567799037,0.0,0.0,-9.246971130371094,0.0,0.05422210604679645,0.21401752190237797,17881598292840484733.mp4,11.978305738109277,unlabeled,0.5298607223766635,976f4f1a977dd7af3497f4a16038f577,normal,8.822660358221128,38.300000000000004,18.525977871637988,-29.173503097198108,-20.35084273897698,1,-39.002044705711306,-34.07042168026862,-29.791251609949416,-25.33000440994998,-22.593885546318262,-21.646388375494332,-19.982539941210494,/b/src/336185346/17881598292840484733.mp4,-7.330196380615234,11.674263500830847,-35.869922599645406,-23.607524015243236,12.26239858440217,-29.59134649325108,-27.201183958450383,0.07210658737419946,0.0,0.0,0.0015439158279963404,0.000890348769475831,0.47049118401194,0.47049118401194,0.595295772287965,1.85,-12.167107364700056,0.0,-25.93222177627277,0.0,2.507898931280591e-06,0.01093587357231035,ok,False,0.000890348769475831,0.0,0.0,0.0,0.0
6,3032,19.549126553702372,16.05448986181152,10.768376397494237,-18.94979599320482,-23.091748443770197,1.6120331649398771,10.768376397494237,44.89373263712992,71.38689702355458,66.7307046320289,45.1831582500032,38.03090182918907,normal,11.629374873251322,normal,6.3404375,1.4500000000000002,-17.337762828264943,-17.33687434745429,0.0,0.0,-3.688046455383301,0.0,5.0646817431308625e-05,0.028160200250312892,17883547929543896534.webm,5.7548740963159055,unlabeled,0.5391685096024866,6ab8b5d3eec14443c79f0fd301d7065f,normal,8.940071969517422,0.1,74.47226347811261,-16.72119336451317,-7.781121394995748,2,-42.545598451309324,-31.98595550814417,-22.23715648374852,-15.77596647752005,-13.909860653674066,-12.7892679517978,-11.329573986006054,/b/src/336185346/17883547929543896534.webm,-2.346362590789795,11.772013615763136,-21.887598146431962,-14.042369822059214,7.845228324372748,-21.046886339563933,-13.975737464041117,22.475198412698415,0.017857142857142856,1.9598214285714284,12.746527777777777,0.0008844892475590622,0.07385337182239884,0.46293353710717255,0.4303383415747006,1.4000000000000001,-17.207612375960775,0.0,-17.33687434745429,0.0,0.0002747893212684488,5.0646817431308625e-05,ok,False,0.0008844892475590622,2.380952380952381,0.0,0.0,0.0
50,7346,2.1500518285000254,18.872033344683892,7.853931931668255,-3.294602375778749,-38.95133757946434,-9.116433667105365,2.1500518285000254,30.661425679612826,35.01486063444723,29.721632736098982,32.26338485296535,31.077783044969195,normal,31.574512472177318,normal,50.1783125,21.6,-12.411036042884115,-24.317317372485405,0.0,0.0,-12.812559127807617,0.0,0.010827139857026932,0.06570713391739674,17882937521930748240.mp4,14.634020206978931,unlabeled,0.49904713220468827,2461e390cee87bc36005204cf70d46a9,normal,18.350728196218334,21.700000000000003,18.991206186498662,-37.52420509506341,-19.173476898845074,2,-42.87301090047727,-41.16474891883952,-37.96579105519538,-32.422825543934664,-27.641912971220712,-24.818605750536115,-20.864518571813118,/b/src/336185346/17882937521930748240.mp4,-0.11755314469337463,19.692857072417066,-39.82172398902409,-23.709917111010682,16.11180687801341,-38.18209041113549,-31.692065616870693,0.02156031904287139,0.0002492522432701894,0.0004985044865403788,0.002243270189431705,0.0008834373941889985,0.37736228037639297,0.37736228037639297,0.6214030568285611,1.6,-13.721854120000565,0.0,-23.44892630785619,0.0,9.680284939241766e-06,0.004680716611360863,ok,False,0.0008834373941889985,0.0,0.0,0.0,0.0
8,1377,17.813552483528337,0.6044219216701752,12.208876598941073,-10.490400452180792,-18.834779549607177,8.624072996999955,0.6044219216701752,6.171389650793991,5.073579511425631,5.343672492640508,5.338200819732908,3.047008593218539,normal,13.715775581091396,normal,8.777125,5.5,-1.8663274551808366,-15.293324347114284,0.0,0.0,-3.425448417663574,0.0,0.016016679861785177,0.23967459324155194,17883746557930158710.mp4,3.5414552024928927,unlabeled,0.43880980548392345,3603e780ceaac410ce0f3747eec26f86,normal,3.554891250768577,0.30000000000000004,3.5279500942271724,-16.851498404891835,-13.296607154123258,0,-19.948723624133716,-19.10005080151103,-18.078306608996186,-16.10036397011404,-14.76053658096727,-14.240715711693827,-13.81269682561097,/b/src/336185346/17883746557930158710.mp4,-2.646540403366089,4.881478668043348,-16.77640914331837,-15.318457705004214,1.4579514383141579,-16.86486539901241,-16.362315984457485,8.124642857142856,0.0017857142857142859,0.16571428571428573,1.68,0.000873538901793689,0.13506140657352056,0.15765661197432784,0.46982738460943096,1.9500000000000002,-1.2511651775350707,0.0,-15.474123289539765,0.0,0.0008295926073313632,0.012025251842493635,ok,False,0.000873538901793689,0.0,0.0,0.0,0.0
7,662,-3.7948148631287424,0.6127065954571987,10.644723397906066,-7.618819509102525,-24.623604395295924,-2.0211370081507853,-3.7948148631287424,50.93417833158607,38.60447792550564,47.43083340920451,46.58917356058735,27.82754646745059,normal,18.82077470060895,normal,7.7424375,1.35,-9.63995651725331,-18.62020114620627,0.0,0.0,-8.317605972290039,0.0,0.0015642846365216002,0.10638297872340426,17882982721692706082.webm,6.003403249089654,unlabeled,0.5503488491173489,2806d5fadaf3748e33837d30b200cdb4,normal,9.610709938554477,0.1,23.47111783110614,-22.898418142247408,-13.287708203692931,1,-29.912661756224423,-26.880407375850957,-23.406397595925785,-20.692042099619144,-17.872695192589784,-16.417085040488274,-13.279762118818065,/b/src/336185346/17882982721692706082.webm,-2.563894748687744,11.247666672504494,-24.743862424147807,-18.362566715830166,6.381295708317641,-23.604695993654612,-21.384669449296695,1.669642857142857,0.0016233766233766235,0.07224025974025973,0.35714285714285715,0.0008731475844964521,0.4722647115210742,0.4722647115210742,0.5120356407145449,1.35,-9.63995651725331,0.0,-18.62020114620627,0.0,0.00013956701787005055,0.0015642846365216002,ok,False,0.0008731475844964521,0.0,0.0,0.0,0.0
122,8337,18.04301859484157,22.168440903553865,13.089866420450392,-5.208289488926443,-36.69860187395368,0.09239050294448425,13.089866420450392,21.217501733863443,22.074370493724658,21.805878223110646,22.66834717123536,15.99986365154141,normal,15.894643561487005,normal,122.38,18.8,-5.115898985981959,-23.386507473095826,0.0,0.0,-8.047357559204102,0.0,0.025793039208828545,0.1458072590738423,17882985386730935150.webm,13.312094400857852,unlabeled,0.5081039366509793,69118c1d0fdffe4077db6b191a79a260,normal,5.503389696210714,0.30000000000000004,18.41916025461611,-22.726660729557175,-17.22327103334646,1,-34.33858221771047,-27.75903981672866,-22.521283991110717,-20.135798795046895,-18.923099516938628,-18.280377543104503,-17.30041326125593,/b/src/336185346/17882985386730935150.webm,-6.426865577697754,5.772551814019561,-36.81872320106736,-23.965567249584087,12.85315595148327,-23.03287254945582,-22.32150913918476,1.2195290151205558,0.0,0.0,0.055578259092766646,0.0008426622067308785,0.19887247118348308,0.2595525499656002,0.5102291238174831,1.4500000000000002,-6.067121347526644,0.0,-21.089183569052345,0.0,3.74805171040273e-05,0.01228047542978459,ok,False,0.0008426622067308785,0.0,0.0,0.0,0.0
10,1892,-0.08071571343193984,-12.60731726797323,-4.9463589297026065,-6.657946505050418,-17.536087940358193,2.3577469892145384,-12.60731726797323,12.425750548767144,11.152244459698744,11.403646393301251,12.570703847794118,8.60091738564919,normal,12.70324069977732,normal,10.276875,2.95,-4.30019951583588,-14.620466443259602,0.0,0.0,-3.8544554710388184,0.0,0.08438780575333703,0.1858573216520651,17882550136550547106.webm,2.9156214970985914,unlabeled,0.5383575659766854,14a7651bd17f416fc653e2b1b529dfa7,normal,6.369177524693125,2.1,6.093003825075705,-16.60093905741728,-10.231761532724153,0,-24.651143290142635,-19.811304058715177,-16.95732979473091,-15.090270103129788,-13.265160722032405,-12.742211614390328,-11.812282894700152,/b/src/336185346/17882550136550547106.webm,-2.9005954265594482,6.150282347076578,-16.525675097601095,-14.90912104404295,1.6165540535581453,-17.115803659972148,-15.603836126336768,13.183841463414634,0.0018292682926829267,0.9301829268292683,5.200609756097561,0.0008317499061125174,0.09597326426068374,0.18863163031177008,0.3615293917984029,0.9500000000000001,-9.126699485039888,0.0,-16.261720074248174,0.0,0.0005331524054181738,0.028609501925414303,ok,False,0.0008317499061125174,1.4634146341463417,0.0,0.0,0.0
19,1227,-2.143941386939419,4.235422562038114,4.304747801110558,-7.709321676538319,-18.25114414090779,-0.1753623374888429,-2.143941386939419,69.14907466243336,67.07247226087773,70.41004789283386,70.87032427526177,34.5882741590508,normal,14.539935481499018,normal,19.92275,17.95,-7.884684014027162,-15.190503633413861,0.0,0.0,-3.4688780307769775,0.0,0.04734165156131005,0.11827284105131414,17883610291873190772.mp4,3.060640507493929,unlabeled,0.4711187484897492,320c2772d4888a1bb53e99b583372ff7,normal,3.2622391578400567,0.1,70.01120871886528,-16.878359391052324,-13.616120233212268,1,-20.593804612816047,-19.256762123212248,-17.712506641036406,-16.21287378968268,-15.145831435517394,-14.633338510731534,-13.99873337246312,/b/src/336185346/17883610291873190772.mp4,-2.201010227203369,4.627336178506246,-17.04034477124759,-14.90756897815926,2.1327757930883298,-16.932558722135447,-16.740945708702387,8.576162060301508,0.000628140703517588,0.0987751256281407,1.8135992462311556,0.0008278517338407145,0.19726413607221438,0.3083430375255764,0.5886296806758053,1.8,-3.551711686765836,0.0,-18.917958752399766,0.0,0.0001381201024339805,0.1549142974029488,ok,False,0.0008278517338407145,0.0,0.0,0.0,0.0
40,5274,-1.924588810592299,-1.2567444509969103,11.650990446756907,-11.501464450266626,-17.135984696298365,-1.9473728763698812,-1.924588810592299,73.52014915580922,41.03452644039195,65.19862406997872,73.48245418430852,26.165988039618405,normal,12.496559987053098,normal,40.7278125,25.0,-13.448837326636507,-14.75034555544093,0.0,0.0,-4.034505844116211,0.0,0.006318695858467338,0.05819774718397998,17883363194642890073.mp4,2.3856391408574353,unlabeled,0.5426540816357227,affbc0ed13bf1d1c094f8eb3dc302646,normal,3.8004519181882266,0.1,53.953660667480904,-16.041855217954677,-12.24140329976645,1,-21.894862109975804,-19.741380258972075,-17.937748950678575,-16.244804210642396,-15.085697530725321,-14.421713846383552,-13.573827873372567,/b/src/336185346/17883363194642890073.mp4,-3.465280294418335,4.851042562023588,-15.91460105731158,-14.058456050470994,1.8561450068405865,-16.190909250306795,-15.961840281471433,11.705236486486486,0.0,0.18181818181818182,3.1828931203931203,0.0008183297553374101,0.2651628580143323,0.32027719136393434,0.44528224480949596,0.75,-17.589558844233487,0.0,-17.29622212949291,0.0,0.00028225276229606376,0.0033006029066481256,ok,False,0.0008183297553374101,0.0,0.0,0.0,0.0
17,1643,-1.988226098957778,-7.7050603848214685,2.383319185595378,-8.674934796420196,-21.336664293093268,2.6841527553990403,-7.7050603848214685,37.271640151903384,33.954041548654104,33.50049048118659,39.9190537452517,34.24862354839334,normal,16.741685516529554,normal,17.37,13.450000000000001,-5.990782041021156,-16.58433654403599,0.0,0.0,-1.8400286436080933,0.0,0.04216518785574905,0.15519399249061328,17882978897743706220.webm,4.7523277490572795,unlabeled,0.5161479096774798,59165e6db717227e39c9316318db634f,normal,6.417057413930449,3.4000000000000004,7.493014231298908,-19.445357595972236,-13.028300182041788,0,-25.441010733300633,-22.53085722383159,-20.25676493501319,-17.84123883409721,-15.69933541743668,-14.45558303974899,-13.287880961770615,/b/src/336185346/17882978897743706220.webm,-1.546484112739563,7.427985919292103,-20.512120186699033,-16.578787095407446,3.933333091291587,-19.652436243053412,-18.288169629269117,5.036743515850144,0.010086455331412104,0.31033861671469737,1.6536383285302592,0.0008074776443330264,0.052434706750296205,0.44686656276669606,0.4337375153408916,0.4,-5.597444915792804,0.0,-17.979805610575124,0.0,0.00021174626080589418,0.024908903711776967,ok,False,0.0008074776443330264,0.0,0.0,0.0,0.0
10,810,3.3773036483665217,9.391655524373547,6.330753813859745,-11.212460837920283,-17.82435602575712,0.976832197405404,3.3773036483665217,5.635663476410082,5.653160862532976,6.022683564713114,5.6457366985475215,2.9595438063601875,normal,10.75596176016689,normal,10.0556875,2.8000000000000003,-10.235628640514879,-15.208434510306809,0.0,0.0,-4.2184953689575195,0.0,0.02253160975187949,0.09198998748435544,17883557760913735794.mp4,2.61592151545031,unlabeled,0.4672238953113317,64ddf96d52215ca15d8a14fe135b66f9,normal,2.4383072116691142,5.4,2.7675216371842843,-14.728561677368807,-12.290254465699693,0,-19.644469690779736,-18.713328651398296,-17.694675097556306,-16.222812333883244,-15.030878233475796,-14.594073762257095,-14.026890139674602,/b/src/336185346/17883557760913735794.mp4,-3.909217357635498,4.098675622426271,-14.653220896291206,-14.360451647380103,0.2927692489111031,-14.661491464298287,-14.665179117802388,18.478544776119403,0.0,0.07151741293532338,4.257773631840796,0.0008069362361780382,0.07012473860710924,0.23923434912876257,0.3698705178364107,0.35000000000000003,-7.702977534739851,0.0,-15.606379906125316,0.0,0.0008069362361780382,0.06288089650486675,ok,False,0.0006151316284536393,0.0,0.0,0.0,0.0
14,2284,4.075087411566523,7.157375262534554,-6.4627130413017415,-11.023705025776874,-15.745515910134953,-4.982014820705583,-6.4627130413017415,71.84382267332387,69.60198915249224,74.94403661506874,73.22072812260052,36.01890069211552,normal,16.46368184324421,normal,14.675,7.95,-16.005719846482457,-13.966575749005475,0.0,0.0,-1.5718905925750732,0.0,0.00025414115646361327,0.046933667083854824,17882851776401181958.mp4,1.7789401611294782,unlabeled,0.4240467868641845,6b98c246ec87d4b84b4c82b330e6f5b9,normal,4.847837665891262,0.1,70.83913171986228,-16.25139182431805,-11.403554158426786,1,-21.870692813005736,-19.689009771670854,-17.03608438967363,-14.875294026322756,-13.566683396463805,-12.87954918528272,-11.697533127560718,/b/src/336185346/17882851776401181958.mp4,0.47034895420074463,7.147873918164828,-15.710702250497995,-13.188148736945017,2.522553513552978,-16.461243842286734,-15.993332889043463,10.822098976109215,0.09598976109215017,0.7231228668941979,3.6702218430034126,0.0008063917870833439,0.23868757430609547,0.2994084783114896,0.6861446783064133,1.9500000000000002,-15.58435706398188,0.0,-16.48542717442853,0.025,0.0004395036427316584,0.0010007927193213795,ok,False,0.0008063917870833439,2.3890784982935154,0.0,0.0,0.0
11,884,-7.293595023252449,-2.851108954908158,-11.539011172175819,-10.996745479666309,-17.88125969866969,2.231484443571018,-11.539011172175819,27.96936418451117,35.850761995624495,38.041533843656296,37.80179902771096,21.221119022736815,normal,12.320377080436938,normal,11.7973125,6.1000000000000005,-8.765261036095291,-15.181216393462366,0.0,0.0,-4.3728790283203125,0.0,0.015138378738466475,0.11702127659574468,17881538834632092673.mp4,2.700043305207325,unlabeled,0.5828099080088257,cd456aef44f49362f839603e05393c02,normal,6.463065843069328,9.600000000000001,12.735039514680066,-17.219947745975155,-10.756881902905826,1,-34.33535304375023,-27.363508870025065,-17.4801214119393,-14.563394763721071,-12.263778047566703,-11.614881244438154,-10.657184097104247,/b/src/336185346/17881538834632092673.mp4,-3.686068296432495,7.217387138123781,-17.510754936582615,-15.219497585895866,2.291257350686749,-17.407292929636718,-16.006445376869433,13.545212765957446,0.0,0.5122340425531915,5.178191489361702,0.000803662275740093,0.13026318320383098,0.22049436201345818,0.5335621870747932,0.9500000000000001,-13.524191087310513,0.0,-15.393324046817327,0.0,0.000803662275740093,0.0032244860769476006,ok,False,0.0006746388643573699,8.51063829787234,0.0,0.0,0.0
112,5427,14.60196314366947,9.210782470778325,8.39733640968385,-6.852502890774376,-24.287046108609914,3.342265423309807,8.39733640968385,65.98515102416584,57.76077587390392,65.20060112120882,66.18970484525568,32.27540998562613,normal,12.635614436629808,normal,112.556,24.25,-3.5102374674645693,-18.110759396744456,0.0,0.0,-6.291248798370361,0.0,0.1565004881018644,0.21401752190237797,17882847299710161108.webm,6.176286711865458,unlabeled,0.5369797483298342,be1963244df10caf35a288460c10586e,normal,4.479596040235382,21.8,42.69167392798562,-18.738512052269783,-14.258916012034401,1,-22.48931135363519,-20.709628001730763,-19.231535871351692,-18.108482460696557,-17.298656048454614,-16.815130843674268,-16.20787396620464,/b/src/336185346/17882847299710161108.webm,-5.721862316131592,3.5917745228113596,-24.898326067207094,-18.809966572715894,6.0883594944912005,-18.85925985303819,-18.3574767527614,4.463321856952466,0.0,0.0002498889382496668,0.48825521990226567,0.00078580248839682,0.08619981811408756,0.361207373559179,0.5375801593955873,0.15000000000000002,-15.979230896826255,0.0,-18.668141095574146,0.0,0.0001331801795907701,0.0033750438037395574,ok,False,0.00078580248839682,0.0,0.0,0.0,0.0
26,7012,3.929937957308984,-6.263183775089846,3.3886557340407126,-5.263841063049344,-16.770722626347194,0.37276334253930177,-6.263183775089846,13.049808336614383,10.693925839440364,10.96262574443012,13.746543890542846,6.895217113126119,normal,14.235438788830422,normal,26.031,7.1000000000000005,-4.891077720510042,-14.873046724568663,0.0,0.0,-2.9506173133850098,0.0,0.054590114525867206,0.1620775969962453,17883363194091428342.mp4,1.8976759017785305,unlabeled,0.582348493092219,5a27d8b60bdfc656134e71a58fbee324,normal,6.271882431725896,25.8,10.258601555793467,-17.08847106803196,-10.816588636306065,0,-22.050298645519902,-20.059782107336478,-18.005404656014882,-16.38682388792315,-14.968032389196939,-14.018417543375834,-12.646261703289802,/b/src/336185346/17883363194091428342.mp4,-1.9459623098373413,6.5568440941563395,-17.131965685836143,-15.19032241496949,1.9416432708666527,-17.582935189577555,-16.181401098667763,11.498076923076923,0.003125,0.2924278846153846,2.975120192307692,0.0007841155844445872,0.08631890258892923,0.156675496860328,0.3396681191254836,0.65,-5.217684380105849,0.0,-15.686144223407307,0.0,0.0007841155844445872,0.06254274982173712,ok,False,0.0005379810901498869,0.38461538461538464,0.0,0.0,0.0
26,3541,15.556373380940009,20.078011505568913,7.198688114609981,-7.099689847989252,-33.56311293642901,-5.104652070157618,7.198688114609981,24.16735591643727,25.28577547066673,21.161795343288297,26.322268041394885,13.27983897810784,normal,26.83875325910543,normal,26.58825,23.8,-12.20434191814687,-22.794700170069593,0.0,0.0,-6.647338390350342,0.0,0.0008677859340984013,0.09136420525657071,17881465967250984170.mp4,10.768412766359415,unlabeled,0.5837712797260185,79688d2f16768e81ac67956971fdcf02,normal,11.997026665765148,20.3,15.829466809845268,-31.63819134705554,-19.64116468129039,1,-44.42010371277876,-37.90875537923415,-31.829896613873874,-27.37506409976492,-23.57538578133884,-21.548032977139933,-19.712173915418028,/b/src/336185346/17881465967250984170.mp4,-1.3758383989334106,14.07273718118704,-34.17574232237267,-22.165009845298016,12.010732477074654,-32.12363332719524,-28.21459165803884,0.05061205273069679,0.00023540489642184556,0.0007062146892655367,0.005885122410546139,0.0007595115678854402,0.4468094758686841,0.5099938254481116,0.7278719132744671,1.8,-6.684694834026894,0.0,-22.854389639433986,0.0,1.3892371428070936e-05,0.0003277811173393254,ok,False,0.0007595115678854402,0.0,0.0,0.0,0.0
14,2284,3.5409593521868583,6.946334374074999,-4.171164981906496,-11.70666738621388,-21.3973496732375,-5.331230023780517,-4.171164981906496,40.09980337524316,41.69281623177922,41.74080349041686,40.22607800310587,21.974389755719386,normal,13.038836671569165,normal,14.976875,11.0,-17.037897409994397,-18.782384963754136,0.0,0.0,-7.8485846519470215,0.0,0.0024099098136214302,0.04130162703379224,17883362912733587682.webm,2.6149647094833632,unlabeled,0.4952110920183894,618b36e305867af7c017704099fd691f,normal,5.898794533323803,0.30000000000000004,38.05511207987966,-19.89167797062751,-13.992883437303705,1,-24.278907652444985,-22.10297374742045,-20.53761749525323,-19.03864926575116,-17.82702949565749,-16.81359651492559,-15.547594616437244,/b/src/336185346/17883362912733587682.webm,-6.662236213684082,7.186288934803608,-20.896630304987596,-17.925067740079655,2.9715625649079414,-19.952847999786357,-19.701072885253247,2.199623745819398,0.0,0.0,0.2157190635451505,0.0007534503477190975,0.2582112274862865,0.2582112274862865,0.4545504816789973,0.30000000000000004,-8.151092315995179,0.0,-15.604657652958615,0.0,0.0007534503477190975,0.01677521386868402,ok,False,0.0002358035235621245,0.0,0.0,0.0,0.0
11,11017,1.989192814480223,12.2290535359009,3.5792915169188024,-6.370887404531521,-22.207340096381166,-3.6269149078297076,1.989192814480223,19.461914780682818,13.158599927335175,15.802038454510594,19.44103236912979,7.811378697897652,normal,11.673950488916597,normal,10.9453125,6.65,-9.997802312361229,-17.328669386111592,0.0,0.0,-3.285616397857666,0.0,0.02285286235986344,0.09449311639549438,17883789192032741928.mp4,4.878670710269574,unlabeled,0.5801025579253246,f5f49a279409dd27b3ac9908996305dd,normal,7.254569797165221,6.300000000000001,14.177529393775337,-16.63480433802153,-9.38023454085631,1,-23.15683026186752,-20.976270509672137,-18.718722685648892,-16.965615505185518,-15.54887495634697,-12.94206323822019,-12.139511558365117,/b/src/336185346/17883789192032741928.mp4,-2.7934324741363525,6.774403223276151,-22.140758097853798,-16.62511421350377,5.515643884350027,-16.656610656431237,-14.46738296305295,17.754013761467892,0.0020068807339449542,1.481651376146789,8.522935779816514,0.0007092356548900814,0.13769735286772763,0.15564590591527944,0.5803146743212215,0.45,-13.187634325631842,0.0,-17.285526428205152,0.0,0.0002902481090244638,0.012772467327735057,ok,False,0.0007092356548900814,0.45871559633027525,0.0,0.0,0.0
10,1155,8.33398481805689,29.748379602752408,27.608550973175404,-11.877631906720513,-62.40133921491046,12.2828300528285,8.33398481805689,43.336287013170825,33.70658470414479,41.09705208340157,38.22943069585523,17.352496307743472,normal,29.967218704580446,normal,10.659375,10.15,0.405198146107986,-26.675338709098035,0.0,0.0,-8.742635726928711,0.0,0.3063572229956459,0.3491864831038799,17881473718100484612.mp4,35.72600050581242,unlabeled,0.40557977780150045,c264e238293770641a69d56c1cb15762,normal,38.92622627844119,10.200000000000001,36.281053856089656,-60.754607646892154,-21.82838136845096,2,-65.73264324565967,-64.77504026891322,-63.523598202864896,-61.75592849502903,-58.80746458714755,-53.781478490852926,-21.813246162180786,/b/src/336185346/17881473718100484612.mp4,-8.742635726928711,45.13268268402526,-59.99191585255366,-28.13579605778981,31.85611979476385,-60.933220006056324,-38.70985443150916,0.008802816901408451,0.0,0.0,0.0005868544600938967,0.0007038191529507194,0.40557977780150045,0.40557977780150045,0.6109352647627303,1.05,-12.301094061265989,0.0,-63.38346912936683,0.0,2.921934211915717e-15,0.027438642261708474,ok,False,0.0007038191529507194,0.0,0.0,0.0,0.0
11,1294,4.890635641108878,6.680753684513098,2.0458614170666714,-8.17164385580124,-18.556246434578668,2.474328236069338,2.0458614170666714,72.11513833119761,70.57883565788666,72.61720577510185,72.34148343099474,36.591951840945356,normal,12.640250943980583,normal,11.9815,2.15,-5.697315619731901,-15.59722053646002,0.0,0.0,-4.239557266235352,0.0,0.04346104838277849,0.1620775969962453,17883618548502002295.mp4,2.9590258981186484,unlabeled,0.5042471014972928,b1a7fbb05f8a03f4cfb7f6fca25149b5,normal,3.7154770259412153,0.1,68.04217447317663,-16.830231483642688,-13.114754457701473,1,-19.393659147712857,-18.677306606399632,-17.82468088323112,-16.991707341171796,-15.678439362563205,-14.977961245208988,-14.391369344702754,/b/src/336185346/17883618548502002295.mp4,-3.5774083137512207,3.8362730822221334,-17.840271946564414,-15.54262903933709,2.297642907227324,-16.905102164598993,-16.217659257731803,10.403504184100418,0.0,0.18200836820083682,2.6401673640167362,0.0006964940535155447,0.17049950106612957,0.1721396645700762,0.42820279888323964,2.0,-5.8809095904227355,0.0,-15.872466507781194,0.0,0.0006964940535155447,0.05045046032039344,ok,False,0.0006801703313748545,0.0,0.0,0.0,0.0
10,844,0.42104740152780273,6.372061846104465,-1.144302066604233,-7.316078508801095,-18.355867145685735,-3.1208881041133942,-1.144302066604233,7.58618289691386,6.067649125970011,8.131895584997107,8.854656700377301,3.3683420024409614,normal,13.70205490565219,normal,10.7058125,9.05,-10.436966612914489,-15.427348139896369,0.0,0.0,-3.648909330368042,0.0,0.004956016992686916,0.09324155193992491,17883789192483407236.mp4,2.928519005789367,unlabeled,0.42612105549789436,bb7ee614bb6fae251cc1433393cd1289,normal,9.367353587019561,8.8,10.573267436901883,-17.40209883883886,-8.034745251819299,0,-20.88253524897881,-19.033294510317294,-17.74367808397917,-16.831547876531026,-15.086685925929286,-13.936160710781852,-12.250268001040359,/b/src/336185346/17883789192483407236.mp4,-2.379276990890503,6.922755439517644,-18.315727383789493,-12.700595696182003,5.615131687607491,-17.3160566414549,-16.081331896542693,10.550817757009344,0.0008761682242990654,0.5922897196261682,3.6761098130841123,0.0006942390764831688,0.15285117089227768,0.15285117089227768,0.45299411268862266,0.5,-8.22285259538153,0.0,-17.21623950463404,0.0,0.0003040909445241454,0.00039000321859147043,ok,False,0.0006942390764831688,0.9345794392523363,0.0,0.0,0.0
173,25725,7.685744394397151,-6.910083781323062,0.35276311239181446,-5.3271068332106815,-16.533198756760363,-4.9597133691601645,-6.910083781323062,5.809852126199603,5.501360846642777,7.505512939989158,5.311008994282341,3.0745873163274258,normal,16.775292944049234,normal,173.31375,70.35000000000001,-10.286820202370846,-14.511716940120344,0.0,0.0,-3.1155195236206055,0.0,0.032374913522054335,0.05506883604505632,17883131702410799537.mp4,2.0214818166400192,unlabeled,0.48156349305895724,3477512d18d295edb55e9402793ce9ef,normal,4.430728963191836,147.0,4.314940435872344,-17.25297949901458,-12.822250535822743,0,-18.27206148321323,-17.70308854661743,-17.00628951724685,-16.303001179457972,-15.697882474220279,-15.26754288946977,-14.359944705585875,/b/src/336185346/17883131702410799537.mp4,-0.3362874984741211,5.586851778134626,-17.16892194935089,-14.147646549975242,3.0212753993756465,-17.34762090812014,-17.111580442523355,7.611295441431045,0.005499855741488748,0.1967686093479515,1.9385278418926715,0.0006823154383899981,0.04893321334673777,0.34517843897943395,0.6202058038274832,0.1,-6.674422310487866,0.0,-15.92872078128315,0.0,0.0006823154383899981,0.06439406178330669,ok,False,0.0006091125807284401,0.028851702250432775,0.0,0.0,0.0
14,1111,5.137190446794758,4.216149824961477,5.326175061014721,-12.756571612213428,-16.305180146570883,1.6884800060031004,4.216149824961477,43.8510181789428,46.30880844292554,48.111159967086586,47.71367645408817,35.97900149919214,normal,11.384074760303685,normal,14.592,13.8,-11.068091606210327,-14.655534171103692,0.0,0.0,-4.568629264831543,0.0,0.01825007037187239,0.08823529411764705,17881502697500250146.webm,1.649645975467191,unlabeled,0.583278051355692,dfccbee668176bdde1c45e2d87014b75,normal,4.376588019176632,0.1,23.80792319058797,-14.945103121139503,-10.568515101962872,1,-19.738899262341995,-18.11043069710884,-16.07571761596121,-14.086755617804004,-12.15710828174259,-11.821876829334267,-11.121155577277888,/b/src/336185346/17881502697500250146.webm,-2.8223111629486084,5.300116682297464,-15.051555245777209,-14.382588511685103,0.6689667340921055,-15.060441708374068,-14.206385923252293,20.180197594501717,0.0006443298969072165,0.9216065292096219,8.314003436426116,0.0006731770411090434,0.21734285876304846,0.4190167351903872,0.36444024983408535,1.1500000000000001,-14.707068395788205,0.0,-15.712457278957427,0.0,0.0006731770411090434,0.00294512512397971,ok,False,0.0006137700305540034,7.903780068728522,0.0,0.0,0.0
24,3550,7.1648568678477,4.335987076712012,5.303086248473642,-20.421417492985043,-18.16968446611765,4.852902125275998,4.335987076712012,49.26079618869315,33.0639444735649,41.07299100933643,44.19044406109343,26.89394668749,normal,11.186695538911348,normal,24.87,10.9,-15.568515367709045,-15.350260462421485,0.0,0.0,-2.9063045978546143,0.0,0.0007650295405790973,0.04630788485607008,17881496994623646990.mp4,2.8194240036961666,unlabeled,0.5822297841461236,6f5503ba0f64aeddd06a675da37af1b6,normal,2.7112415062855,0.1,12.302304650167578,-12.83878089611201,-10.12753938982651,1,-20.32111061966844,-19.32281286967057,-17.770737631654203,-16.211328253569413,-14.53217904509869,-13.77047124540236,-12.43207205020681,/b/src/336185346/17881496994623646990.mp4,-1.5250910520553589,6.876092041062547,-12.054335822076789,-13.790689069578884,-1.7363532475020946,-12.81459508566326,-12.711786590966707,31.62688631790744,0.002766599597585513,1.1769366197183098,13.021252515090541,0.0006680021379225031,0.1313819380978107,0.1836172572718682,0.44104561405023474,0.8,-18.031105099422177,0.0,-16.997724823743138,0.0,0.0003309924350836919,0.000596105334959699,ok,False,0.0006680021379225031,0.4024144869215292,0.0,0.0,0.0
14,5526,0.07159648420077591,-0.14436394481495896,9.153990920574042,-9.18175713992543,-18.802278642142845,0.48554876388444157,-0.14436394481495896,15.528779703966968,7.515373202787792,7.164785373149272,12.501814843221638,5.240638922970401,normal,12.504079424349914,normal,14.024875,5.95,-8.696208376040989,-15.934526056127545,0.0,0.0,-5.7959794998168945,0.0,0.017112183642695872,0.11514392991239049,17883362911410413672.mp4,2.8677525860152997,unlabeled,0.360209348880609,5013f8ac472c8c316c27c29291377738,normal,2.8114560742341066,5.4,2.598653906575958,-16.986859690490597,-14.17540361625649,0,-19.65038396329435,-18.244860068918193,-17.144086208075528,-16.182828970823365,-15.651549780236323,-15.362372876454643,-14.679516234387213,/b/src/336185346/17883362911410413672.mp4,-4.5328826904296875,2.9404423820977765,-18.441889665196562,-15.739358953153879,2.702530712042684,-17.02172600089998,-17.0369621147796,7.6937500000000005,0.0,0.014062499999999999,1.2953124999999999,0.0006642611093867247,0.25827191883603146,0.3244813770052746,0.5502254057570292,0.0,-9.609800222633659,0.0,-16.78905132964931,0.0,0.0003858537385851894,0.009826867957606941,ok,False,0.0006642611093867247,0.0,0.0,0.0,0.0
18,20052,13.382262478681524,2.4169190285903817,-0.046097849377710665,-13.207367765198352,-21.08056968337202,7.190558070672127,-0.046097849377710665,7.871045365103548,6.287589075793576,11.955071244865277,11.999977795655411,4.126297470916818,normal,15.541342670307824,normal,18.854625,6.45,-6.016809694526225,-16.88656275423577,0.0,0.0,-4.77169942855835,0.0,0.08959301463287253,0.16145181476846057,17881590044631874482.mp4,4.1940069291362505,unlabeled,0.33654238757638294,02f6ebc0b4fc8a40424ad8746883bb42,normal,6.13471344690514,3.3000000000000003,6.715886991989429,-20.161116949606548,-14.026403502701408,0,-30.066634339538876,-24.226611564077004,-21.337757151342927,-19.002052764882325,-17.576386714490614,-17.04583893881717,-15.611999767806143,/b/src/336185346/17881590044631874482.mp4,-4.103555679321289,6.520277916159264,-19.667778736663927,-17.138536082225897,2.529242654438029,-20.308222049452382,-19.644898349629113,2.9500994694960214,0.0,0.016412466843501325,0.4825928381962865,0.0006550967240765419,0.13804527942128314,0.2511813563705781,0.3878615298916179,1.7000000000000002,-8.065933485523999,0.0,-17.553170485690227,0.0,0.0002743730105589759,0.05256739708008748,ok,False,0.0006550967240765419,0.0,0.0,0.0,0.0
13,335,-17.06959383868104,-11.082226855172015,0.7610959264819201,-16.228792420825037,-18.660800098914564,-2.657536673836958,-17.06959383868104,73.1471674944574,47.98788660796464,69.88302811860517,74.79590952986366,27.17522234875221,normal,10.21226516611565,normal,13.5850625,10.350000000000001,-18.886329094661995,-15.557491226207448,0.0,0.0,-4.418499946594238,0.0,0.0007279885394342574,0.0344180225281602,17881699235020275717.mp4,3.1033088727071156,unlabeled,0.45073617474116096,03efb7753431f1d93b7975801f91e246,normal,3.334637095273308,0.5,69.098453049866,-14.431595888335858,-11.09695879306255,1,-22.277567744638038,-20.406351229233998,-18.618794241265366,-16.651654260018066,-15.735707322575825,-15.090186813407026,-13.096347244382438,/b/src/336185346/17881699235020275717.mp4,-4.248082637786865,6.6760337578740785,-14.39805954117919,-14.252021746052947,0.1460377951262437,-14.16526997393527,-14.460347803902515,17.697878228782287,0.0,0.529520295202952,4.106088560885609,0.0006477758585556962,0.05976559913195244,0.261955697911155,0.32944599827064114,1.3,-19.746832786207506,0.0,-16.41146241918441,0.0,0.000456008222615709,0.000719396848106931,ok,False,0.0006477758585556962,0.36900369003690037,0.0,0.0,0.0
35,990,9.363596184206592,2.9701705145602446,17.156658091573533,-14.295742824079799,-31.06848601374498,6.9956644385303,2.9701705145602446,56.708105634464836,46.30893029490628,53.0111639934797,53.64892102777058,23.41088234918567,normal,16.727549442042513,normal,35.1913125,6.1000000000000005,-7.300078385549499,-21.674954308223043,0.0,0.0,-10.394600868225098,0.0,0.010801048208468132,0.14267834793491865,17882982721130887430.webm,9.393531705521937,unlabeled,0.7272578636165831,fd7be045521613eb27e89935a7f1eaf4,normal,8.582593544900465,0.1,49.76756946207129,-27.50773562334747,-18.925142078447006,1,-34.45802929136382,-31.38198696578865,-28.7633926470193,-25.332328852984606,-22.34179146574079,-21.267553942262566,-19.787727149472417,/b/src/336185346/17882982721130887430.webm,-9.271470069885254,10.412516410796268,-29.716711179181974,-21.964752271769456,7.751958907412519,-28.005713270737587,-25.999019511927767,0.018403271692745377,0.0,0.0,0.0,0.0006466595110851105,0.1871423514241971,0.3858534226087113,0.7045589459309044,0.55,-9.03191572599179,0.0,-23.52624038492805,0.0,9.572760834620467e-06,0.009872293941443039,ok,False,0.0006466595110851105,0.0,0.0,0.0,0.0
21,4104,4.9639226586424074,6.65915854596715,0.13003281862119653,-8.581834504040318,-22.702732408178427,2.0126730141417424,0.13003281862119653,27.848161224845935,12.828446311946479,14.41400431021031,21.371983708423166,7.839144277550346,normal,12.162342061438888,normal,21.8978125,2.9000000000000004,-6.569161489898575,-17.883386241396153,0.0,0.0,-6.08256721496582,0.0,0.08164936388696943,0.14017521902377972,17882594179563830039.mp4,4.819346166782275,unlabeled,0.5005492475432457,e2518a456d975caa34f0c6cc3fbd3f03,normal,3.7109692519378576,0.1,12.637297042538634,-18.32599940387264,-14.615030151934782,1,-24.646942397779085,-21.752383103940303,-19.461487240342482,-18.17254154394829,-16.438536193012737,-15.712615088177131,-15.06275579086603,/b/src/336185346/17882594179563830039.mp4,-5.787637710571289,5.341405683142359,-21.233050917553683,-17.038996239273338,4.194054678280345,-18.839561825242214,-17.949979772010177,6.041905034324943,0.0,0.0010011441647597254,0.9635297482837528,0.0006450180175646148,0.22432760694795198,0.23737214234879953,0.2635731242225124,1.9500000000000002,-7.57798993826491,0.0,-20.26018709055897,0.0,6.219542897425207e-05,0.051548130199101656,ok,False,0.0006450180175646148,0.0,0.0,0.0,0.0
39,15597,-2.656347788013104,10.140456534170102,-1.12450563245703,-3.5116763004135105,-18.314328732772545,2.2186566930387226,-2.656347788013104,10.430687372492226,10.368753967677492,8.802270929093275,11.2277671036418,6.944478008303083,normal,17.531776169323912,normal,39.056,33.4,-1.2930196073747882,-15.864590594975288,0.0,0.0,-2.308952569961548,0.0,0.1698221979656398,0.2740926157697121,17883746279262863686.mp4,2.4497381377972562,unlabeled,0.41449660799741456,fe5a74948964ab7cf9cccd8b8259cf99,normal,7.394116576463974,0.1,10.000226847371202,-19.126413688438493,-11.73229711197452,0,-24.018272595395334,-21.090828696536395,-18.902624800217172,-17.143994486393463,-15.288449805192649,-13.821624498155995,-11.512983563571385,/b/src/336185346/17883746279262863686.mp4,-0.06594675034284592,8.395499174704973,-19.805380934556947,-17.942109174853265,1.8632717597036823,-19.91696836513172,-17.597722919666758,5.681017925736236,0.10411331626120358,0.683258642765685,2.276968629961588,0.0006438970135722044,0.3598015182105767,0.3598015182105767,0.3323142920846264,1.9000000000000001,-21.28604626473819,0.0,-24.04044614489253,0.0,6.901791047643074e-06,0.0004771948124805902,ok,False,0.0006438970135722044,1.4084507042253522,0.0,0.0,0.0
10,265,2.842607949978049,6.512178360833197,0.25595433555343305,-17.431816553716068,-18.056581584303228,4.542212173352695,0.25595433555343305,4.362264494769711,11.189120345843158,5.447366139958726,4.120948320142318,7.491943572331522,normal,9.970999259934162,normal,10.75225,8.3,-12.889604380363373,-15.814374383569875,0.0,0.0,-5.663315773010254,0.0,0.006170693118892078,0.07384230287859825,17882910607282800541.mp4,2.2422072007333522,unlabeled,0.5133458747654694,3068981ae2b742db424b0070d479bab2,normal,2.355895591539589,0.1,3.992672402431271,-12.646485875695552,-10.290590284155963,0,-23.64461112074984,-19.05687883785201,-17.88347301809102,-16.518865535635296,-15.26816191363493,-14.583109786480291,-14.140383353937967,/b/src/336185346/17882910607282800541.mp4,-2.7843258380889893,3.8396148412060853,-11.82826264116943,-14.727331074662057,-2.899068433492628,-12.211143077754569,-12.755325098023151,33.87354651162791,0.00029069767441860465,0.11598837209302326,15.031976744186046,0.0006282390931994972,0.43659667901009186,0.43659667901009186,0.4480328528408218,2.0,-16.1284314573796,0.0,-17.178583941209094,0.0,0.0003010130460382249,0.002385700422550536,ok,False,0.0006282390931994972,0.0,0.0,0.0,0.0
7,1223,-2.8906738397151344,-1.426931244724729,-2.064471919142089,-17.516952451325125,-18.915598415898124,-3.049643854076784,-2.8906738397151344,72.8272833641607,74.27923966746947,75.5096384495831,70.27821952971316,37.49939989504748,normal,16.17324969870169,normal,7.8715625,1.5,-20.56659630540191,-15.851382858699615,0.0,0.0,-2.5266356468200684,0.0,0.001835873814770394,0.02315394242803504,17883365206031670206.mp4,3.0642155571985086,unlabeled,0.4727358778228309,dafb8e702010421fcedee0691e2397dd,normal,5.408287213205627,3.8000000000000003,7.772707218716169,-17.831927973818463,-12.423640760612836,0,-24.787783872158506,-22.37234905227898,-18.90800021802561,-16.125775441233156,-15.199562368209882,-14.132828148720444,-10.546267333966622,/b/src/336185346/17883365206031670206.mp4,-0.7558134198188782,8.679962909328344,-18.185448913317956,-14.024201023703373,4.161247889614582,-17.70671023555403,-16.929063118520567,8.197850318471337,0.04299363057324841,0.4335191082802548,2.4375,0.0006212820487319519,0.13218942623160604,0.2284289072302879,0.29216184429247233,1.5,-20.56659630540191,0.0,-15.851382858699615,0.003125,0.0006202332259153455,0.001835873814770394,ok,False,0.0006212820487319519,3.1847133757961785,0.0,0.0,0.0
21,1631,6.5509192784844,19.95766623201976,34.5513137680845,-16.34675640704527,-47.37134550395827,4.9085065122874525,6.5509192784844,44.08057794718472,45.00319870520234,38.758316832231344,40.72401490455796,22.6191574350525,normal,25.101697343839962,normal,21.001,1.4500000000000002,-11.438249894757817,-26.777082695302543,0.0,0.0,-15.10041618347168,0.0,0.0008731263807690994,0.06821026282853568,17882993665370549260.webm,20.594262808655724,unlabeled,0.5724261226850731,2c78c9f702072fe3f0cd1d889792b21f,normal,12.449094330220987,0.1,47.55209381209979,-34.65951950482523,-22.21042517460424,1,-48.179918489070936,-44.184479844643,-37.68901774562279,-31.372081403838635,-26.916461328928957,-25.30720331171594,-22.929812928783253,/b/src/336185346/17882993665370549260.webm,-6.288148880004883,15.9790143891472,-43.645349068878986,-26.344716904931687,17.3006321639473,-36.52552918948182,-31.389846223844845,0.006547619047619048,0.0,0.0,0.004166666666666667,0.0005766036207445228,0.34708538046623855,0.42083157267472765,0.7905691251113139,1.4000000000000001,-11.438249894757817,0.0,-26.777082695302543,0.0,1.55666788914328e-06,0.0008731263807690994,ok,False,0.0005766036207445228,0.0,0.0,0.0,0.0
10,1633,7.4475326204148224,1.8115819748712223,13.94540003148602,-3.5493045318676026,-19.453916124467675,1.3879364511097254,1.8115819748712223,23.36553865200446,23.401025143210887,24.722639059248017,21.47740711222009,12.013645096111272,normal,12.156583788058889,normal,10.75225,6.550000000000001,-2.1613680807578772,-16.247303687695755,0.0,0.0,-6.339034557342529,0.0,0.06026088713324806,0.2571964956195244,17882939404220894189.mp4,3.2066124367719198,unlabeled,0.5644185365545024,404fbaed73aa2984b8eef4d927962758,normal,2.844131530468273,5.7,9.99433795503171,-17.740862400033713,-14.89673086956544,0,-26.58582751851312,-20.200650337840017,-17.50577178941412,-16.19972946874517,-15.623928583707277,-15.37907530726342,-14.70477098996213,/b/src/336185346/17882939404220894189.mp4,-5.815499305725098,3.2777297179802076,-20.3767165346985,-18.262190937550727,2.1145255971477717,-17.73473493495922,-17.972083093783986,5.902906976744187,0.0,0.0011627906976744186,0.9970930232558138,0.0005608877733138189,0.10911256060784359,0.23657764189657482,0.527052752355767,2.0,-6.647232109114305,0.0,-16.38739385555355,0.0,0.0004864726370442682,0.0035752598229562274,ok,False,0.0005608877733138189,0.0,0.0,0.0,0.0
61,8420,-1.5197034631542188,9.83883013597264,3.4461374692200843,-13.02183614920665,-28.67189188665515,-1.731669035912068,-1.5197034631542188,36.20863021671701,38.574801421902464,36.421047096818846,37.37299156447186,19.734649477206645,normal,12.8896321673718,normal,61.04525,40.7,-14.753505185118717,-20.74892478124633,0.0,0.0,-9.249855041503906,0.0,0.0014312611751939196,0.058823529411764705,17882908583491395272.mp4,7.922967105408819,unlabeled,0.5150892802984542,a4c1dbb46228bf50b13e124ae0826df0,normal,5.864245245201534,8.8,16.81674014994021,-22.085429277389743,-16.22118403218821,1,-34.77922306296789,-29.106732369486615,-22.85568986792578,-19.887315834605083,-18.34487536678566,-17.62762018640123,-16.886081913353948,/b/src/336185346/17882908583491395272.mp4,-8.59604549407959,7.619496638278671,-28.045461681420043,-20.10527156052549,7.9401901208945525,-22.48858071912875,-21.48567766145139,1.4308401639344261,0.0,0.0,0.0016393442622950822,0.0005604840487221079,0.137137349372119,0.2693669217644928,0.3055124906091927,1.6500000000000001,-10.983332051739701,0.0,-22.946731453004944,0.0,1.3035317523278752e-05,0.011418468915312693,ok,False,0.0005604840487221079,0.0,0.0,0.0,0.0
12,2889,-0.3990219983617136,4.824885909318613,1.4743032287892364,-7.009566895297601,-16.834109558464334,-2.1132580727659533,-0.3990219983617136,6.097622293834643,6.674189817645111,7.061784018025131,6.884766317622425,3.451885640822752,normal,11.623797902490873,normal,12.377625,11.200000000000001,-9.122824968063554,-15.445620037247046,0.0,0.0,-4.863861560821533,0.0,0.033229008184252715,0.09824780976220275,17883557758321049696.mp4,1.3884895212172879,unlabeled,0.5017252255149369,50870fb18dc7e6ccdb92b653916f2b75,normal,2.237369364769126,3.3000000000000003,2.7443484884877094,-15.806819963101193,-13.569450598332066,0,-18.488196761793898,-17.57181567598095,-16.649293372121974,-15.962742666993963,-15.286377699597772,-14.880026846229766,-14.12448694839807,/b/src/336185346/17883557758321049696.mp4,-4.2786545753479,2.713710789634879,-16.488360465455642,-14.678903953217137,1.809456512238505,-16.21033121007754,-15.902452477838773,12.262651821862349,0.0,0.054655870445344125,3.0025303643724697,0.0005440755014210181,0.31704416973588634,0.31704416973588634,0.32110430412923513,0.30000000000000004,-9.064586843087314,0.0,-16.285588928519285,0.0,0.0005440755014210181,0.05038415494721431,ok,False,0.0004927959232907911,0.0,0.0,0.0,0.0
131,11765,-3.2131530544515936,-1.9996558892178693,3.881292669739776,-6.417829688705467,-24.29098785989016,1.0230269024386658,-3.2131530544515936,16.936759025886076,11.945080438868544,15.879200942627506,17.329948416748806,7.941135698586827,normal,25.286148300470217,normal,131.0055625,120.0,-5.394802786266801,-18.73729443965433,0.0,0.0,-6.811667442321777,0.0,0.009704929394824629,0.16770963704630787,17883371444211728010.mp4,5.5536934202358275,unlabeled,0.44840846083723956,f3e2d64484746cf2cdc12fb1dd17d29e,normal,11.802329203719935,94.2,16.3513652838569,-30.35111685468675,-18.548787650966815,1,-41.847930989176604,-35.4581020070779,-30.473209170226383,-26.144550390274368,-22.37404696409382,-20.52828652469679,-18.637092277436736,/b/src/336185346/17883371444211728010.mp4,-2.004672050476074,13.827164687144922,-24.730752227142936,-19.723711856023094,5.007040371119842,-30.505501110410766,-27.29082035094629,0.0808206106870229,4.770992366412214e-05,0.0015267175572519084,0.009494274809160305,0.0005436661538042242,0.1322660743625016,0.23142173240133482,0.4297403705064659,0.0,-11.452828073011947,0.0,-37.82026165760497,0.0,3.5838200750256117e-09,0.0008125098445952114,ok,False,0.0005436661538042242,0.0,0.0,0.0,0.0
15,3941,-2.131433195519243,10.016046388481513,9.983219689797274,-17.494790591935818,-23.327217430288588,-2.9925693119011427,-2.131433195519243,40.93213566744387,42.35429812683026,37.85356907242159,35.44202508044391,38.17033502514171,normal,7.257051563990064,normal,15.117625,2.85,-20.48735990383696,-18.6528086200099,0.0,0.0,-7.3520426750183105,0.0,7.088207525610489e-05,0.028785982478097622,17881472052311188908.mp4,4.674408810278688,unlabeled,0.4990664099378405,b3dc732eade6f5f97e2df34de021856f,normal,6.01554322382294,0.1,13.370572739850775,-15.766822134993053,-9.751278911170113,1,-24.276253452407342,-22.59852769599904,-18.429593983834522,-16.012072357907506,-14.443132803191142,-13.973233867720888,-13.344645802833904,/b/src/336185346/17881472052311188908.mp4,-7.1487226486206055,5.262738098449843,-20.80049715067815,-16.466605440500196,4.333891710177955,-15.926284017849635,-14.40577421261067,23.270281456953644,0.0,0.0,3.3507864238410594,0.0005387081736396189,0.3550107553711373,0.3813865913901171,0.40958893672915314,0.1,-8.537645744002242,0.0,-16.70752975576781,0.0,0.0004093622307171179,0.014085600479981204,ok,False,0.0005387081736396189,0.0,0.0,0.0,0.0
8,582,34.2594201207167,8.72149361287107,24.970428231051383,-20.6541382921489,-31.14403300726001,9.873334792011192,8.72149361287107,19.65620245220811,22.27956344049091,21.60377811861367,22.023599426178585,14.823747182420696,normal,15.818170551495342,normal,8.3838125,5.7,-10.780803500137708,-21.916951179203277,0.0,0.0,-10.61890697479248,0.0,0.01706345094687895,0.07822277847309136,17883519407003730617.mp4,9.227081828056733,unlabeled,0.5832560737707307,891a694a1b0b8858de3e69e8d887ec26,normal,6.402060760249903,4.5,20.518915039782925,-24.11748630593093,-17.71542554568103,1,-40.774783341413354,-29.818016190883505,-26.043815267579244,-23.85034006416852,-21.819175171874246,-20.669655305479345,-19.06605284114919,/b/src/336185346/17883519407003730617.mp4,-7.7069292068481445,7.327486315861886,-28.33668279293388,-21.224473439536958,7.112209353396921,-24.53614891399767,-23.525099758343487,0.19311377245508982,0.0,0.0,0.010104790419161677,0.0005359426749596459,0.1414415092100753,0.16958265780370174,0.4458107867360589,1.5,-17.862204892164428,0.0,-23.922475199199024,0.0,7.375849404426652e-06,0.0007914302895781635,ok,False,0.0005359426749596459,0.0,0.0,0.0,0.0
16,1520,10.199789281519847,5.909262188131837,5.007996078464693,-14.461812139480077,-19.701688114204288,0.972916005249882,5.007996078464693,8.079402742067145,7.1617402085308335,6.768788654702671,7.708287651964682,4.743640999192504,normal,12.872355666555197,normal,16.763375,10.9,-13.488896134230195,-16.791881363202325,0.0,0.0,-5.107341289520264,0.0,0.007798749354263045,0.06382978723404255,17882949991720333320.mp4,2.9098067510019625,unlabeled,0.4832482929789347,657fe49d2158228478bfebb8ac8cc541,normal,3.4717600058747067,9.1,5.085939814939827,-16.930196339445537,-13.45843633357083,0,-22.859527229979946,-21.451949424086294,-19.51199873756884,-17.256034065081437,-15.992570247750516,-15.10492370487537,-14.403735761691845,/b/src/336185346/17882949991720333320.mp4,-3.976546287536621,5.893979900581579,-17.279733357594587,-15.22052125500105,2.0592121025935377,-17.226222336080777,-16.84890195409182,8.370895522388059,0.0,0.06492537313432836,1.6615671641791045,0.0005343732382279358,0.3009185172565606,0.3009185172565606,0.30935884500186084,1.8,-11.84454718612459,0.0,-18.187176156322653,0.0,0.00017665292077185372,0.008478738264853939,ok,False,0.0005343732382279358,0.0,0.0,0.0,0.0
116,4635,-4.860461152323342,6.273758752809222,-4.886337903625494,-13.244783130006706,-20.156616660200726,-3.4460414030479853,-4.886337903625494,68.89512514629426,64.01406106827534,68.64412572242698,55.34902376008461,32.45265823526926,normal,16.849835372938667,normal,116.239125,112.5,-16.69082453305469,-16.803903661880483,0.0,0.0,-2.954314947128296,0.0,0.0004086418084033415,0.04067584480600751,17882920323820146127.mp4,3.352712998320243,unlabeled,0.5816299443680044,d50530f72de05a635f022c4e3a192041,normal,8.648001259606609,0.1,63.00412067407321,-20.177194524570865,-11.529193264964256,1,-32.94704269047134,-25.977923638149424,-20.637821657141338,-17.722458314333743,-15.684596273432158,-14.458444120824657,-12.513728141559836,/b/src/336185346/17882920323820146127.mp4,-2.3707594871520996,10.431593109365581,-19.59071740760935,-15.3025742162821,4.288143191327251,-20.75525127291221,-19.220594860090767,4.238543459552496,0.0017211703958691911,0.2438145438898451,1.32723752151463,0.0005211765328363357,0.16102297917794006,0.27513231875050526,0.40693641569874944,0.8500000000000001,-5.514866180969982,0.0,-19.343752554250607,0.0,9.69815965186582e-05,0.0045554474686764265,ok,False,0.0005211765328363357,0.6024096385542169,0.0,0.0,0.0
58,2607,3.0522160718831337,9.786930060828535,20.566769286212264,-20.025988928785083,-28.032917081417168,4.656918083627648,3.0522160718831337,60.918220811065055,61.940128702169076,65.85412652724523,64.5291808674657,31.29415635150026,normal,20.164541526924836,normal,58.93225,3.75,-15.369070845157434,-20.851174631928508,0.0,0.0,-5.8313775062561035,0.0,0.001344159369520944,0.05131414267834793,17882090533310864737.mp4,7.1817424494886595,unlabeled,0.543741199009956,e010827f10bba6ae9b9865f4b5c03298,normal,11.50697444056242,0.1,60.945499786897926,-26.002405175383878,-14.495430734821458,1,-33.308077335209106,-30.696019634862722,-27.83467636065849,-24.26678565703359,-21.462846062699303,-19.869149155408284,-17.067731221927755,/b/src/336185346/17882090533310864737.mp4,-4.149639129638672,14.321757605571523,-25.911277728128756,-20.378174783079782,5.533102945048974,-26.427314363774435,-24.314180656563508,0.40847835314091685,0.0,0.0038730899830220714,0.05554966044142614,0.0004802376018604728,0.2159476378610705,0.26015151262507386,0.6323968402059824,0.2,-12.4466037490579,0.0,-24.64695415557266,0.0,5.053436534092601e-06,0.00775348119208393,ok,False,0.0004802376018604728,0.0,0.0,0.0,0.0
26,5010,-1.338626082418172,-0.15354355164251987,4.681090121713524,-2.3518650901422333,-18.238126083229975,-2.764361541660638,-1.338626082418172,41.055089266480415,39.11496803467809,36.88916401690418,40.95240153042603,34.33607264944905,normal,12.558036804129358,normal,26.2613125,6.5,-5.1162266318028715,-16.072581924266203,0.0,0.0,-6.638439178466797,0.0,0.014490918188283648,0.17959949937421776,17883749947663238255.mp4,2.1655441589637725,unlabeled,0.4959457324446636,b4537154282a787894f2ba1cefccb9d7,normal,3.6915478895049993,0.1,10.153349079419826,-17.385564995585717,-13.694017106080718,0,-21.85612185729407,-19.376759474269814,-17.336317817291416,-16.287936827229952,-15.342449240295828,-14.756607476118456,-13.929994715964565,/b/src/336185346/17883749947663238255.mp4,-4.829834938049316,3.7274823047473156,-19.72434648281803,-17.28762720132582,2.4367192814922127,-17.361653142251082,-17.387871742178675,7.172142857142857,0.0,0.010357142857142858,1.0067857142857142,0.00047637051260406764,0.22175076494156817,0.32716207045086987,0.5038843588409766,2.0,-6.322724314019553,0.0,-16.57346250573058,0.0,0.00044758713157369345,0.014152622517760494,ok,False,0.00047637051260406764,0.0,0.0,0.0,0.0
147,5215,-4.010656688197749,21.886917047486513,12.175173332131521,-9.940899690003388,-46.92991995700376,-6.369685470229193,-4.010656688197749,62.37824738821097,39.790194518683805,65.02732807897561,59.02748695267306,21.14026767634614,normal,20.583935263839287,normal,147.3538125,86.45,-16.31058516023258,-27.232714251042065,0.0,0.0,-16.29279327392578,0.0,3.886772587921663e-05,0.03754693366708385,17883030535661461369.mp4,19.697205705961697,unlabeled,0.5911771499774218,b1c54f8677104b67844d86f27a9e54cd,normal,13.923727249679839,0.4,57.60301818753862,-34.53091945700068,-20.60719220732084,1,-53.89712970039147,-42.51374462494164,-35.42842168133738,-31.276116609470492,-28.683268125703194,-27.139949210559145,-24.12709369954572,/b/src/336185346/17883030535661461369.mp4,-11.81871223449707,15.543184849608608,-47.418647656340006,-26.681900127179798,20.73674752916021,-35.40127308440485,-32.40264749833636,4.241601628775025e-05,0.0,0.0,0.0,0.0004750878671080858,0.3583997813111539,0.44652410819154725,0.6639344457652601,0.65,-15.515156317255277,0.0,-31.96352906619106,0.0,8.86495696373427e-08,7.778481782146634e-05,ok,False,0.0004750878671080858,0.0,0.0,0.0,0.0
10,590,-3.3021829366399995,12.273051401333868,7.680462937497573,-3.1709604744227127,-30.29369652501899,-8.16103124297971,-3.3021829366399995,20.145844987977306,15.942413649771325,17.053094655251144,17.58717486708305,9.818572773410168,normal,15.702441897724366,normal,10.031,4.75,-11.331991717402424,-21.647230256267484,0.0,0.0,-11.99968147277832,0.0,0.005236821316142386,0.07008760951188986,17883519406481810980.mp4,8.646466268751507,unlabeled,0.4829091020682289,268cde3f71bc7b2c04e10fbefd71d560,normal,10.379553800406445,4.9,11.36597775928858,-29.724254544497757,-19.344700744091313,0,-38.20920405877703,-34.69344099679733,-28.95965122519457,-25.967940188001858,-23.133968716727235,-22.0809406495038,-20.35692485058795,/b/src/336185346/17883519406481810980.mp4,-11.822057723999023,9.587513484370291,-31.71969926276632,-21.42956883974192,10.2901304230244,-29.939927331473832,-27.52449962172339,0.001875,0.0,0.0,0.0,0.00046963922382674804,0.0675317160450737,0.23306034459948619,0.5480407310238518,1.6,0.47384629439596515,0.0,-25.929607675716237,0.0,2.9489702656609174e-06,0.24991869797695657,ok,False,0.00046963922382674804,0.0,0.0,0.0,0.0
11,2286,-9.129262902942722,11.168984213800538,-0.16759368080000492,-8.386670352174978,-16.746862080205986,-7.800903746491915,-9.129262902942722,13.144577429696199,11.708045180829043,14.387350564841903,11.137004236660943,10.359272869073973,normal,9.400599952178302,normal,11.634625,6.800000000000001,-16.187574098666893,-15.29242978487357,0.0,0.0,-5.488644123077393,0.0,0.004024554387979159,0.03504380475594493,17883557325041070677.mp4,1.4544322953324151,unlabeled,0.5786307434916662,d903dcc74b91582fc3502312c745e9ba,normal,5.723076539572764,7.2,5.584293577046651,-14.926520524274629,-9.203443984701865,0,-20.470520080909395,-18.069804874197,-16.802253182513923,-15.074890717984108,-12.825257145373113,-11.885797131741793,-11.162158211324982,/b/src/336185346/17883557325041070677.mp4,-4.8247389793396,5.90224876162379,-15.08500857776891,-14.963869631553907,0.12113894621500343,-14.988125796217599,-14.225338931517902,20.017241379310345,0.0,0.06357758620689655,8.70905172413793,0.0004670135184426312,0.20837363234136,0.5370588292829743,0.2129848089605824,0.75,-16.567896162972364,0.0,-17.373629855895455,0.0,0.00026962119583633727,0.0004818630113430037,ok,False,0.0004670135184426312,6.4655172413793105,0.0,0.0,0.0
13,1098,5.356559009685258,0.7102387117728295,14.330317721517263,-10.971910491455073,-22.51662087194957,0.822273998152145,0.7102387117728295,74.31062710275907,50.37647350141448,57.21159255740804,74.14518413029181,25.491557017616813,normal,15.790521563926724,normal,13.538625,6.0,-10.149636493302928,-20.187517942041442,0.0,0.0,-5.89882755279541,0.0,0.0035769291815184795,0.08635794743429287,17881502697761807473.mp4,2.329102929908128,unlabeled,0.43327818417174074,7a158fa3c24b8df3fe8aafa7e87fcfe1,normal,9.413701625636373,0.1,47.17585758752965,-23.654397157367654,-14.240695531731282,1,-30.608812631710688,-28.298636132464715,-24.469599464950043,-20.18334236663066,-17.499879799967793,-16.522872227630565,-15.003401660380668,/b/src/336185346/17881502697761807473.mp4,-5.813179016113281,10.334093359680363,-22.221036273529226,-19.80712303790915,2.4139132356200754,-23.907241627928855,-21.603700580040005,1.9509259259259262,0.0,0.00787037037037037,0.4893518518518518,0.000465052938240699,0.37723485378215244,0.37723485378215244,0.38114089372626114,0.35000000000000003,-5.805480482742076,0.0,-16.495379331071682,0.0,0.000465052938240699,0.009295539374437285,ok,False,0.00014506249831172028,0.0,0.0,0.0,0.0
15,9200,7.522092731874925,4.890446547205929,4.685392135576546,-12.344130413281679,-17.542934942963754,8.90837567911767,4.685392135576546,9.650590499718122,10.095341609095378,9.989809784966884,8.942002862304502,6.767495376582971,normal,11.276170346266014,normal,15.0233125,11.350000000000001,-3.435754734164009,-15.885651435623352,0.0,0.0,-4.012775897979736,0.0,0.08380005877830027,0.2265331664580726,17881496993390411915.mp4,1.6572835073404022,unlabeled,0.5693383438853471,294ac4ae5196fc7f57f9071621605124,normal,6.905164910718323,3.0,6.8216959412223055,-15.941841764579767,-9.036676853861444,0,-22.626204501666457,-20.865177909282533,-18.037221614426986,-15.957041979432466,-14.196833771737857,-13.735800500188644,-12.72129553648711,/b/src/336185346/17881496993390411915.mp4,-3.101966619491577,5.661923241334112,-15.914834225909212,-17.071723146866624,-1.156888920957412,-16.450869352308626,-14.37813696575759,16.929583333333333,0.0,2.0862499999999997,7.9975000000000005,0.00046047126382701335,0.2916982418104605,0.2916982418104605,0.37366913925538864,1.9000000000000001,-14.636153234952104,0.0,-17.70840066647537,0.0,0.00022662194340806248,0.005269045879488563,ok,False,0.00046047126382701335,0.0,0.0,0.0,0.0
59,2938,21.089505228234323,21.127420879763065,27.093309959675363,-8.096178379038212,-58.68200026488029,-1.0058627926801567,21.089505228234323,54.73921858826624,53.622132706995636,54.106862642607226,57.39642183315694,27.45100169438281,normal,24.38403732824507,normal,59.72175,24.0,-9.10204117171837,-27.782152875148796,0.0,0.0,-14.372396469116211,0.0,0.001903802027393178,0.10888610763454318,17882944915240874307.mp4,30.89984738973149,unlabeled,0.5635426086620157,41917cb7b23bd3a31f1f84deb87322a0,normal,21.73946226008271,0.30000000000000004,54.79192281964914,-42.58568309543431,-20.846220835351602,2,-61.812125093233995,-56.34182728891714,-43.93926034229105,-35.26658261000678,-30.269344530724553,-27.64409063341584,-24.115400746122244,/b/src/336185346/17882944915240874307.mp4,-9.896665573120117,25.110823880118687,-57.63863402537835,-27.55454458389727,30.084089441481083,-43.75079231035585,-34.28070290136519,0.002512562814070352,0.0,0.0,0.0,0.00044574726477205977,0.31535772998460043,0.3456343963987021,0.6070211316460016,1.85,-14.300362880020257,0.0,-26.25260437786603,0.0,2.057579070613459e-06,0.0011216685210277033,ok,False,0.00044574726477205977,0.0,0.0,0.0,0.0
19,1390,-1.1124642385185233,1.6418474794104796,-4.920803480765201,-11.299733364843808,-17.367535178607746,-1.8933153339872586,-4.920803480765201,72.11709948018033,68.93932157497716,73.13130981436971,72.8287729028242,36.24948309291555,normal,9.497963133199685,normal,19.226125,14.15,-13.193048698831067,-16.357290348213485,0.0,0.0,-6.332989692687988,0.0,0.014313765310580082,0.04818523153942428,17883601686941973122.mp4,1.0102448303942602,unlabeled,0.4272053364612144,2631eb2a45e45a13aa649385597d9a13,normal,1.9156222072464644,0.1,64.29189424199507,-15.592228867601877,-13.676606660355413,1,-18.3112013020622,-17.780449057794122,-17.211558069825415,-16.62117438579588,-16.056517427019163,-15.523485261413299,-15.114843394248819,/b/src/336185346/17883601686941973122.mp4,-6.090506553649902,2.5923976307438767,-15.80863683907289,-14.832225765342619,0.9764110737302705,-15.675993653092895,-15.588469686849587,13.405436197916668,0.0,0.0,0.9003906250000001,0.00044094732625308566,0.10645883167323188,0.25663955858959336,0.30794108657676356,1.9500000000000002,-11.897176586760631,0.0,-16.51240694120887,0.0,0.00044094732625308566,0.0066344327542022085,ok,False,0.00025229856095117877,0.0,0.0,0.0,0.0
18,443,11.113465999848678,3.608800783715072,9.480731495438988,-12.504351447820824,-21.017515043447304,2.2260473336512003,3.608800783715072,13.963642546182456,11.764822577678565,9.310586236298903,13.216993293772028,6.7303704843526155,normal,9.589839867548559,normal,18.46125,4.45,-10.278304114169623,-17.401326822527025,0.0,0.0,-6.510622501373291,0.0,0.026501089905356864,0.0725907384230288,17882593057480989355.mp4,3.6161882209202787,unlabeled,0.5842748603581587,3e801bc389587f0c99fb2a0ecf0e95ad,normal,6.347076567192072,0.30000000000000004,7.645062050964029,-16.007992032610954,-9.660915465418881,0,-22.08533644208624,-19.981610628207637,-18.33217388994527,-16.845166658375373,-14.740280252389175,-13.787758642716746,-12.43826178269561,/b/src/336185346/17882593057480989355.mp4,-5.539680480957031,7.478118508523561,-19.496753114857185,-16.34863669339499,3.148116421462195,-16.30553493370753,-15.12952034850559,15.928353658536585,0.0,0.08536585365853659,4.848915989159892,0.00043210719060560724,0.08697261216695586,0.20812786864706947,0.4214223126227473,0.2,-27.342024795230294,0.0,-18.46911620766482,0.0,0.00014737793737018236,3.109772919900027e-05,ok,False,0.00043210719060560724,0.27100271002710025,0.0,0.0,0.0
22,2424,8.60970542065347,25.00700433705066,32.292438233459876,-8.581422897011546,-49.87084236489314,-1.666273386229168,8.60970542065347,33.96992257674889,24.700953660523716,36.273595143338646,30.826514185317656,14.948826532959895,normal,24.17083150572371,normal,22.5015625,17.85,-10.247696283240714,-27.849208793146097,0.0,0.0,-12.001551628112793,0.0,0.0008263449788395512,0.09637046307884856,17881484730143694931.mp4,22.021633571747046,unlabeled,0.5868302545235096,9b6cab81994e9731cb0907d88b836250,normal,24.199121892104433,17.900000000000002,30.25448411637471,-44.55833692100989,-20.359215028905457,2,-55.224306113237716,-52.6626952383766,-47.28878242595192,-38.05076700903089,-32.590989287354475,-29.56509269261786,-25.659043464399627,/b/src/336185346/17881484730143694931.mp4,-12.001551628112793,27.72553834826966,-45.93206869200213,-27.28948274991203,18.642585942090104,-45.04712156142894,-36.172383133836504,0.0,0.0,0.0,0.0,0.0004206563224635393,0.3979464545579659,0.4385551419845184,0.7721394636633838,0.7000000000000001,-6.96173293882037,0.0,-34.10669537226872,0.0,2.8736911840268234e-08,0.006928693805352109,ok,False,0.0004206563224635393,0.0,0.0,0.0,0.0
389,31824,1.9701557827521765,0.9719142717297817,2.911820325757838,-3.928813437950871,-21.61771864485392,0.9852805617461255,0.9719142717297817,62.17010972594189,59.66486561632432,64.67489130579519,64.3486225735333,30.45455369594391,normal,17.031744938278653,normal,389.6540625,221.5,-2.9435328762047455,-17.770339858627555,0.0,0.0,-6.251432418823242,0.0,0.13130764406465106,0.2083854818523154,17882853209070223372.mp4,3.847378786226365,unlabeled,0.4856793202973426,99f86f726093e14d63ee0aac2c5e1314,normal,4.516190123629819,0.30000000000000004,64.32694177811834,-21.108873448020596,-16.592683324390777,1,-24.177769251264426,-22.474590851608674,-20.74329994496993,-19.11586117909557,-18.08282575280065,-17.63844732530822,-16.879649274149106,/b/src/336185346/17882853209070223372.mp4,-3.7410976886749268,5.01031039759553,-21.786787192063013,-18.699748419706907,3.087038772356106,-21.16891645601111,-20.77284262695358,1.1030732708841269,0.0,0.0007298216348004619,0.07115359938406263,0.00041959129352865725,0.10584628770798954,0.10584628770798954,0.27174454116719593,1.8,-9.241038180719631,0.0,-23.971750336117793,0.0,8.066652073395573e-06,0.05986297247880373,ok,False,0.00041959129352865725,0.0,0.0,0.0,0.0
59,5513,8.587906914834392,3.9835109153237216,10.908493513772573,-11.040090668263428,-19.919711471280117,5.266729191057051,3.9835109153237216,17.607711338258667,12.268614611535934,16.07598028324218,20.98648309644236,6.909096324043652,normal,16.724622304148642,normal,59.008,54.650000000000006,-5.773361477206377,-16.995662748025715,0.0,0.0,-3.3620500564575195,0.0,0.07030156434760579,0.14831038798498122,17883364348090225558.mp4,2.9240487232544012,unlabeled,0.5877712436636633,4a789e6e7f2bfdaf01870c7c36ad5e91,normal,5.701192240742092,46.6,5.431656408728411,-18.58246529330833,-12.88127305256624,0,-22.766160078910357,-21.51287117894636,-20.061283408024657,-18.615611655473277,-17.270718295057414,-16.415545712835293,-15.082813395288337,/b/src/336185346/17883364348090225558.mp4,-1.5862503051757812,6.04312382399814,-17.336131708743096,-17.466535638949438,-0.13040393020634156,-18.91447809785075,-18.310872609324424,4.294491525423729,0.000211864406779661,0.03495762711864407,0.6318326271186441,0.00041383888141483763,0.14367726463918154,0.4051860815841139,0.5837816532826635,1.9000000000000001,-4.344783355888762,0.0,-20.453728819431404,0.0,5.919415837301754e-05,0.1397458869930796,ok,False,0.00041383888141483763,0.0,0.0,0.0,0.0
18,7541,6.310171034327069,2.0457585055542786,2.3611275470872872,-9.164643201373746,-18.46091220971619,-0.41421618356292456,2.0457585055542786,5.643592556249782,12.861735803560657,10.588294511307794,8.453306358063447,7.988691239112244,normal,16.316630165998824,normal,18.7153125,17.6,-9.57885938493667,-16.25807619476133,0.0,0.0,-1.336408257484436,0.0,0.03193055989950358,0.11514392991239049,17883736275220466253.mp4,2.202836014954862,unlabeled,0.3971966715636719,d0e1910a4df5387ba9de6566712956bf,normal,3.9877482846127865,14.0,4.11825522988102,-17.896260425552867,-13.908512140940081,0,-21.6619779059669,-20.03312725506736,-18.726232744798615,-17.545842683554888,-16.617955519687587,-16.186266072454252,-14.874807144191806,/b/src/336185346/17883736275220466253.mp4,-1.336408257484436,5.593922624309533,-17.766612845971807,-14.853227299439778,2.9133855465320284,-18.050475300542722,-17.65303842348326,5.78191844919786,0.0008355614973262032,0.06467245989304812,1.0098596256684493,0.00041050988556365695,0.14292285887047954,0.21676275522085256,0.35022601809204285,0.30000000000000004,-7.472281775166217,0.0,-18.15245601710973,0.0,0.00019834764543797146,0.05270239466492674,ok,False,0.00041050988556365695,0.0,0.0,0.0,0.0
48,4611,49.21761529242317,36.362395932516364,43.55111912896992,-1.7849813790451505,-65.17774655392198,4.50790030964595,36.362395932516364,64.86626406801062,61.96786417414343,58.92062387511133,64.27451705235721,35.752925747043825,normal,28.83157622933747,normal,48.415,38.75,2.7229189306007995,-27.306199593596737,0.0,0.0,-11.527838706970215,0.0,0.34748860656606384,0.47246558197747185,17882819831234546964.mp4,37.87154696032524,unlabeled,0.6327877308467488,46c12c61fa9661d3b078d63743660029,normal,27.76520102385544,41.2,51.76373595522135,-47.307766699449786,-19.542565675594346,2,-70.41412602061274,-60.69306522365062,-50.99373382245696,-42.224589628491906,-31.906303719677926,-28.093175685797828,-22.505880957893712,/b/src/336185346/17882819831234546964.mp4,-5.702871322631836,32.49958531654461,-65.18369737931752,-30.272178636826713,34.91151874249081,-48.691343789476996,-34.53444755196931,0.01381714876033058,0.0,6.456611570247934e-05,0.0010330578512396695,0.0004052072732749129,0.07489008814377075,0.2515034480128852,0.6036677410385104,1.75,-14.554623913723805,0.0,-36.84544863477913,0.0,6.1283758547424856e-09,0.0077895761361874635,ok,False,0.0004052072732749129,0.0,0.0,0.0,0.0
6,3708,4.913406361077748,9.119723058072786,10.613962262385956,-7.007100831280317,-22.710517527716675,-0.8143610200627496,4.913406361077748,14.762499573535433,16.18471490546311,15.696092605340297,15.581350997149478,8.354540944521727,normal,15.18914058850801,normal,6.002375,2.6,-7.8214618513430665,-18.543531055093744,0.0,0.0,-6.478809833526611,0.0,0.006617814594324568,0.12077596996245306,17882972984413111584.webm,4.166986472622931,unlabeled,0.4471634433977125,1d6204d6e829eb3022b1a567d90b0dcf,normal,5.841110271481757,2.6,9.987046142493533,-21.272940966008175,-15.431830694526418,0,-29.52544895005188,-27.377028561389928,-22.47919644105277,-18.11624971998733,-16.18754192384422,-15.565134032575111,-14.611723463256746,/b/src/336185346/17882972984413111584.webm,-5.215954780578613,8.254691518310542,-23.105070378484015,-19.27178479749317,3.8332855809908466,-23.105070378484015,-20.405095369086624,2.9291666666666667,0.0,0.0125,0.615625,0.000405063237504356,0.20637821428360156,0.4471634433977125,0.42027571967573335,1.05,-6.690862830068464,0.0,-19.44315835550597,0.0,9.160787703291597e-05,0.007962385939789414,ok,False,0.000405063237504356,0.0,0.0,0.0,0.0
48,5175,37.59208588668769,12.987183489430695,19.18389221597862,-12.425213426013945,-26.775564412100472,-1.1581392749427337,12.987183489430695,27.263577961477765,35.040474554998525,31.375765422496745,26.957175975107567,23.57756041121172,normal,13.463980828774325,normal,48.9476875,48.45,-13.583352700956679,-20.368259431827077,0.0,0.0,-3.6529078483581543,0.0,0.012384423137892998,0.05381727158948686,17881598294452677409.mp4,6.407304980273395,unlabeled,0.5865723357924135,79ebcf1d1e203e8fed8ee20aebf806e8,normal,10.449645511946017,0.9,17.450539661699366,-20.670237558604,-10.220592046657984,1,-40.47656851962215,-28.669478827999285,-22.39388389154071,-18.511739244542433,-14.700522227562551,-13.580244613046068,-12.10045832763063,/b/src/336185346/17881598294452677409.mp4,-3.1131558418273926,10.735274369251309,-26.905243070120058,-18.875625340553427,8.029617729566631,-21.48067800118423,-16.577136670601718,10.41347137014315,0.0,1.537129345603272,5.274987218813906,0.00038226810755579387,0.07419580066736602,0.48712169685425927,0.6258156648679053,1.2000000000000002,-11.037147320883193,0.0,-22.31339454899951,0.0,1.8917560332427086e-05,0.025812617752581334,ok,False,0.00038226810755579387,0.81799591002045,0.0,0.0,0.0
39,5324,2.373992456888426,9.805953434132133,7.262460454276087,-4.840261261464686,-22.00555273005711,1.4528647112776083,2.373992456888426,9.204980058560924,10.500407963127195,7.092133861910604,7.275340177500016,5.78805505446395,normal,18.922276545008785,normal,39.913,17.1,-3.387396550187078,-18.44513598139996,0.0,0.0,-5.120987415313721,0.0,0.10784958005822198,0.21964956195244056,17882955703091635425.webm,3.5604167486571505,unlabeled,0.7441585991034925,845974f14b7893f53411d37cfb76342e,normal,7.419199717907295,21.0,6.760312032258348,-20.996397681631954,-13.57719796372466,0,-48.206965185372475,-24.01856768203404,-21.587556557545266,-19.433291407269557,-17.182320779427727,-16.147253499012624,-14.156328329467865,/b/src/336185346/17882955703091635425.webm,-1.2562267780303955,8.619682332472864,-21.720652468383577,-19.075756296436644,2.6448961719469324,-21.33099001753741,-20.17850332303918,2.6098840852130327,0.0038377192982456143,0.08529135338345865,0.6320488721804511,0.00035836270780299735,0.24257374831832265,0.24257374831832265,0.3709028404542137,1.0,-5.475060523525336,0.0,-17.424463571973327,0.0,0.00030876732135411497,0.09799051214213539,ok,False,0.00035836270780299735,0.0,0.0,0.0,0.0
8,770,-0.15513422385624764,3.9396227473384506,7.122542536848459,-15.366685931327059,-21.699346924000885,4.584921955690273,-0.15513422385624764,22.6733416500866,20.777517505137737,21.055754774787076,19.023989909502752,12.962247298458998,normal,17.4243075604507,normal,8.95275,2.6500000000000004,-10.781763975636785,-18.08289817206835,0.0,0.0,-6.75777006149292,0.0,0.0014599603341404108,0.07947434292866083,17882992285883671797.webm,3.616448751932534,unlabeled,0.5903181167827798,009d5975e2aa06dbc16fef7354c04d34,normal,9.694786681188948,5.300000000000001,11.879206778374568,-23.721007637495298,-14.02622095630635,0,-37.70970030585407,-29.796550414620263,-24.71231912553784,-20.489998036334395,-17.218917399955526,-16.348086908132462,-14.168233276205703,/b/src/336185346/17882992285883671797.webm,-3.6887547969818115,11.181959891550754,-21.05441022244689,-17.692097040137387,3.362313182309503,-23.97975586856274,-21.11306235743251,2.324371508379888,0.0,0.021997206703910616,0.40991620111731847,0.0003572747662890572,0.12834698611839038,0.43278348073569933,0.7114599285976948,0.30000000000000004,-19.22964067556275,0.0,-16.939889856034817,0.0,0.00034145113284184716,0.0005638084232771663,ok,False,0.0003572747662890572,0.0,0.0,0.0,0.0
9,240,-0.22351459139645957,0.9809362885088184,3.829121921497011,-4.227410153629297,-18.078778003983086,-1.0409848258832124,-0.22351459139645957,74.41610183132318,56.65376205458687,72.54458541829636,73.85148034697596,34.96414848995949,normal,16.573354164396218,normal,9.3111875,7.75,-5.268394979512509,-16.36250462512386,0.0,0.0,-3.8759729862213135,0.0,0.043020494908733886,0.18022528160200252,17881986556121348761.mp4,1.7162733788592242,unlabeled,0.43024706676386115,edcfe3cba3bf98e41eda20de7aeb46b1,normal,4.623544278890961,0.5,73.05141904190918,-19.540264186299762,-14.916719907408801,1,-21.59566761887669,-19.932102588044426,-18.564678731694393,-17.18270097172422,-15.800529122426298,-14.912218793788206,-13.982329144863511,/b/src/336185346/17881986556121348761.mp4,-2.3764872550964355,5.358512497685405,-19.090621225096704,-17.023397920852513,2.067223304244191,-19.67077248028172,-18.949841419492653,3.540994623655914,0.0020161290322580645,0.05779569892473118,0.6384408602150538,0.0003249180971858003,0.11440764337334877,0.2266503363807107,0.5132223441464769,0.9,-3.656168540786748,0.0,-18.27437354347813,0.0,0.00019389967887970062,0.08125166229238381,ok,False,0.0003249180971858003,0.0,0.0,0.0,0.0
219,9955,-1.5307953381874349,5.317671186844901,-2.819977940444801,-4.329000299318514,-45.23251682062927,-2.049159884142883,-2.819977940444801,32.97916033504523,29.952454445917645,34.78837704883857,33.08909411651254,16.38488334918111,normal,17.957801988302364,normal,219.010625,111.85000000000001,-6.378160183461397,-27.395167355402204,0.0,0.0,-19.84348487854004,0.0,0.004432054935863216,0.15832290362953694,17883366595193072013.mp4,17.837349465227067,unlabeled,0.5796312394886014,f4d60d4ee82b15b37ba9cf87fc8dbd97,normal,15.074642251284835,122.4,28.733214232067603,-40.93471869405296,-25.860076442768126,2,-58.67937418682995,-56.39055617208906,-41.74769704137762,-31.8434377847796,-28.91083117117158,-27.968712172482746,-26.886314739797985,/b/src/336185346/17883366595193072013.mp4,-16.453901290893555,16.519715301881146,-45.68625437056858,-27.766643782183806,17.91961058838477,-42.53914555378701,-34.41170327919592,0.0,0.0,0.0,0.0,0.00031895699516141103,0.14795533893083354,0.48565121777973524,0.6058730236570098,1.05,-5.597483322849381,0.0,-29.985653004988738,0.0,2.838551970366904e-07,0.016324778748628845,ok,False,0.00031895699516141103,0.0,0.0,0.0,0.0
10,1084,7.876063955060385,4.9734351612493946,5.821077593908153,-5.246799752717486,-18.56523010698841,2.408326822251855,4.9734351612493946,75.10651364378916,67.04134173158869,69.31162739250333,73.1903843587159,35.01364395991627,normal,12.094646932421067,normal,9.9163125,2.4000000000000004,-2.838472930465631,-16.858686199755063,0.0,0.0,-6.048497200012207,0.0,0.03708700194952512,0.2327909887359199,17881699235842241856.mp4,1.7065439072333461,unlabeled,0.47496185110771894,7983a86ce3a9049103b37ef8f22fb2c7,normal,4.190731247501855,0.1,59.887773620727785,-17.3468289469284,-13.156097699426546,1,-21.22921085965407,-19.612905317821852,-17.780127149849072,-16.677659079941627,-15.186351343555161,-14.791249747773033,-14.377768686585448,/b/src/336185346/17881699235842241856.mp4,-4.854768753051758,3.8486457839712624,-17.529443849084746,-17.813984704753132,-0.2845408556683857,-17.52751549393612,-16.949415685472825,8.335542929292929,0.0,0.018623737373737376,1.779040404040404,0.000316884262767762,0.08705470709512748,0.12420462211409809,0.456526045693003,1.0,-3.5538726889510004,0.0,-17.365163342368653,0.0,0.000316884262767762,0.06915261225892894,ok,False,0.0002685570779785811,0.0,0.0,0.0,0.0
248,10591,13.765532633173283,16.919650281730398,23.396953241695563,-7.057292238874636,-49.04340592560233,0.981974834750595,13.765532633173283,44.0758091872135,40.63301456170804,44.0758091872135,44.0758091872135,21.678297258756473,normal,18.280937079437813,normal,248.8018125,30.0,-6.075317404124041,-27.856891630245997,0.0,0.0,-15.731826782226562,0.0,0.006353325745617937,0.16458072590738423,17883609750570181407.mp4,21.186514295356332,unlabeled,0.5874744565726381,3b8bd3020c3e64ea55c71b581eda9321,normal,7.730814845369807,26.8,44.28384733961724,-33.492830033342756,-25.76201518797295,1,-90.0,-38.678478795835034,-33.517879537956574,-32.17605814330652,-31.114012054319616,-30.299334114471197,-28.736144453447054,/b/src/336185346/17883609750570181407.mp4,-15.731826782226562,8.20824408067946,-47.479810767182,-28.400871350982218,19.078939416199784,-33.67636186048378,-34.012763861664375,0.0,0.0,0.0,0.0,0.00030809023842444475,0.1177649493034028,0.1177649493034028,0.6105692151628486,0.0,-90.0,0.0,-90.0,0.0,7.419293235158119e-16,0.9999999999997906,ok,False,0.00030809023842444475,0.0,0.0,0.0,0.0
28,1436,21.830700484354484,10.146034215919672,-4.379152172343495,-4.770568946887559,-34.37145363944376,0.02093372846364705,-4.379152172343495,23.578329147761004,18.14437316837028,19.045215101034557,21.087099547212425,9.66167733049409,normal,24.806620482848086,normal,27.42275,23.5,-4.749635218423912,-24.119678625470183,0.0,0.0,-8.353018760681152,0.0,0.051015795291562784,0.2040050062578223,17882944915551769231.mp4,10.251775013973575,unlabeled,0.3606501272935414,4ce70c7be6f3ad98717897fdb32f3a73,normal,17.89940063223202,1.4000000000000001,17.455745725616964,-31.35300616428684,-13.45360553205482,2,-36.20584500826746,-35.50127699665219,-31.709339724581262,-26.00776750588171,-22.198586609553484,-18.87407485173693,-12.466496879318827,/b/src/336185346/17882944915551769231.mp4,-1.6483991146087646,23.655180926164256,-34.68455324820705,-25.72196500463883,8.962588243568224,-32.51347730761901,-26.45501959745685,0.4546076642335767,0.0030793795620437953,0.04368156934306569,0.17073448905109487,0.0003029244837224896,0.09552978858078023,0.11528803326453886,0.3774227371715486,1.35,3.619544109164716,0.0,-23.398319584378857,0.0,1.1768148033484354e-05,0.09216966108150354,ok,False,0.0003029244837224896,0.9124087591240875,0.0,0.0,0.18248175182481752
39,5109,2.1685222263768864,38.67649653164861,15.609946732391464,-9.342475144166988,-49.1967265030207,-14.39983658707889,2.1685222263768864,47.98690120109511,45.943207866946224,46.36778333336788,47.023357757385014,25.192272067911382,normal,30.606774963931485,normal,39.7771875,37.65,-23.742311731245877,-28.341389123627806,0.0,0.0,-19.797773361206055,0.0,0.00014868198438533007,0.015018773466833541,17883364447800076185.mp4,20.855337379392893,unlabeled,0.5813547793178139,13b9bb3602234d9b927e6f90b37c0638,normal,16.1880420502435,13.8,42.454339313572035,-36.67484447399896,-20.48680242375546,2,-70.80553107109932,-59.808128733572886,-38.336606361906675,-31.27055080765039,-28.46793520391099,-26.91748304136697,-23.918129350478427,/b/src/336185346/17883364447800076185.mp4,-1.3981575965881348,21.428747472171864,-48.340511403895334,-27.205696800489296,21.13481460340604,-38.63631301693697,-32.00493256051962,0.009748427672955974,0.0014150943396226414,0.002830188679245283,0.0047169811320754715,0.0003000882236620097,0.24419740135383233,0.5199001186917768,0.5947646988729443,1.2000000000000002,-18.018048650172723,0.0,-31.431478383183943,0.0,1.1851457717568028e-07,7.845330946287869e-05,ok,False,0.0003000882236620097,0.0,0.0,0.0,0.0
12,3743,-2.240470898206418,13.423296999911463,2.4760582165979645,-15.032723741662497,-22.731338080326353,4.347423131264998,-2.240470898206418,17.888693474287564,15.325636109934685,16.640547397790623,16.671327423547844,9.079243212169942,normal,15.34694730562656,normal,12.58525,1.8,-10.6853006103975,-19.266782429325186,0.0,0.0,-8.444561958312988,0.0,0.0019524389562171683,0.0725907384230288,17881496994252130104.mp4,3.4645556510011666,unlabeled,0.4787002473135524,09e30529bbab448d9585fe2e787908a5,normal,9.904794275418212,0.5,13.508904958430168,-25.077770414779035,-15.172976139360824,1,-32.87782961086871,-29.787027103776015,-26.072025536520734,-22.04979451572853,-18.824373671963404,-17.76719680326791,-16.08522612680821,/b/src/336185346/17881496994252130104.mp4,-7.473691940307617,10.899199540092532,-22.378040172392772,-18.960353409051418,3.4176867633413544,-26.136279919125496,-22.820639245934178,1.1952191235059761,0.0,0.0,0.06374501992031872,0.0002983006143192115,0.40771111991950554,0.40771111991950554,0.4097442041358893,0.9,-15.293204227023676,0.0,-18.12319394437123,0.0,0.0001792449033001742,0.0013696120915401473,ok,False,0.0002983006143192115,0.0,0.0,0.0,0.0
60,5853,4.653247161842859,-6.062409139611883,10.523488585775688,-9.510822866768143,-23.484109923260558,2.126447378052184,-6.062409139611883,10.210531732113658,8.559844751640291,10.671139967068179,10.226343764737472,8.888471661693039,normal,16.15224931027705,normal,59.808,44.0,-7.384375488715959,-19.28692451243774,0.0,0.0,-9.72295093536377,0.0,0.0002985089004077781,0.13829787234042554,17882992285351296835.webm,4.197185410822819,unlabeled,0.5533948398691534,8368f1b6bdd1c226c8152bc243135dce,normal,4.998845251871785,51.7,5.552098387738738,-22.86312893422567,-17.864283682353886,0,-34.392740754396364,-26.437944329434593,-24.01661259080934,-22.678558492749282,-21.39460157447326,-20.84843139726482,-19.83033578521786,/b/src/336185346/17882992285351296835.webm,-6.712896823883057,5.479130648074275,-22.086204043610376,-19.409290379985848,2.6769136636245285,-22.970319405535093,-22.865146134160106,0.10080476588628763,0.0,0.0,0.0004180602006688963,0.00029518575035406545,0.15263898772666637,0.3305985099911127,0.5554846380477013,2.0,-11.151688551981515,0.0,-26.027202697304432,0.0,2.352480285790595e-06,0.00019687824421093895,ok,False,0.00029518575035406545,0.0,0.0,0.0,0.0
24,10239,22.51857415048051,-0.5225995504110035,-0.22447467658292197,-12.881037756765117,-24.878394311385797,15.013987297477403,-0.5225995504110035,19.065631317232544,17.125231360186138,12.565885355486564,16.29054101908835,12.313751848337283,normal,18.41575909235014,normal,24.0213125,13.100000000000001,2.1329495407122865,-19.936194970570185,0.0,0.0,-7.348786354064941,0.0,0.11192702935295892,0.4317897371714643,17882954661130346827.mp4,4.942199340815613,unlabeled,0.4723236241964448,a32ad622642c72c0a5907e9c0c69fc2e,normal,7.289805006207139,19.0,7.9262385986238755,-23.62890385420401,-16.339098847996873,0,-33.70410625561799,-28.817799400068402,-25.73899369296506,-23.327379938280522,-19.326710581787815,-17.12150936065122,-15.587418809756313,/b/src/336185346/17882954661130346827.mp4,-3.8156704902648926,10.383653620932163,-23.17606186979864,-21.12481624938085,2.0512456204177916,-23.94077436885872,-22.231429582615032,1.2516927083333333,0.0,0.07630208333333333,0.54140625,0.00028436479264681565,0.09942490180390792,0.18025231525184274,0.4559049775822072,1.3,-20.24486144549634,0.0,-23.448610900869195,0.0,9.560714139682272e-06,0.0006305881594684316,ok,False,0.00028436479264681565,0.0,0.0,0.0,0.0
43,9870,3.010255953359764,-3.8376544764113767,4.117210717289098,-3.976455984829654,-19.645128358434192,1.9667015884618264,-3.8376544764113767,7.442353745151671,8.221217747231844,7.519973354923735,7.539736875369307,5.776171481511412,normal,12.10762072829744,normal,43.54,34.25,-2.0097543963678275,-17.638287985994527,0.0,0.0,-8.317212104797363,0.0,0.03458360404503225,0.2596996245306633,17882847301132299361.webm,2.0068403724396653,unlabeled,0.5384249401408524,d2901588bfb3c86984f59123025ac733,normal,1.7513620277646744,37.2,6.823423230345721,-16.267160841523577,-14.515798813758902,0,-21.154694784301203,-20.05222354971942,-18.84438691941806,-17.884152155981738,-17.214247479672633,-16.919293510076567,-16.280191515258036,/b/src/336185346/17882847301132299361.webm,-4.642630577087402,3.152527487106571,-20.711589759993792,-19.397471539683078,1.3141182203107142,-16.21570499093755,-16.750251305384843,7.997772988505747,0.0,0.002658045977011494,0.830962643678161,0.0002554300198131204,0.18178248000020547,0.18178248000020547,0.4032352273308177,0.55,-10.22700763421593,0.0,-17.795263750400782,0.0,0.0002219275089306414,0.011284269051678446,ok,False,0.0002554300198131204,0.0,0.0,0.0,0.0
18,2235,0.28474457273522535,1.2692696792950464,0.8775573065675832,-6.207039445694911,-17.95952796529489,-1.8873454912060224,0.28474457273522535,37.615384535854,36.82411197289775,35.956041872376524,37.55603042042419,35.6816849286279,normal,12.879603942687687,normal,18.436625,14.5,-8.094384936900934,-17.37842481173794,0.0,0.0,-5.000350475311279,0.0,0.0445337306808536,0.11138923654568211,17883601686640517785.mp4,0.5811031535569491,unlabeled,0.4252229008563267,231359bc3c70024a39443797527c633b,normal,2.49443128015384,0.1,4.973749278655177,-17.826033361037936,-15.331602080884096,0,-20.838230508765538,-18.48690826498167,-18.046566195644136,-17.58908649012096,-17.16945191810538,-17.00350316588167,-16.4308856299,/b/src/336185346/17883601686640517785.mp4,-5.000350475311279,2.322673418004838,-17.90198119878443,-16.72704277894874,1.1749384198356907,-17.866788821032266,-17.879954417998967,5.109884510869565,0.0,0.002717391304347826,0.49167798913043476,0.0002539448500607731,0.10007471716141371,0.3587613875562265,0.3246126985957413,1.85,-6.138088810217926,0.0,-17.72467879304762,0.0,0.0002539448500607731,0.05599505882677182,ok,False,0.0001541744941949742,0.0,0.0,0.0,0.0
8,143,20.532242813946514,17.423155407664204,21.76189170871063,-4.407349727367791,-40.931839458984555,4.063979637708842,17.423155407664204,46.85123650726259,32.99371333138012,37.81967907437974,33.395691515867036,25.62162044050916,normal,24.663031201068232,normal,8.3591875,4.6000000000000005,-0.3433700896589493,-26.89177053685097,0.0,0.0,-10.032919883728027,0.0,0.039109161594696434,0.2903629536921152,17881502698213073002.webm,14.040068922133585,unlabeled,0.46389957162689993,6eb052f311401660078d9fa25eefc701,normal,16.818580258932794,4.2,23.35562552429257,-37.02032068402748,-20.201740425094687,2,-51.43587633830091,-49.163146581487524,-38.04367329141139,-30.67710683126377,-25.06343066718986,-22.863188905883263,-18.663542417853336,/b/src/336185346/17881502698213073002.webm,-6.422224521636963,20.530305021891714,-42.62434715161745,-28.637447902190882,13.986899249426568,-39.357702627326574,-31.085255722705195,0.038173652694610774,0.0,0.0,0.009730538922155689,0.0002429784766514983,0.11320894356008654,0.27977035163783803,0.5654892796050389,0.6000000000000001,-4.174710555795199,0.0,-25.009650520835198,0.0,4.702363519274466e-06,0.06067793605540969,ok,False,0.0002429784766514983,0.0,0.0,0.0,0.0
61,9033,-4.706611994669986,7.179052677801799,7.500600080214571,-6.8321604587101685,-24.89244521681282,-6.2076186915413984,-4.706611994669986,18.256360083631243,17.394548392341243,13.534586986739779,13.33504202430968,11.475848511310943,normal,16.842005660611033,normal,61.2266875,43.400000000000006,-13.039779150251567,-20.720035524354017,0.0,0.0,-8.516091346740723,0.0,0.0032137460151989857,0.06758448060075094,17882142862662576753.mp4,4.172409692458803,unlabeled,0.5376677222227688,4ef341112b75b6c1e4069a77c9693135,normal,7.858596787967777,43.5,6.630320053020874,-25.90484671827646,-18.046249930308683,0,-33.27262034615513,-29.43659192214394,-26.430409102199135,-24.00954615807909,-22.315976329932596,-21.53331317263922,-20.462278148141102,/b/src/336185346/17882142862662576753.mp4,-8.516091346740723,7.786677125907644,-25.29340289290012,-20.037987484036268,5.2554154088638505,-26.369404640816065,-25.358097007351756,0.0612234477124183,0.0,0.0,0.00025531045751633983,0.00022808861110763614,0.41314026486825045,0.41314026486825045,0.6321226866332313,0.8,-7.363840257008925,0.0,-27.15128734251308,0.0,1.4162740972729814e-06,0.05627511806127979,ok,False,0.00022808861110763614,0.0,0.0,0.0,0.0
17,1481,4.189458810922189,14.926235217268882,8.353660754764368,-0.42738186429956293,-27.068479340259564,-4.594397339274834,4.189458810922189,37.2212793995611,32.835326901278336,34.85593068657259,36.05306735270212,28.34374121963951,normal,9.6856310304717,normal,17.7646875,1.4000000000000001,-5.021779203574397,-21.81939120140901,0.0,0.0,-9.788798332214355,0.0,0.06708275130609798,0.14643304130162704,17882585302661816725.mp4,5.249088138850553,unlabeled,0.4907101034636146,bea11b1156974642dbd92c8fa564e2b0,normal,2.3862184993477804,1.4000000000000001,9.232783350097932,-19.174098906043067,-16.787880406695287,0,-25.0614716844685,-23.520430131577726,-22.321878393254533,-21.15350784030158,-19.3334638626502,-18.48030467735215,-17.948611737510227,/b/src/336185346/17882585302661816725.mp4,-9.78679084777832,4.620625915830864,-28.297555297214906,-19.160657771032405,9.136897526182501,-19.337754366332437,-19.47242187825002,0.9415492957746479,0.0,0.0,0.0,0.0002129755834213395,0.3446591136273756,0.4587111068290713,0.590601512176567,1.4000000000000001,-5.021779203574397,0.0,-21.81939120140901,0.0,2.7234105288044254e-05,0.06708275130609798,ok,False,0.0002129755834213395,0.0,0.0,0.0,0.0
84,5136,-0.13690719111385619,2.6586884468623246,0.09692046849312685,-14.054756499840417,-24.098698325547673,3.098712639495231,-0.13690719111385619,70.71182225745252,72.11080471707365,66.45253489212254,64.45734683078744,36.055731216578096,normal,14.305662387277042,normal,84.48,36.65,-10.956043860345186,-19.934513983429856,0.0,0.0,-6.769933700561523,0.0,0.013624621860104037,0.06633291614518147,17883605049573356206.mp4,4.164184342117817,unlabeled,0.5394424202276625,e6c125e5e9e6af8e1802415a09196869,normal,8.467143721685659,79.60000000000001,25.009998650127308,-20.5534769911632,-12.086333269477542,1,-52.46672126939719,-28.12541675437674,-22.83933631339344,-19.924805475252867,-17.84495058205318,-17.157024062279245,-15.52146647564612,/b/src/336185346/17883605049573356206.mp4,-5.020896911621094,8.47192461698357,-21.470573154026887,-16.66832493758034,4.8022482164465465,-21.49978789063901,-19.326559298898136,4.39686944937833,0.0,0.0014061574896388396,1.0492525162818236,0.00020803661280645612,0.012739103161372427,0.23055599097800739,0.27731937655389965,0.05,-7.840620331918242,0.0,-22.53933556443566,0.0,1.6825015170796625e-05,0.017548990389121395,ok,False,0.00020803661280645612,0.0,0.0,0.0,0.0
30,2411,-3.6752053003403446,27.447926299185813,11.525279087655255,-7.054168533311265,-32.78022684150881,-8.701337992211531,-3.6752053003403446,51.68836246136348,55.92450872914837,63.16810930052297,41.894098450766535,30.511958711235813,normal,15.569033639922061,normal,30.4283125,4.5,-15.755506525522797,-24.67357096814322,0.0,0.0,-14.843120574951172,0.0,0.004058677834599403,0.05381727158948686,17882980389391368202.webm,8.106655873365586,unlabeled,0.5431591850232541,afce3482a715ca090a5504b8cd498d97,normal,7.717793000036426,4.5,19.930522821502823,-29.32812350994321,-21.610330509906785,1,-44.370725227535644,-35.541250385057964,-29.803607574990863,-26.66783754848687,-24.902358486144756,-23.999243247550496,-23.059411572563562,/b/src/336185346/17882980389391368202.webm,-12.717771530151367,8.968267743863962,-33.413352765688956,-24.04572497819739,9.367627787491564,-29.501276924559313,-28.28680517007343,0.0,0.0,0.0,0.0,0.00019549964138110374,0.529662228298884,0.529662228298884,0.4960622527344149,0.4,-16.333232546190494,0.0,-24.525628849550444,0.0,5.298907738225486e-06,0.0006415632760575047,ok,False,0.00019549964138110374,0.0,0.0,0.0,0.0
40,2332,25.557874829195207,13.675275110166044,12.857149660343095,-13.64584952298486,-44.03504015082822,2.2307450885476126,12.857149660343095,36.75828932486372,35.63726152033277,34.92072747936936,38.401281871954744,19.391703488624074,normal,23.96580747983684,normal,40.4738125,5.5,-11.415104434437248,-28.263546411576755,0.0,0.0,-13.913381576538086,0.0,0.0022362140064337887,0.07697121401752191,17883363578650118521.mp4,15.771493739251468,unlabeled,0.47000656630893684,2e9ac1c3e0cc080521a1c9c17a777af4,normal,17.69057373317425,19.200000000000003,35.70469251659119,-37.72233006993847,-20.03175633676422,2,-58.50848148347943,-51.15480369618596,-39.50020849939142,-33.66390053959121,-29.605869785719044,-26.857570922443138,-23.29738314892306,/b/src/336185346/17883363578650118521.mp4,-9.252860069274902,19.86692869548406,-44.907393103474575,-28.0125508029095,16.894842300565074,-39.66298201686998,-33.21866754911174,0.004944375772558714,0.0,0.0,0.0,0.00018969840084282123,0.13041755534610086,0.2665611798732284,0.4842130623566196,0.4,-12.790006394945094,0.0,-30.27191022676611,0.0,2.2670825280627116e-07,0.0016653721047047612,ok,False,0.00018969840084282123,0.0,0.0,0.0,0.0
10,901,9.502778050870294,-10.775294318344091,7.651136806084917,-9.97941848135255,-21.951800271824037,4.597181312821977,-10.775294318344091,59.54820852019243,27.238934885041083,44.01416989638916,53.23055623514774,15.946035793822517,normal,10.160978070486163,normal,10.752,3.75,-5.3822371685305725,-19.192944033041087,0.0,0.0,-8.638107299804688,0.0,0.011292396173852682,0.16583229036295372,17882856216711764090.mp4,2.7588562387829505,unlabeled,0.5646564530367733,d112cfc1660fa5e087934f69df27d32c,normal,3.651440793977068,0.1,21.035078168301837,-18.47437026602141,-14.822929472044342,1,-26.66572068507431,-23.91084775688458,-22.509964974184278,-21.307675185042235,-19.500054713226707,-18.829200033456257,-17.7286073688946,/b/src/336185346/17882856216711764090.mp4,-8.355469703674316,5.124401179470393,-20.440729223146356,-19.78996487309832,0.6507643500480356,-18.84149215499584,-18.51644777416048,2.6622093023255813,0.0,0.0,0.002325581395348837,0.00017562741019459563,0.0896346239581802,0.11731662231680676,0.6878050465334776,1.6,-9.710304570651733,0.0,-21.897687607689228,0.0,2.3173766525193145e-05,0.00559627807961179,ok,False,0.00017562741019459563,0.0,0.0,0.0,0.0
10,9683,2.1903243196728823,5.824118334248897,3.9807503519735903,-16.68620008797119,-20.57164451813818,-1.8740541015229226,2.1903243196728823,7.159054492308073,5.679215338251666,8.370898534567797,10.369433626092352,3.956661996252965,normal,14.382917935133909,normal,10.005375,3.95,-18.560254189494113,-18.517112313463247,0.0,0.0,-4.262670993804932,0.0,0.0042765052265389125,0.056320400500625784,17881986556882053632.mp4,2.0545322046749313,unlabeled,0.5103565476620364,2bdd2b5c584f22008cb2e372264fa6c0,normal,3.706010323815832,9.200000000000001,4.888483554730838,-15.770875277181343,-12.064864953365511,0,-24.122814800036,-22.29464623055525,-20.464973262014,-18.81282005985643,-17.363079013437638,-16.743973730444182,-15.226989331278897,/b/src/336185346/17881986556882053632.mp4,-1.2575585842132568,6.3268915868116,-15.91625898324071,-17.025535954134206,-1.1092769708934966,-16.142646811741223,-15.640476519347166,13.08125,0.012187499999999999,0.4246875,3.629375,0.00017339439196427565,0.08617619918694737,0.23384150830791567,0.24372629023051454,1.25,-20.913188900207537,0.0,-19.929730531077155,0.0,6.641937262696596e-05,0.0032902049142398233,ok,False,0.00017339439196427565,0.0,0.0,0.0,0.0
25,1687,0.5373375573593737,-0.5587868299075325,6.433628041034347,-13.04659246089048,-17.98249832800628,2.17228019951774,-0.5587868299075325,20.397968287522243,18.921853080071394,12.112245652714769,18.291564902058962,16.26677624992923,normal,12.235594642453716,normal,25.84525,8.5,-10.87431226137274,-17.420151734640264,0.0,0.0,-4.011011600494385,0.0,0.01630459937522782,0.0869837296620776,17882594178270253269.mp4,0.5623465933660157,unlabeled,0.5897955045871874,d763424e2faf34dd1bbb53a4c3fd6818,normal,3.083529340699206,0.5,3.818400839728273,-14.576722265432018,-11.493192924732812,0,-21.258130020000586,-19.442872920359164,-17.954418445379396,-16.637184130974383,-15.675843898749154,-15.093273775306791,-14.281773741899693,/b/src/336185346/17882594178270253269.mp4,-2.435307025909424,4.394796559677642,-14.08806479102244,-16.777046677059335,-2.6889818860368955,-14.555704587349112,-14.67090166836314,18.604045542635657,0.0004844961240310078,0.34181201550387597,5.410731589147287,0.0001525239932941006,0.11038015900516374,0.1514880416015502,0.45617517334432556,1.5,-18.375074827347305,0.0,-18.54148206632175,0.0,0.00014231642041460772,0.002492030403024044,ok,False,0.0001525239932941006,0.0,0.0,0.0,0.0
67,6015,11.103276348390734,11.928312858200474,17.009483764378164,-10.460557666765663,-34.78686542214879,5.152729086904383,11.103276348390734,61.27850070682765,35.96012714586944,55.14465619609932,55.26190011562309,18.788833162932605,normal,13.88895280018717,normal,67.709375,1.2000000000000002,-5.30782857986128,-25.436610807595397,0.0,0.0,-15.169745445251465,0.0,0.06502660590814446,0.16458072590738423,17883365080922216393.mp4,9.350254614553396,unlabeled,0.5171309442501683,13862739fa5b001e6800e37023aae0c8,normal,4.870791344176379,0.4,47.26005249370644,-27.27134881307088,-22.4005574688945,1,-33.272647575210456,-30.543264249634426,-27.886274459921587,-25.780945001026286,-24.391689298550766,-23.86554485308417,-23.0756616604919,/b/src/336185346/17883365080922216393.mp4,-12.905845642089844,5.859945170326444,-34.010162265755284,-25.946398011353402,8.063764254401882,-27.517164744926877,-26.794798442277013,0.0,0.0,0.0,0.0,0.00015205925780105136,0.10939234300117812,0.226787489334038,0.4107383763372595,1.2000000000000002,-5.30782857986128,0.0,-25.436610807595397,0.0,3.7142186936340286e-06,0.06502660590814446,ok,False,0.00015205925780105136,0.0,0.0,0.0,0.0
95,8600,15.668930074191898,21.355616055502377,20.99361561208121,-10.940083930490376,-46.09287213112695,-0.9812009324891839,15.668930074191898,40.809767131758,31.82362783083437,40.42853612870242,42.253624483652494,17.07558277216902,normal,21.748276190640638,normal,94.976875,69.35000000000001,-11.92128486297956,-29.81714878880121,0.0,0.0,-18.60837745666504,0.0,0.0022875235034998734,0.06633291614518148,17882985387882427698.webm,16.275723342325744,unlabeled,0.582970959769634,a71a05e79cffc628fb1d6dbec2ace6d0,normal,23.25825496819056,64.3,34.4290496642722,-47.30327013831682,-24.04501517012626,2,-62.47824454479038,-57.49684319011803,-48.973842524878364,-39.42200835660188,-33.190852010878174,-30.575816215688633,-27.049438466803966,/b/src/336185346/17882985387882427698.webm,-15.878807067871094,26.22959733964127,-46.29619730207902,-29.31692916707349,16.979268135005533,-48.509115359982424,-37.62708325851173,0.0,0.0,0.0,0.0,0.0001467481345892354,0.3526369739945837,0.3526369739945837,0.555166487780382,0.55,-6.085609576951085,0.0,-41.105287088130105,0.0,6.665727172813445e-10,0.06119775685035819,ok,False,0.0001467481345892354,0.0,0.0,0.0,0.0
112,40419,3.197154551847963,13.281801351398682,0.4057219892250927,-4.255747682934587,-24.139963708910507,-7.076070109957978,0.4057219892250927,26.692698444396058,26.04832889265692,26.13560697351724,26.506974852524465,25.288614922628057,normal,17.410554522876513,normal,112.2346875,110.80000000000001,-11.331817792892565,-20.574798421718462,0.0,0.0,-8.678112983703613,0.0,0.03393239365675112,0.08823529411764705,17883264230180400013.mp4,3.5651652871920447,unlabeled,0.5314243298354011,8437acb0b24bfe025b30e1b9cf9c4daf,normal,8.380376464431258,10.3,15.833634445367988,-26.25658550800092,-17.876209043569663,1,-32.497575971834614,-29.611471449008025,-26.58851288375376,-24.546096581110973,-23.371273980752928,-22.68444933568513,-21.346781517034753,/b/src/336185346/17883264230180400013.mp4,-8.678112983703613,7.83367413757686,-24.931444301544296,-18.533100448685772,6.398343852858524,-26.41297283230057,-26.088667506580126,0.016544117647058824,0.0,0.0,8.355614973262032e-05,0.00014181343118949835,0.08258368522706169,0.21156476984441802,0.4818877530241477,1.4500000000000002,-13.675551870619255,0.0,-35.68557631641912,0.0,1.1585134641323286e-08,0.005805524057130874,ok,False,0.00014181343118949835,0.0,0.0,0.0,0.0
38,3841,-6.68740553776162,-1.5068500047477353,-4.004869769078935,-13.831585831221002,-38.51430109696417,-4.795831342721311,-6.68740553776162,48.89932019263711,51.098581789103434,49.76769155172491,49.983145368231355,25.893165250860335,normal,24.01140661933635,normal,38.8701875,27.75,-18.627417173942312,-27.25796191228627,0.0,0.0,-14.010002136230469,0.0,0.0011213912084745304,0.04380475594493116,17882960031271834150.mp4,11.256339184677898,unlabeled,0.49153081472014326,f5be2ff1e69389e8e8056e9cbe6c1c97,normal,18.827429956007293,0.1,47.92185682108914,-41.04658482183817,-22.219154865830873,2,-44.42569742915622,-43.175172062781215,-41.48878488783476,-39.20519605685224,-34.12481565164437,-30.73724013522428,-25.238728448746453,/b/src/336185346/17882960031271834150.mp4,-12.166259765625,19.876745433570914,-37.87680415880532,-26.33254059625029,11.544263562555031,-40.99350913038731,-36.17766638496135,0.0,0.0,0.0,0.0,0.00013951800415634325,0.19522925639022815,0.24518730522333582,0.3831268198624255,0.55,-13.130465247025638,0.0,-40.207986757432444,0.0,9.60658518316677e-10,0.0031229101009353473,ok,False,0.00013951800415634325,0.0,0.0,0.0,0.0
7,1699,11.68784304913524,-1.4690608059922639,7.968658387214449,-6.037870842266923,-29.07818035554442,3.254465001110407,-1.4690608059922639,9.354193107767351,9.021429668562494,11.671408279402485,11.929938739793087,6.547430708159176,normal,19.510560399396617,normal,7.3839375,2.3000000000000003,-2.7834058411565157,-23.096004068330686,0.0,0.0,-8.233987808227539,0.0,0.03518118890893118,0.2665832290362954,17881476137660153150.mp4,5.982176287213733,unlabeled,0.4484666850668171,5c72c4a541159e781dcf3d29708e0744,normal,5.944095261391087,2.4000000000000004,8.270589544155264,-28.71355439445121,-22.769459133060124,0,-36.79204254044557,-33.71992025433255,-29.27783800395015,-26.766635753682404,-23.71862837252171,-22.314495554990117,-21.08348929338808,/b/src/336185346/17881476137660153150.mp4,-8.233987808227539,8.966268515880174,-30.103831434906702,-24.90353554687965,5.200295888027053,-29.418466867398685,-27.744548207624156,0.019982993197278913,0.0,0.0,0.00042517006802721087,0.0001368855373511198,0.14877254106472293,0.3770931135375424,0.6904334482975907,0.7000000000000001,-5.764951887643342,0.0,-27.780455100598957,0.0,9.370948469530622e-07,0.005105750285603724,ok,False,0.0001368855373511198,0.0,0.0,0.0,0.0
27,624,0.022282383162679054,5.295485783490076,0.9590410332438357,-9.919242116757152,-22.446686856686355,3.437854677208718,0.022282383162679054,56.52379026364102,35.61121130874728,55.104920311052915,56.324421127010666,18.08445803675015,normal,8.63720731303026,normal,27.655,19.950000000000003,-6.481387439548434,-19.956938154512923,0.0,0.0,-8.426210403442383,0.0,0.07414796677091975,0.11514392991239049,17881590045102676479.mp4,2.489748702173433,unlabeled,0.4319980302784812,937302f1a67079554eeb0e128047afa2,normal,1.9101915014655582,0.1,40.079336528347405,-14.789718173564868,-12.87952667209931,1,-24.084090018915603,-23.435834061187702,-22.468367582840866,-21.145314441098787,-20.03777137263286,-19.565741148510245,-18.46893552203095,/b/src/336185346/17881590045102676479.mp4,-6.671594619750977,4.710532107061194,-14.685912010838583,-17.3991315868331,-2.7132195759945166,-14.83712201436268,-15.308801932781236,14.895569620253166,0.0,0.0,0.48146473779385174,0.00012437804548014262,0.10382218254716807,0.150738273434276,0.3420372805013333,0.8,-6.01538038693165,0.0,-21.11627431933518,0.0,4.0176273457971365e-05,0.0776207001503638,ok,False,0.00012437804548014262,0.0,0.0,0.0,0.0
9,1108,16.144031019839133,31.118325005729908,18.278887929126316,-4.786547921613517,-48.127804687366606,-4.264953035089265,16.144031019839133,52.99247726954569,32.68292402029862,35.37525621924202,39.45713628624042,18.55985310800874,normal,20.918139708572426,normal,9.964375,3.9000000000000004,-9.051500956702782,-30.580569863477198,0.0,0.0,-15.67562484741211,0.0,0.01534817895655394,0.12578222778473092,17881947664830962460.mp4,17.547234823889408,unlabeled,0.4885156458357103,cd3c6d06b808fdbf4d320ed974bc96c3,normal,16.410914177640446,0.1,31.449792616801687,-40.425149415241336,-24.01423523760089,2,-61.291604216403236,-58.07599699581483,-42.25640380266834,-32.715305129886076,-28.18190848299162,-26.814244595583045,-23.686904555025087,/b/src/336185346/17881947664830962460.mp4,-12.319149017333984,19.161657000487946,-49.43174711583348,-31.6342105071193,17.797536608714182,-42.45809839392553,-33.23728872590641,0.0,0.0,0.0,0.0,0.00011947965250264467,0.2980623561584905,0.2980623561584905,0.4911416397384439,0.7000000000000001,-4.661830193851772,0.0,-40.86037329622671,0.0,7.51656727718427e-10,0.04287773092647447,ok,False,0.00011947965250264467,0.0,0.0,0.0,0.0
16,2093,-3.193346818026285,2.9939153138721846,7.51949371339756,-12.919730057110378,-24.26025039373267,0.9145587196138472,-3.193346818026285,36.29508430000365,16.78039198681512,30.717389717893536,33.12989014539981,11.720588186986944,normal,13.69503804853882,normal,16.254,12.700000000000001,-12.005171337496531,-20.977753225160225,0.0,0.0,-9.511031150817871,0.0,7.060589554141185e-06,0.0869837296620776,17881823853020854252.mp4,3.2824971685724442,unlabeled,0.39626603141045724,b5f22ccb824860ea7f06964523ecdefc,normal,3.9603138636388415,0.2,18.71125606641513,-23.178515872164542,-19.2182020085257,1,-28.660503385710726,-25.976568330013446,-24.25383542391115,-22.714392599947793,-21.53967034618843,-20.97414648842827,-19.864124984001922,/b/src/336185346/17881823853020854252.mp4,-9.511031150817871,4.642663649003254,-23.707859019706667,-20.346979412956937,3.36087960674973,-23.38220749775057,-23.20606919935669,0.07634615384615386,0.0,0.0,0.0,0.00010815159995044618,0.030403365634887516,0.07135522388740055,0.5431690456041219,1.4000000000000001,-16.130094018091256,0.0,-23.34666629143145,0.0,1.0126745058654322e-05,2.6193633964437693e-05,ok,False,0.00010815159995044618,0.0,0.0,0.0,0.0
60,10390,-1.6364055036876053,3.2402313032946726,-14.295877747220903,-7.710771789434428,-31.982480467353145,2.493161514566639,-14.295877747220903,60.87423054712845,55.69608341582581,59.495368135481606,60.08070968874243,28.76739663663198,normal,16.781596443787286,normal,60.1165,24.450000000000003,-5.2176102748677895,-24.932531341913215,0.0,0.0,-10.777053833007812,0.0,0.010532973179286427,0.17021276595744683,17883371445182876700.mp4,7.04994912543993,unlabeled,0.5628934371652727,c82b96a03e92ac97c295cfb21b13e5d8,normal,9.093338587142487,0.1,50.45345139018594,-27.746926829737546,-18.65358824259506,1,-38.09249508666051,-33.20747538650407,-29.926250449675784,-25.606888076858873,-23.02176279724279,-21.87520273523242,-20.606866028211748,/b/src/336185346/17883371445182876700.mp4,-8.925403594970703,9.87369311868838,-32.73950521359665,-26.29243976051397,6.447065453082679,-28.103432681893615,-25.70700003875799,0.042689267886855245,0.0,0.0,5.1996672212978364e-05,0.00010638970333186076,0.20597468651403894,0.5121509727486107,0.5628204160901039,0.30000000000000004,-14.692591454750989,0.0,-30.039668987590634,0.0,2.560495013426179e-07,0.0009278196408206565,ok,False,0.00010638970333186076,0.0,0.0,0.0,0.0
116,39255,-3.905534538870807,-8.893300727809924,-4.15339771557611,-11.838389813108904,-29.521416945255396,2.518400526905104,-8.893300727809924,21.782567454127026,24.275346576931376,21.88163582439688,22.267932883846655,23.971366197693072,normal,19.620402559772522,normal,116.6933125,81.45,-9.3199892862038,-24.097622850601464,0.0,0.0,-10.925477981567383,0.0,0.026531224388187634,0.1095118898623279,17883264844040702798.mp4,5.423794094653932,unlabeled,0.5086753202757216,f5aa4cda53b0c8f4c8c27fa18c80d384,normal,11.543890354695389,112.9,9.089351504672411,-25.771756107066444,-14.227865752371056,0,-31.36477802447763,-28.766963618997753,-26.205192769170132,-24.629354869049163,-23.455267782915538,-22.89910981090536,-21.829317624458103,/b/src/336185346/17883264844040702798.mp4,-5.71446418762207,6.500362930404968,-27.446715401468655,-23.130956171454322,4.315759230014333,-25.87561715753425,-25.334866747394592,0.10455957993999142,0.0,0.0003750535790827261,0.015403986283754823,9.820381413354699e-05,0.31927897736443933,0.38403089701476695,0.4158352195861725,0.0,-11.698493282635582,0.0,-22.745741048692572,0.0,1.4812388415520453e-05,0.02366767700286295,ok,False,9.820381413354699e-05,0.0,0.0,0.0,0.0
14,2924,-0.8770250877353494,2.6394487732080663,2.232626641476098,-5.718064633069165,-21.28776400794562,3.4563897200819342,-0.8770250877353494,6.121954343110268,6.313412142675354,4.854625146481212,5.909698963365059,3.6202603484667577,normal,11.812333165377535,normal,14.9783125,6.800000000000001,-2.261674912987231,-19.751636937792128,0.0,0.0,-10.45060920715332,0.0,0.14519285120636327,0.24843554443053817,17883403664051995424.mp4,1.5361270701534906,unlabeled,0.5008038078104722,53dea40fca0c4af56ba0e544edfbd508,normal,1.684085591029607,0.1,2.515942712052233,-20.605672386020856,-18.92158679499125,0,-24.416583712495203,-23.237687816260774,-20.85172198934376,-19.828484122620253,-19.110830425015813,-18.846003360650464,-18.54450867317013,/b/src/336185346/17883403664051995424.mp4,-8.974783897399902,2.506743358327192,-20.969166762111087,-21.07178202499904,-0.10261526288795508,-20.70981189547979,-20.787117062777437,0.19377090301003344,0.0,0.0,0.00020903010033444816,9.68809392159112e-05,0.11236150081505406,0.1152166232972137,0.3612293500364486,0.9,-4.603682945558861,0.0,-20.011448490197907,0.0,7.405264419780045e-05,0.07318371566328896,ok,False,9.68809392159112e-05,0.0,0.0,0.0,0.0
141,19028,7.375923390411423,-10.571260395280717,18.823216898870438,4.121545818868454,-36.44370678747174,-2.5249782774223104,-10.571260395280717,52.95126968048788,58.11989279856246,52.50513494752721,59.11753301317054,30.516262677816794,normal,13.814206404885851,normal,141.2615,98.7,1.5965675414461438,-27.234868993301117,0.0,0.0,-20.60456085205078,0.0,0.046022759037128144,0.3454317897371715,17882989064383254931.webm,9.208837794170623,unlabeled,0.5266482862587448,edf69d36ac76932381fa259d1718ed03,normal,7.7171889392413,51.900000000000006,22.831436839877497,-34.385622708086856,-26.668433768845556,1,-44.55533951504072,-38.394823744723745,-32.54749192335031,-29.427011296868045,-28.006997910158507,-27.38303036876185,-26.35131455034497,/b/src/336185346/17882989064383254931.webm,-19.839160919189453,7.86126890200002,-38.971061338357174,-29.749178125174602,9.221883213182572,-34.77810703008149,-33.653367324075305,0.0,0.0,0.0,0.0,9.012863208477282e-05,0.23866210847024003,0.2434273661140649,0.5684571524099232,1.9500000000000002,0.20207945827417617,0.0,-29.34726677351897,0.0,4.161723513929975e-07,0.02512744589522578,ok,False,9.012863208477282e-05,0.0,0.0,0.0,0.0
16,790,5.395345407517197,2.997223032891249,2.754501309498413,-6.600080732347983,-21.651776240564892,-1.477068924563138,2.754501309498413,26.303864277480244,30.121365983499356,26.475126174406007,27.992202547144746,29.288962639342813,normal,11.965118384730488,normal,16.92875,8.0,-8.077149656911121,-20.79619612610773,0.0,0.0,-9.136334419250488,0.0,0.05357969742176744,0.10575719649561953,17882585302370019716.mp4,0.8555801144571618,unlabeled,0.4930418968028179,c12eadb6d52bd3a29dd3e60a42a8aaea,normal,3.9702642192442674,0.1,6.81391647775817,-20.353100725056873,-16.382836505812605,0,-25.84035312288278,-23.178040017819242,-21.40708581411273,-20.367315002166322,-18.96766658249688,-18.172329503738506,-17.5982410523082,/b/src/336185346/17882585302370019716.mp4,-7.857271194458008,4.466000441330042,-20.815564970015554,-19.641307218501673,1.1742577515138812,-20.333028295979286,-19.822389579188496,1.5173816568047338,0.0,0.0,0.0040680473372781065,8.277760359842649e-05,0.15930770018897114,0.3946509285318061,0.2769927393710278,0.35000000000000003,-6.894829133412985,0.0,-19.769166230257042,0.0,8.277760359842649e-05,0.06202262832654109,ok,False,5.593455435808444e-05,0.0,0.0,0.0,0.0
8,1331,-2.6527790283536223,4.912373073753297,-0.9863048174376998,-10.431639144902014,-24.401632390192542,-5.866583207239344,-2.6527790283536223,11.291239180662224,10.332280237915281,11.426770246331138,11.046568275541539,6.3194480022993496,normal,9.970467397676313,normal,8.523125,7.65,-16.29822235214136,-21.625854296382336,0.0,0.0,-13.685359954833984,0.0,0.006448659689462922,0.04130162703379224,17881472052943974876.mp4,2.7757780938102066,unlabeled,0.4698260192358773,362d183745f0fcbb7b10b9c02be9f533,normal,6.076775844444239,3.9000000000000004,11.835363904927874,-23.696823824090707,-17.62004797964647,0,-31.4960191028838,-29.001217217386035,-25.378397075273153,-23.934332902689544,-21.939612909823225,-21.359132283424934,-20.13944188212207,/b/src/336185346/17881472052943974876.mp4,-13.235325813293457,5.807989940316883,-22.913516952917192,-20.035893653515863,2.8776232994013284,-23.788682466582337,-23.20579321096977,0.0,0.0,0.0,0.0,7.766199731608182e-05,0.12148467485725083,0.1626093423356891,0.5479821515085471,0.5,-14.108969884404623,0.0,-25.16474081975486,0.0,3.8108915552734317e-06,0.012345273616151084,ok,False,7.766199731608182e-05,0.0,0.0,0.0,0.0
6,842,29.015893010965485,38.41577865123584,29.37540440024387,-4.675026901134704,-61.36059842689491,-6.637863559452679,29.015893010965485,36.033574051670286,25.5184598729605,32.034979147239596,33.289711077230976,14.236774716051485,normal,20.460114209694915,normal,6.3133125,3.6500000000000004,-11.312890460587383,-32.91226440213413,0.0,0.0,-18.5343074798584,0.0,0.00423030729780369,0.08010012515644555,17881538834843012170.mp4,28.448334024760783,unlabeled,0.4947807216117184,ed5ed8ad5d2205a128b88b3d39a9a2b4,normal,27.024276320643846,3.6,31.93086061945311,-54.32666557399686,-27.302389253353017,2,-64.08316374228579,-61.78124098394128,-53.726859536465284,-44.92077464868143,-34.50542337944535,-30.64489234939557,-28.895755937090073,/b/src/336185346/17881538834843012170.mp4,-18.5343074798584,26.50918223143529,-62.08392262420783,-32.430391895530434,29.653530728677396,-54.06603901500343,-38.99442168955331,0.0,0.0,0.0,0.0,7.495479783612301e-05,0.47312419409763085,0.47312419409763085,0.5679607418745782,1.7000000000000002,-11.799334780697158,0.0,-40.84778162218875,0.0,6.799385294226249e-10,0.003938210568660191,ok,False,7.495479783612301e-05,0.0,0.0,0.0,0.0
8,1084,-2.775547002998735,-0.08139489498858365,-1.7989007296751858,-11.981415026569149,-38.49288961834294,7.297790179849255,-2.775547002998735,28.468673935804407,30.15269371536295,27.016081477591634,29.797103453423425,15.898448026010406,normal,20.230182739816872,normal,8.9396875,1.5,-4.683624846719894,-28.459402316143194,0.0,0.01875,-0.6864560842514038,0.2,0.014305293655230679,0.18147684605757197,17883365206633075224.mp4,10.033487302199749,unlabeled,0.37484403798018934,d61c0d3225f5bbffc669d0c1f867c87d,normal,27.23073557415767,1.6,25.61270443507502,-36.21256163162617,-8.981826057468501,2,-41.191223978691426,-39.362543329235386,-37.35433301675623,-23.761787844771014,-14.963964557637262,-11.68606788249611,-9.264718063808802,/b/src/336185346/17883365206633075224.mp4,-0.6864560842514038,29.100831969901556,-37.220764582267094,-29.502074381490893,7.7186902007762015,-36.60403125798483,-20.916638824068276,3.2201544943820224,0.14325842696629212,0.682935393258427,1.6825842696629214,7.172010822399015e-05,0.23720108405525514,0.23720108405525514,0.5933592169846954,1.6,-4.8051315026463035,0.05,-28.459402316143194,0.009375,8.070778338403508e-07,0.011271437881115677,ok,False,7.172010822399015e-05,6.179775280898876,0.0,0.0,1.1235955056179776
5,3044,32.73808429040392,16.223971519823426,16.62753161991887,-20.32651826964829,-47.99980001040586,12.749574153902495,16.223971519823426,74.3364435628501,25.7520862334666,36.112112648026276,58.101464755414476,15.158726807930464,normal,22.511918152529788,normal,5.8746875,5.5,-7.576944115745794,-31.51189717169769,0.0,0.0,-6.8381195068359375,0.0,0.07895488587310792,0.15331664580725907,17881922260000501051.mp4,16.487902838708173,unlabeled,0.5947692147685308,c64ccac4ede32e8495e36b1ea4946217,normal,27.816872538629756,0.7000000000000001,55.09616284115748,-42.85475332416347,-15.037880785533712,2,-62.4007020810765,-57.82682537761282,-44.44973272972917,-35.02170196543363,-26.150055998167538,-24.40189109232753,-17.04659195768014,/b/src/336185346/17881922260000501051.mp4,-6.195045471191406,30.110404230353335,-47.992478081884215,-30.47523818882999,17.517239893054224,-44.19935705557531,-28.706963623721194,0.4545940170940171,0.0,0.0,0.08814102564102565,7.157590958548144e-05,0.22433732813889046,0.22524501693074991,0.29199225504259635,0.9,-11.15809703078645,0.0,-23.278798572557843,0.0,1.0663673222450456e-05,0.00014717693846950876,ok,False,7.157590958548144e-05,0.0,0.0,0.0,0.0
24,2432,-8.93669955747557,13.282207436077243,1.7250218699584003,-5.890924179242242,-24.69577093195516,-7.1159837492118765,-8.93669955747557,13.279786240714778,12.95523031313386,10.990969142714327,12.411174551823564,7.8109174909671,normal,7.343718485241002,normal,25.0093125,14.15,-13.006907928454119,-22.189904270289986,0.0,0.0,-14.676648139953613,0.0,0.0003796230561426331,0.07008760951188986,17883519406742910405.mp4,2.5058666616651735,unlabeled,0.5033505398812727,a61776e3061673871166af55cd318136,normal,6.154457311198218,13.5,9.526365707699092,-22.59613309784119,-16.44167578664297,0,-26.3724599637039,-25.28424185155599,-24.310053560539757,-22.48181004880879,-21.305828058099127,-20.6262332417934,-19.103343009358852,/b/src/336185346/17883519406742910405.mp4,-14.055437088012695,6.170075861238022,-24.85349184558806,-21.100177331155557,3.7533145144325033,-22.70790704571959,-21.399155573253697,0.0,0.0,0.0,0.0,6.179994683161849e-05,0.1748032808606662,0.1748032808606662,0.45559522381341405,0.1,-10.889171810279397,0.0,-24.32779142234285,0.0,6.023261833985745e-06,0.003047216872584546,ok,False,6.179994683161849e-05,0.0,0.0,0.0,0.0
13,1442,6.489391149298122,3.4539335030861267,4.540558097604449,-13.06373352348286,-24.18884186799687,2.97959546801669,3.4539335030861267,38.479811939548256,36.00046763919434,36.12929508091244,37.30631660577769,32.16237682156766,normal,13.138954619479001,normal,13.0960625,3.2,-10.08413805546617,-22.361264633798253,0.0,0.0,-11.762361526489258,0.0,0.010150654813829917,0.08573216520650814,17883743088382660735.mp4,1.8275772341986176,unlabeled,0.3822373772929737,fc452e886100ee24496151927705bee5,normal,3.9714902087264825,0.1,9.52494328516919,-24.021315177457353,-20.04982496873087,0,-28.206832698719307,-26.74441009599059,-24.884669981947457,-23.276977872179906,-22.16560386177101,-21.882238947729117,-20.699136773368867,/b/src/336185346/17883743088382660735.mp4,-10.58048152923584,4.432788590787045,-23.589353536542788,-21.966538238228615,1.6228152983141726,-24.230368397241712,-23.71943614871484,0.06178160919540229,0.0,0.0,0.0,4.234322633988145e-05,0.10059479538430298,0.1061563114609876,0.3317269195701119,1.0,-13.418607856818618,0.0,-22.484973312210954,0.0,1.6449327103244045e-05,0.0042277280284657315,ok,False,4.234322633988145e-05,0.0,0.0,0.0,0.0
22,7577,16.121877344378916,20.57389737236109,31.941054216735367,-14.397907832493368,-39.76904341482667,0.7892450146324013,16.121877344378916,58.028474277274924,48.73925352903236,65.75383694299121,63.899790928579414,29.849322425396984,normal,21.129761245114558,normal,22.61625,4.2,-13.608662817860967,-30.137595407300434,0.0,0.0,-12.47514820098877,0.0,0.000707105668934524,0.07446808510638298,17883654584451691280.mp4,9.631448007526235,unlabeled,0.506640375374043,92779b7dcbe08a0a0bae1cfc189f4de4,normal,14.043285334003855,0.1,57.03519305467478,-32.28259674206255,-18.239311408058697,2,-52.509406774678645,-42.56284499967311,-34.39605182457662,-29.7263371540894,-27.120855814047435,-25.940651991119392,-22.110738482436087,/b/src/336185346/17883654584451691280.mp4,-9.03977108001709,15.734740698785785,-39.99312046205605,-29.249069537904177,10.744050924151871,-33.45554455543731,-30.169532325131648,0.023091814159292033,0.0,0.0,0.0,4.122096677353983e-05,0.4549386309789475,0.4549386309789475,0.5898332198245856,0.4,-14.608089325789525,0.0,-26.573335306911964,0.0,1.721300309471031e-06,0.0001299480645349367,ok,False,4.122096677353983e-05,0.0,0.0,0.0,0.0
5,758,4.343936638027266,-0.9078111233862884,9.480594721334118,-3.7082036474453153,-52.802997222948946,3.432524983687885,-0.9078111233862884,23.05727249372839,26.328940146849256,20.429849607692418,25.16161870426057,17.947455248692407,normal,24.36048369186817,normal,6.016,4.1000000000000005,-0.2756786637574304,-34.291554910405125,0.0,0.0,-20.743953704833984,0.0,0.09152614923235894,0.3235294117647059,17883736275501617633.mp4,18.51144231254382,unlabeled,0.30756650296914423,6f30fe25a95378a8ef9a8414925a66c2,normal,20.791218479602612,4.2,21.162877655963328,-53.1462132034757,-32.35499472387309,2,-55.65047636400918,-54.398645429495076,-52.802997222948946,-46.57353776058963,-40.17815047034056,-37.31605188718588,-31.695289078540746,/b/src/336185346/17883736275501617633.mp4,-20.743953704833984,25.27101764314646,-52.97022132384156,-37.01867123781956,15.951550086021996,-52.97752734196091,-45.10443739670215,0.0,0.0,0.0,0.0,2.9599449843372373e-05,0.19434196019760824,0.19434196019760824,0.5263688857839719,1.6,-2.477457418004382,0.0,-48.52210064632682,0.0,1.1484107912770397e-11,0.06485263037850397,ok,False,2.9599449843372373e-05,0.0,0.0,0.0,0.0
25,3830,19.957283033987952,19.61164362752404,22.20053217190818,-2.529860517371772,-50.707483272660575,2.3122267967628316,19.61164362752404,38.16517640685431,35.01943853011531,33.66001007213974,40.80912955439055,21.41899626936052,normal,32.61692782970269,normal,25.5026875,13.55,-0.21763372060894032,-33.77857448380429,0.0,0.0,-10.219121932983398,0.0,0.19447574465740752,0.3454317897371715,17881495344432979953.mp4,16.928908788856283,unlabeled,0.555567946869888,138e5a7d4199b375f485c351b551fd99,normal,34.431310578846784,13.600000000000001,27.8108735669312,-61.20275702228085,-26.771446443434066,2,-77.97757492759241,-69.50605093264173,-60.05147804109575,-51.32946170624057,-38.92181750683501,-33.40761174887864,-26.690293269837735,/b/src/336185346/17881495344432979953.mp4,-9.295437812805176,36.617955369711936,-51.9794452820101,-35.753872824988605,16.225572457021492,-62.17670816522843,-41.912365642507865,0.0004901960784313725,0.0,0.0,0.0,2.7731065136774073e-05,0.07281765708038614,0.24282280855004146,0.2921117150672284,0.8500000000000001,-3.0652156594139677,0.0,-60.11855560151796,0.0,1.9877664748286262e-14,0.10716618134616422,ok,False,2.7731065136774073e-05,0.0,0.0,0.0,0.0
38,4708,-9.893318219665687,12.9652745856757,9.669408119243926,-7.381072326335447,-52.08888978042755,-4.249363880532174,-9.893318219665687,25.783878791352585,26.3740827220319,31.174387157262068,30.808253579893808,14.06888622925787,normal,21.89815572602656,normal,38.4755,36.7,-11.630436206867621,-34.30708200889101,0.0,0.0,-22.8278751373291,0.0,0.0007771612937638715,0.07759699624530664,17882955702580117579.mp4,17.781807771536542,unlabeled,0.572732921267582,98db1ac2fc8e55b8f052c98a2531121a,normal,19.463660046082904,11.9,27.98853324153144,-49.337801148281635,-29.87414110219873,2,-59.44509760168641,-55.45117223589437,-51.20088288324466,-44.273711389890785,-36.4079078309756,-34.178339941460706,-31.06774781895687,/b/src/336185346/17882955702580117579.mp4,-19.55571174621582,22.28297851755305,-51.89403454984907,-33.79372576370527,18.1003087861438,-50.189075281424834,-41.45386747224238,0.0,0.0,0.0,0.0,2.6931200012650177e-05,0.16367141563587814,0.41100535805906907,0.7077625440054702,1.75,-7.346717940417451,0.0,-49.01277589215472,0.0,8.699190398760488e-12,0.0877561448930841,ok,False,2.6931200012650177e-05,0.0,0.0,0.0,0.0
15,1584,4.41172789477047,10.552630726545791,6.368701056366696,-11.2203991122703,-26.98800364648026,2.4007100535660584,4.41172789477047,10.507026108021577,14.401203070575232,10.625266572753041,13.219997947942957,9.90642936792505,normal,11.97145583919896,normal,15.0711875,6.15,-8.819689058704242,-24.754684780523903,0.0,0.0,-12.1644926071167,0.0,0.0012312826861059522,0.1095118898623279,17883557325803507124.mp4,2.233318865956356,unlabeled,0.5377720060975384,c1387707e5b7b5a6211f04e71916f0e2,normal,4.057313526308452,0.30000000000000004,6.251922649837969,-24.11325823174156,-20.05594470543311,0,-32.22090651544312,-28.510553111445265,-26.217567064926442,-24.19883917824878,-22.63075841445487,-22.093507971636154,-21.582167446736012,/b/src/336185346/17883557325803507124.mp4,-11.884967803955078,5.575855271373634,-24.41917005425619,-23.801875043880393,0.6172950103757948,-24.174489685055317,-23.856423643154038,0.00020764119601328904,0.0,0.0,0.0,2.537982248866936e-05,0.2649059602296163,0.29974351205939836,0.4335934832569057,0.30000000000000004,-10.843285380216642,0.0,-24.637214938806103,0.0,5.184655484269101e-06,0.015576102908407316,ok,False,2.537982248866936e-05,0.0,0.0,0.0,0.0
3,865,-5.400199330201044,4.988719296011189,5.182164906142962,-12.131342246256107,-28.686303225564686,-5.172636830814273,-5.400199330201044,8.84087015014898,7.4311679141156475,10.86246749655276,9.947041287082499,5.876622549141658,normal,16.17810992129069,normal,3.6223125,2.2,-17.30397907707038,-25.639704921168896,0.0,0.0,-11.351405143737793,0.0,0.0011230442703684224,0.033166458072590735,17882991085720833082.webm,3.04659830439579,unlabeled,0.40124595987125683,5fa51ec4df726dad63c8f2be5fe53479,normal,4.7472784356799025,2.3000000000000003,4.456427499768221,-28.256841698294735,-23.509563262614833,0,-35.32330562970998,-32.27583616599025,-28.503079427420253,-26.012348124561672,-24.93997838233392,-24.751373467326303,-23.85887068155475,/b/src/336185346/17882991085720833082.webm,-11.351405143737793,4.7526911649994545,-28.152600814580357,-24.995503656871314,3.1570971577090425,-28.026642807370262,-27.529515065028484,0.002604166666666667,0.0,0.0,0.0,2.410537922717489e-05,0.25458405504612275,0.28792055125130334,0.41087494935411006,0.15000000000000002,-16.558061808184846,0.0,-27.131398182509077,0.0,1.2651504353569478e-06,0.0013366014347414193,ok,False,2.410537922717489e-05,0.0,0.0,0.0,0.0
34,2699,4.670921811515399,9.002517152319815,16.897927808360592,-10.123195495941012,-40.3178934270979,0.049816168498978186,4.670921811515399,23.380057335484594,23.8185757859234,25.92572778090318,28.119255924291778,14.073188590505936,normal,22.134788400588562,normal,34.2494375,19.5,-10.073379327442034,-31.940269667245754,0.0,0.0,-18.98948860168457,0.0,0.0018657224451923355,0.09198998748435544,17883362820191984552.mp4,8.377623759852145,unlabeled,0.47108466146702477,e6db59e145747a276775855985dd9074,normal,14.288441023195716,18.400000000000002,18.670217544887926,-39.533762671885235,-25.24532164868952,2,-52.872946051495745,-46.37772679824798,-40.905316629097626,-36.913074326578126,-33.12098668353612,-31.439658237985544,-29.123166053028573,/b/src/336185346/17883362820191984552.mp4,-14.816332817077637,17.71842830799739,-40.212123654050984,-31.5946328902601,8.617490763790883,-40.624111502447406,-36.9511212176662,0.0,0.0,0.0,0.0,1.2246071918397818e-05,0.181588834725421,0.2379935997200802,0.45335840362711,0.0,-9.426599912534432,0.0,-36.74404064248493,0.0,6.598546509697555e-09,0.005091759266877434,ok,False,1.2246071918397818e-05,0.0,0.0,0.0,0.0
21,2433,22.513105789512068,3.7413367528092962,16.380832571025067,-6.165524659605211,-58.021328502770565,9.101849408391034,3.7413367528092962,27.4491758778082,29.170971747789004,27.913030890563647,25.828965886462456,18.30478830947046,normal,36.240640741150095,normal,21.9748125,15.3,2.9363247487858235,-37.180058886311514,0.0,0.0,-26.306678771972656,0.0,0.2107115771917078,0.4918648310387985,17881499156381470998.webm,20.84126961645905,unlabeled,0.5193386720603793,ef17a33e8ef5cb600cd71fa06927d9ea,normal,21.888593759350744,10.200000000000001,26.990991303514246,-53.5688242272288,-31.680230467878058,2,-61.29351970186595,-59.27158434603756,-54.226976254948845,-43.98128070520126,-37.62064031824197,-36.6564530028594,-35.33763524961716,/b/src/336185346/17881499156381470998.webm,-8.768831253051758,28.700161268351405,-57.85991200511257,-39.89747991974804,17.962432085364533,-53.812778727652045,-45.00947199420185,0.0009965831435079728,0.0,0.0,0.00014236902050113897,1.0092185448074783e-05,0.05514568514704756,0.07742679537355905,0.6309482608544011,0.30000000000000004,-19.411297581921406,0.0,-43.12660282063835,0.0,1.9089964788938606e-10,0.0013617362844173383,ok,False,1.0092185448074783e-05,0.0,0.0,0.0,0.0
13,2315,5.838064763146271,6.132630230405195,0.13085630347104882,-5.5694082259946995,-31.993883574936753,2.210177506313345,0.13085630347104882,6.0167778353758905,6.904842260921406,6.455524912778493,7.280323342510442,3.465751496309366,normal,15.514295399004546,normal,13.804,12.700000000000001,-3.3592307196813547,-28.624363824524302,0.0,0.0,-18.221084594726562,0.0,0.034291618839270815,0.20400500625782225,17882955704203865653.webm,3.3695197504124508,unlabeled,0.47140887452202945,bb369ea7c130eb873bb37abb0e89afab,normal,4.129973728234461,6.0,4.301766645506085,-29.24462170517355,-25.11464797693909,0,-33.953370286513476,-32.49297163609256,-30.416437724283565,-28.856901956566738,-27.945079848845786,-27.470817609938017,-25.990750104933074,/b/src/336185346/17882955704203865653.webm,-13.643852233886719,5.264863169186892,-30.688473942811896,-28.55714186665752,2.1313320761543757,-29.240319603235946,-29.158147632891264,0.0,0.0,0.0,0.0,8.094767732254278e-06,0.15467160710380298,0.2624829469037605,0.3258119821043064,0.55,-4.756085234371903,0.0,-27.868188323700476,0.0,9.471958051413855e-07,0.03858951572881367,ok,False,8.094767732254278e-06,0.0,0.0,0.0,0.0
63,15572,-4.848284922894628,-0.3256757132599075,-24.433894740297085,-18.509311585140566,-33.19232780521516,-7.510223663859247,-24.433894740297085,12.628119622481364,9.479440517055167,5.596468704614324,8.267414222379365,6.1240134180003665,normal,11.64598583998093,normal,63.2106875,20.6,-26.019535248999812,-29.11317176865891,0.0,0.0,-18.420185089111328,0.0,1.9815703173961068e-05,0.008760951188986232,17881881758271725081.webm,4.079156036556249,unlabeled,0.4825224179600965,1a3519663efb1ab9066431e9a0c87207,normal,6.53432774911014,4.1000000000000005,8.198523117603514,-30.092122203041654,-23.557794453931514,0,-39.3876189467817,-34.42458571585345,-32.07743477976133,-30.530071530216986,-29.38897812612104,-28.81996319308755,-27.76446372313292,/b/src/336185346/17881881758271725081.webm,-17.99264144897461,5.166647873765363,-31.775828973361556,-26.26891296673299,5.506916006628565,-30.180916290656896,-29.63862728895554,0.0,0.0,0.0,0.0,7.648765950205788e-06,0.007077763427718933,0.0320665291608116,0.3633074526951339,1.9500000000000002,-14.277868808847762,0.0,-53.91482104682454,0.0,5.073284254865735e-13,7.283685740539018e-05,ok,False,7.648765950205788e-06,0.0,0.0,0.0,0.0
12,2593,10.338858167526602,-10.49034571648643,6.247619386018045,-14.218172486460876,-29.81143022125919,2.547592477940338,-10.49034571648643,21.390306795064753,20.51152715850079,20.051376288283414,24.328027527360504,12.422034097833645,normal,12.109585124736782,normal,12.7245625,2.9000000000000004,-11.670580008520538,-27.836749148189796,0.0,0.0,-14.060924530029297,0.0,0.004334473886926867,0.06758448060075094,17881525426672798638.mp4,1.9746810730693944,unlabeled,0.5638652423329402,ab471b7f5e80b6c70a61fda49def11f6,normal,4.374023810180006,0.7000000000000001,9.718910577599097,-26.060593196305895,-21.68656938612589,0,-35.98007749173472,-32.446397243541455,-29.696603611501068,-27.227382688036208,-24.42217548006093,-23.63344108385502,-22.970629874282086,/b/src/336185346/17881525426672798638.mp4,-13.641613006591797,6.88796192862619,-28.260976586626107,-27.019653831580765,1.241322755045342,-27.253662726845782,-25.75119813132858,0.0,0.0,0.0,0.0,5.981192011817883e-06,0.02387112008799036,0.2472264236290867,0.251624205664548,0.9500000000000001,-16.18600111798733,0.0,-27.67963823026602,0.0,9.347269847623644e-07,0.0002696792378407004,ok,False,5.981192011817883e-06,0.0,0.0,0.0,0.0
14,2392,5.882375523253229,6.585732335012981,2.769330348998241,-9.680355120725947,-31.839313755160717,-1.2874045205120677,2.769330348998241,32.2836567793142,31.55960831924617,31.275629214442933,22.010337396379008,30.19151832041525,normal,11.295547163971861,normal,14.60675,8.5,-10.967759641238015,-30.20038571877786,0.0,0.0,-18.881895065307617,0.0,0.007811977037703623,0.056320400500625784,17883403664893796418.mp4,1.6389280363828576,unlabeled,0.5483723360347307,0ae55333975f1b5d3599d2d1b5dfca8f,normal,2.733510703948596,0.1,12.349375642793461,-28.693859656868767,-25.96034895292017,1,-37.0739452357495,-34.462090496521384,-31.666063244099597,-30.24573400381942,-29.148197396009923,-28.727142126760572,-27.549212497307728,/b/src/336185346/17883403664893796418.mp4,-17.48265266418457,4.468531244585318,-28.78975705534594,-27.87114789976994,0.9186091555760001,-28.588352500544666,-28.77819982815643,0.0,0.0,0.0,0.0,3.1062738845278556e-06,0.32116706162162506,0.32116706162162506,0.4709784129095701,1.05,-16.053810597315938,0.0,-30.18893027403506,0.0,2.3659797872601138e-07,0.004349239601384224,ok,False,3.1062738845278556e-06,0.0,0.0,0.0,0.0
2,290,-19.49574171580197,-7.854923901836682,-11.767445508197225,-8.660353517067565,-33.04461242208711,4.4480615922651525,-19.49574171580197,-1.2028988913347192,7.2996371113773435,13.92241160360178,14.945902330958077,4.917683424137092,normal,29.024573562657043,normal,2.4993125,1.2000000000000002,-4.212291924802412,-43.94381818473906,0.0,0.0,-18.688600540161133,0.0,0.07132868620444047,0.18272841051314143,17881948203820764830.mp4,-10.899205762651945,unlabeled,0.3105919108766498,5ac08ee6f28f63a5ff880625377d4db2,normal,18.47009878409064,0.7000000000000001,14.161953696594761,-35.72304750004087,-17.25294871595023,2,-52.866562664124245,-48.44271720171819,-38.30642213113191,-33.252980912794946,-28.86764050054105,-25.200397894358414,-19.262972439973467,/b/src/336185346/17881948203820764830.mp4,0.06593333184719086,23.069108800627397,-31.66896486847522,-43.446629386690034,-11.777664518214813,-37.53542376832457,-28.958640230809852,0.2653061224489796,0.03188775510204082,0.0625,0.15051020408163265,2.2743600051498036e-06,0.28324977763349213,0.28324977763349213,0.16048033393132974,0.45,-2.8631661194268423,0.0,-26.38423685877462,0.01875,2.2743600051498036e-06,0.11116403869538632,ok,False,2.5350277284869116e-10,0.0,0.0,0.0,0.0
9,807,-1.9058161873164536,4.572155009543149,6.903766765411255,-10.119772830537077,-41.16742382126734,-3.070214495095591,-1.9058161873164536,16.13382630177192,15.610489043056177,17.353855671507084,17.46105731169768,15.481815005809281,normal,27.435497775358037,normal,9.849625,4.800000000000001,-13.189987325632668,-36.843342089521386,0.0,0.0,-22.94009780883789,0.0,0.004504601073584404,0.0725907384230288,17882984410940294217.webm,4.324081731745956,unlabeled,0.3532113608600727,85ed7f4fbf503748216ffd8e8e66002d,normal,11.257542516804357,1.7000000000000002,19.68796937377136,-39.66822770380269,-28.410685186998336,1,-47.546189199361706,-42.79606591614032,-40.48488712736129,-38.30833206040852,-36.16290588410441,-35.12621616153151,-30.686515699098017,/b/src/336185346/17882984410940294217.webm,-10.811858177185059,14.300362958919091,-40.78414935734979,-36.43125098175094,4.352898375598848,-40.01509060745278,-38.247355952543096,0.0031887755102040817,0.0,0.0,0.0,5.62296403713739e-07,0.12971413396270803,0.28215103330710956,0.30507306210064045,2.0,-12.193650554812608,0.0,-40.452756548951186,0.0,8.490452774020535e-10,0.00815463960640455,ok,False,5.62296403713739e-07,0.0,0.0,0.0,0.0
26,6787,6.136887252252393,4.158543308790475,10.67136524036938,-13.267848571939169,-46.32759391391481,-1.9325913816881197,4.158543308790475,17.963716080334578,28.411740051057087,31.304005966153497,22.004788517866757,23.629399343984048,normal,18.07729120921732,normal,26.0906875,10.200000000000001,-15.200439953627289,-39.56839020612767,0.0,0.0,-27.454051971435547,0.0,0.0072882490447023825,0.04818523153942428,17883365078990995647.mp4,6.759203707787144,unlabeled,0.5246806868367432,fdf21fcb3d5c0da185d422fc6c8d62a2,normal,9.188035686189075,0.2,9.248561790634959,-45.29594771481155,-36.10791202862247,0,-50.30472784548816,-48.979989873672295,-46.89843609382692,-44.14444348794009,-40.61556136582844,-39.1607344703032,-36.83961631665217,/b/src/336185346/17883365078990995647.mp4,-25.28286361694336,14.255429286509838,-44.343037153061545,-38.31482222630554,6.028214926756007,-45.23215138953546,-43.36015482616068,0.0,0.0,0.0,0.0,4.6314272720517864e-07,0.13911544709461598,0.21825346462565623,0.24385084803450702,0.05,3.9790469591311597,0.0,-42.08437797427929,0.0,3.704861094216797e-10,0.012346592374170224,ok,False,4.6314272720517864e-07,0.0,0.0,0.0,0.0
6,571,-0.0004850605022532761,1.5745238468226095,-1.203358826441665,-11.530281267559513,-39.43215733894028,-0.8286795211127398,-1.203358826441665,51.39813238242266,53.09984283127393,52.32336839604237,48.896723625185174,29.77261453966338,normal,30.784772518918402,normal,6.269375,2.85,-12.358960788672253,-37.23100532948054,0.0,0.0,-9.89191722869873,0.0,0.012349957212884809,0.048811013767209005,17882962082381729239.mp4,2.20115200945974,unlabeled,0.4886475641543427,5831546107ee80a2aafc0c545792ea04,normal,15.984074324362869,0.1,60.069117811372145,-34.65668233635241,-18.672608011989542,2,-43.24343514935426,-41.253056089613075,-39.13877874797742,-35.839748858556696,-33.530113846582715,-29.485590969628845,-27.94055531508759,/b/src/336185346/17882962082381729239.mp4,-0.5008310079574585,22.340132641175735,-35.50485923652849,-30.907027268984272,4.5978319675442165,-35.14874011500807,-31.28560352687586,0.11100000000000002,0.001,0.025,0.075,3.052387992989578e-07,0.3415981481026945,0.38114280971475306,0.23411575056448194,0.9500000000000001,-7.0605166939659485,0.0,-37.71788458084982,0.0,4.292198400794047e-09,0.06719439690479401,ok,False,3.052387992989578e-07,0.0,0.0,0.0,0.0
14,1499,13.081336364477274,5.800323521481686,6.841859391122542,-10.675427716564801,-42.541546877354214,0.6061505610460056,5.800323521481686,30.498854124124392,26.817969139636887,25.704182153439277,27.943851707617284,24.27427105791608,normal,15.363678174990824,normal,14.5603125,14.0,-10.069277155518796,-38.45102531426238,0.0,0.0,-25.374460220336914,0.0,0.0033724161386803836,0.09699624530663328,17881472052642249983.mp4,4.0905215630918335,unlabeled,0.41709112544779514,9bbe76538e0eed941371ada9ffa38679,normal,4.323200998226341,0.1,7.7257434064021595,-39.21334343709627,-34.89014243886993,0,-46.98314672921948,-41.6615729805725,-39.464405987487105,-38.1752381898967,-37.296511841103225,-36.527887389754994,-35.62265060207843,/b/src/336185346/17881472052642249983.mp4,-23.795621871948242,4.185110321352184,-42.30023708195972,-38.104281865601074,4.195955216358648,-39.146505815206545,-39.159300046939066,0.0,0.0,0.0,0.0,3.0187862239120866e-07,0.15845338759806915,0.15845338759806915,0.4494192258789989,0.9,-9.236052245079762,0.0,-37.1873480041274,0.0,5.161823725480286e-09,0.003017187338693538,ok,False,3.0187862239120866e-07,0.0,0.0,0.0,0.0
15,2527,-0.7504863203076546,6.737024994254056,3.7082383294319374,-2.9451018528281017,-41.42120782814825,-2.2302302450939733,-0.7504863203076546,38.270110254666896,22.5159779809552,34.15784534275899,34.376450325136645,13.669171470241594,normal,18.675345760150577,normal,15.093,12.0,-5.175332097922075,-38.07637073905401,0.0,0.0,-26.723051071166992,0.0,0.010385061667361351,0.18085106382978722,17883361672780904158.mp4,3.3448370890942343,unlabeled,0.46894180830504945,251c715d2ca9520615ff9b7eed3b8158,normal,6.557617966966255,0.2,13.712341385607502,-40.544838980241316,-33.98722101327506,1,-44.20465915081707,-41.88786182020406,-40.73313898605373,-39.610129283565584,-38.765890463064494,-38.29801132906093,-37.23530099056154,/b/src/336185346/17883361672780904158.mp4,-21.08942985534668,5.223913094360938,-41.63903760870153,-38.0010683217139,3.6379692869876266,-40.378443859618244,-39.76477561549726,0.0,0.0,0.0,0.0,2.9598381796754166e-07,0.23008892545260554,0.23008892545260554,0.4995037443781857,1.1500000000000001,-4.9523340286308475,0.0,-40.28372262984076,0.0,9.968395653252568e-10,0.021675325296769916,ok,False,2.9598381796754166e-07,0.0,0.0,0.0,0.0
16,9690,0.5716205082161849,0.49618052206560037,0.0326435251262609,-8.920812341121984,-42.86597979143732,0.11317699822961558,0.0326435251262609,3.872461466098372,3.0434061050764214,4.1133910716811855,3.9549544536149455,2.184101572741838,normal,17.167919708817138,normal,16.6826875,13.600000000000001,-8.807635342892368,-41.6832844961914,0.0,0.0,-28.112937927246094,0.0,0.050346195647481565,0.10826032540675845,17881923386011202257.mp4,1.1826952952459209,unlabeled,0.36050985204818375,62ca60aca1a158df1f928ded45344e3a,normal,5.324775105031634,14.8,4.960140898267831,-42.8187371358058,-37.49396203077416,0,-44.571173732920215,-44.075454332454,-43.19917495767187,-42.354757180565294,-41.5124842171233,-40.82114423269386,-39.63262114056849,/b/src/336185346/17881923386011202257.mp4,-25.20779800415039,4.924677290783663,-42.52148931033307,-41.29769977708675,1.2237895332463182,-42.81812173627089,-42.37571771296753,0.0,0.0,0.0,0.0,4.2055111834496496e-08,0.30444860584315037,0.30444860584315037,0.25922677314957376,0.25,-9.350680662990856,0.0,-43.55325648425619,0.0,1.6747234581604766e-10,0.049548739482172754,ok,False,4.2055111834496496e-08,0.0,0.0,0.0,0.0
6,437,-1.2578570259956834,6.871613607937965,1.2778917974259834,-10.06360687842556,-53.03441440173946,-7.1394958760222345,-1.2578570259956834,8.569993264228017,8.432181475372694,8.853614502610334,8.551206869822963,7.740334614383407,normal,13.931583747168688,normal,6.8266875,3.25,-17.203102754447794,-47.75218283804767,0.0,0.0,-35.229515075683594,0.0,0.007568827081548641,0.0425531914893617,17883360944130577634.mp4,5.282231563691788,unlabeled,0.32771653283905433,a93279cb3dba6d9ca89606a7469abf31,normal,4.32017268847909,3.4000000000000004,7.856846658765264,-48.68426169727445,-44.36408900879536,0,-53.567287309525796,-52.95372719952526,-49.921376330042506,-47.72409560887521,-46.736309055674894,-45.73057227270427,-44.54602221097372,/b/src/336185346/17883360944130577634.mp4,-34.434993743896484,5.6306566385217,-52.28657892828344,-46.83300103541761,5.45357789286583,-48.926051048162876,-48.36657749106517,0.0,0.0,0.0,0.0,1.7433990977098677e-08,0.24011501853025,0.2541712870235218,0.3317271682599131,1.75,-8.612525370665114,0.0,-51.96703620720447,0.0,1.628628660352015e-12,0.04198803488452529,ok,False,1.7433990977098677e-08,0.0,0.0,0.0,0.0
26,27526,6.565005318838658,0.4959614530259664,7.645559273549992,-5.443815489449568,-52.315437032415005,0.13112236160635238,0.4959614530259664,10.049028760490998,9.866388858139999,10.783732192776526,9.116314996461526,8.128942676495726,normal,20.497165040821947,normal,26.0053125,8.9,-5.3126931278432155,-49.69405666763342,0.0,0.0,-40.099456787109375,0.0,0.04493367546220493,0.15707133917396748,17883557760272195201.mp4,2.6213803647815865,unlabeled,0.5533791826355723,e8ec3a91611d7d3c759a5ded9aba95f5,normal,3.771325661076091,3.6,5.072747109799408,-52.291321249966,-48.51999558888991,0,-57.241022936112756,-54.74329735260103,-52.24251519228126,-50.45443350129622,-49.54458613677998,-49.05580878129763,-48.220799755849534,/b/src/336185346/17883557760272195201.mp4,-31.679344177246094,5.142413155092292,-51.94510712951532,-50.54067644708582,1.4044306824294992,-52.33483814484005,-52.17650921806804,0.0,0.0,0.0,0.0,3.2750968099247907e-09,0.17152124587695367,0.22011104030833603,0.5388950740820051,1.5,-3.675730768487215,0.0,-52.31641618852029,0.0,1.3803873580767444e-12,0.04074799183754117,ok,False,3.2750968099247907e-09,0.0,0.0,0.0,0.0
53,2952,0.0,0.0,0.0,-90.0,-90.0,0.0,0.0,0.0,0.0,0.0,0.0,0.0,normal,0.0,normal,52.9879375,1.1,-90.0,-90.0,0.0,0.0,-90.0,0.0,0.9999999999997906,0.0,17881473451750796322.webm,0.0,unlabeled,0.0,a0f1b2650629cb58246dfabbf71cb262,normal,0.0,0.1,0.0,-90.0,-90.0,0,-90.0,-90.0,-90.0,-90.0,-90.0,-90.0,-90.0,/b/src/336185346/17881473451750796322.webm,-90.0,0.0,-90.0,-90.0,0.0,-90.0,-90.0,0.0,0.0,0.0,0.0,2.904113993330004e-15,0.0,0.0,1.097135458930219e-16,0.0,-90.0,0.0,-90.0,0.0,7.419293235158119e-16,0.9999999999997906,ok,False,2.904113993330004e-15,0.0,0.0,0.0,0.0
29,4262,0.0,0.0,0.0,-90.0,-90.0,0.0,0.0,0.0,0.0,0.0,0.0,0.0,normal,0.0,normal,28.8624375,1.1,-90.0,-90.0,0.0,0.0,-90.0,0.0,0.9999999999997906,0.0,17882967461090824186.mp4,0.0,unlabeled,0.0,96308372602e624aa5d6056a9829ce08,normal,0.0,0.1,0.0,-90.0,-90.0,0,-90.0,-90.0,-90.0,-90.0,-90.0,-90.0,-90.0,/b/src/336185346/17882967461090824186.mp4,-90.0,0.0,-90.0,-90.0,0.0,-90.0,-90.0,0.0,0.0,0.0,0.0,2.904113993330004e-15,0.0,0.0,1.097135458930219e-16,0.0,-90.0,0.0,-90.0,0.0,7.419293235158119e-16,0.9999999999997906,ok,False,2.904113993330004e-15,0.0,0.0,0.0,0.0
69,11068,0.0,0.0,0.0,-90.0,-90.0,0.0,0.0,0.0,0.0,0.0,0.0,0.0,normal,0.0,normal,69.2186875,1.1,-90.0,-90.0,0.0,0.0,-90.0,0.0,0.9999999999997906,0.0,17883361346872481526.mp4,0.0,unlabeled,0.0,05a137e53eed21df80760ea15b04fa70,normal,0.0,0.1,0.0,-90.0,-90.0,0,-90.0,-90.0,-90.0,-90.0,-90.0,-90.0,-90.0,/b/src/336185346/17883361346872481526.mp4,-90.0,0.0,-90.0,-90.0,0.0,-90.0,-90.0,0.0,0.0,0.0,0.0,2.904113993330004e-15,0.0,0.0,1.097135458930219e-16,0.0,-90.0,0.0,-90.0,0.0,7.419293235158119e-16,0.9999999999997906,ok,False,2.904113993330004e-15,0.0,0.0,0.0,0.0
9,582,,,,,,,,,,,,,no audio,,,,,,,,,,,,,17881493034483803097.mp4,,unlabeled,,200854f55c8bab92866031f2fc671e7b,,,,,,,0,,,,,,,,/b/src/336185346/17881493034483803097.mp4,,,,,,,,,,,,0.0,,,,,,,,,,,no-audio,,,,,,
25,2976,,,,,,,,,,,,,no audio,,,,,,,,,,,,,17881495344743865127.webm,,unlabeled,,8b0fc86fe238aa37766f84233d6053bc,,,,,,,0,,,,,,,,/b/src/336185346/17881495344743865127.webm,,,,,,,,,,,,0.0,,,,,,,,,,,no-audio,,,,,,
8,1352,,,,,,,,,,,,,no audio,,,,,,,,,,,,,17881567897152401923.mp4,,unlabeled,,15a258cbdda0c24f0d2539b78c7bc591,,,,,,,0,,,,,,,,/b/src/336185346/17881567897152401923.mp4,,,,,,,,,,,,0.0,,,,,,,,,,,no-audio,,,,,,
8,1663,,,,,,,,,,,,,no audio,,,,,,,,,,,,,17881920536981630282.webm,,unlabeled,,310547f37669913f23ca16e08f7cdaec,,,,,,,0,,,,,,,,/b/src/336185346/17881920536981630282.webm,,,,,,,,,,,,0.0,,,,,,,,,,,no-audio,,,,,,
25,3364,,,,,,,,,,,,,no audio,,,,,,,,,,,,,17882090534853863527.mp4,,unlabeled,,ba40324eb4ac9303bef7093e85eb755d,,,,,,,0,,,,,,,,/b/src/336185346/17882090534853863527.mp4,,,,,,,,,,,,0.0,,,,,,,,,,,no-audio,,,,,,
10,2101,,,,,,,,,,,,,no audio,,,,,,,,,,,,,17882975302353161040.webm,,unlabeled,,30ea4fc9843f0989c108b30e313a0776,,,,,,,0,,,,,,,,/b/src/336185346/17882975302353161040.webm,,,,,,,,,,,,0.0,,,,,,,,,,,no-audio,,,,,,
5,805,,,,,,,,,,,,,no audio,,,,,,,,,,,,,17882985388143936061.webm,,unlabeled,,056861b5e7db42062b7df38c601aa863,,,,,,,0,,,,,,,,/b/src/336185346/17882985388143936061.webm,,,,,,,,,,,,0.0,,,,,,,,,,,no-audio,,,,,,
45,2974,,,,,,,,,,,,,no audio,,,,,,,,,,,,,17882995027452010241.webm,,unlabeled,,adce6a242996bf3543241e40f8717968,,,,,,,0,,,,,,,,/b/src/336185346/17882995027452010241.webm,,,,,,,,,,,,0.0,,,,,,,,,,,no-audio,,,,,,
8,2565,,,,,,,,,,,,,no audio,,,,,,,,,,,,,17883132059451201867.mp4,,unlabeled,,80b034de2f754bbaa5d08facaf20c31d,,,,,,,0,,,,,,,,/b/src/336185346/17883132059451201867.mp4,,,,,,,,,,,,0.0,,,,,,,,,,,no-audio,,,,,,
21,4306,,,,,,,,,,,,,no audio,,,,,,,,,,,,,17883361673281502393.mp4,,unlabeled,,bbf76678a570afe21fe1fb6636e9f233,,,,,,,0,,,,,,,,/b/src/336185346/17883361673281502393.mp4,,,,,,,,,,,,0.0,,,,,,,,,,,no-audio,,,,,,
10,3476,,,,,,,,,,,,,no audio,,,,,,,,,,,,,17883507782010572781.mp4,,unlabeled,,106d0d446ccf924a2c159d3938014b62,,,,,,,0,,,,,,,,/b/src/336185346/17883507782010572781.mp4,,,,,,,,,,,,0.0,,,,,,,,,,,no-audio,,,,,,
