api_duration_s,api_size_kib,attack_ms,band_high_jump_db,band_low_jump_db,band_mid_jump_db,baseline_brightness_db,baseline_db,baseline_mad_db,brightness_change_db,broadband_jump_db,change_1000ms_db,change_100ms_db,change_250ms_db,change_500ms_db,change_50ms_db,classification,crest_db,decision_mode,decision_score,detection_mode,duration_s,event_at_s,event_brightness_db,event_db,event_duration_s,event_near_clip_pct,event_peak_dbfs,event_persistence,event_spectral_flatness,event_zcr,file,jump_db,label,max_spectral_flux,md5,old_classification,old_dynamic_range_db,old_jump_at_s,old_max_jump_db,old_median_db,old_peak_window_db,old_score,p10_db,p25_db,p50_db,p75_db,p90_db,p95_db,p99_db,path,peak_dbfs,peak_to_median_db,raw_baseline_dbfs,raw_event_dbfs,raw_jump_db,raw_median_dbfs,rescue_mode,rescue_score,risk_mode,rms_dbfs,robust_scale_db,robust_z,sample_above_-12db_pct,sample_above_-3db_pct,sample_above_-6db_pct,sample_above_-9db_pct,score,spectral_flux_at_event,spectral_flux_near_event,spectral_shape_distance,start_at_s,start_brightness_db,start_duration_s,start_event_db,start_near_clip_pct,start_score,start_spectral_flatness,status,suspicious,transition_score,window_above_-12db_pct,window_above_-3db_pct,window_above_-6db_pct,window_above_-9db_pct
,,,-8.426846005134967,5.893636217108707,-4.314531582470422,-7.199250960623658,-14.437452780377068,1.1644491638373626,1.500832508334451,-8.426846005134967,14.50582050541716,16.255847923956484,16.096102125890233,12.610257488970834,10.1606593411472,suspicious,11.392379191122973,short-clipped-burst,0.8621535417119481,short-clipped-burst,12.7245625,9.55,-5.698418452289207,-2.3554970269090463,0.45,43.81875,4.818057537078857,0.8,0.0952501335284572,0.11264080100125157,17884274747240014140.mp4,12.081955753468023,confirmed positive #6 (short clipped burst),0.6896107837355248,,normal,12.406307715733002,8.9,12.72332312001249,-12.831642633415894,-0.42533491768289333,2,-16.215636216163816,-15.153869229771402,-14.00113001321316,-8.275683632994975,-2.632113332234264,-2.0565085942647716,-1.1674687510747845,/b/src/336272252/17884274747240014140.mp4,5.161083221435547,13.429415796059462,-13.707863178687298,-1.308925305286269,12.398937873401028,-12.82585484109999,short-clipped-burst,0.8621535417119481,transition,-6.231295969687426,2.0,6.040977876734011,46.209399606299215,19.772391732283463,23.200049212598426,30.613927165354333,0.8621535417119481,0.05402807117447672,0.40056433073476294,0.4443579544980718,0.35000000000000003,-11.01730944034291,0.0,-13.955440491857374,0.0,0.0018337693039797824,0.024158730621219763,ok,True,0.2158141892372619,27.95275590551181,12.204724409448819,21.653543307086615,25.984251968503933
,,90.0,63.724871724646974,5.25858900026277,19.871956641472405,-13.06521938669178,-19.867210410153888,3.534753578304935,11.962671665088283,5.25858900026277,71.81467608874753,45.19569613677513,70.53820331200981,68.82974737777286,25.95068668463636,suspicious,11.839710574383037,short-spectral-burst,0.8553681800390275,short-spectral-burst,3.9009375,3.0,-1.1025477216034967,-3.326220037749427,0.9,1.33125,1.2133947610855103,1.0,0.2211474990800576,0.23404255319148937,17884174673280229863.mp4,16.540990372404462,confirmed positive #5 (short spectral burst),0.5358280679741922,,normal,12.927371779416463,0.1,49.70842918992682,-17.547524225901125,-4.620152446484662,2,-31.293533721762717,-23.123247564615752,-18.28118474707076,-7.997228118245269,-3.2472652073803805,-3.1530080055967855,-3.007635844809832,/b/src/336272252/17884174673280229863.mp4,1.5507042407989502,15.294415974097534,-19.23493868267827,-5.167365353311624,14.067573329366645,-17.605626240219458,short-spectral-burst,0.8553681800390275,transition,-10.289006333584087,5.240625655194896,3.1563006901681305,25.357371794871796,4.885416666666666,16.266826923076923,21.31730769230769,0.8553681800390275,0.12448679437475117,0.33942165015174514,0.8685155726767525,0.6000000000000001,-15.99178108564673,0.0,-18.09699206741186,0.0,0.00018131143302613809,3.8102071507936233e-07,ok,True,0.4545377388552818,30.76923076923077,1.282051282051282,24.358974358974358,25.64102564102564
,,30.0,33.699729394273234,28.625114504925698,36.980671108707256,-10.282667290636512,-55.06524707612496,2.275765501783855,9.287374900985913,28.625114504925698,76.39241477773302,56.44386053308165,75.29231929844566,71.6535295879664,35.78532876951025,normal,19.11486058872344,transition,0.0,transition,59.327,19.650000000000002,-0.995292389650599,-8.601041011372907,0.35000000000000003,0.8250000000000001,0.1605551540851593,0.6,0.0015668319092092759,0.31038798498122655,17884178462170333777.mp4,46.464206064752055,unlabeled,0.5654888523589071,,suspicious,20.215303658910422,0.2,53.09924209590346,-26.273412855251618,-6.058109196341195,4,-55.99278107016676,-42.546823182138674,-29.035264248578954,-19.63060229700949,-14.068336266206181,-10.661971939393089,-6.45737155056027,/b/src/336272252/17884178462170333777.mp4,0.2265222668647766,23.566098744850198,-53.512402528534395,-10.814816227442922,42.69758630109148,-29.18872269082434,,0.0,transition,-18.888338321858665,3.3740499329447435,13.771048736140028,4.725653456998314,0.2997470489038786,1.012331365935919,2.364776559865093,0.4577323087692839,0.10618072224853896,0.34550051331960335,0.761956307394534,0.15000000000000002,-4.40018549846875,0.0,-27.262805658238523,0.0625,1.260120657724728e-06,0.007472488849078682,ok,False,0.4577323087692839,7.251264755480608,0.0,0.6745362563237773,2.866779089376054
,,,0.8044023934783882,0.39329654767421474,7.139578587799317,-8.807373206885751,-7.270625661914588,1.0399285942928267,0.6472488485830663,0.39329654767421474,4.056467201310595,4.152623299927336,5.018570498925715,3.8196310767668002,2.7518167993647413,normal,10.023066361859861,transition,0.0,loud-start,38.0125,22.85,-8.160124358302685,-6.2276764292293185,0.0,8.9125,3.6421570777893066,0.0,0.052070934420292626,0.10857321652065081,17884642798500870389.mp4,1.0429492326852694,unlabeled,0.5438662972979778,,normal,2.8437213321932413,7.300000000000001,3.1020421750945264,-6.13025171212386,-3.2865303799306185,1,-9.075958914953098,-8.18196249941823,-6.943419397309961,-6.188395805816026,-5.674582585342443,-5.2626848982757695,-4.399884581973217,/b/src/336272252/17884642798500870389.mp4,4.1087775230407715,2.8305651928463975,-5.33429407585888,-5.875892091070143,-0.5415980152112629,-6.235539632219281,,0.0,loud-start,-5.91428883881909,2.0,0.5214746163426347,65.41307565789474,18.408059210526314,36.65748355263158,52.6344572368421,0.4079175909679858,0.29485181118061327,0.29485181118061327,0.43044499316963286,0.6000000000000001,-9.778593167432929,3.0,-5.990189161492845,5.3374999999999995,0.4079175909679858,0.028690864067450715,ok,False,0.0023984765383260986,99.21052631578947,0.0,16.842105263157894,87.63157894736841
,,40.0,7.750192714029577,23.334317133898594,25.240449669037858,-7.375610093145831,-33.99325734728484,15.302815933645638,0.06231437627051317,7.750192714029577,49.38211063036876,38.14959381009827,72.8097027750682,72.38799055240523,20.446569431631463,normal,12.800439732485636,transition,0.0,transition,6.36225,1.2000000000000002,-7.313295716875317,-11.046590907505223,0.45,0.0,-1.2132563591003418,0.9,0.0003205999174824525,0.13204005006257824,17884305597180319957.mp4,22.946666439779616,unlabeled,0.5848200492741982,,normal,10.516844466196956,0.2,51.79969065090283,-14.204718555735996,-3.6878740895390405,2,-49.44074201275498,-28.165756821749852,-15.438073153409883,-11.152992883323558,-8.515646389110064,-7.638524475738748,-6.509780302456931,/b/src/336272252/17884305597180319957.mp4,1.8671493530273438,9.409584176343085,-35.00021307700399,-10.904514237021694,24.095698839982298,-14.477352122721472,,0.0,transition,-10.933290379458292,22.687954903223023,1.0114030346789802,26.423228346456696,4.566929133858268,9.193405511811022,16.450787401574804,0.40286339751561007,0.35101031393190996,0.35101031393190996,0.7537347276805275,0.30000000000000004,-10.262871188290784,0.0,-18.066774900950985,0.0,0.00018996270148821813,0.007301921496889062,ok,False,0.40286339751561007,27.559055118110237,0.0,0.0,11.023622047244094
,,20.0,6.194718067815602,28.23517647588804,9.920107407944089,-7.572396350133538,-32.277013982749196,1.6822900704560784,-22.733862137397093,6.194718067815602,54.57676867613726,80.8028796455757,79.71271944213379,77.00165572479122,40.77584365428874,normal,20.667768123179634,transition,0.0,transition,16.8345,12.8,-30.30625848753063,-10.630715407695117,0.35000000000000003,5.4875,0.045848120003938675,0.8,7.66091590514423e-09,0.006257822277847309,17884553121221739558.mp4,21.64629857505408,unlabeled,0.5721730333735826,,suspicious,26.704124303649074,12.9,26.761568174822386,-31.173934090937678,-4.469809787288605,4,-90.0,-35.856990869337594,-32.489649845547206,-30.55132464671368,-28.556079207692594,-27.550777454429827,-10.051112703670565,/b/src/336272252/17884553121221739558.mp4,0.045848120003938675,24.041337154124683,-30.984875235945836,-5.868511221218297,25.116364014727537,-31.441705762214998,,0.0,transition,-20.621920003175696,2.4941632584581814,8.678781752416313,2.2529761904761902,0.54296875,1.079985119047619,1.762090773809524,0.4015774373655668,0.33692505671175504,0.3972893647287245,0.44871021300382063,0.55,-5.046045569177114,0.0,-32.029213173280155,0.0,9.96105696046368e-08,0.07251665046762973,ok,False,0.4015774373655668,2.976190476190476,0.0,0.0,0.2976190476190476
,,,-0.03746368836898828,4.245316273005187,3.3425286141982227,-6.992957348702548,-9.761618429633238,1.511543172459434,-1.8611176361657389,-0.03746368836898828,5.706949493545972,6.316384121187156,6.484970975204286,5.119062899303822,4.752236886590243,normal,8.859159619550692,transition,0.0,loud-start,17.7346875,4.2,-8.854074984868287,-8.456439329742262,0.0,0.13749999999999998,-0.21595723927021027,0.0,0.05586836436123745,0.09136420525657071,17884192976280989957.webm,1.3051790998909762,unlabeled,0.5539562622981672,,normal,3.305417859448945,6.0,4.112986710896115,-8.588156728190912,-5.2827388687419665,1,-12.130813014599296,-10.82444691712797,-9.453805530115872,-8.0611955877335,-7.3222953394960095,-6.9629708496109455,-6.335493253165632,/b/src/336272252/17884192976280989957.webm,0.6586408615112305,3.540464797713047,-8.368369137917606,-7.838753413310714,0.5296157246068915,-8.523434617134615,,0.0,loud-start,-8.200518758039461,2.2410139074883566,0.5824056225308175,54.89000706214689,6.426906779661016,22.816560734463277,39.762535310734464,0.38063412523914963,0.15562292530542507,0.29961808816019125,0.37054350965631616,0.2,-0.7184730117219115,0.8,-6.342234485138344,0.42500000000000004,0.38063412523914963,0.34625809179846123,ok,False,0.001828171684651062,89.54802259887006,0.0,0.5649717514124294,41.52542372881356
,,160.0,93.96243475090594,116.86867138902356,100.68535251669459,-90.0,-90.0,0.0,82.61926318899005,93.96243475090594,79.64567899262309,74.84510071768125,79.4586462750709,79.4586462750709,38.34172262886374,normal,11.13602654880473,transition,0.0,transition,26.1224375,1.25,-7.380736811009955,-11.058244682630882,0.75,0.15,-0.32969701290130615,0.9,0.058955211533243346,0.1304755944931164,17884403555081923377.mp4,78.94175531736911,unlabeled,0.43933006783298023,,normal,4.129014849020291,1.0,80.02752814571164,-10.574918749382125,-6.4459039003618335,2,-15.107523228144176,-12.7166131890814,-11.057958956800931,-9.9707258337511,-9.084821584132397,-8.554016113659904,-7.841908048089635,/b/src/336272252/17884403555081923377.mp4,0.7026017308235168,4.0566510337696435,-90.0,-10.674080899680803,79.3259191003192,-10.726585824698887,,0.0,transition,-10.433424817981214,2.0,39.47087765868456,37.27873563218391,2.9064894636015324,10.144875478927203,22.501795977011493,0.36885563909999447,0.17753100781996461,0.17753100781996461,0.5285826231236155,0.9,-5.902029764764835,0.0,-11.375456967850766,0.228125,0.008041876635233957,0.10345282276760306,ok,False,0.36885563909999447,67.04980842911877,0.0,0.0,9.003831417624522
,,,27.063218882373295,18.935425855171925,16.823857720637722,-17.23735146900232,-26.437455186745694,14.58474130452975,12.823173978016918,16.823857720637722,78.80613697441613,58.73786161292558,69.60014117100847,69.60014117100847,35.5779891496498,normal,11.073264796274465,transition,0.0,transition,96.6414375,1.9000000000000001,-4.414177490985402,-8.813877579706608,3.0,0.83125,0.5877572894096375,1.0,0.1816752907960455,0.18491864831038798,17884515478000181379.mp4,17.62357760703909,unlabeled,0.5319856397134741,,normal,2.8472306011564097,0.7000000000000001,69.3342588276521,-9.305022908661444,-6.457792307505034,2,-15.708587670979416,-11.33666718157123,-9.540097977387907,-8.21088395959944,-7.329729486323797,-6.888180764344936,-6.337149496664601,/b/src/336272252/17884515478000181379.mp4,1.5950851440429688,3.857149417606908,-26.787363471438816,-8.893787112337206,17.89357635910161,-9.270229544044595,,0.0,transition,-9.478179652231496,21.623337458095808,0.8150257859681507,42.84617624223602,4.438308747412009,14.412719979296066,28.28522903726708,0.36228407204720736,0.11096527417054605,0.14873643703562048,0.3073964613320373,0.7000000000000001,-17.40505861207975,0.0,-23.521219028520097,0.003125,9.220332566827424e-06,0.002296959175455039,ok,False,0.36228407204720736,79.76190476190477,0.0,0.15527950310559005,40.89026915113871
,,20.0,13.332520397169226,29.57648892521799,17.083639510115255,-22.494494932956833,-30.235611517410362,6.488281733296644,-7.835831370986817,13.332520397169226,33.37972589237851,59.151003846735534,57.223403073640014,54.48253902200176,31.97986222472221,normal,19.55666882886006,transition,0.0,transition,21.2695,17.25,-30.33032630394365,-10.836891175191294,0.35000000000000003,5.5,-0.047671716660261154,0.8,7.37102427283316e-09,0.005632040050062579,17884557935350985471.mp4,19.398720342219068,unlabeled,0.5434875585142767,,suspicious,17.852369484697938,17.3,32.75648480502857,-22.587559011382304,-4.735189526684367,4,-90.0,-30.141717209581557,-24.67402413213632,-23.292728545173173,-22.38224706215752,-20.34403976192546,-10.540580406482599,/b/src/336272252/17884557935350985471.mp4,-0.047671716660261154,17.89405078404303,-25.5042071088595,-5.268954511584523,20.23525259727498,-22.766708942652947,,0.0,transition,-19.604340545520323,9.619526497785603,2.0165982542575893,1.8292647058823528,0.4288235294117647,0.8542647058823529,1.3913235294117647,0.3320484551479151,0.26737380296178975,0.3438331099107982,0.36688548126488124,0.25,-15.925318708800013,0.0,-28.315825389563194,0.0,6.599821860627366e-07,0.0013433990107835025,ok,False,0.3320484551479151,1.8823529411764703,0.0,0.0,0.4705882352941176
,,,1.6254891586155849,7.867623712831424,-0.590290411510038,-14.528067179068593,-8.844984136694581,1.5029833174294782,3.4264867782524213,-0.590290411510038,8.41480174465233,9.614393066195978,8.370140374277703,7.513025635830706,8.1808277251767,normal,6.404612710462582,transition,0.0,loud-start,38.016,30.700000000000003,-11.101580400816172,-6.307097436719138,0.0,18.83125,1.2529571056365967,0.0,0.06277065765715606,0.07884856070087609,17884504366190553615.mp4,2.5378866999754432,unlabeled,0.46430584467648306,,normal,2.257693846112242,3.2,5.571123578466488,-4.312973231864385,-2.0552793857521428,1,-11.837761614400033,-10.353971386457332,-8.855015892958468,-7.28027601411182,-5.989738121310357,-4.774666640232388,-4.193587463194679,/b/src/336272252/17884504366190553615.mp4,1.7660541534423828,5.185541209048518,-3.6641024181497412,-4.2246793830876985,-0.5605769649379573,-4.461044112701536,,0.0,loud-start,-4.6385585570201995,2.2283230664209444,1.1389222407735111,72.10115131578947,32.16217105263158,49.624917763157896,62.4235197368421,0.31532662501742886,0.40835535128246064,0.40835535128246064,0.20149792430769847,0.9500000000000001,-7.584441697942395,1.1500000000000001,-6.940002927450509,3.64375,0.31532662501742886,0.05516658771347323,ok,False,0.004313768489386434,91.71052631578948,0.0,10.131578947368421,52.63157894736842
,,20.0,-0.053159574534756615,14.05491192620149,-0.7379196245517852,-9.93286089689462,-28.750070934268216,0.7768994852573474,-19.678707149389552,-0.7379196245517852,43.453180654686165,54.652992341771466,52.96216061128623,50.767390319281276,40.82182595746154,normal,18.528978389112808,transition,0.0,transition,10.518625,8.450000000000001,-29.611568046284173,-11.071287633570286,0.35000000000000003,2.9125,-0.13296209275722504,0.8,2.5550381999297386e-08,0.005632040050062579,17884304186390776221.mp4,17.67878330069793,unlabeled,0.5432861982975175,,suspicious,23.065151447893214,0.1,26.872742602731144,-27.542633290700543,-4.477481842807328,4,-63.207004430882506,-46.46976225285505,-29.221757221437414,-27.709869460186688,-24.929846338328776,-12.87814954769432,-10.498441969452678,/b/src/336272252/17884304186390776221.mp4,-0.0509670190513134,20.865409136360487,-25.550493076484454,-6.5229237741619635,19.02756930232249,-27.583671727340747,,0.0,transition,-18.57994540816412,2.0,8.839391650348965,3.69702380952381,0.7964285714285714,1.8952380952380954,2.8717261904761906,0.29198590746306397,0.292832335470913,0.37204855799982695,0.4430502546051444,1.0,-6.18949689378406,0.0,-53.11762417819108,0.0,9.114634029011363e-13,0.07711410130278232,ok,False,0.29198590746306397,4.761904761904762,0.0,0.0,0.4761904761904762
,,60.0,25.508564888944235,24.138911268655775,28.73894213141325,-14.828448708484897,-33.480212236052246,12.892390639283592,9.989572505597932,24.138911268655775,39.80583265532904,40.8842176016915,37.148205536456715,37.881234642305735,21.32543664594372,normal,12.890708337294559,transition,0.0,transition,15.0711875,4.8500000000000005,-4.838876202886965,-12.662604454222587,0.30000000000000004,0.11249999999999999,-0.5194982886314392,0.5,0.002288581214467374,0.1702127659574468,17884178107291743372.mp4,20.817607781829658,unlabeled,0.5791919755043515,,normal,11.958706265014305,4.1000000000000005,22.047750785538142,-17.35216350990879,-5.393457244894487,2,-45.24005099747747,-34.569321000268495,-19.89525902835938,-12.094888986526728,-7.726766405465558,-6.505090764557255,-5.922752958142096,/b/src/336272252/17884178107291743372.mp4,-0.27964216470718384,14.392331765206402,-32.68353763106896,-14.23247514179705,18.45106248927191,-19.483818639481523,,0.0,transition,-13.170350502001742,19.114258361801852,1.0891140732633289,18.889950166112957,1.4111295681063123,5.953488372093023,11.878737541528238,0.21536842948380805,0.2603613586243359,0.3330593409138642,0.7307703312784464,0.9500000000000001,-6.945144600186613,0.0,-25.042204563116186,0.0,4.170684123622444e-06,0.0015596645840685115,ok,False,0.21536842948380805,24.25249169435216,0.0,1.3289036544850499,14.285714285714285
,,170.0,37.84993568244932,36.91717207306561,44.969574745773144,-15.776086975488827,-47.030369551146265,4.863879404743628,4.830516998779965,36.91717207306561,42.37918316493333,29.937331749242674,39.649840921234784,40.68740657437409,17.71612719861973,normal,17.94249643488742,transition,0.0,transition,7.662625,6.050000000000001,-10.945569976708862,-13.221619667090831,0.25,0.0,-1.056443691253662,0.5,0.0023399889131280253,0.08072590738423029,17884501014690371696.mp4,33.80874988405543,unlabeled,0.5269589759841725,,normal,18.60574190356587,6.1000000000000005,35.607583614386385,-26.879987671205413,-8.27424576763954,2,-51.26527794954801,-48.52738090350921,-28.44221475769869,-19.89923240004051,-14.789396645694582,-11.894621279933977,-9.174667845795547,/b/src/336272252/17884501014690371696.mp4,-1.048506259918213,21.68702968558769,-45.363634260230924,-12.767366844909882,32.596267415321044,-29.19380430768447,,0.0,transition,-18.991002694805633,7.211187605472902,4.688374749589986,5.166666666666667,0.1503267973856209,0.9370915032679737,2.5098039215686274,0.17953372184577976,0.2075102623073287,0.3330337659071063,0.7890019904307479,0.0,-3.049409186828348,0.0,-27.545426269767297,0.0,1.0965441871761446e-06,0.015204865159184719,ok,False,0.17953372184577976,5.88235294117647,0.0,0.0,1.3071895424836601
,,,0.6002480796823537,2.4456133479004727,1.8874439930064568,-9.876925239429697,-8.582058498048275,0.7184939809678537,3.305101659096633,0.6002480796823537,10.383946682728531,8.556930522928152,10.606349453316856,10.69187707558958,6.915876265167682,normal,7.4478550023575085,transition,0.0,loud-start,12.8,3.25,-6.5718235803330645,-8.0806237370412,0.0,3.675,0.604823112487793,0.0,0.10388692281642412,0.14987484355444305,17884515115330699328.webm,0.501434761007074,unlabeled,0.4524545049638775,,normal,1.520815757998525,0.1,7.146115061394944,-6.433528989708915,-4.91271323171039,1,-9.92594921860118,-9.215568849706552,-8.583935589782804,-7.8789403773546045,-7.315611828802731,-7.172819693168366,-6.9279012862024185,/b/src/336272252/17884515115330699328.webm,0.9559588432312012,2.025000572472435,-5.806986770078963,-7.067697974348506,-1.2607112042695432,-6.459608374286272,,0.0,loud-start,-6.491896159126307,2.0,0.250717380503537,63.89038085937499,15.042236328125,33.714599609375,50.61718750000001,0.16481615990514714,0.10103535405078257,0.38682217782179074,0.2565877185386793,0.7000000000000001,-9.92139207403518,0.6000000000000001,-8.338357444570526,6.075,0.16481615990514714,0.05357646661833387,ok,False,0.001373190191607749,96.875,0.0,0.0,67.578125
,,20.0,-5.010062153402199,2.6205219439672813,-1.182802857970564,-6.230455111476159,-23.987044364137933,1.4579940435457033,-23.248167416865726,-5.010062153402199,15.7233856460089,15.308966637002893,15.703643632857062,14.0073106477344,9.29697254252692,normal,19.466092283061236,transition,0.0,transition,19.040375,14.950000000000001,-29.478622528341887,-10.583377041287905,0.4,5.4875,0.044742874801158905,0.7,2.67965206885159e-07,0.0068836045056320395,17884157047020970126.mp4,13.403667322850028,unlabeled,0.5868204952417417,,suspicious,19.09337120462759,15.100000000000001,17.513858620810957,-23.713933123032817,-4.620561918405226,4,-90.0,-29.497515501200517,-24.618632792234873,-22.527153937295385,-21.15674194862425,-20.076611522915794,-10.435433782085218,/b/src/336272252/17884157047020970126.mp4,0.044742874801158905,16.122363840141293,-23.322352537991883,-6.760147119144234,16.562205418847647,-23.980423658484664,,0.0,transition,-19.421349408260077,2.1616219689608593,6.2007453270349,1.997861842105263,0.47845394736842106,0.9546052631578948,1.555921052631579,0.1523736755279684,0.046268278360032326,0.3417952335922276,0.4703800116673193,0.2,-11.345637086214193,0.0,-24.629079554002125,0.0,5.21071238337434e-06,0.017438500693466433,ok,False,0.1523736755279684,2.631578947368421,0.0,0.0,0.2631578947368421
,,,-3.34517206870133,6.884683912763599,0.8216675530791893,-10.352932478970253,-10.677008845419994,1.813407616760495,-1.8144338224188026,-3.34517206870133,8.706347466730502,7.6258073248093385,6.366557994022898,6.275821286124903,4.140310320071974,normal,8.663618831001601,transition,0.0,loud-start,9.498375,8.0,-12.167366301389055,-8.318798049069137,0.0,18.0,1.09544038772583,0.0,0.022697116238278088,0.04881101376720901,17884629438390173620.mp4,2.358210796350857,unlabeled,0.4642584791697137,,normal,4.678437417320707,4.3,8.936398376773791,-7.52085056305854,-2.8424131457378325,1,-14.5815532403,-12.004102191275285,-9.937502633480092,-8.403018733332296,-7.349410483358559,-6.891044812257612,-5.935304137247069,/b/src/336272252/17884629438390173620.mp4,1.8364884853363037,4.425440763179863,-8.40520659849345,-6.657848701443546,1.7473578970499037,-7.423531502825723,,0.0,loud-start,-6.827130345665298,2.6885581326091095,0.8771284383805876,54.979497354497354,15.353174603174601,27.181216931216934,41.26884920634921,0.14803766485272313,0.19185737725255797,0.4252006039163445,0.21525935329193802,0.9500000000000001,-7.488202463207719,0.5,-8.337242109682222,9.15,0.14803766485272313,0.026546490947010483,ok,False,0.002854810652541237,74.60317460317461,0.0,1.5873015873015872,35.44973544973545
,,,16.0153680204595,2.958811553467619,16.199326489371927,-11.314217228066545,-13.782200247506402,3.4570156255143507,2.1255734698035464,2.958811553467619,15.471361795210438,15.97375413495286,13.590840426262766,13.403115164226351,8.970967231364678,normal,11.5543680566287,transition,0.0,loud-start,38.4986875,5.45,-9.188643758262998,-6.4140343737892795,0.0,6.293749999999999,0.45904308557510376,0.0,0.006378729790469662,0.10638297872340426,17884179197961553703.mp4,7.368165873717123,unlabeled,0.4900045477963271,,normal,6.563146859363162,4.2,10.489947820597028,-11.863687745908491,-5.300540886545329,1,-19.180409529433415,-16.266968430832577,-13.516544052854643,-10.237100482424909,-8.281897113925123,-7.157527237335807,-5.770438395673052,/b/src/336272252/17884179197961553703.mp4,0.5889939069747925,8.659629745602434,-13.49622799678507,-6.28527887266441,7.21094912412066,-12.579469741756364,,0.0,loud-start,-10.965374149653908,5.125371366387576,1.4375867321610876,30.004226267880362,3.026089076723017,8.313800390117034,17.53844278283485,0.11448547558636374,0.2764068402957989,0.2764068402957989,0.5516277756690181,0.9500000000000001,-13.95443407859057,0.5,-8.721962173798119,4.440625,0.11448547558636374,0.004407519241015543,ok,False,0.01900259351652719,39.661898569570866,0.0,1.5604681404421328,15.344603381014304
,,20.0,-11.079551421838868,-9.27576601761006,-11.295940973633376,-5.855596211576067,-21.960061825626234,0.7610113496816222,-24.259295313253194,-11.295940973633376,13.727987571468017,18.833071510479495,16.98763909063977,14.493453642150897,9.892213341812564,normal,18.392030549629116,transition,0.0,transition,17.507875,13.450000000000001,-30.11489152482926,-10.722219348799161,0.4,5.7250000000000005,0.04142319783568382,0.7,2.420951769445023e-08,0.006257822277847309,17884288944801007820.mp4,11.237842476827073,unlabeled,0.541670731694764,,suspicious,17.406840317053774,13.5,17.57520420816408,-21.797238694960548,-4.390398377906774,4,-90.0,-23.992583845808458,-22.13635587419918,-21.04336826411597,-19.294110476710998,-18.548465807896587,-10.593620468536946,/b/src/336272252/17884288944801007820.mp4,0.04142319783568382,15.386006744444515,-21.342670329616627,-5.3080128988613575,16.03465743075527,-21.944968007723386,,0.0,transition,-18.350607351793432,2.0,5.618921238413536,3.2430357142857145,0.5196428571428572,1.0376785714285715,1.7048214285714285,0.10165563226643147,0.11108726228361479,0.38287032758594985,0.49996735716735485,0.0,-4.338153905581006,0.0,-21.681551747200707,0.0,3.0159563430346307e-05,0.15195284917495055,ok,False,0.10165563226643147,2.571428571428571,0.0,0.0,0.5714285714285714
,,20.0,-5.21228806625119,0.37378553464142783,-4.831303247025401,-18.78395724686431,-20.3384084540654,1.1551221151967894,-10.701567971080916,-5.21228806625119,13.323907156057917,13.141450287581847,13.503593637714033,13.13895760678384,8.059104012982733,normal,18.242649691371415,transition,0.0,transition,18.3901875,14.3,-29.485525217945227,-10.599217141855867,0.35000000000000003,5.475,0.04537328705191612,0.6,2.6699121385694603e-07,0.0068836045056320395,17884549845281348868.mp4,9.739191312209535,unlabeled,0.5525286695483889,,suspicious,15.84317060975519,14.5,15.089358250722013,-20.331904070492204,-4.488733460737015,4,-90.0,-24.7430757462756,-21.177901637626363,-19.763109715486046,-18.769923378303407,-17.79762481049287,-10.381035905052139,/b/src/336272252/17884549845281348868.mp4,0.04537328705191612,12.699560729812307,-19.598405119352208,-6.725116959414961,12.873288159937246,-20.444274357901264,,0.0,transition,-18.1972764043195,2.0,4.869595656104767,2.8383855585831066,0.49744550408719346,0.9887602179836512,1.6236376021798367,0.08746071215238184,0.3019195653276065,0.3439179741410072,0.6720359737754783,0.9500000000000001,-11.881861567174278,0.0,-24.886606624894846,0.0,4.388942728193226e-06,0.00011250498940064273,ok,False,0.08746071215238184,2.7247956403269753,0.0,0.0,0.2724795640326975
,,330.0,17.560499063271415,8.902273832683978,12.001777230323238,-11.377755254567077,-19.92056746996377,6.054441796240494,2.959765424455709,8.902273832683978,74.90242933268196,58.88601351026712,77.61659100674804,75.26238304804212,31.152924969702624,normal,8.29953870171658,transition,0.0,transition,20.66575,8.0,-8.417989830111368,-10.25832781380171,0.8,0.01875,-0.811606764793396,1.0,0.05905255297341469,0.09887359198998749,17884182869251895520.mp4,9.662239656162061,unlabeled,0.5121715418725351,,normal,1.3279371387850247,0.1,64.4380206301233,-7.767921660818824,-6.439984522033799,2,-21.047831349122216,-13.721805635194226,-11.5282276417915,-10.62086005481257,-10.1028179128366,-9.592087250362734,-8.732851514390756,/b/src/336272252/17884182869251895520.mp4,-0.811606764793396,3.575121798373634,-18.16228825270924,-7.6406067607669925,10.521681491942246,-7.833931339548351,,0.0,transition,-9.111145466509976,8.976315407106155,1.0764149005406929,46.47624092009685,2.2250302663438255,19.846246973365616,34.54297820823244,0.08565644956640742,0.19211689444550598,0.43322421799333083,0.38521151307976087,0.25,-7.137326018435969,0.0,-12.416120597272455,0.0,0.004165845004008473,0.006456927215318893,ok,False,0.08565644956640742,57.6271186440678,0.0,0.0,1.4527845036319613
,,30.0,23.27752879216945,17.868516663956925,21.20377259109857,-23.368099156012615,-24.969816953729975,5.616892706473731,9.170013756418104,17.868516663956925,78.31798081747962,67.95958489158281,79.80738645187235,78.84801506884291,35.79958331936389,normal,12.481727844213118,transition,0.0,transition,20.6425625,6.5,-14.198085399594511,-12.435017430881016,0.25,0.20625000000000002,0.07056763768196106,0.5,0.001621186832834908,0.05100125156445557,17884271115690567791.mp4,12.534799522848958,unlabeled,0.565773482860586,,normal,8.673039234532897,6.6000000000000005,12.761459885599745,-14.48528208146923,-5.812242846936333,2,-28.924009998973517,-23.574578296256558,-17.36177036473163,-11.920052698325197,-8.80720332066937,-7.711476312829054,-7.061357690853987,/b/src/336272252/17884271115690567791.mp4,0.6635509729385376,10.830982679974133,-19.870990407331945,-11.341798045407124,8.52919236192482,-14.558937934010633,,0.0,transition,-11.81817687127458,8.327605126617954,1.5052106016390394,25.172178398058254,2.2688106796116507,7.297178398058253,15.457524271844662,0.08533736014745225,0.2172661650928263,0.31852229093245243,0.5313125529299851,0.9,-14.920440489245085,0.0,-20.544455634753188,0.0,4.7520798984392244e-05,0.002528802447730794,ok,False,0.08533736014745225,25.485436893203882,0.0,0.0,11.165048543689322
,,30.0,23.27752879216945,17.868516663956925,21.20377259109857,-23.368099156012615,-24.969816953729975,5.616892706473731,9.170013756418104,17.868516663956925,78.31798081747962,67.95958489158281,79.80738645187235,78.84801506884291,35.79958331936389,normal,12.481727844213118,transition,0.0,transition,20.6425625,6.5,-14.198085399594511,-12.435017430881016,0.25,0.20625000000000002,0.07056763768196106,0.5,0.001621186832834908,0.05100125156445557,17884295280010750836.mp4,12.534799522848958,unlabeled,0.565773482860586,,normal,8.673039234532897,6.6000000000000005,12.761459885599745,-14.48528208146923,-5.812242846936333,2,-28.924009998973517,-23.574578296256558,-17.36177036473163,-11.920052698325197,-8.80720332066937,-7.711476312829054,-7.061357690853987,/b/src/336272252/17884295280010750836.mp4,0.6635509729385376,10.830982679974133,-19.870990407331945,-11.341798045407124,8.52919236192482,-14.558937934010633,,0.0,transition,-11.81817687127458,8.327605126617954,1.5052106016390394,25.172178398058254,2.2688106796116507,7.297178398058253,15.457524271844662,0.08533736014745225,0.2172661650928263,0.31852229093245243,0.5313125529299851,0.9,-14.920440489245085,0.0,-20.544455634753188,0.0,4.7520798984392244e-05,0.002528802447730794,ok,False,0.08533736014745225,25.485436893203882,0.0,0.0,11.165048543689322
,,,13.904606544874374,-13.049678001383617,4.302067773612684,-10.65298568040612,-10.101470978298757,1.850007642701092,4.986279028355895,-13.049678001383617,47.0793731951237,44.04378827057381,45.88560377651697,46.52354646712714,38.47507209287838,normal,9.119615229044218,transition,0.0,loud-start,13.4675625,3.85,-5.666706652050225,-8.277825803289778,0.0,0.025,-0.9650996923446655,0.0,0.026267342460881415,0.1620775969962453,17884502488640921969.mp4,1.8236451750089788,unlabeled,0.5365899394895055,,normal,3.9711522471739507,0.1,16.889964801608173,-9.294479987649147,-5.323327740475197,2,-14.648817581297806,-12.103275749409951,-9.941369115937626,-8.25163325638111,-7.098399563209612,-6.819200832380338,-6.146450276710448,/b/src/336272252/17884502488640921969.mp4,0.21824327111244202,4.297652835350601,-9.247073766338321,-9.258561746849962,-0.011487980511640572,-9.46762258287852,,0.0,loud-start,-8.901371957931776,2.742821331068639,0.6648793176398635,47.24256505576208,6.03949814126394,17.70585501858736,32.428671003717476,0.08486890700419353,0.09964873606806585,0.47845663657586396,0.3636848070521475,0.55,-5.818092530914287,0.30000000000000004,-8.584941827575008,0.046875,0.08486890700419353,0.02768871617484977,ok,False,0.0020981665106574467,73.97769516728626,0.0,0.37174721189591076,34.20074349442379
,,290.0,2.3930995209629806,7.443626532411418,6.2375243529518904,-11.791418842443688,-18.966574086201728,3.71690822133639,0.9309835988854243,2.3930995209629806,16.47831961124927,16.905701754354133,16.018246641257782,14.693703555203433,11.170579002869058,normal,8.972589802122396,transition,0.0,transition,11.2385,4.8500000000000005,-10.860435243558264,-9.135121129026158,0.35000000000000003,0.125,-0.2981937527656555,0.6,0.03723968806459933,0.09105131414267835,17884256302550026704.mp4,9.83145295717557,unlabeled,0.5419315062456549,,normal,7.014767705398762,3.7,15.557289273827745,-9.994894567716084,-2.9801268623173227,2,-22.10971778518167,-19.590118247533105,-11.409953511177754,-9.730931579963244,-7.41495298423162,-6.070914373937472,-5.258951129599039,/b/src/336272252/17884256302550026704.mp4,0.1980724036693573,6.236951238265098,-18.745190742328788,-8.74280469007199,10.002386052256798,-10.137499998716606,,0.0,transition,-8.774517398453039,5.510688128953332,1.7840699250463479,37.374720982142854,10.629464285714285,19.470145089285715,28.335100446428573,0.08341663905677243,0.049470880783826984,0.30546966397982694,0.42419055787008264,0.9500000000000001,-11.088310750141693,0.0,-20.856026749983677,0.0,4.165779809608147e-05,0.019101386288857502,ok,False,0.08341663905677243,54.46428571428571,0.0,4.464285714285714,14.732142857142858
,,,-4.692820123134506,-13.615514422753982,1.9051472609712263,-17.921192287908582,-16.756621369435507,2.077107634094734,1.5628172679761079,-13.615514422753982,26.64566626051087,26.39873949217698,24.671357800525236,31.895360730657615,15.102290739011904,normal,9.001279577274364,transition,0.0,transition,17.9258125,5.6000000000000005,-16.358375019932474,-7.8441377432790835,0.30000000000000004,5.6000000000000005,0.5283210277557373,0.4,0.004993793075643234,0.0425531914893617,17884188787510967396.mp4,8.912483626156423,unlabeled,0.5436850154024009,,normal,6.929556644992969,2.7,13.5310134924589,-10.21531013622035,-3.2857534912273807,2,-24.303493026826338,-19.935713699799827,-16.475865391177965,-10.432924825083859,-7.435341587142765,-6.788382949734895,-5.359764006008685,/b/src/336272252/17884188787510967396.mp4,0.6013513803482056,11.357733439266855,-7.200245383838417,-6.228892077527959,0.9713533063104576,-10.85034567505512,,0.0,transition,-8.399928196926158,3.0795197783088524,2.8941147541681964,39.23358938547486,11.082751396648046,19.80656424581006,29.06407122905028,0.07410702258642406,0.09449889252518284,0.5171505852554477,0.5159378252980242,0.0,-19.442120277977292,0.0,-16.5815101907983,1.9375,0.00042776254665684294,0.0037124455680781127,ok,False,0.07410702258642406,29.608938547486037,0.0,2.793296089385475,20.11173184357542
,,,9.048953144864388,1.6573121165696492,5.087724322562497,-9.927276897700118,-12.971827631204437,1.1634803963023437,-0.9212778656501719,1.6573121165696492,43.079872462422955,42.630791720760456,43.91578753887208,45.06656537772714,39.903251511314174,normal,11.201059504823096,transition,0.0,loud-start,26.6565,16.3,-10.84855476335029,-11.748971918822377,0.0,0.18125000000000002,0.5003320574760437,0.0,0.01666114796775754,0.07446808510638298,17884364952381946429.mp4,1.22285571238206,unlabeled,0.5602179546532872,,normal,3.282390434493636,0.1,7.785576416783227,-10.996642164892268,-7.714251730398632,1,-14.930758710463607,-13.309031310336145,-12.042805634002773,-11.03284013304814,-10.116060642944559,-9.70480124580007,-8.971157744920264,/b/src/336272252/17884364952381946429.mp4,0.5003320574760437,4.457998589594889,-11.615047167506818,-10.918074029903966,0.6969731376028516,-10.861280940390913,,0.0,loud-start,-10.700727447347052,2.0,0.61142785619103,38.24038461538461,1.648921200750469,9.197467166979362,22.42483583489681,0.07391311776449441,0.078707694701892,0.405460348229997,0.3685031869097849,0.4,-6.36307386453649,0.30000000000000004,-8.818117291181789,0.178125,0.07391311776449441,0.006382460750570798,ok,False,0.000965614816019547,48.78048780487805,0.0,0.0,1.3133208255159476
,,20.0,-31.82643697066075,9.894667832416552,-21.466117240162333,-10.884945103031173,-20.38983421023151,1.019051537233569,-19.785253391318307,-31.82643697066075,66.9689651938609,80.82731845396758,80.82731845396758,78.95570469533848,41.021462093644075,normal,16.973623956091824,transition,0.0,transition,13.932,11.9,-30.670198494349478,-11.116250065560184,0.30000000000000004,1.8624999999999998,-0.13985209167003632,0.7,2.0452103071434358e-08,0.005632040050062579,17884296553070583444.mp4,9.273584144671325,unlabeled,0.6016885895141622,,suspicious,14.172439436690476,0.2,58.745933176804115,-19.14069143789657,-4.9682520012060944,4,-49.55265642595816,-21.919566481619913,-20.292481444346624,-19.2242011274874,-18.23431854220705,-17.057142418515404,-10.373320768005,/b/src/336272252/17884296553070583444.mp4,-0.13985209167003632,12.33540563163478,-19.492769341925204,-6.097268817641842,13.395500524283362,-19.313256602387952,,0.0,transition,-17.11347604776186,2.0,4.636792072335663,4.912095323741007,0.579136690647482,1.3880395683453237,2.2448291366906474,0.07079343537038835,0.4455124079698033,0.4455124079698033,0.6925106199978789,0.45,-16.123915605852353,0.0,-21.266838398657583,0.0,3.209385634763533e-05,0.00660925281372007,ok,False,0.07079343537038835,3.597122302158273,0.0,0.0,0.3597122302158274
,,20.0,-30.3009873326923,11.534289815839525,-4.105120988816543,-12.229747630213215,-20.554998856057978,1.3047927095601928,-18.294439172849508,-30.3009873326923,37.09097072287034,47.20203168651543,44.836963365735315,43.191238230514436,41.6170471344098,normal,17.396687738661118,transition,0.0,transition,17.2291875,15.200000000000001,-30.524186803062722,-11.19616427123243,0.30000000000000004,2.8625000000000003,-0.13322915136814117,0.6,1.732663191009628e-08,0.0050062578222778474,17884283976050369007.mp4,9.358834584825548,unlabeled,0.5483501299328423,,suspicious,15.473740914403463,15.200000000000001,15.48461861531989,-19.42746837535756,-3.9537274609540973,4,-25.325905130007605,-22.800572363442264,-20.636355216079245,-18.924250943404765,-17.537077420852874,-16.373634330638165,-10.676128041051774,/b/src/336272252/17884283976050369007.mp4,-0.04784870892763138,13.870449484898852,-19.632233967463392,-5.88642255840572,13.745811409057673,-19.682634811055706,,0.0,transition,-17.44453644758875,2.0,4.679417292412774,4.612100290697675,0.48546511627906974,1.156795058139535,1.9411337209302326,0.06975013873019409,0.3742889502654695,0.3742889502654695,0.6290289228940428,0.6000000000000001,-10.6250158702339,0.0,-18.166837768023456,0.0,0.00018447290864941917,0.023926101912252265,ok,False,0.06975013873019409,2.616279069767442,0.0,0.0,0.5813953488372093
,,20.0,-13.020317793686505,-0.9277352564789982,-5.325213566541632,-10.388731984775188,-20.47233520679489,2.5891701985894926,-19.855553551512756,-13.020317793686505,11.49935421922636,12.36580423219756,13.627278401080963,11.257315937556516,6.447413777796896,normal,15.014294619952299,transition,0.0,transition,17.484625,13.4,-30.244285536287943,-10.830722197975284,0.4,5.4875,-0.04337756335735321,0.7,5.203578922446552e-08,0.005632040050062579,17884192932370026086.mp4,9.641613008819608,unlabeled,0.5201326996817071,,normal,10.965267890001204,13.5,10.484160727807328,-15.808331204434094,-4.8430633144328885,1,-90.0,-23.497759407299277,-20.693227115593402,-16.92238335328345,-14.901463909855556,-13.252349281679257,-10.416620222030836,/b/src/336272252/17884192932370026086.mp4,-0.04337756335735321,13.764422751918858,-16.047737055490728,-5.570858232316814,10.476878823173914,-15.947076700719727,,0.0,transition,-15.057672183309652,3.8387037364287817,2.5116845869927387,13.271131805157593,0.52256446991404,1.0732449856733524,4.4871060171919765,0.06940543182093292,0.13812913177131894,0.4501067972296561,0.3916979563502453,0.8,-13.246315086574935,0.0,-18.882290620339905,0.0,0.00011943540560543484,0.005516731146812702,ok,False,0.06940543182093292,2.865329512893983,0.0,0.0,0.5730659025787965
,,50.0,4.6155578300332225,16.09178239866431,1.2548964626293628,-6.13548847051336,-20.782856861500942,6.6454076973914145,-3.2898041373960645,1.2548964626293628,63.3892617627896,30.260140095545403,41.11069241503268,48.541595055614835,16.739973113894926,normal,13.187156735012923,transition,0.0,transition,138.32125,20.55,-9.425292607909425,-11.537859336375492,0.30000000000000004,0.26875,0.6463906168937683,0.5,0.036906565039939374,0.10356695869837296,17884274349370610792.mp4,9.24499752512545,unlabeled,0.5870905039877746,,normal,6.260849356703428,0.5,42.3345045179821,-12.699671163184643,-6.438821806481215,2,-22.855695792295986,-18.00131787372346,-14.17650640400336,-11.821875026181969,-10.208062679504547,-9.574286453427463,-8.617486485504019,/b/src/336272252/17884274349370610792.mp4,1.1250324249267578,6.442895702293954,-21.394171693591616,-11.23678343098717,10.157388262604446,-12.885127591708603,,0.0,transition,-12.062124310086165,9.85248145215251,0.9383420379954798,27.258496023138107,1.2477404193781634,5.992656362979031,15.189104302241505,0.06235133106929508,0.3792281703781755,0.3792281703781755,0.4363755877088316,1.0,-17.902733751988276,0.0,-32.875936534590444,0.0,5.3553883814464885e-08,0.00010500526659834552,ok,False,0.06235133106929508,26.89804772234273,0.0,0.0,2.1330441070137383
,,,-1.0563384233312854,-0.2715601777035346,-2.4888545047499893,-7.483161628330436,-11.860626646512486,2.087533612798043,-0.19263956639354518,-2.4888545047499893,10.078431545214087,10.655519993322324,9.518014266457392,11.592035624729501,5.712875457641939,normal,11.248919626026693,transition,0.0,loud-start,13.276,8.1,-7.675801194723981,-8.42157463138031,0.0,0.9125,0.1892637312412262,0.0,0.004052476422394143,0.13141426783479349,17884291597460251390.webm,3.4390520151321766,unlabeled,0.36625908003712415,,normal,3.669769335704,0.8,4.8089684463958555,-10.915669633607333,-7.245900297903333,1,-15.797246904321392,-13.514454858686475,-11.43193905379282,-9.594880243089365,-8.261989173885707,-7.723838716695076,-7.32155286287416,/b/src/336272252/17884291597460251390.webm,0.47277235984802246,4.603001474569489,-11.690655134732395,-8.562212793407065,3.1284423413253304,-11.106508336710778,,0.0,loud-start,-10.77614726617867,3.0949773343343785,1.111171954954493,34.6066037735849,2.3535377358490566,9.03066037735849,20.258254716981135,0.05320085161003371,0.040317601394426965,0.2713080641658405,0.6479635734606661,0.8,-6.56489599978546,0.2,-9.028702994832274,0.709375,0.05320085161003371,0.0503098721885893,ok,False,0.003473219972920138,60.37735849056604,0.0,0.0,17.735849056603772
,,,7.653025878790551,16.97554976348993,4.976697604367625,-5.397019604698491,-22.272577106183913,4.623219137529819,-12.632810488110389,4.976697604367625,77.44561289465962,70.59702579295781,69.51099975773582,69.24146000552133,35.94510556102345,normal,10.679432674127831,transition,0.0,transition,15.3469375,1.1,-18.02983009280888,-12.247288713205785,0.35000000000000003,0.36250000000000004,0.11909089237451553,0.7,0.0004069346256784242,0.03254067584480601,17884364951900854241.webm,10.025288392978128,unlabeled,0.5390764550297518,,normal,4.299178187371652,0.1,69.45613598825075,-10.749140570814319,-6.449962383442667,2,-16.040499893634983,-14.639590353031684,-13.163417853536899,-11.974539625896034,-10.324832536259631,-8.86889305255213,-7.984124190575518,/b/src/336272252/17884364951900854241.webm,0.3682231307029724,5.466173599916516,-23.927557643506198,-10.489832408348075,13.437725235158123,-10.91100039171863,,0.0,transition,-10.311209543424859,6.85438469330171,1.4626095326652895,38.014297385620914,2.928513071895425,10.964665032679738,23.569648692810457,0.049461698848626084,0.041058864830948845,0.1918810791779854,0.6351028850683778,1.0,-19.041406969549225,0.0,-13.035409688374962,0.490625,0.002861035284556732,0.00020336934719321017,ok,False,0.049461698848626084,25.816993464052292,0.0,0.0,5.88235294117647
,,80.0,20.995747446434816,28.39050870572445,27.2255001605143,-11.383923545119433,-37.545837706911506,8.975303031784353,2.961934059393606,20.995747446434816,39.801080686182615,34.24196433281204,38.98718325349725,39.091661227388585,20.73690019392442,normal,21.523225966208674,transition,0.0,transition,81.7806875,8.55,-8.421989485725828,-14.75287013152878,0.0,0.0,-5.495660305023193,0.2,0.0031504499326279016,0.11264080100125157,17884630041371948895.mp4,22.792967575382725,unlabeled,0.5194425896140332,,normal,22.67644678913487,75.2,35.90758385397322,-34.087342160327424,-11.41089537119255,2,-51.83701248915743,-45.10783615446857,-35.46643092289336,-27.20031356869618,-21.39750043036467,-18.319421636174514,-13.196533220799505,/b/src/336272252/17884630041371948895.mp4,-4.267495632171631,25.369142357602207,-39.22688128075207,-14.40616588394721,24.820715396804857,-35.88890672211339,,0.0,transition,-25.790721598380305,13.306784274923482,1.7128832259147593,0.6897935779816513,0.0,0.026185015290519875,0.21666666666666665,0.041427466749097384,0.42248684692652155,0.42248684692652155,0.666346994478823,0.25,-10.346963440423574,0.0,-18.324321560966098,0.0,0.00016822271973098536,0.019610245410060657,ok,False,0.041427466749097384,0.4892966360856269,0.0,0.0,0.0
,,40.0,36.23669975292173,31.859033973858367,36.29222284741836,-12.419303847905018,-47.94779985616581,9.407810514478427,0.5694973808852364,31.859033973858367,44.76280319268213,37.9372071817522,43.04831072978153,37.6878771952511,21.814489655041786,normal,12.529772303921444,transition,0.0,transition,16.5108125,1.1500000000000001,-11.849806467019782,-14.386679325960765,0.0,0.0,-3.603242874145508,0.1,0.0010204971547652882,0.0750938673341677,17884549209631880753.mp4,33.561120530205045,unlabeled,0.5379294593204139,,normal,4.356259081105538,0.6000000000000001,40.11811152110218,-15.228227832413534,-10.871968751307996,1,-35.39275013946536,-29.203341327959905,-16.394021647714148,-13.303764442661532,-12.2427122364055,-11.76476558539449,-11.314135414739397,/b/src/336272252/17884549209631880753.mp4,-2.58250093460083,5.296081707823143,-47.63458390915035,-13.831806049058152,33.8027778600922,-15.948217416502885,,0.0,transition,-15.112273238522274,13.948019868765716,2.4061566334128637,15.529166666666667,0.0024621212121212124,1.768560606060606,7.160037878787878,0.039123311142916777,0.16514819132567837,0.3910987663585556,0.6745772533462874,1.0,-11.430854833199628,0.0,-24.190962927348295,0.0,6.452091292152617e-06,0.0005538146200548233,ok,False,0.039123311142916777,8.787878787878787,0.0,0.0,0.0
,,340.0,5.896979280547317,29.367067523756027,3.5270755808692784,-3.581835676774301,-26.94493106944653,3.9694154478188715,-11.193634758311106,3.5270755808692784,19.826968271558776,19.087317785524906,18.153835122232312,20.755689377702463,10.452172640786674,normal,16.164558371104324,transition,0.0,transition,6.0371875,1.6500000000000001,-14.775470435085406,-14.149212316397167,0.1,0.0,-2.1476831436157227,0.3,0.002689326251247306,0.051627033792240304,17884540267460930191.mp4,12.795718753049362,unlabeled,0.5232449828099344,,normal,10.073824562368669,1.6,14.37560032696018,-20.93297857074367,-10.859154008375002,1,-33.37958387522501,-27.68104989084918,-21.248388795348497,-16.038539229500287,-14.308403461927085,-12.2156325767646,-9.6907208062885,/b/src/336272252/17884540267460930191.mp4,-1.127864956855774,11.706632087766387,-27.81239796899188,-13.500859108943915,14.311538860047966,-21.450626947024524,,0.0,transition,-17.292423327960098,5.885055342936258,2.174273308815671,8.656770833333335,0.06145833333333333,0.6359374999999999,3.0161458333333333,0.03759269173767056,0.3706348364561516,0.3706348364561516,0.7412258816034466,0.5,-1.8190187061384395,0.0,-22.311110458275472,0.0,2.0909083133732438e-05,0.06218993292298039,ok,False,0.03759269173767056,4.166666666666666,0.0,0.0,0.0
,,,30.838152524765647,5.991512119750698,8.740059291384151,-14.440829252675668,-17.86121924430745,3.15151616455419,9.482600996513952,5.991512119750698,14.059636938036936,11.648990859088968,11.478377649790993,13.035394161957534,6.41671530661711,normal,10.429854210874305,transition,0.0,loud-start,22.0356875,1.1,-4.958228256161717,-11.036423332873904,0.1,1.40625,1.238072156906128,0.2,0.04688790054558911,0.17146433041301626,17884165076051992115.mp4,6.8247959114335455,unlabeled,0.52849917770895,,normal,5.753365159320468,0.6000000000000001,12.119540448233481,-10.323296859886005,-4.569931700565537,2,-14.075781661003427,-12.918802883984629,-11.255595975795263,-9.198438002600266,-6.876193923227225,-6.005738454032101,-5.373559036262443,/b/src/336272252/17884165076051992115.mp4,1.238072156906128,6.1581512304459745,-17.264112195913704,-11.247470204138018,6.0166419917756855,-10.645962716935543,,0.0,loud-start,-9.191782053968177,4.672437865568042,1.460649902211987,41.528693181818184,5.997727272727273,14.418039772727273,26.987642045454546,0.02476931746523938,0.0619366069836289,0.29160794890566694,0.4929040547791219,1.1,-4.958228256161717,0.1,-9.93026449693468,2.6062499999999997,0.02476931746523938,0.04688790054558911,ok,False,0.012981017263697514,61.36363636363637,0.0,5.0,22.272727272727273
,,,-11.590278033696709,-1.5162415263608402,-4.982893838291769,-14.483186668183894,-10.971978596214917,1.72732702136119,-5.2584836110820525,-11.590278033696709,80.812516798425,76.74139190189982,77.09167019831378,80.78078690341972,40.707234981660946,normal,4.988642725172673,transition,0.0,loud-start,16.60225,1.7000000000000002,-19.741670279265946,-9.229464115683099,0.0,0.0,-1.8335868120193481,0.0,0.00047699980767939296,0.031914893617021274,17884613941040373274.mp4,1.7425144805318187,unlabeled,0.5147659135428874,,normal,4.092573202544335,0.1,84.78953919248069,-6.922523115526404,-2.82994991298207,2,-12.702673657562157,-11.195462416066276,-9.674024994375948,-8.751185849331968,-7.746132405831917,-7.246613776706509,-6.624342934416088,/b/src/336272252/17884613941040373274.mp4,-1.2032921314239502,3.4657839980735607,-9.256867072187372,-7.301583174044968,1.9552838981424046,-6.872655652345556,,0.0,loud-start,-6.191934856596623,2.5609350418701,0.6804211946193539,72.49284638554217,14.559111445783133,42.94070030120482,60.711784638554214,0.023029406299861426,0.448229437552305,0.448229437552305,0.4470356488873149,0.45,-12.924375470783025,0.15000000000000002,-10.166982394939048,0.0,0.023029406299861426,0.001260500247124451,ok,False,0.0025122661253103194,84.93975903614458,0.0,0.0,31.92771084337349
,,,4.745640696013132,8.284578825480278,6.904337374764079,-7.998955061041585,-12.72476034355287,2.515040197841479,3.036522491550544,4.745640696013132,12.392278858980362,8.43740809591298,9.248942987921335,10.281417843768732,4.39528906666998,normal,10.452130105220107,transition,0.0,loud-start,11.448875,1.7000000000000002,-4.962432569491041,-8.67103557083442,0.0,0.9062499999999999,1.3887913227081299,0.0,0.09191117828010906,0.17240300375469336,17884315995090544703.mp4,4.05372477271845,unlabeled,0.5073796371396447,,normal,3.9072920934672375,1.1,6.646204585043678,-9.09037046270584,-5.183078369238602,1,-12.66960169855455,-11.325900191541734,-9.563502039283037,-8.543781583336878,-7.8663612370556075,-7.235444700092804,-6.701010572813634,/b/src/336272252/17884315995090544703.mp4,1.6990798711776733,3.409461042578238,-12.88119640531028,-8.85914382670743,4.022052578602851,-9.307368454752622,,0.0,loud-start,-8.753050234042433,3.7287985973197766,1.0871396421443162,47.359923245614034,6.030427631578948,18.293585526315788,32.96765350877193,0.02216644568228784,0.11807599505162673,0.12398217498266716,0.3743245131314817,1.05,-8.449471472321946,0.1,-10.058370032556418,1.065625,0.02216644568228784,0.03951673700009686,ok,False,0.004424449786193992,83.77192982456141,0.0,0.0,33.33333333333333
,,,0.3912899697706873,-3.584981099043535,1.2464003346420278,-11.268479900520127,-18.991229915045302,1.3362845276495339,3.6224855861938883,-3.584981099043535,11.863899815532179,10.82635347629881,10.432803624553152,9.00700703374882,6.817191840034656,normal,14.938698773277208,transition,0.0,transition,8.3838125,5.1000000000000005,-7.645994314326239,-12.035777552174661,0.30000000000000004,0.3125,0.41488710045814514,0.3,0.038040829239245726,0.1251564455569462,17884308295931961650.mp4,6.955452362870641,unlabeled,0.3235499461073819,,normal,6.947901901547658,0.1,13.49135159722422,-16.456546178567297,-9.50864427701964,1,-21.93281896194624,-20.035886657026726,-17.540018268418066,-13.086276907261247,-11.343282424932568,-10.198724427165978,-8.617253921984245,/b/src/336272252/17884308295931961650.mp4,0.41488710045814514,9.055811322662763,-18.011602874689927,-12.431900913271782,5.579701961418145,-16.84734737401557,,0.0,transition,-14.523811672819063,2.0,3.4777261814353206,13.843937125748504,0.7825598802395208,2.4479790419161676,6.309505988023951,0.021186202094115227,0.08684851193105851,0.2575079706207166,0.43195773402882476,0.6000000000000001,-11.780255633081449,0.0,-19.159431691599533,0.09375,0.00010326361488525899,0.005565372855781214,ok,False,0.021186202094115227,16.16766467065868,0.0,0.0,1.7964071856287425
,,,8.798834334402382,-3.083170284485206,7.778269689899871,-11.668041378714282,-11.610730202344566,0.9836397728361899,7.452432076308268,-3.083170284485206,79.51194199640214,79.94490708880568,80.4121243111943,79.72123138059007,40.13105719809552,normal,8.434206548636059,transition,0.0,loud-start,12.654875,7.3500000000000005,-4.215609302406014,-10.675674247651129,0.0,0.043750000000000004,-0.7365309596061707,0.0,0.02074213607623756,0.20775969962453067,17884174045020320133.mp4,0.9350559546934374,unlabeled,0.5558463575139873,,normal,2.811646950971112,0.1,78.2881254780407,-8.663724517282477,-5.852077566311364,2,-13.346834998041379,-12.549089685144256,-11.541663214896735,-10.258052511536432,-9.443083328065244,-8.946782868022728,-8.164976740930904,/b/src/336272252/17884174045020320133.mp4,-0.1688535213470459,3.7411912264720577,-8.224691464427844,-12.057701617405495,-3.8330101529776517,-8.68893513232104,,0.0,loud-start,-8.603060069983105,2.0,0.4675279773467187,54.96615612648221,3.5417490118577075,20.35721343873518,39.3147233201581,0.019988626142808316,0.20888571721259833,0.2661290455633066,0.4855557488987719,0.35000000000000003,1.432133543742172,0.05,-10.021376046711922,0.015625,0.019988626142808316,0.3471223519538086,ok,False,0.0012536637764927522,61.26482213438735,0.0,0.0,5.533596837944664
,,20.0,6.914383957664982,5.708709625074437,3.732128212276754,-10.20363677060692,-11.926486762900332,2.581990918629506,0.5006256726766978,3.732128212276754,22.237979385957452,21.550315051564596,17.79715813561903,22.36636082277356,13.151188230414546,normal,11.734338956738497,transition,0.0,loud-start,14.9735,11.350000000000001,-9.703011097930222,-9.662566045870026,0.0,1.5062499999999999,0.9420003890991211,0.0,0.012651713671346869,0.09198998748435544,17884541433690902280.webm,2.263920717030306,unlabeled,0.4967107250792824,,normal,5.277656837184163,9.0,9.170414145313451,-10.1670901035606,-4.889433266376437,1,-22.882598208662817,-15.54528313462761,-11.742239265828411,-9.832772935454251,-8.112231761460345,-7.215000381050706,-6.297515006705127,/b/src/336272252/17884541433690902280.webm,2.0905730724334717,6.116258261323776,-10.599806974850955,-7.977077449405772,2.622729525445183,-10.448708255756143,,0.0,loud-start,-9.643765884305026,3.8280597359601054,0.5914016167938659,37.48871237458194,5.227006688963211,14.072951505016723,25.46091137123746,0.0189415406776022,0.11418471468935915,0.11418471468935915,0.2925412142792532,1.0,-8.510381998276863,0.1,-10.401365583623686,1.3187499999999999,0.0189415406776022,0.045487395999131555,ok,False,0.0021129986907288878,52.84280936454849,0.0,0.6688963210702341,17.05685618729097
,,20.0,-83.3241397656791,-104.17076818360181,-94.81527703934846,-6.28169203925583,-17.860924241867295,3.106371914395134,-23.756102247766844,-104.17076818360181,67.57316017922278,76.70333114744746,75.45885121441822,72.80780166494829,40.16673897807957,normal,13.039167459281927,transition,0.0,transition,51.687625,47.6,-30.037794287022674,-10.478408118357162,0.1,5.4875,0.046514496207237244,0.1,1.7942228978454147e-07,0.006257822277847309,17884549209110420588.mp4,7.382516123510133,unlabeled,0.5819309544262463,,normal,9.1482308731998,47.800000000000004,25.2215389120995,-13.701414303640927,-4.553183430441127,2,-22.666176964778845,-19.418745680562562,-17.029867924776266,-14.15521278149677,-11.187994312130568,-10.306343768758667,-9.528485229511922,/b/src/336272252/17884549209110420588.mp4,0.046514496207237244,8.355379441996885,-17.10335392327074,-6.333863538630553,10.769490384640186,-15.908068359906068,,0.0,transition,-12.99265296307469,4.605507000282225,1.6029757685869834,23.00465876089061,0.18495885769603096,4.787209583736689,13.280977734753147,0.018929544798432164,0.1586149064179147,0.3736702976045034,0.4918770519583784,0.8500000000000001,-10.585569547771936,0.0,-16.88335655332094,0.0,0.00036878406710712377,0.017401254253435732,ok,False,0.018929544798432164,14.52081316553727,0.0,0.0,0.3872216844143272
,,20.0,1.3466686219079982,6.991263761399505,-3.0904389082835495,-12.290121790845035,-17.568789892507944,1.4912035833983417,-18.149497057129523,-3.0904389082835495,45.22967871324252,30.334620875652256,32.398659392407694,41.126366796558756,16.40797224595974,normal,14.962543473932861,transition,0.0,transition,19.017125,14.950000000000001,-30.439618847974558,-10.769856834353563,0.1,5.4875,0.04398055374622345,0.1,4.438126871068406e-08,0.005632040050062579,17884164132170229288.mp4,6.798933058154381,unlabeled,0.4998222683875645,,normal,10.46050449979468,0.30000000000000004,32.50715532079997,-14.972245453087375,-4.511740953292695,2,-90.0,-23.110357415030887,-18.98892897542824,-16.769410647075027,-15.133116136153031,-14.477760711625228,-10.535118992539658,/b/src/336272252/17884164132170229288.mp4,0.04398055374622345,11.918216088511045,-14.535968422716687,-5.16370897569201,9.372259447024678,-15.255251520537495,,0.0,transition,-14.918562920186638,2.2108584327463814,3.0752457766862,15.803782894736843,0.48026315789473684,0.9585526315789473,5.475493421052632,0.018188293183855526,0.31891678542835644,0.4504698996830872,0.40410991188620954,0.9500000000000001,-13.269109587528412,0.0,-16.599824516361828,0.0,0.0004226181632280636,0.013027355947773836,ok,False,0.018188293183855526,2.8947368421052633,0.0,0.0,0.5263157894736842
,,40.0,3.541748528109565,10.394645032712948,17.972656440731264,-10.372899331503202,-35.68811112771188,9.194486780084898,0.4036768708505658,3.541748528109565,36.2878266338121,32.1024607055492,29.733342829500977,39.94061652592458,16.275336507757693,normal,15.831132460424811,transition,0.0,transition,13.352875,6.45,-9.969222460652636,-16.79704748750027,0.0,0.0,-6.606864929199219,0.0,0.00246945668337297,0.08760951188986232,17884551115961814683.mp4,18.89106364021161,unlabeled,0.49394525979762266,,normal,7.300017310411251,0.1,35.34475150199707,-21.731649295947168,-14.431631985535917,1,-40.636953829988585,-29.562775685071138,-22.524527677693666,-19.905622044913283,-17.637649715430317,-16.735909861357396,-14.812932803057524,/b/src/336272252/17884551115961814683.mp4,-5.318608283996582,9.276239635295598,-36.30934058702833,-16.45324703404034,19.85609355298799,-22.116987324039048,,0.0,transition,-21.149740744421393,13.631746100153869,1.385813930322424,1.5039794007490637,0.0,0.0023408239700374533,0.21207865168539325,0.018104499194029143,0.3495806349537377,0.3495806349537377,0.6901611715882131,0.75,-7.879066046170435,0.0,-19.973000411563945,0.0,6.729648260642563e-05,0.0020980016714152293,ok,False,0.018104499194029143,0.0,0.0,0.0,0.0
,,20.0,26.214812430292064,4.364903192076717,28.202667075775274,-14.243014199456345,-15.151944189911143,6.920331233620382,5.503114380219332,4.364903192076717,40.55220542693037,39.09127698986312,37.79693448671692,34.396276533731836,23.108501789385507,normal,10.566302706860554,transition,0.0,loud-start,31.4630625,14.0,-8.739899819237014,-8.162457797738083,0.0,0.36874999999999997,-0.04939549043774605,0.0,0.0033416613744367022,0.10450563204005006,17884557935841337144.mp4,6.98948639217306,unlabeled,0.44690620041129614,,normal,7.193282269160106,13.100000000000001,16.322561890231896,-11.518846470404942,-4.325564201244836,2,-90.0,-22.657192960266112,-13.196353017633552,-9.876625140825398,-8.498095565004851,-7.7452690760345195,-6.935799805257125,/b/src/336272252/17884557935841337144.mp4,0.33115512132644653,7.071031867947503,-14.328759783674267,-8.055418108646293,6.273341675027973,-12.069131856979414,,0.0,loud-start,-10.235147585534108,10.260083086965578,0.6812309737581475,31.043422098569156,5.230524642289349,12.375397456279808,21.14775437201908,0.01745154503675592,0.31044327705561875,0.3589242862891603,0.8318716006741875,0.05,-8.49682126748898,0.15000000000000002,-10.805602665924248,0.98125,0.01745154503675592,0.003318992955924501,ok,False,0.01514416080859921,43.08426073131956,0.0,0.0,15.89825119236884
,,20.0,-0.47972673442093194,3.555090195424775,-3.094782668698616,-8.425539476812713,-18.10986637374212,2.3123792174488367,-21.623195740967166,-3.094782668698616,12.113620181313838,13.04529083935681,10.493883198774727,12.948300772167633,8.035627603644937,normal,15.371585410951795,transition,0.0,transition,17.7865,13.700000000000001,-30.04873521777988,-10.611259950451089,0.1,5.4625,0.044068120419979095,0.1,1.57823381609224e-07,0.006257822277847309,17884161672601596261.mp4,7.498606423291029,unlabeled,0.5641967847449781,,normal,12.100953354108272,13.8,11.203555112200913,-16.753798722580527,-4.652845368472255,1,-90.0,-23.445319045382988,-19.682050107921405,-16.77607825542642,-14.569579614585765,-13.456837738537697,-10.17314686747226,/b/src/336272252/17884161672601596261.mp4,0.044068120419979095,11.055603838298659,-15.775355999553767,-6.122973130360669,9.652382869193097,-17.448668437545244,,0.0,transition,-15.327517290531816,3.428333427789645,2.1872453719081864,13.527816901408451,0.5119718309859156,1.025176056338028,5.455457746478873,0.017245276626796924,0.0451186575718326,0.3835575634235538,0.3681336229594772,0.25,-6.372011486994985,0.0,-20.108905586257464,0.0,7.038905639311647e-05,0.09878405685517785,ok,False,0.017245276626796924,2.8169014084507045,0.0,0.0,0.28169014084507044
,,,12.547487074759442,4.570374169224493,6.163186375871993,-18.831718358892427,-12.423921306374588,1.8802076621731683,6.680120043693265,4.570374169224493,5.448520124673809,10.70797466342443,9.099205574478843,9.060284177306908,6.625223889161539,normal,9.167015256793709,transition,0.0,loud-start,6.5480625,4.1000000000000005,-12.151598315199163,-9.965695876930663,0.0,4.375,0.3244357705116272,0.0,0.01219845362995571,0.056320400500625784,17884178590053196229.webm,2.4582254294439245,unlabeled,0.5925223815910079,,normal,2.299935409739101,4.800000000000001,2.676296962246849,-7.138944181621596,-4.8390087718824955,1,-15.304654308251443,-13.478739044556127,-11.997173454493868,-10.121519037766614,-7.296268179450142,-5.936056258158215,-5.422223106719541,/b/src/336272252/17884178590053196229.webm,1.979865550994873,6.967836611141338,-7.416782143802142,-6.752207218315552,0.6645749254865905,-7.323955348541318,,0.0,loud-start,-7.187149705798836,2.787595879937939,0.881844261263097,60.71057692307692,10.737980769230768,28.818269230769232,46.57692307692308,0.01693670656963427,0.3612205240836797,0.3612205240836797,0.4118948334579748,0.30000000000000004,-13.649515673063128,0.05,-10.09933379594767,2.81875,0.01693670656963427,0.013479214978802053,ok,False,0.002855213398806497,50.0,0.0,6.153846153846154,18.461538461538463
,,40.0,11.35706104917397,1.631009132066799,16.430843236676946,-8.113507667464285,-19.98264685372143,4.82480365753961,3.2033800900633818,1.631009132066799,24.997252900665945,25.445362748490016,26.18480326770252,27.26674613947981,17.16173845044487,normal,15.062744487753163,transition,0.0,transition,24.0094375,22.35,-4.910127577400903,-12.41036888754814,0.1,0.0,-1.0786406993865967,0.2,0.01071458102816151,0.1739674593241552,17884235063160565348.mp4,7.57227796617329,unlabeled,0.5513745173106226,,normal,5.592905240274469,22.400000000000002,25.32189772837161,-16.39133693489901,-10.79843169462454,1,-23.424558918248746,-20.318004221218573,-17.031539689080013,-15.208517053810432,-13.611071186863867,-12.455125532966953,-10.843606990135134,/b/src/336272252/17884235063160565348.mp4,-0.8770089745521545,7.0650283064727954,-20.395525487439194,-13.430427302740782,6.965098184698412,-16.54647784341317,,0.0,transition,-15.939753462305317,7.153253902668225,1.058578105741328,11.648307291666667,0.06757812499999999,0.7407552083333334,3.840755208333333,0.016895818555690105,0.4362261167769846,0.4362261167769846,0.6215047073256122,0.55,-7.138406585726803,0.0,-15.654063799338331,0.0,0.0007352760366843299,0.013847686755564729,ok,False,0.016895818555690105,3.5416666666666665,0.0,0.0,0.0
,,,5.166103615978221,-56.92833599639309,0.23479809045025846,0.8699008218285664,-18.35705884409529,3.2665639808534648,0.27267975807384515,-56.92833599639309,80.33779577586827,79.50490887677921,76.77986015124154,77.15710578319847,40.31175549662916,normal,10.359329400151491,transition,0.0,transition,35.9226875,14.3,1.1425805799024116,-9.621903789052137,0.0,0.0,-8.590768814086914,0.7,2.896722394780877e-08,0.3867334167709637,17884514817330132531.mp4,8.735155055043155,unlabeled,0.5677792576430318,,normal,4.805135745266697,0.1,76.10441183858197,-12.328236602899983,-7.523100857633286,2,-22.22524816273224,-18.89000682455002,-14.833579796247784,-12.427835327702038,-9.919486827215447,-9.070414302075173,-8.391627258908004,/b/src/336272252/17884514817330132531.mp4,-1.0852200984954834,7.095750869490846,-19.620815991584863,-12.785441859783054,6.835374131801808,-12.608251169967776,,0.0,transition,-11.444549498646975,4.843007758013346,1.8036632381168038,34.591051532033426,0.10010445682451254,7.581650417827299,20.645369080779943,0.015594896312570057,0.0012118104168419574,0.0022103735671825694,0.28939169766234724,0.1,-19.00992127576106,0.0,-14.437665127566003,0.0,0.0013607565881034267,0.01187686946387845,ok,False,0.015594896312570057,22.14484679665738,0.0,0.0,5.013927576601671
,,90.0,15.0015851940452,18.422692791638795,18.110189890114476,-6.45535129751123,-15.096687705486275,8.280001354453494,-0.41269889619999134,15.0015851940452,75.37250787606142,52.02862211737916,75.82272279458671,77.48138149149213,35.96971586449272,normal,11.145258134964985,transition,0.0,loud-start,3.018625,1.1,-6.8680501937112215,-10.267908776826243,0.0,0.675,0.1150924563407898,0.0,0.007028839784128474,0.13954943679599502,17884272246460924819.mp4,4.828778928660032,unlabeled,0.5822494243607347,,normal,6.142010834277442,1.6,7.978828674597816,-11.211132067175015,-5.069121232897573,1,-45.157238915872156,-17.19073501782871,-13.589467331149407,-11.119671565331435,-7.849784815426749,-7.282252841623407,-5.722435558067267,/b/src/336272252/17884272246460924819.mp4,0.1150924563407898,8.786561174086595,-14.491441017564098,-10.542545922596181,3.9488950949679165,-11.969639317422557,,0.0,loud-start,-11.030165678624195,12.27593000811275,0.3933534099224136,29.901041666666668,2.9614583333333333,9.563541666666667,19.102083333333333,0.015286906195566597,0.36440140817557565,0.36440140817557565,0.5175902609480069,0.4,-6.0495977861996835,0.1,-10.712629067753982,0.5375,0.015286906195566597,0.0029814000729845146,ok,False,0.006002413301920331,31.666666666666664,0.0,1.6666666666666667,13.333333333333334
,,,-0.03652642851644361,-2.058101771592977,7.268500348803606,-6.722351499257709,-11.940098902411169,1.3057169875754502,0.15018015246402605,-2.058101771592977,7.7245810339039185,8.090533337460283,7.027039074202943,9.13406142737229,5.191983216527529,normal,10.901596479415726,transition,0.0,loud-start,41.470875,21.5,-6.572171346793683,-9.876809126228123,0.0,0.0,-1.2811048030853271,0.0,0.017933433127378107,0.15143929912390489,17884377780980200060.webm,2.063289776183046,unlabeled,0.5854306834935095,,normal,3.047804194653322,0.6000000000000001,5.239107329026298,-11.963409869776987,-8.915605675123665,0,-16.604899140667655,-14.262122343007873,-12.253929490608703,-10.94856572447069,-10.260422677785156,-9.873163229967053,-9.415003888200275,/b/src/336272252/17884377780980200060.webm,-1.1521399021148682,3.364409540941118,-12.109666595320869,-10.391216731272898,1.7184498640479706,-12.094143903110854,,0.0,loud-start,-12.053736381530594,2.0,1.031644888091523,30.20325693606755,0.32245174909529556,5.379598914354644,15.846878769601929,0.014796972211354797,0.22499490601745015,0.34058942759518,0.5791246175751988,0.4,-5.094132824127806,0.0,-10.078568848179712,0.0,0.014796972211354797,0.044329067003357134,ok,False,0.0021696341424822622,46.07961399276236,0.0,0.0,0.3618817852834741
,,,5.005067651746704,0.3772528134492603,3.4121952122671964,-6.3042747467195035,-12.122894850590981,1.4733496014752392,-3.883596731889625,0.3772528134492603,5.187324527817724,5.738875511443336,5.690570711630738,5.6475922897933195,4.2839831634851,normal,10.971401269871572,transition,0.0,loud-start,6.1300625,3.0500000000000003,-10.187871478609129,-11.212961508995873,0.0,0.13749999999999998,0.05945800989866257,0.0,0.04439801443435777,0.08604505632040049,17884180432150901716.mp4,0.9099333415951083,unlabeled,0.49329271798507707,,normal,3.083647914058014,0.2,3.4827214941284392,-11.309616319960664,-8.22596840590265,0,-14.60687160212881,-13.335974528724613,-12.078596952558115,-10.730575029747735,-9.86649936961709,-9.48728929949241,-9.060469510007126,/b/src/336272252/17884180432150901716.mp4,0.05945800989866257,3.2245493776358316,-11.62755818310811,-10.56838220480757,1.0591759783005408,-11.359563826584402,,0.0,loud-start,-10.91194325997291,2.1843881191471897,0.41656211806826565,37.666495901639344,1.2628073770491803,8.166495901639344,21.641905737704917,0.014468963448805914,0.07675518273576903,0.2286706736252991,0.2441661868728918,0.15000000000000002,-5.466313592230328,0.0,-10.138658993536861,0.034374999999999996,0.014468963448805914,0.050735757849460175,ok,False,0.000966420947045272,45.90163934426229,0.0,0.0,0.819672131147541
,,20.0,-38.678724625311446,16.32249571509268,-6.9173816780891615,-9.364284552583012,-18.074273588199567,2.1951949286210795,-21.15990225047971,-38.678724625311446,31.847223896859248,47.20203168651543,44.836963365735315,43.191238230514436,41.6170471344098,normal,15.3410315744616,transition,0.0,transition,17.2291875,15.200000000000001,-30.524186803062722,-11.19616427123243,0.05,2.8625000000000003,-0.13322915136814117,0.1,1.732663191009628e-08,0.0050062578222778474,17884178107802868381.mp4,6.878109316967137,unlabeled,0.5819805247909259,,normal,13.258855726787568,9.8,12.013624631427847,-17.212583187741664,-3.9537274609540973,2,-32.31959918123085,-23.924997924303646,-19.02492396584683,-16.08261552146282,-14.417702021372312,-13.47613572801157,-10.676128041051774,/b/src/336272252/17884178107802868381.mp4,-0.04784870892763138,12.259018234666438,-16.7266995631647,-5.88642255840572,10.840277004758981,-17.63234333377614,,0.0,transition,-15.38888028338923,3.254596001173612,2.113352721654817,12.479287790697674,0.48546511627906974,1.1636991279069766,5.707303779069767,0.013484775800526778,0.3742889502654695,0.3742889502654695,0.5120469053767747,0.35000000000000003,-16.48898135186502,0.0,-23.713866127703078,0.0,8.539911842527883e-06,0.01970199641815251,ok,False,0.013484775800526778,2.616279069767442,0.0,0.0,0.5813953488372093
,,,8.974872740040826,19.24137489381236,11.966397880538931,-3.4786878038272055,-28.38725723619048,2.2068021735348182,-8.711941698148284,8.974872740040826,19.215399888360643,10.466182668746047,11.82750370178763,12.132556882315505,6.971960467103326,normal,17.51954834063341,transition,0.0,transition,175.1,95.0,-12.19062950197549,-15.521980510830504,0.0,0.0,-4.765570640563965,0.0,0.024055559142725814,0.07415519399249061,17884243380010380283.webm,12.865276725359974,unlabeled,0.643743104708407,,normal,10.760902454020606,95.2,12.89099066810916,-17.493934787181672,-6.733032333161067,2,-25.448150369666163,-22.70328833474357,-19.684205102418012,-16.104737725230276,-14.494360541982552,-13.82691316392764,-12.471573355383414,/b/src/336272252/17884243380010380283.webm,1.5562301874160767,11.632358844371076,-27.45916340039659,-14.523792546012496,12.935370854384095,-17.69712622298745,,0.0,transition,-15.963318153217333,3.2718049024827214,3.9321650003022808,11.407874071958881,0.0641776127926899,0.6336557681324957,3.9158695031410624,0.013204523189312495,0.29072107490264415,0.29072107490264415,0.4494170421182711,0.9500000000000001,-28.331618725200762,0.0,-23.004064565853387,0.0,1.2191596638602716e-05,6.472740571900561e-05,ok,False,0.013204523189312495,0.4568817818389492,0.0,0.0,0.05711022272986865
,,20.0,-84.31946370839886,-109.7491167592364,-92.05967344710805,-11.850100467095693,-19.069336439658816,5.320032545722288,-17.806417145642108,-109.7491167592364,59.630346033038066,80.45954642338266,79.53158441355751,76.58537802411,40.89806626152553,normal,17.219762005930548,transition,0.0,transition,17.113125,13.0,-29.6565176127378,-10.793371436505796,0.0,5.4875,-0.061085671186447144,0.1,3.2818489371920406e-07,0.0068836045056320395,17884356745180816499.mp4,8.27596500315302,unlabeled,0.5487105332627146,,suspicious,17.66276653070168,11.700000000000001,14.390621455023016,-22.1981223183262,-4.5353557876245185,4,-90.0,-31.06982456634247,-22.638639490459497,-19.597539095557828,-14.21464904976721,-12.427338811694728,-10.455263727319046,/b/src/336272252/17884356745180816499.mp4,-0.011374490335583687,14.43477201351056,-18.123059948456152,-7.395251094728498,10.727808853727655,-22.264759466982845,,0.0,transition,-17.23113649626613,7.8874802522878635,1.0492533405395812,5.536549707602338,0.6644736842105263,1.738669590643275,3.353983918128655,0.012977660633073856,0.15567018341014902,0.3225700657360581,0.42838871960975405,0.8,-5.523053228317744,0.0,-30.54917097551526,0.0,2.2845779832515464e-07,0.13800636201371672,ok,False,0.012977660633073856,4.093567251461988,0.0,0.0,0.29239766081871343
,,,23.96760660671056,8.41267160775391,11.801669806768505,-11.85150131129359,-22.409546766589525,11.211407690919556,3.8956826147917525,8.41267160775391,78.30040212211739,62.33771431296523,80.51721120028448,80.51721120028448,31.698463595410374,normal,11.076177873757391,transition,0.0,transition,12.9103125,1.1,-7.955818696501838,-13.53182768768041,0.1,0.06874999999999999,0.5945555567741394,0.4,0.03238662491896631,0.11514392991239049,17884543133610791044.mp4,8.877719078909115,unlabeled,0.5616519458709341,,normal,3.6922230393963513,0.6000000000000001,82.02491422690399,-10.770800015398855,-7.078576976002504,2,-16.86833997708386,-15.112619417357163,-13.36633697102247,-11.963961090738753,-9.843631861732824,-9.115455052426388,-8.52327673057151,/b/src/336272252/17884543133610791044.mp4,0.6173693537712097,5.211696072734689,-22.041624807295584,-11.183406508701818,10.858218298593766,-10.979475981748145,,0.0,transition,-10.458808519986182,16.622033042557334,0.5340934563286887,40.590843023255815,1.4203003875968991,10.0453003875969,25.172965116279073,0.012970832872347668,0.05316121947241977,0.1554842424804466,0.3885605170101253,0.8500000000000001,-8.522735159420307,0.0,-12.424064432729846,0.1,0.0042840553241524065,0.03142486978893956,ok,False,0.012970832872347668,25.581395348837212,0.0,0.0,3.10077519379845
,,160.0,-2.8145806068987067,12.396063622759119,-0.7397547097675616,-8.601444865598838,-20.32153595685801,2.060844886172603,-6.331397277697027,-2.8145806068987067,14.331063607250947,16.3879127941127,17.105883703306667,17.856621630817067,9.74769875504441,normal,13.001325560500263,transition,0.0,transition,15.000125,12.0,-14.932842143295865,-12.053149501950255,0.0,0.0,-5.995138168334961,0.2,0.00042404957711101275,0.045682102628285357,17884638439320956882.mp4,8.268386454907755,unlabeled,0.5448660813223677,,normal,8.819320225895623,12.100000000000001,9.279620693283048,-19.281873911319238,-10.462553685423615,0,-24.438403187458558,-21.98534723293044,-19.405625519233496,-17.900494327003525,-16.208474089247773,-15.315578627297441,-11.556006663015847,/b/src/336272252/17884638439320956882.mp4,-5.17944860458374,8.660791459543619,-19.853986418126667,-11.412356984636036,8.44162943349063,-19.43953149649012,,0.0,transition,-18.180774165084003,3.055408628239501,2.7061475111667552,5.530833333333334,0.0,0.003958333333333333,1.5510416666666667,0.012819134811715526,0.5448660813223677,0.5448660813223677,0.7804662840598648,0.45,-5.358469391259493,0.0,-18.31296288846985,0.0,0.00018188099572690462,0.0437711289666375,ok,False,0.012819134811715526,1.3333333333333335,0.0,0.0,0.0
,,20.0,-2.253317191357471,-3.796196046746026,7.216611055496211,-7.537033686401643,-16.899701202499052,1.0221965630404926,-22.581149580922776,-3.796196046746026,11.533743950938195,12.460864561165447,11.774883143902962,12.588638137527411,7.170086911886486,normal,17.20584559794196,transition,0.0,transition,54.1721875,50.1,-30.11818326732442,-10.930357986998121,0.1,5.475,0.04311410337686539,0.1,5.889753010591542e-08,0.006257822277847309,17884585953600312048.mp4,5.969343215500931,unlabeled,0.48370248528915755,,normal,12.888930788274852,6.800000000000001,10.574843784977002,-17.709879595017377,-4.820948806742524,1,-26.113787882404885,-21.63608500499071,-18.76030085449973,-16.87066853821978,-15.458614705369586,-14.643947439803444,-12.67698035668196,/b/src/336272252/17884585953600312048.mp4,0.04311410337686539,11.451730096226417,-15.585052730543154,-5.493047788367127,10.092004942176027,-17.797327041697798,,0.0,transition,-17.162731494565094,2.0,2.9846716077504656,7.05713296398892,0.1682825484764543,0.44696445060018464,1.9342105263157894,0.012325648930699344,0.22973444509936378,0.44014631527876036,0.48386088263098376,0.0,-7.936076409929626,0.0,-20.121482118086682,0.0,6.248901898252838e-05,0.007421784571702556,ok,False,0.012325648930699344,1.0156971375807942,0.0,0.0,0.09233610341643582
,,30.0,13.562313625715738,12.662260859706242,10.619636631189374,-7.213616654183319,-37.213880494416294,5.1424012081364445,-2.5205387939574813,10.619636631189374,30.443836315557398,28.901801921130247,32.37086476718264,33.10490361844701,17.02647134831847,normal,17.96655310429547,transition,0.0,transition,59.0019375,14.600000000000001,-9.7341554481408,-17.754493439625236,0.0,0.0,-6.446404933929443,0.0,0.0021302890356922647,0.09699624530663328,17884190052990143423.mp4,19.45938705479106,unlabeled,0.5473550060238161,,normal,7.670661571911543,14.4,26.52134771756268,-19.817136410962235,-12.146474839050692,1,-36.754602541679795,-27.8613886584856,-19.62035706332607,-16.31877832318036,-14.543519868235746,-13.603739159090757,-12.603543509333583,/b/src/336272252/17884190052990143423.mp4,-0.8063686490058899,9.033153235482551,-37.09158263838078,-17.23307483613743,19.85850780224335,-20.063461118082188,,0.0,transition,-18.77292175330136,7.624124031183092,2.5523439775115255,5.3981991525423725,0.002754237288135593,0.2117584745762712,1.5265889830508474,0.0122605334675064,0.24791250096497555,0.42125362557896534,0.6094981028432223,0.25,-8.746875063788536,0.0,-27.729033192789075,0.0,9.424312066749313e-07,0.0040889744917002625,ok,False,0.0122605334675064,0.3389830508474576,0.0,0.0,0.0
,,20.0,14.351358063471729,12.984906405540848,5.032668095082096,-9.826152812528363,-25.72735790664379,6.034505893680288,-7.105372850499588,5.032668095082096,41.9575668622587,28.51979911446295,38.97479077267208,42.785128418153555,30.76791644558903,normal,8.537582432465861,transition,0.0,transition,23.19675,3.8000000000000003,-16.93152566302795,-15.347185991230484,0.05,0.0,-6.200599670410156,0.3,0.009982449070406027,0.01939924906132666,17884639251510417575.mp4,10.380171915413305,unlabeled,0.5289047652688454,,normal,7.366155637502898,3.8000000000000003,12.04120691429319,-16.126473047502135,-8.760317409999237,1,-25.851068117935792,-20.30342273798925,-17.713687651196338,-15.227121423976168,-12.397640481387267,-11.530673228776873,-11.32839993771629,/b/src/336272252/17884639251510417575.mp4,-5.472234725952148,6.78511746714811,-24.294068400140198,-10.42773337240946,13.866335027730738,-17.18977182802216,,0.0,transition,-14.00981715841801,8.946758437970395,1.1602159583698435,22.17332613390929,0.0,0.0010799136069114472,14.341792656587474,0.012244554141896057,0.4920412225185398,0.4920412225185398,0.6295483676985083,0.30000000000000004,-9.750997034850212,0.0,-25.38184306063126,0.0,3.4623555858221905e-06,0.01505451348798547,ok,False,0.012244554141896057,8.423326133909287,0.0,0.0,0.0
,,,3.704291384656072,1.7688507335165582,7.613189531611711,-14.510790482374812,-12.333515560983868,1.828400537763292,3.1865206123388568,1.7688507335165582,29.199856201702968,28.58341522790699,26.112028116678765,26.801293603074,20.766669681178065,normal,9.14179560498606,transition,0.0,loud-start,15.093,3.25,-11.324269870035955,-10.290541685052466,0.0,0.14375,0.10816999524831772,0.0,0.00023335898855286584,0.08135168961201501,17884182258860032138.mp4,2.042973875931402,unlabeled,0.5454932160333921,,normal,2.1115544201150795,0.1,15.639323309411285,-8.434951421761443,-6.323397001646364,2,-15.392014555952537,-13.472941475049842,-11.551395245233417,-9.903260843372976,-9.059551552255325,-8.519661274303045,-7.8885133942290535,/b/src/336272252/17884182258860032138.mp4,0.49609366059303284,4.980405153766517,-8.154668016721132,-9.51808993675009,-1.3634219200289586,-8.519359198149496,,0.0,loud-start,-8.645701944393027,2.7107866372878564,0.7536461364496759,52.28197674418604,3.961378737541528,20.623961794019934,37.855274086378735,0.01213024311317405,0.0751712824358171,0.1434565383410765,0.3858004600599173,0.6000000000000001,-14.257167845383066,0.05,-10.66853903366584,0.178125,0.01213024311317405,0.0016389629155084385,ok,False,0.0016992864929612837,55.48172757475083,0.0,0.0,9.634551495016613
,,,3.704291384656072,1.7688507335165582,7.613189531611711,-14.510790482374812,-12.333515560983868,1.828400537763292,3.1865206123388568,1.7688507335165582,29.199856201702968,28.58341522790699,26.112028116678765,26.801293603074,20.766669681178065,normal,9.14179560498606,transition,0.0,loud-start,15.093,3.25,-11.324269870035955,-10.290541685052466,0.0,0.14375,0.10816999524831772,0.0,0.00023335898855286584,0.08135168961201501,17884280174930040222.mp4,2.042973875931402,unlabeled,0.5454932160333921,,normal,2.1115544201150795,0.1,15.639323309411285,-8.434951421761443,-6.323397001646364,2,-15.392014555952537,-13.472941475049842,-11.551395245233417,-9.903260843372976,-9.059551552255325,-8.519661274303045,-7.8885133942290535,/b/src/336272252/17884280174930040222.mp4,0.49609366059303284,4.980405153766517,-8.154668016721132,-9.51808993675009,-1.3634219200289586,-8.519359198149496,,0.0,loud-start,-8.645701944393027,2.7107866372878564,0.7536461364496759,52.28197674418604,3.961378737541528,20.623961794019934,37.855274086378735,0.01213024311317405,0.0751712824358171,0.1434565383410765,0.3858004600599173,0.6000000000000001,-14.257167845383066,0.05,-10.66853903366584,0.178125,0.01213024311317405,0.0016389629155084385,ok,False,0.0016992864929612837,55.48172757475083,0.0,0.0,9.634551495016613
,,,-4.757056303227182,9.673750609740212,-3.3927639806129726,-4.7673411262349354,-11.652138517264191,2.4811557632107446,0.38570063781145336,-4.757056303227182,50.86305971054645,54.72937738768746,49.075210978309876,53.5090035041721,39.23323302585645,normal,8.721705170605066,transition,0.0,loud-start,11.8668125,2.2,-4.381640488423482,-9.17078522904923,0.0,1.775,0.8197859525680542,0.0,0.006898829245228023,0.17209011264080099,17884195050670751805.mp4,2.4813532882149616,unlabeled,0.5286337672310448,,normal,4.505320897099937,0.1,36.81449661522951,-7.400190149389551,-2.894869252289614,2,-14.529887186205432,-12.305112234896166,-10.402183665251089,-8.931325462464581,-6.756177648899155,-6.175114408874707,-5.5079053283253145,/b/src/336272252/17884195050670751805.mp4,1.7226219177246094,5.1514458533687595,-12.68446028597927,-10.331640410538457,2.3528198754408134,-7.39718081215493,,0.0,loud-start,-6.999083252880456,3.6785615345362497,0.6745444557386701,57.13660337552743,13.62473628691983,32.30036919831223,46.05643459915612,0.011524442516333045,0.36935105752945663,0.5187359199754064,0.49310574791013934,0.4,-4.466414010765532,0.0,-10.548374923559319,1.459375,0.011524442516333045,0.01987700664909336,ok,False,0.0032137892228648957,70.88607594936708,0.0,2.5316455696202533,26.160337552742618
,,,9.5084758401227,7.68292191415151,6.262556398686812,-9.582971294128496,-13.233580764580706,2.5471766274034637,0.5146264479175482,6.262556398686812,44.02431204323521,38.77903274068386,48.5993576454084,47.20488429575109,35.31577873283511,normal,11.029256230888713,transition,0.0,loud-start,21.8035625,4.2,-9.068344846210948,-9.664097116282662,0.0,6.0125,0.9452030062675476,0.0,0.047737621896800045,0.09730913642052566,17884273253490163370.mp4,3.5694836482980445,unlabeled,0.5412391079087521,,normal,6.742199574746041,0.2,18.338676971084556,-10.723286655389462,-3.9810870806434204,2,-42.268671828347664,-14.093267339088527,-11.683101880607964,-10.244917034358679,-8.956296339750974,-8.258187457541094,-7.3335304336301705,/b/src/336272252/17884273253490163370.mp4,1.7938392162322998,4.943170252407864,-11.0356019192016,-7.609487281831819,3.426114637369781,-10.947963110296943,,0.0,loud-start,-9.235417014656413,3.776444067788375,0.9451970118515395,38.222477064220186,6.6224197247706424,14.435636467889909,25.493262614678898,0.011090047745314637,0.29039053792416175,0.29039053792416175,0.2867951695123784,0.7000000000000001,-10.402959375494703,0.05,-11.020606620329888,5.371875,0.011090047745314637,0.01295191419391044,ok,False,0.004138959510029687,53.669724770642205,0.0,0.0,10.550458715596331
,,240.0,-5.35836564922841,11.38179543663908,-0.07492419238974257,-4.027926776409053,-19.498834673532773,4.38753042007265,-3.837946664877453,-5.35836564922841,44.49772407386196,58.06077964930602,51.19530186097384,48.49417515392393,38.432504701760664,normal,12.682710425614482,transition,0.0,transition,8.941125,4.05,-7.865873441286507,-12.506921525995569,0.1,0.0,-1.56891930103302,0.1,0.02329748170931502,0.1132665832290363,17884308719841101157.mp4,6.991913147537204,unlabeled,0.5545082449694173,,normal,6.036489501066159,0.1,44.36373414354059,-13.448022242007092,-7.411532740940933,2,-25.76272483373206,-19.717453469257883,-14.638016425378781,-12.578577574675117,-10.665221045159534,-8.608947745004558,-7.150899557744678,/b/src/336272252/17884308719841101157.mp4,-0.31044331192970276,7.742726231603286,-19.91559730756041,-12.703724456238078,7.211872851322333,-13.780566892215665,,0.0,transition,-12.993153737544185,6.504952600799711,1.0748599684919498,22.152738764044944,1.0140449438202246,4.66748595505618,11.218047752808989,0.01073095560537174,0.15562560357090768,0.5545082449694173,0.5194257577537911,0.45,-6.547907124926153,0.0,-19.85727208319513,0.0,7.439355506058414e-05,0.01938233243138366,ok,False,0.01073095560537174,17.415730337078653,0.0,0.0,6.179775280898876
,,,3.9220566923202735,-1.5534967445063685,4.007935885125924,-10.06146686363345,-11.569837631907482,1.374471958729111,0.7542266907216479,-1.5534967445063685,38.45228766188154,41.099108533545234,40.36330811901402,40.62174359501034,39.980081348785895,normal,5.989940809283446,transition,0.0,loud-start,39.3810625,12.950000000000001,-9.307240172911802,-10.418024112233594,0.0,0.0,-4.671575546264648,0.0,0.01508406356266515,0.10012515644555695,17884505080670868153.mp4,1.1518135196738886,unlabeled,0.46540350916902584,,normal,2.037853469290374,0.1,4.860345799449114,-10.24062058842952,-8.202767119139146,0,-13.098218976174401,-12.214313950678836,-11.33796716347748,-10.42642820163367,-9.780215958581286,-9.454113094183722,-8.779336201663048,/b/src/336272252/17884505080670868153.mp4,-4.310604095458984,3.2942468202046165,-11.162044369862674,-10.198374828751508,0.963669541111166,-10.317360013244436,,0.0,loud-start,-10.30054490474243,2.0377921260117797,0.5652262097646511,46.33362452350699,0.0,9.97260165184244,31.549158195679794,0.009797132180023715,0.16737837707480305,0.3253472109946729,0.3092658897735797,0.1,-10.69827713344662,0.0,-10.72690962565498,0.0,0.009797132180023715,0.010428398041163677,ok,False,0.0013396920452509173,70.90216010165184,0.0,0.0,1.9059720457433291
,,,3.62846369908522,24.451145909962825,4.592751075185616,-9.43387654742778,-17.48608835684845,2.26938214228138,-8.659981658526021,3.62846369908522,20.862905005057186,21.53155677751907,20.11749334860631,20.25037052500909,21.3903327910918,normal,10.239801578291043,transition,0.0,transition,5.0155,2.25,-18.0938582059538,-11.472432860654642,0.05,4.5562499999999995,1.4378976821899414,0.2,0.007307505661065831,0.031914893617021274,17884194731610335603.mp4,6.01365549619381,unlabeled,0.492485807494214,,normal,4.139282359599517,1.7000000000000002,12.022529669401163,-8.565491207090577,-4.42620884749106,2,-19.07753324977371,-16.328327042807924,-12.973382823172017,-11.51864607672637,-9.300677762635546,-4.718109392384719,-4.492044042170983,/b/src/336272252/17884194731610335603.mp4,1.8378294706344604,8.640145583237949,-17.128887188120025,-8.857251325905088,8.271635862214938,-8.741804830860103,,0.0,transition,-8.401972107656583,3.3645859641463733,1.7873389356896785,41.118125,9.095,19.610625000000002,30.38375,0.009186785854596462,0.2949741023840533,0.47540453750606604,0.506305036613432,0.8500000000000001,-7.137052084756965,0.0,-17.255007087818573,2.64375,0.00032121963077327414,0.024021697214271297,ok,False,0.009186785854596462,34.0,0.0,6.0,9.0
,,,1.0535433907515694,-0.5830898853575981,8.742149282214566,-10.763814587500814,-12.502354545849332,1.7938772510553598,-1.9947729895164237,-0.5830898853575981,12.96720295740229,11.530240765224345,10.60756297223866,10.203275851352714,6.425280885029167,normal,9.982235193741255,transition,0.0,loud-start,10.0078125,9.0,-12.758587577017238,-9.887235137154985,0.0,1.4125,-0.3359624445438385,0.0,0.008558225401813752,0.05225281602002503,17884630765470106663.mp4,2.6151194086943477,unlabeled,0.5733520014908872,,normal,5.693938764080026,0.30000000000000004,7.938959458344586,-10.781235789854192,-5.087297025774165,1,-17.594518287284874,-15.015880143842185,-12.947907354818488,-11.283127741279896,-9.94513070720204,-9.02590053010944,-8.292083291539148,/b/src/336272252/17884630765470106663.mp4,0.10269109904766083,5.171964318211279,-10.261013830666979,-8.109497443279505,2.151516387387474,-11.286390313327773,,0.0,loud-start,-9.879544094693594,2.659602412414676,0.983274566336424,39.7546875,3.9078125,12.4596875,25.145625,0.008998332099168518,0.3475360126222069,0.3475360126222069,0.24413895011248424,1.0,-14.660706629143766,0.0,-10.861843046383544,0.48125,0.008998332099168518,0.004918932678357132,ok,False,0.002998106310264241,37.5,0.0,0.0,5.0
,,,8.716750790428915,10.6502355514331,1.0040835166402644,-7.388797278251215,-17.510307920204845,2.9869224809149824,-2.6302353336698596,1.0040835166402644,41.36498270453854,41.03477602054929,40.98448106154163,39.469716920295184,21.000454409675527,normal,9.787389065157024,transition,0.0,transition,35.3175625,4.95,-10.019032611921075,-10.944102265349777,0.0,0.00625,-0.8990570306777954,0.0,0.03077676041966016,0.0688360450563204,17884385013990556518.mp4,6.566205654855068,unlabeled,0.53476644272295,,normal,3.0306849155882922,4.7,10.367092406130894,-9.544677177909659,-6.513992262321366,1,-18.34223810089822,-14.48524787374695,-12.013441930633284,-10.805116145894923,-9.833081350964747,-9.226934362230269,-8.436947187724456,/b/src/336272252/17884385013990556518.mp4,-0.05848388746380806,4.258662618280419,-18.24542346614391,-7.78711274330624,10.458310722837671,-9.594327644710448,,0.0,transition,-9.845872952620832,4.428411270204553,1.4827452226567404,41.399167847025495,2.997078611898017,13.971759915014164,27.57347733711048,0.008911225079185766,0.3086070323431621,0.3086070323431621,0.6591856295382532,0.8,-4.915099527525596,0.0,-12.410555349893828,0.0,0.004382871486236753,0.027528092796907946,ok,False,0.008911225079185766,49.71671388101983,0.0,0.0,4.107648725212465
,,,2.2966143922512816,-6.47047763487706,9.538717529303552,-7.682064008518108,-13.45757428061823,2.2537942696666446,1.4701541822909538,-6.47047763487706,7.423941946598825,7.742182434982903,6.692231475581318,6.295234846845807,4.316077841774847,normal,11.951058860214511,transition,0.0,loud-start,14.4674375,1.1,-6.211909826227154,-11.21200869650218,0.0,0.08125,-0.20801974833011627,0.0,0.048082491195034854,0.1439299123904881,17884652521173519133.mp4,2.2455655841160507,unlabeled,0.4802837693758539,,normal,3.1443667399661095,4.9,3.8884563319789915,-11.164093771445682,-8.019727031479572,0,-15.206042046566791,-13.299267329220253,-11.477176093425246,-10.389982253666428,-9.407339659188455,-9.066168803175378,-8.563212509270238,/b/src/336272252/17884652521173519133.mp4,0.9301807880401611,3.131218026577333,-12.64642146059914,-11.50181938115768,1.1446020794414586,-11.154427883240874,,0.0,loud-start,-11.02087807217435,3.3414753842077674,0.672028168972567,36.09450692041523,1.3027681660899653,8.084991349480969,20.684688581314877,0.008677276675170336,0.05851929350283318,0.26752818869775086,0.3752861279286125,0.75,-6.752730552650764,0.0,-11.143317657070167,0.121875,0.008677276675170336,0.049253238931115204,ok,False,0.001520364820133542,56.40138408304498,0.0,0.0,3.8062283737024223
,,,19.629248270807256,4.63286518841414,9.172436991849828,-12.83376243287475,-22.273270817066667,4.309158802797599,3.7843783844103953,4.63286518841414,27.01625751129028,28.48099375979786,21.800415195716276,25.911238152341728,29.496576043751723,normal,12.51592137549096,transition,0.0,transition,131.1100625,7.8500000000000005,-9.049384048464354,-13.599553970823207,0.0,0.3125,0.5179596543312073,0.4,0.03541764019449804,0.11545682102628285,17884513312230219338.webm,8.67371684624346,unlabeled,0.6011623177068539,,normal,6.871378216371592,3.8000000000000003,12.91431182703619,-11.798107695327868,-4.926729478956276,2,-22.95819281604421,-16.959274299716476,-13.040407132368928,-11.278546604398167,-10.094818702002712,-9.351105252831925,-8.598307831021005,/b/src/336272252/17884513312230219338.webm,1.7452099323272705,5.052498112435824,-21.709585778287163,-9.929987772706077,11.779598005581086,-12.23614804934679,,0.0,transition,-10.77071144316369,6.3887588410277205,1.3576528809542876,30.554657704042715,3.710144927536232,9.978117848970252,19.146619946605643,0.008460166919309188,0.2567317651699614,0.28953997867574405,0.61148091320843,0.0,-2.361063506866597,0.0,-22.103225549920346,0.0,2.2302371583390726e-05,0.02609007688795752,ok,False,0.008460166919309188,35.96491228070175,0.0,0.0,2.898550724637681
,,,1.1787903349517528,17.075976738073457,11.221943062154084,-2.1444280049355777,-20.281136268789986,2.7683775760304314,-1.548612836062902,1.1787903349517528,71.39328102286467,66.7784689211796,68.02893017244054,72.7939732536084,34.72945320083279,normal,16.850116749771413,transition,0.0,transition,9.84525,9.35,-3.6930408409984796,-12.772790721067416,0.0,0.0,-2.8446202278137207,0.0,0.0335779259629731,0.2146433041301627,17884171369051420003.mp4,7.50834554772257,unlabeled,0.47193804925426913,,normal,8.740557260134592,0.4,65.75851959941107,-21.53247884341817,-12.791921583283576,1,-31.492263658075377,-24.738091555319322,-20.272702402148514,-17.22533192472981,-13.482842854611802,-12.878761204679975,-11.887293125557234,/b/src/336272252/17884171369051420003.mp4,-2.4734268188476562,8.764764605643952,-21.65163118826117,-13.70313617262882,7.94849501563235,-21.65255581294022,,0.0,transition,-19.32354356861907,4.104396594222718,1.8293421153041585,4.40593112244898,0.002232142857142857,0.1412627551020408,1.192920918367347,0.008373651302688839,0.398224088241097,0.398224088241097,0.539387053135525,0.8,-3.507034962955054,0.0,-20.51661289428415,0.0,5.158497249633202e-05,0.00715108295547383,ok,False,0.008373651302688839,1.530612244897959,0.0,0.0,0.0
,,,13.072999834203582,11.421430045499072,14.989354624583363,-11.022906053812799,-17.628112506918434,6.516063305334251,-0.09979705115355664,11.421430045499072,56.86221396359113,77.39597625431274,78.87301743908624,76.1729318483699,41.55104995710185,normal,13.012979020545313,transition,0.0,transition,16.3004375,5.5,-11.122703104966355,-11.006028053734552,0.0,1.775,1.7349352836608887,0.1,0.029630472498674752,0.0625782227784731,17884194731941215886.mp4,6.6220844531838825,unlabeled,0.6101395352994138,,normal,4.664052073952533,0.2,66.03767768011483,-10.09553883628482,-5.4314867623322876,2,-44.20510228395055,-23.591524838814312,-12.0193385805548,-9.637690833166621,-7.932885582017747,-7.214095947424718,-6.081494201611186,/b/src/336272252/17884194731941215886.mp4,2.883230686187744,6.551562735280351,-16.39017650680639,-9.530626568463054,6.859549938343337,-9.71653456770187,,0.0,transition,-10.129748334357568,9.66071545648856,0.6854652207706003,34.048312883435585,4.433282208588957,12.706863496932517,23.4948236196319,0.008048707633439288,0.2073970913274095,0.2073970913274095,0.4265813079150244,0.65,-6.555754381009544,0.0,-25.271235981627896,0.0,3.834511294401379e-06,0.02620908833849079,ok,False,0.008048707633439288,49.693251533742334,0.0,0.9202453987730062,19.32515337423313
,,,15.414468305579254,3.9956095948935264,10.467135755681994,-9.7392683114943,-13.342632947923278,2.5483892380161812,5.273197704557365,3.9956095948935264,21.64630461786275,20.409413178747428,19.125022184590968,20.112746724907595,12.026019723870334,normal,12.01853649860878,transition,0.0,transition,15.000125,11.600000000000001,-4.466070606936935,-7.739656366133627,0.0,0.6375,1.2769354581832886,0.0,0.08101272913806364,0.19242803504380473,17884609467900171822.mp4,5.602976581789651,unlabeled,0.5209703378177617,,normal,7.830501028955451,12.3,10.909306707652092,-10.625589299050095,-2.795088270094644,1,-22.137818110550494,-16.895039542808828,-13.233634815234025,-8.912283312276617,-7.531218519417937,-6.806304756493478,-6.250263694538292,/b/src/336272252/17884609467900171822.mp4,3.2056667804718018,7.686558040329363,-11.193714478566964,-7.789565338521804,3.40414914004516,-11.417884314968086,,0.0,transition,-8.812869718136978,3.77824188428279,1.4829586758586377,37.75604166666667,10.280208333333334,19.980208333333334,27.934791666666666,0.007931846520287321,0.09985507283668547,0.13042876940642945,0.44411980368158627,0.75,-9.573874100401907,0.0,-19.982804039110775,0.00625,6.784710562141357e-05,0.018337548393137837,ok,False,0.007931846520287321,41.66666666666667,0.0,0.6666666666666667,27.0
,,40.0,-4.907155151345059,-9.711951037840166,10.548743235263942,-5.331644810378538,-23.1818953040376,6.344430352595401,1.6297465796502282,-9.711951037840166,18.256434052865394,16.33051780967912,17.663621580797408,16.28471631112984,10.131000915087103,normal,16.979351884526963,transition,0.0,transition,19.3886875,2.0,-3.70189823072831,-13.919319566636604,0.0,0.0,-4.258337020874023,0.0,0.0046634972925178875,0.21526908635794745,17884214596920494675.mp4,9.262575737400995,unlabeled,0.5290363865970824,,normal,10.079054021312867,1.0,11.653646076263824,-21.741303782941387,-11.66224976162852,0,-27.88872746783443,-24.543593624974008,-21.415699177195517,-17.192247397964593,-14.178143152905966,-13.572421373312226,-12.666490151089892,/b/src/336272252/17884214596920494675.mp4,-1.6882214546203613,10.213525015415042,-23.859322685870808,-15.667355058010344,8.191967627860464,-22.19921724071714,,0.0,transition,-18.667573339147324,9.40625244075794,0.9847254042710587,5.24515503875969,0.007590439276485788,0.2251291989664083,1.6450258397932818,0.007660764396195886,0.12252650206948057,0.25536332883410606,0.6168869252504795,0.9500000000000001,-4.606493091647879,0.0,-14.356377347334906,0.0,0.001602263303423802,0.05176801556588951,ok,False,0.007660764396195886,0.2583979328165375,0.0,0.0,0.0
,,,2.714564376234849,-0.7198373496891506,-2.3937886353881943,-10.766025867566945,-17.36984337685811,1.3117561092242145,2.511884816080176,-2.3937886353881943,11.600827821494153,12.864065049094703,12.336207867579557,13.260382090582496,7.3581771227224255,normal,11.439287454235668,transition,0.0,transition,26.1703125,2.4000000000000004,-8.25414105148677,-10.590005824144797,0.0,0.075,0.8741995692253113,0.0,0.04088619965313953,0.09762202753441802,17884168918470726007.mp4,6.779837552713314,unlabeled,0.578137897145894,,normal,7.7197696295439915,1.7000000000000002,11.207513555683065,-11.102988879351468,-3.3832192498074765,1,-18.035868933291418,-15.24746168759356,-11.528521555762511,-9.776281901513011,-8.136734612851072,-7.529648791203262,-5.267022588745086,/b/src/336272252/17884168918470726007.mp4,1.4943585395812988,6.443888439268152,-17.139796940929028,-10.484784510256235,6.655012430672793,-11.063136390107553,,0.0,transition,-9.94492891465437,2.0,3.389918776356657,34.92973231357552,5.206381453154876,11.859823135755258,22.04206500956023,0.007632425964555554,0.04437496434845745,0.458969747298052,0.3938694677514021,0.1,-12.120211191859179,0.0,-17.975221958492263,0.0,0.00019572553549267963,0.00015542918531464861,ok,False,0.007632425964555554,55.831739961759084,0.0,4.397705544933078,16.634799235181642
,,,2.9617921522444908,0.9454680489248695,3.676695902149662,-5.340992999868943,-12.039864466335416,1.1471504656256046,-0.6610372045299453,0.9454680489248695,78.82723299601126,70.37041288012394,78.52763336278423,74.78891744919345,37.48649201997847,normal,12.468879494329343,transition,0.0,loud-start,14.884,3.4000000000000004,-6.0020302043988885,-10.102769558549626,0.0,0.0,-1.0987186431884766,0.0,0.00800912799736416,0.1595744680851064,17884187837170695269.mp4,1.9370949077857897,unlabeled,0.517188230940882,,normal,6.213312524834454,0.1,73.17349884501738,-11.12616884636787,-4.912856321533416,2,-15.317186912714872,-13.367038313288033,-11.670550439696504,-10.70920879255089,-9.471650124729308,-8.311539106987302,-7.135860410026642,/b/src/336272252/17884187837170695269.mp4,1.8403816223144531,5.483983474232934,-12.650601874972903,-10.631380964403911,2.0192209105689916,-11.357200807846567,,0.0,loud-start,-10.62849787201489,2.0,0.9685474538928949,36.92781986531987,2.5662878787878785,9.156776094276093,21.462962962962965,0.007420765384491583,0.2037770525804181,0.2091623789373274,0.3165753501709817,0.8500000000000001,-6.150429639549506,0.0,-11.322476194327866,0.025,0.007420765384491583,0.006113103032493134,ok,False,0.001948477324098282,55.218855218855225,0.0,0.0,7.4074074074074066
,,,10.608781964847045,2.0552542702010186,2.8492452218291895,-8.847397597246264,-10.546422251749119,0.7699360296336799,4.834923173161601,2.0552542702010186,4.610457865091453,4.621657874734044,3.97236448338969,4.878529039192255,3.2863774178804697,normal,11.90037861875378,transition,0.0,loud-start,11.1905625,2.45,-4.012474424084663,-8.185006857766172,0.0,0.80625,0.40903332829475403,0.0,0.16294252236574017,0.20369211514392993,17884160566020432390.mp4,2.3614153939829468,unlabeled,0.38189822755369546,,normal,4.040153173191978,0.8,2.492691539503877,-11.385582534855743,-7.345429361663765,1,-18.504711523251864,-13.867780040057198,-11.748209434645169,-10.687289867495956,-9.93337517440372,-9.452693208925123,-7.1100572204438075,/b/src/336272252/17884160566020432390.mp4,0.5734788775444031,4.7261721126421525,-9.96762006562537,-8.489291487169591,1.4783285784557787,-11.428618266776539,,0.0,loud-start,-11.326899741209377,2.0,1.1807076969914734,34.10061659192825,1.149103139013453,7.161154708520179,19.233183856502244,0.007388218391899301,0.15086358396772004,0.15086358396772004,0.3533194433658278,0.6000000000000001,-8.676294140531471,0.0,-11.361071362661887,0.009375,0.007388218391899301,0.026613440239109214,ok,False,0.002708976996315021,55.15695067264574,0.0,0.0,2.690582959641256
,,,11.150778164849566,15.857743656985562,12.27720354447926,-9.686410649138226,-25.101771850614533,5.1752199352415555,-6.727569790405587,11.150778164849566,57.964719190356654,27.41982908780875,35.77489737428819,53.05617929922473,14.409653351880749,normal,12.250040778637402,transition,0.0,transition,18.4148125,1.1,-16.413980439543813,-14.81920295490194,0.0,0.125,0.15640997886657715,0.1,0.00020230681244624274,0.04536921151439299,17884553120850913297.mp4,10.282568895712593,unlabeled,0.5668968648105902,,normal,1.843126829650867,0.5,37.2177736486641,-10.016242474551257,-8.17311564490039,1,-17.253289563394713,-14.462570944257696,-13.346282132548202,-12.322286748814564,-11.478450119533209,-11.195716694249283,-10.204741580100372,/b/src/336272252/17884553120850913297.mp4,1.899391531944275,4.13397652454624,-24.91214666502153,-11.244010251357302,13.668136413664229,-10.003115481154286,,0.0,transition,-10.350649246693127,7.67278107598913,1.3401358378242305,41.84290081521739,1.6049592391304348,10.270889945652174,25.578294836956523,0.007230093854376935,0.055005786226774545,0.31970813692256456,0.6504837261403383,1.0,-16.34577903741347,0.0,-14.663506384385496,0.0625,0.0011851450505908064,0.0002496467441230224,ok,False,0.007230093854376935,18.206521739130434,0.0,0.0,0.0
,,,-1.031798638812412,5.6683220428248475,0.05658287767737491,-8.969970799806768,-12.113925162497068,1.0400257140291558,-4.292315900420398,-1.031798638812412,9.829841779883019,8.734132587414022,8.39186423945771,8.114563503309169,5.971188093121757,normal,7.9881440458963855,transition,0.0,loud-start,9.8220625,6.4,-13.262286700227166,-11.426625909229646,0.0,0.0,-2.92799973487854,0.0,0.017197070959849653,0.058823529411764705,17884162966670628699.mp4,0.6872992532674225,unlabeled,0.5065891024194047,,normal,2.6816847636552117,0.4,2.8839689382298053,-10.000889931545657,-7.319205167890446,1,-15.94882019664654,-13.230568974732762,-12.051502265248779,-10.961391881869002,-10.194239091700705,-9.92383808139076,-9.325254605775658,/b/src/336272252/17884162966670628699.mp4,-2.1051764488220215,2.827269970275644,-9.952487789465373,-10.191326051129531,-0.23883826166415822,-9.962739654285244,,0.0,loud-start,-10.093320494718407,2.0,0.34364962663371124,54.4046556122449,0.0031887755102040817,2.3405612244897958,40.79272959183673,0.007155159066446891,0.3697394532196768,0.3697394532196768,0.43081988672687904,0.35000000000000003,-16.709214855113913,0.0,-11.315205246180605,0.0,0.007155159066446891,0.011612048935118885,ok,False,0.0011639780405459047,48.97959183673469,0.0,0.0,0.0
,,,7.941069821360927,9.392698903712098,6.7600273778899025,-0.9047090870310593,-18.890607146354306,1.852321397602319,1.053656919124528,6.7600273778899025,74.86386216603115,67.10328742309707,74.40303668007257,75.07834602652326,35.296997029245844,normal,14.75218815609795,transition,0.0,transition,18.972125,18.3,0.14894783209346865,-11.732670664745369,0.0,0.0,-1.1754615306854248,0.2,0.21017214399462325,0.3288485607008761,17884652520471554987.mp4,7.157936481608937,unlabeled,0.5126138711089111,,normal,7.439982671952187,0.1,13.053426987966551,-16.216367471386768,-8.776384799434581,1,-22.69822404930282,-18.98141308085761,-15.269672890410634,-13.389950248987693,-12.050148934155866,-11.301704644305957,-10.292031639205181,/b/src/336272252/17884652520471554987.mp4,0.8160305619239807,5.725121389994618,-20.340063500951135,-13.791651278843617,6.548412222107519,-15.89842201972208,,0.0,transition,-13.93615759417397,2.746251704085198,2.6064386126592543,18.69112796833773,0.2932058047493404,3.026055408970976,9.487961741424803,0.006885823535867643,0.05789585252470892,0.1311731707164961,0.45032968003846496,0.05,-14.6807555810407,0.0,-13.747584431404492,0.025,0.0019775594633044927,0.009754138049495273,ok,False,0.006885823535867643,9.498680738786279,0.0,0.0,0.0
,,,4.204618570350303,4.653181094538322,3.682284542520012,-5.977798453347637,-11.748102703354512,1.3678198319576413,-1.3199790574030583,3.682284542520012,16.767006579391516,14.368024106404784,13.802760001741639,12.120355445552908,11.84564345490694,normal,9.813147424061029,transition,0.0,transition,103.7003125,43.400000000000006,-7.297777510750695,-6.772657448901345,0.0,6.4937499999999995,1.5633398294448853,0.0,0.10762672601699046,0.12640801001251564,17884536769520904888.mp4,4.975445254453167,unlabeled,0.5650562818059386,,normal,4.076232538777228,5.5,8.239365754325261,-6.950875543790974,-2.874643005013746,1,-13.978574229215761,-11.659653480191546,-9.368849123198988,-7.5653703318498176,-6.534295849971483,-5.981877012521121,-5.139230616969355,/b/src/336272252/17884536769520904888.mp4,2.747433662414551,5.243671043089404,-11.272226034633515,-6.445923982770271,4.8263020518632445,-6.967116458550853,,0.0,transition,-7.065713761646477,2.0279296828603988,2.4534604412098213,55.13159956605593,12.911945515911283,26.643502892960463,41.16890670202507,0.006801785684933858,0.056373448202797674,0.2012812603346998,0.3066444279850112,0.8500000000000001,-11.26355931640714,0.0,-16.698255371207345,0.0,0.00040628233883085183,0.016902175295604338,ok,False,0.006801785684933858,78.25458052073289,0.0,5.06268081002893,46.57666345226615
,,290.0,34.74328159957993,36.193048263375715,42.76897562279699,-1.1319700264962198,-13.775411037686451,4.112770937587393,-0.8630349834104902,34.74328159957993,81.7313941867291,69.18140111913031,80.50285670262734,81.7313941867291,35.03973612734991,normal,12.928412505514283,transition,0.0,loud-start,18.182625,2.8000000000000003,-1.99500500990671,-10.971554471204454,0.0,0.8,0.6059337258338928,0.0,0.02645027810665406,0.2615769712140175,17884307279761641715.mp4,2.803856566481997,unlabeled,0.6398076869293091,,normal,6.7536970916936,3.0,83.64598196616296,-11.858670752563846,-5.104973660870246,2,-21.03024284139999,-15.458033362106413,-12.838773485413753,-11.215310851329665,-9.417008834740722,-8.613416675253836,-7.451942333303098,/b/src/336272252/17884307279761641715.mp4,2.4678852558135986,5.718277577100298,-13.312625845344561,-12.538309887345447,0.7743159579991143,-11.936388138570685,,0.0,loud-start,-10.460527249700684,6.097594192067068,0.45982997197973535,35.40478650137741,2.9714187327823693,11.174414600550964,22.517906336088153,0.0067845419613165965,0.09533330342905962,0.4826355524535555,0.7088385244206451,0.55,-4.95532476890318,0.0,-11.706510647398757,0.134375,0.0067845419613165965,0.09475294799377193,ok,False,0.001997595588180306,36.36363636363637,0.0,0.0,7.43801652892562
,,310.0,-12.99433644270384,4.233319485978784,-2.0955132445625573,-7.6113074931342215,-22.588131653651836,6.216428222119037,-1.1552728945632786,-12.99433644270384,34.177060093504565,26.162758969627884,34.335370101310296,32.69806897804719,13.209695065170614,normal,17.089594220820732,transition,0.0,transition,13.072875,9.1,-8.7665803876975,-15.494821186193812,0.2,0.025,-0.51552814245224,0.3,0.0341584587555451,0.09198998748435544,17884284317550015330.mp4,7.093310467458023,unlabeled,0.46690299517565875,,normal,11.03560856907623,9.200000000000001,13.75121112245164,-20.360943885980145,-9.325335316903915,1,-29.92700233861848,-26.813404737050533,-21.348848980601407,-16.70978996869345,-14.549507300194856,-13.090233193896857,-10.852450432251677,/b/src/336272252/17884284317550015330.mp4,-0.51552814245224,11.584588741646773,-21.6662000280823,-15.254984114025424,6.411215914056877,-21.08311574611338,,0.0,transition,-17.605122363272972,9.216476482113682,0.7696336535143268,6.960249042145595,0.0871647509578544,0.764367816091954,2.816570881226054,0.006575557310995543,0.055915181439746164,0.35385824533186955,0.5875216176877956,0.35000000000000003,-9.169970466482788,0.0,-24.158205945577624,0.0,6.669767840298739e-06,0.0014071599292464348,ok,False,0.006575557310995543,3.4482758620689653,0.0,0.0,0.0
,,,11.911915643785413,6.578278121255815,10.217271224682175,-9.60038197688978,-21.428028948833457,5.972841765037029,-1.2183279009485037,6.578278121255815,55.389972772113246,32.13598043460203,42.40901016590065,46.17460263637465,26.215096808144523,normal,12.476869677844434,transition,0.0,transition,14.001625,1.2000000000000002,-10.818709877838284,-13.283681577288446,0.0,0.0,-1.632704734802246,0.2,0.008734714236931057,0.0879224030037547,17884577358660973330.mp4,8.144347371545011,unlabeled,0.5458052076120767,,normal,5.563797997569582,0.2,15.338089843304903,-13.050646842656686,-7.4868488450871045,2,-90.0,-90.0,-14.192759209118964,-12.509938166722893,-10.569311497905572,-10.02607979887054,-7.966598081250323,/b/src/336272252/17884577358660973330.mp4,-0.682803750038147,6.531379058525162,-21.103531542607822,-12.772564167382184,8.330967375225638,-13.639452557065095,,0.0,transition,-13.15967342788258,8.855335200843898,0.919710794320792,21.9203125,0.8959821428571428,4.701116071428571,11.999107142857143,0.006400351847342933,0.07517908371672809,0.2570678495764827,0.33193276539217764,1.0,-10.977988212863568,0.0,-14.377737882662306,0.003125,0.001499133582268457,0.04031981855545771,ok,False,0.006400351847342933,21.071428571428573,0.0,0.0,3.214285714285714
,,,-6.21730752208175,7.906165250122676,-5.93022870256998,-8.96533873075819,-14.492471895770258,1.9963169884031942,-11.157118816002452,-6.21730752208175,68.37980197451286,54.63153652510472,62.042906963209376,65.74566763500668,28.55498471139915,normal,9.779533982763382,transition,0.0,transition,26.30825,7.3500000000000005,-20.122457546760643,-9.629722163361556,0.0,0.056249999999999994,-0.5680737495422363,0.0,0.000671335227839158,0.02690863579474343,17884178793230927684.mp4,4.862749732408702,unlabeled,0.5916618376831619,,normal,5.071844437611213,0.5,61.8988495211047,-10.122745063541894,-5.050900625930681,2,-19.918841993659974,-13.582912142453345,-11.118435134023667,-9.765846657436352,-8.41338062781179,-7.721115502120807,-6.658233582489678,/b/src/336272252/17884178793230927684.mp4,0.1361967772245407,5.083007495961033,-14.994729583685002,-8.796820054338575,6.197909529346427,-10.287726223367745,,0.0,transition,-9.643337205538842,2.9597395670065754,1.64296541040832,40.63902091254753,3.429182509505704,16.31285646387833,28.669795627376427,0.006364809390603495,0.3008371552516263,0.3008371552516263,0.789576441523629,1.0,-0.04535300704308501,0.0,-23.656931429382567,0.0,1.0286876006995271e-05,0.3278644913229867,ok,False,0.006364809390603495,63.49809885931559,0.0,0.0,14.82889733840304
,,,11.702736399691771,11.12375084198443,3.8370710951279676,-7.207271694324563,-15.63121919437663,4.2814247080702925,-2.0604002577785696,3.8370710951279676,44.15882578361925,39.998491549512174,40.91529633665445,45.74101240940086,35.184934356844735,normal,8.53688119750439,transition,0.0,loud-start,22.732375,16.650000000000002,-9.267671952103132,-11.522945198887093,0.0,0.95,-0.05356915667653084,0.0,0.03122323280597472,0.08103879849812265,17884178588660107882.mp4,4.108273995489537,unlabeled,0.5894769975580973,,normal,5.281805394690967,0.4,16.435160049420524,-8.803369046660936,-3.521563651969969,2,-16.401578962686415,-13.900411642290287,-12.080887033700284,-10.676221935029432,-7.40680792536925,-6.637305369514973,-5.8873485714069025,/b/src/336272252/17884178588660107882.mp4,0.6226333379745483,6.408600073082931,-15.975319003392723,-8.935744055531757,7.039574947860967,-8.926643620234021,,0.0,loud-start,-7.914247859529842,6.347640272185015,0.6472127939404113,50.70883810572687,10.138766519823788,23.7016795154185,37.739399779735685,0.006039696299086989,0.03115747332227883,0.16182519781134733,0.44702623395201146,0.4,-11.497550107219961,0.1,-12.56427227681719,1.278125,0.006039696299086989,0.0384501720786285,ok,False,0.002669372888889863,48.23788546255506,0.0,1.5418502202643172,16.299559471365637
,,20.0,16.910960615515563,8.152730906959501,13.219256670812644,-4.8403919364783015,-26.85441294182962,3.822482870157746,4.385013248617925,8.152730906959501,29.854220360187846,28.96470737998569,28.022312123053865,30.42564017695696,26.15291691447726,normal,23.22688663966256,transition,0.0,transition,50.5034375,32.800000000000004,-0.45537868786037666,-16.1470142885862,0.0,0.0,-2.9202942848205566,0.0,0.027968389296413723,0.26846057571964954,17884519809400698942.mp4,10.70739865324342,unlabeled,0.4601393798614456,,normal,12.109455982606285,10.0,26.72208293911891,-28.03218391454552,-15.922727931939235,1,-40.786515143797494,-36.03145921204829,-28.372887963945608,-24.098276772405754,-19.381936547168767,-16.94756295642677,-14.22968923339851,/b/src/336272252/17884519809400698942.mp4,-1.1649584770202637,16.423293318950783,-26.87958687444374,-18.471676026248232,8.407910848195506,-28.745311714388684,,0.0,transition,-24.391845116682823,5.6672131032958735,1.8893587479560867,0.9837252475247524,0.0011138613861386138,0.03403465346534653,0.2685024752475248,0.005980381691758484,0.17999955890380517,0.20332965985930673,0.6023672867058494,0.75,-14.05937757212344,0.0,-36.68828680598925,0.0,6.780593452392576e-09,0.016017226703118614,ok,False,0.005980381691758484,0.09900990099009901,0.0,0.0,0.0
,,,5.184304821768389,1.536320614424536,-1.5202230118986346,-8.746687217462465,-13.159695031963949,0.9518665085515687,4.4087286273580855,-1.5202230118986346,5.445017369124233,5.663556603068653,5.956373641655215,6.361681235723108,3.153863609025727,normal,11.719455467522863,transition,0.0,loud-start,15.021875,12.9,-4.33795859010438,-9.856321900022373,0.0,0.18125000000000002,0.3886576294898987,0.0,0.06721621220095918,0.18053817271589487,17884278043650641568.mp4,3.3033731319415764,unlabeled,0.3891005738655866,,normal,3.4403516316714597,12.600000000000001,4.87630955673351,-11.502224020781963,-8.061872389110503,0,-14.182984376201091,-13.51029606275975,-12.22803766195587,-10.919132706315274,-9.57396223396038,-8.922596007373112,-7.979271901743671,/b/src/336272252/17884278043650641568.mp4,0.43236759305000305,4.798705518462909,-12.793787763592146,-10.117463090930137,2.676324672662009,-11.625371926775028,,0.0,loud-start,-11.28708787447286,2.0,1.6516865659707882,33.721041666666665,1.5631249999999999,6.855208333333334,17.888333333333335,0.005877935412654062,0.09022400728896522,0.1631618884325294,0.42314553112443454,0.35000000000000003,-14.187823293746469,0.0,-11.703317912947465,0.2875,0.005877935412654062,0.009667195831942383,ok,False,0.0028461976450396788,44.666666666666664,0.0,0.0,6.333333333333334
,,20.0,2.6583291468773877,23.681279521772606,15.829884061767366,0.3207175091835741,-13.519599686241992,4.3049053076005865,-13.60010007719945,2.6583291468773877,67.54061661988328,81.13640374020008,71.81337128291476,73.08480641878604,41.107132787349336,normal,9.030918288043129,transition,0.0,transition,286.36,15.100000000000001,-13.279382568015876,-8.831528814786322,0.0,10.037500000000001,0.8125083446502686,0.0,0.02182422204573682,0.08260325406758448,17884296153640641553.webm,4.68807087145567,unlabeled,0.7363237643634345,,normal,5.324585471341646,0.1,85.2825046170673,-7.794326958066113,-2.469741486724468,2,-16.37409947188725,-11.565778538887386,-9.20612192781019,-8.110849352104452,-6.762382184671437,-5.72401073917429,-4.705932217363053,/b/src/336272252/17884296153640641553.webm,1.8272578716278076,5.548531256030024,-14.570559947190358,-5.9096485066130136,8.660911440577344,-7.864419633340556,,0.0,transition,-7.203660416415321,6.382452609048629,0.7345249794427343,49.59669111227519,13.50789025667889,25.894829317269075,38.11801554042256,0.005774030525585657,0.16873598355878727,0.5721260323743086,0.46094080153073874,0.1,-30.16831909130712,0.1,-12.868247762200404,6.90625,0.005017004233694409,0.00011638697369116012,ok,False,0.005774030525585657,77.57988475641697,0.0,6.303474768639776,45.870438274838484
,,,3.228774405111351,9.518221464865434,-0.19443727758741414,-7.054875630506057,-12.823475222295421,2.5838342827223206,2.7623070744863867,-0.19443727758741414,15.395029932927205,14.427697355676143,15.359539740955682,14.57709508846259,9.427215462102751,normal,11.98288962963397,transition,0.0,loud-start,10.563625,4.9,-4.2925685560196705,-10.210824655020659,0.0,0.8562500000000001,1.0291229486465454,0.0,0.06685533828938521,0.16802252816020025,17884522264670690159.mp4,2.6126505672747626,unlabeled,0.5737495520041896,,normal,4.957732535869026,9.5,5.025437085422771,-11.088941362903189,-6.131208827034163,1,-19.760634815150535,-14.99497746297618,-12.211172407394395,-10.281388285160414,-9.172856207011494,-8.325811175865752,-7.356507872617279,/b/src/336272252/17884522264670690159.mp4,1.3411229848861694,5.746033869040879,-11.409962768113768,-8.87272528578591,2.5372374823278587,-11.14319410720816,,0.0,loud-start,-10.6417666447478,3.8307927075641124,0.6820130366532074,35.81042654028436,2.255627962085308,10.352488151658768,21.998222748815166,0.005720922663957807,0.26821914412836056,0.48497440102163386,0.2863741998116995,0.0,-13.738967730746722,0.0,-11.760990310061405,0.1625,0.005720922663957807,0.011765820942302907,ok,False,0.002640636931789964,46.91943127962085,0.0,0.0,8.530805687203792
,,,6.668259669378042,5.406603687097913,8.983235606076905,-7.936888639569123,-17.73520280788597,5.382083093219803,0.7678426099185494,5.406603687097913,77.94341678344857,54.02218014559064,65.18682804626519,72.31047431729795,28.81697441242376,normal,12.858003577289422,transition,0.0,loud-start,17.9955,1.6,-7.169046029650573,-12.092821922955405,0.0,1.26875,1.8906139135360718,0.1,0.08182545001614866,0.14142678347934917,17884499401820237883.mp4,5.642380884930564,unlabeled,0.5031592636037671,,normal,4.621790668148211,0.1,49.239626475658156,-10.579833031071495,-5.958042362923283,2,-15.91237702917284,-13.883806069174955,-12.19807164302449,-10.57597320046659,-9.37550094240208,-8.818455611671407,-7.7034932075998555,/b/src/336272252/17884499401820237883.mp4,2.517780303955078,4.798959806572598,-15.595435433856661,-11.469729413142693,4.125706020713968,-10.71491301530451,,0.0,loud-start,-10.340223273334344,7.97947639400768,0.7071116707817825,37.95282033426184,2.9188718662952646,10.323990250696378,23.014623955431755,0.005617387994325923,0.09263248689890803,0.26639992968496967,0.260255453120026,0.8500000000000001,-5.158158424780408,0.0,-12.049803393967123,0.534375,0.005617387994325923,0.07016795972754805,ok,False,0.004080335761399223,48.18941504178273,0.0,0.0,6.406685236768802
,,,0.5952010299500445,5.663858710429249,1.1174861825455462,-9.099200312923276,-12.68848220752558,1.340011026492128,-2.836085736050137,0.5952010299500445,80.29189211505215,78.70548871206147,78.06105109571004,77.04587941198474,39.66442788895265,normal,12.605391907662675,transition,0.0,loud-start,13.049625,11.65,-11.935286048973413,-9.943923852799733,0.0,0.3375,-0.4636736512184143,0.0,0.00046004100359601374,0.08010012515644555,17884188400080960384.mp4,2.7445583547258465,unlabeled,0.4602528121095648,,normal,3.4575750966147183,0.1,78.35568851280208,-12.237974992943073,-8.780399896328355,1,-18.94083364103367,-15.838468781190436,-12.652999185911812,-11.611986765781785,-10.917748325780071,-10.489452871441083,-9.624509308384475,/b/src/336272252/17884188400080960384.mp4,0.06464461237192154,3.540629622553432,-12.173994028230728,-9.693461972157287,2.480532056073441,-12.244706555489651,,0.0,loud-start,-12.540747295290753,2.0,1.3722791773629233,26.639903846153846,0.6045673076923077,4.1536057692307695,13.307451923076924,0.005535843149361383,0.12667134334268257,0.14141177594691517,0.6577593042250542,0.45,-17.165792472722618,0.0,-11.791929525079489,0.171875,0.005535843149361383,0.0043884946403126065,ok,False,0.0024044053133274674,39.23076923076923,0.0,0.0,0.0
,,10.0,33.695013104226526,17.056295386263592,9.770802720833066,-17.524779670986295,-22.860905040128024,5.38212938986875,1.1684569824648214,9.770802720833066,33.576014690464504,31.56335305938495,33.61480076200841,33.60317088165502,16.254755075280258,normal,9.968295422685568,transition,0.0,transition,9.126875,5.45,-16.356322688521473,-15.30980721611928,0.05,0.0,-4.591084003448486,0.1,0.0069959690808466465,0.04974968710888611,17884290143360691663.mp4,7.551097824008744,unlabeled,0.5025620703151799,,normal,3.9164946634465796,5.5,35.25411635602992,-13.384420861068342,-9.467926197621763,1,-37.495852212427295,-25.376256592179704,-18.532642235703552,-15.864838220509053,-13.490021033651496,-12.443204111401814,-11.008734665169559,/b/src/336272252/17884290143360691663.mp4,-3.3364412784576416,7.798931557374916,-18.26744577674222,-12.149228461193024,6.118217315549197,-13.386272114044456,,0.0,transition,-13.30473670114321,7.979545033419408,0.9463068122786112,27.463255494505496,0.0,0.6298076923076923,14.352335164835164,0.005434846834457942,0.3441738826298743,0.3441738826298743,0.35532372542746454,0.75,-28.262701383083282,0.0,-17.91398537498859,0.0,0.000199905020416339,0.00018349476601005002,ok,False,0.005434846834457942,4.395604395604396,0.0,0.0,0.0
,,,4.10906012759617,-7.26105654040045,6.169777167458584,-4.880751728133921,-14.442454531351293,2.418049412280663,0.6682333441156221,-7.26105654040045,10.607957143920576,10.711750721969704,11.179382823967833,10.527466963703032,6.716772478731736,normal,11.862621632570695,transition,0.0,loud-start,18.08975,1.9500000000000002,-4.212518384018299,-11.397186902711885,0.0,0.0375,0.45141148567199707,0.0,0.01244651360819108,0.1764705882352941,17884158648100497182.mp4,3.045267628639408,unlabeled,0.45291383506402955,,normal,3.9473764762191728,0.1,6.947766625120526,-10.867468639891529,-6.920092163672356,1,-18.00709624888218,-13.891138035761653,-11.700269970008442,-10.429449225431917,-9.702584334333183,-9.313067834382974,-8.443151516336618,/b/src/336272252/17884158648100497182.mp4,1.0004245042800903,3.8533587649346295,-15.113769498278524,-12.05154823076909,3.0622212675094342,-10.687527778543476,,0.0,loud-start,-10.862197128290605,3.5850000586473105,0.8494470233812064,35.64629501385041,1.6982340720221607,9.239439058171744,21.60768698060942,0.005429785003771637,0.3911373067057951,0.3911373067057951,0.5088929785073896,0.7000000000000001,-3.586266265099217,0.0,-11.93834158917877,0.003125,0.005429785003771637,0.0022579477471249905,ok,False,0.002687839719816401,55.124653739612185,0.0,0.0,2.7700831024930745
,,30.0,16.103229896751987,1.280446820169825,0.39757274514686536,-5.642526371675843,-19.08363208653409,6.314761628190666,0.741099029916441,0.39757274514686536,19.010660641066547,22.043545005834694,20.84551550821668,20.68395185103753,12.279020124539946,normal,12.736833765724818,transition,0.0,transition,19.829875,2.25,-4.901427341759402,-12.29801367345084,0.0,0.0,-1.6023982763290405,0.0,0.1210578803838818,0.16770963704630787,17884214597501542304.mp4,6.785618413083252,unlabeled,0.37609789007079053,,normal,2.4214722934624664,0.1,15.719786215710606,-13.451884297325535,-11.030412003863068,1,-17.9430226959555,-14.676078197420749,-13.02576168593811,-12.018830664197832,-11.401268146831349,-11.101484634944443,-10.57781173288641,/b/src/336272252/17884214597501542304.mp4,-0.9124709367752075,2.9438005157879275,-19.283307089148266,-14.136507172928654,5.146799916219612,-13.417761840402463,,0.0,transition,-13.649304702500025,9.36226558995548,0.7247837980972637,21.70123106060606,0.16808712121212122,2.163194444444444,9.202493686868687,0.005409785785003849,0.061443419128882085,0.17699023435163694,0.40262271418387957,0.45,-7.661196119000846,0.0,-14.352551649131446,0.0,0.0015916827653796194,0.06000983588010345,ok,False,0.005409785785003849,25.0,0.0,0.0,0.0
,,,-5.392248075947277,9.017159062928798,-0.6245323095813173,-2.275799002924296,-12.788121630785263,2.3974069973214895,-4.011376591217051,-5.392248075947277,14.656146766508162,13.25549391157177,16.685106495672784,15.507209662214992,9.761477942986392,normal,12.147776407128068,transition,0.0,loud-start,15.303375,10.600000000000001,-6.287175594141347,-9.692264639407199,0.0,0.4,0.3530808687210083,0.0,0.014439309805154892,0.14267834793491865,17884208685180540177.mp4,3.0958569913780636,unlabeled,0.5504937525587675,,normal,5.38463126243034,0.1,7.908908399095761,-11.343808603199662,-5.959177340769322,1,-16.498304361711956,-14.202408988602299,-11.80192250749802,-10.054851905136495,-9.034196451631132,-8.46920227662175,-7.791767353571352,/b/src/336272252/17884208685180540177.mp4,1.5131242275238037,4.340575488018319,-13.326364009814693,-9.726250226961344,3.6001137828533487,-11.509211963747607,,0.0,loud-start,-10.634652179604265,3.55439561422884,0.8709939262204889,35.67524509803921,2.463235294117647,9.845588235294118,21.55841503267974,0.005390692313133431,0.2831034380640317,0.2831034380640317,0.46261671005746985,1.1,-12.282449113116472,0.05,-12.267826852957201,0.2625,0.005390692313133431,0.006129938396503977,ok,False,0.003424106856587102,51.9607843137255,0.0,0.0,9.477124183006536
,,150.0,11.708592918854842,-0.05481358358239419,9.653836871205929,-9.200487511687552,-18.892890927373266,3.839592964661402,2.239164572289294,-0.05481358358239419,63.72220694937077,79.57723372367191,79.01515915132708,71.69446571684625,40.04844644785278,normal,10.370342180916095,transition,0.0,transition,44.467625,3.4000000000000004,-6.961322939398258,-12.569268828406678,0.0,0.0,-1.7075430154800415,0.0,0.005744263941380962,0.13141426783479349,17884175316620853451.mp4,6.323622098966588,unlabeled,0.5664222140189041,,normal,5.529790742331821,0.1,81.87190780904125,-11.006459349212786,-5.476668606880965,2,-18.216665923692265,-15.229867819020487,-12.427846222879891,-10.448455556875864,-8.60721441562952,-7.270514881638756,-6.314935997545152,/b/src/336272252/17884175316620853451.mp4,0.0033986803609877825,6.548559192931986,-18.70174881650308,-12.995550710928168,5.706198105574913,-11.100582925102868,,0.0,transition,-10.366943500555108,5.692580529406994,1.1108533408178822,37.47834645669291,2.6801181102362204,11.456974128233972,23.66408886389201,0.005289527566487921,0.22939445430866123,0.33178700007418754,0.4864052644226388,0.05,-10.819166832713329,0.0,-13.095066039368946,0.0,0.0028410065588280776,0.008900912109907809,ok,False,0.005289527566487921,45.894263217097865,0.0,0.22497187851518563,11.586051743532058
,,,4.59564214481146,7.083612236809792,11.25021941546836,-4.610521585209534,-19.665612160423965,5.350177445072306,-4.378186886841138,4.59564214481146,17.027320410457193,14.313935205757275,14.257927092267767,13.881544460899827,7.559244153631482,normal,8.525382159256212,transition,0.0,transition,15.02475,4.2,-8.988708472050671,-12.856924299621305,0.0,0.0,-4.390926837921143,0.0,0.05367753258445623,0.10794743429286609,17884652520852553740.mp4,6.80868786080266,unlabeled,0.47426123964475125,,normal,2.291750414943177,3.6,7.3273639888305855,-10.836548942620954,-8.544798527677777,0,-19.984754251933474,-15.58948628496704,-13.992009910668735,-12.714266985033317,-12.194540080880836,-11.936595557122592,-11.47376157638165,/b/src/336272252/17884652520852553740.mp4,-2.9845521450042725,5.18119530499097,-20.93499368769339,-11.314564917140915,9.620428770552474,-10.798804917518488,,0.0,transition,-11.509934304260485,7.9321730800642,0.8583635016632231,42.86229166666667,0.00020833333333333335,1.0816666666666668,24.493125,0.0049012286222593765,0.10140669235757965,0.10140669235757965,0.3616657737921779,0.25,-14.152949816052928,0.05,-12.631014189924628,0.0,0.004499881288718997,0.01844204379752163,ok,False,0.0049012286222593765,6.333333333333334,0.0,0.0,0.33333333333333337
,,240.0,30.110230766475084,23.48744990770859,25.580798523955355,-4.290057296402278,-42.710923671788635,15.332776386970583,-3.5285002833399464,23.48744990770859,69.8340362596391,59.639313980779974,66.45173677490538,67.31714623433109,34.454329680536745,normal,16.5558987370036,transition,0.0,transition,5.24775,3.9000000000000004,-7.818557579742224,-20.20562906418681,0.0,0.0,-6.628110408782959,0.0,0.019653634154107015,0.11264080100125157,17884284993560272677.mp4,22.505294607601826,unlabeled,0.6941941618933846,,normal,23.05034046308335,0.4,32.73181934050493,-37.67117359092166,-14.620833127838308,2,-71.39059990166054,-54.92903334531478,-38.887033764930024,-23.000566928003416,-19.957296206737574,-18.59958537084707,-16.59450869954962,/b/src/336272252/17884284993560272677.mp4,-6.364414215087891,22.712250663183646,-43.666618902501284,-18.880563014943895,24.78605588755739,-38.12297455925585,,0.0,transition,-22.92031295209149,22.732374271322584,0.9900107370655417,1.7704326923076923,0.0,0.0,0.16165865384615385,0.004834864106829033,0.09865941507138315,0.18438454548832914,0.47185546698453046,0.35000000000000003,-1.1589602518355444,0.0,-44.82923806325663,0.0,8.92657506357079e-11,0.09471268148132023,ok,False,0.004834864106829033,0.0,0.0,0.0,0.0
,,20.0,-9.118295933863184,16.61159580212008,-2.438229414811741,-6.505043536068414,-15.474022696400398,2.7497210122483855,-23.989991598343284,-9.118295933863184,71.43462919301382,53.493583684633315,70.62355941148382,70.62355941148382,36.01239233938752,normal,16.30817164654446,transition,0.0,transition,42.0745625,38.0,-30.495035134411697,-10.807415893711688,0.0,5.475,-0.04195983707904816,0.0,7.4259580627710645e-09,0.005632040050062579,17884190667020331545.mp4,4.66660680268871,unlabeled,0.5814600402177938,,suspicious,14.801538973453745,1.3,69.04663743046136,-19.227729978198074,-4.426191004744328,4,-41.98140957259697,-23.24376398223572,-18.977628265724096,-15.888800391735009,-13.412130198680991,-12.393847089842131,-10.939399138265205,/b/src/336272252/17884190667020331545.mp4,-0.04195983707904816,11.391801251630888,-15.127423918836161,-5.421210396115397,9.706213522720764,-19.41927237443595,,0.0,transition,-16.350131483623507,4.0767363727594566,1.1446918260083574,9.959646254458978,0.24821640903686087,1.2111325802615933,4.303061831153389,0.004803583754698228,0.26233196531839853,0.4202661797503365,0.5635294704439258,1.0,-4.120874592783235,0.0,-47.441104085125346,0.0,1.935791844024044e-11,0.016356873756231554,ok,False,0.004803583754698228,3.4482758620689653,0.0,0.0,0.11890606420927466
,,,9.557076449321116,7.13648618181093,4.985930773151447,-5.939810106176607,-16.866123697278496,1.763406854950989,-4.413437096086994,4.985930773151447,12.607350302150104,13.334415507817136,9.559026894198915,14.269722566515691,9.143099128508043,normal,13.159747111711852,transition,0.0,transition,21.9893125,20.1,-10.353247202263601,-11.779594900150013,0.0,2.28125,0.5494510531425476,0.0,0.04159347948537484,0.08135168961201503,17884507415110803840.mp4,5.086528797128484,unlabeled,0.563064280851081,,normal,8.957924518499397,20.0,10.866359725761999,-15.073435827344333,-6.115511308844938,1,-19.308379504818156,-18.0113487305397,-16.926268989394412,-14.578076620284078,-11.265476606193563,-10.071301132755533,-9.440872670666447,/b/src/336272252/17884507415110803840.mp4,1.0079236030578613,10.733539029411105,-16.106599956578123,-8.152063133147637,7.954536823430486,-15.293605790486707,,0.0,transition,-12.15182350865399,2.614427003150336,1.9455616052769156,28.87414578587699,0.5119589977220956,1.652761958997722,18.186645785876994,0.004768034727234161,0.31850998172969447,0.511093674536797,0.5401831765623902,0.6000000000000001,-17.351875645868915,0.0,-16.84638607919327,0.0,0.00036004386176088893,0.0011632329412674535,ok,False,0.004768034727234161,13.439635535307518,0.0,0.0,0.45558086560364464
,,70.0,25.336806091908368,10.03759940105962,6.590655951682148,-7.0722732697490684,-25.68326784157428,4.300808820280023,2.5433675562251663,6.590655951682148,76.27383927632553,77.75914298235695,77.75914298235695,77.75914298235695,39.35705385574224,normal,19.781974202965817,transition,0.0,transition,22.6859375,21.6,-4.528905713523902,-16.817991345306933,0.1,0.0,-4.031667232513428,0.1,0.024382942473441735,0.1414267834793492,17884232751260898707.mp4,8.865276496267349,unlabeled,0.5181884238573101,,normal,12.571765666512619,21.3,78.05887271769187,-24.51289294882075,-11.94112728230813,1,-40.74846509690904,-28.005400492802263,-24.880880405149522,-22.62143489780601,-20.79650776474916,-20.13318870666538,-15.42420242028091,/b/src/336272252/17884232751260898707.mp4,-3.368790626525879,13.594988116634008,-25.085225741707074,-17.630566532773315,7.454659208933759,-24.76849343916524,,0.0,transition,-23.150764829491695,6.376379156947162,1.390330825388339,0.6578366445916115,0.0,0.02786975717439294,0.15949227373068434,0.004745327918669348,0.06519228252966736,0.4178398800932279,0.6348760124878162,0.25,-8.072039229833017,0.0,-24.520493148531635,0.0,5.526227347319731e-06,0.0035190360902756313,ok,False,0.004745327918669348,0.22075055187637968,0.0,0.0,0.0
,,,0.16245223046414847,12.053035487817397,0.5943954672373994,-12.091005822518136,-10.00347485381852,2.588166942710299,-3.4206357395552374,0.16245223046414847,76.79580461390854,71.93843561886688,80.79814294653882,76.01533457023608,41.07191256255257,normal,6.877109717243515,transition,0.0,transition,15.3948125,7.95,-15.511641562073374,-6.746944152451996,0.0,18.80625,0.45979931950569153,0.0,0.0118899781036436,0.03379224030037547,17884182869662753713.mp4,3.2565307013665246,unlabeled,0.5301194939192055,,normal,1.5633766998316077,0.4,84.90479310384183,-5.152169027652153,-3.5887923278205456,2,-14.576624091644062,-11.450772795892759,-8.72529772915372,-7.5849766525339914,-7.07244607591205,-6.566147657043923,-5.89544035273917,/b/src/336272252/17884182869662753713.mp4,0.7364461421966553,3.584035193702447,-7.362315098807352,-4.394049170646,2.968265928161352,-5.065975344369225,,0.0,transition,-6.14066357504686,3.837216309262289,0.8486700876116618,56.32491856677524,19.95012214983713,33.81718241042345,45.71111563517915,0.004738308917067927,0.24675509331747641,0.3977830187780943,0.33755456354616015,0.9,-12.248217320475455,0.1,-14.065482843924347,4.08125,0.002799618001291261,0.044456923080917116,ok,False,0.004738308917067927,78.17589576547232,0.0,1.9543973941368076,54.72312703583062
,,50.0,8.2005569273073,6.630160402583211,14.726689478376297,-12.73367530298526,-37.09940992203562,6.714313795803282,1.6008923411172322,6.630160402583211,28.30753964509512,23.804055292922058,24.328744958925025,28.177752901307848,13.460465981133432,normal,22.141681996332494,transition,0.0,transition,77.1613125,69.55,-11.132782961868028,-19.99906664734236,0.0,0.0,-5.5332536697387695,0.0,0.0004915824436395158,0.07384230287859825,17884618658250993304.mp4,17.10034327469326,unlabeled,0.6332686868827218,,normal,16.984015131025597,11.8,18.649003978243204,-30.52123086079189,-13.537215729766292,2,-45.278455658597984,-40.98418355194068,-34.8510285695277,-28.254532683386905,-23.578051687179386,-21.587873344063006,-17.824951785349565,/b/src/336272252/17884618658250993304.mp4,-4.540755271911621,22.351771681402095,-35.28027729283137,-19.445286014568556,15.834991278262816,-31.293915216621343,,0.0,transition,-26.682437268244115,9.954641633657944,1.7178261060523528,0.21698801036941023,0.0,0.002916396629941672,0.04147764095917045,0.004695221938157194,0.22769215716183128,0.3340337971415156,0.5623043688144714,0.30000000000000004,-12.495402926488756,0.0,-23.123474697062363,0.0,1.1547296645969068e-05,0.00030993678258046497,ok,False,0.004695221938157194,0.0,0.0,0.0,0.0
,,,6.561965037416287,14.021779147123972,4.639371343804273,-10.091508027218753,-18.082079711028186,2.375800190546075,-3.049622656471625,4.639371343804273,11.723437286553121,9.369466850551344,9.447385528715898,14.835086281983848,6.74346167760282,normal,13.754756611412141,transition,0.0,transition,7.8265625,5.300000000000001,-13.141130683690378,-13.128560191849246,0.05,0.18125000000000002,-0.23923805356025696,0.2,0.016654152379320265,0.04881101376720901,17884318801490912310.mp4,4.95351951917894,unlabeled,0.5054130802249835,,normal,9.158202814241875,4.0,10.260438643175403,-16.716308651665532,-7.558105837423657,1,-22.663436441385336,-20.531980121645983,-17.624870658298974,-14.352933282378583,-11.694032339214242,-10.169234117921174,-8.567512655814314,/b/src/336272252/17884318801490912310.mp4,0.21015547215938568,9.198006266760423,-17.29391183973509,-10.859375920297111,6.43453591943798,-16.352830960784118,,0.0,transition,-13.544601139252755,3.5223613625036103,1.4063064545024695,18.915464743589745,0.5901442307692308,4.011618589743589,10.212740384615385,0.004680399401736556,0.425963200770335,0.5029282471819015,0.3954990399698984,0.5,-7.691064037928427,0.0,-20.225015312147974,0.0,6.195256737638657e-05,0.03572825207850126,ok,False,0.004680399401736556,11.538461538461538,0.0,0.0,1.9230769230769231
,,80.0,-0.4032644478480627,1.6506133062203112,-0.7552043476707366,-10.391766795748435,-26.39040347738093,3.3520261941622493,5.741322291222868,-0.7552043476707366,66.32924120815979,52.80506039898953,65.2765315593623,59.653583816614656,28.839403377705423,normal,17.692506792581163,transition,0.0,transition,15.2555,7.9,-4.6504445045255665,-16.596928245570684,0.0,0.0,-3.932964324951172,0.0,0.016874316917962585,0.18429286608260326,17884283770650516151.mp4,9.793475231810245,unlabeled,0.4370537372904412,,normal,9.490995789530032,0.30000000000000004,57.08958943818927,-24.100595652112165,-14.609599862582133,1,-31.467673051110662,-28.63980334325525,-24.554367139639286,-20.12032388098565,-16.807944827608523,-16.424437782894508,-14.907069568327138,/b/src/336272252/17884283770650516151.mp4,-3.849198579788208,10.886115139944938,-26.083320371234727,-17.386752643360442,8.696567727874285,-24.239427942276244,,0.0,transition,-21.54170537236937,4.969714035464951,1.9706315417591223,1.7375000000000003,0.0,0.011475409836065573,0.27684426229508197,0.004401169997316568,0.22970700041686506,0.22970700041686506,0.5196397601275262,0.7000000000000001,-10.19492436907833,0.0,-21.7145269948873,0.0,2.559142116907497e-05,0.006697667405767674,ok,False,0.004401169997316568,0.0,0.0,0.0,0.0
,,,6.01550412396982,2.7559816620991384,4.543141689445369,-8.429012607373124,-15.90044749890047,2.4080895040025467,-0.8645093143080942,2.7559816620991384,13.936359319395997,18.719205711579367,14.37792122184161,16.592064868537165,12.761522885871216,normal,12.792817815922497,transition,0.0,loud-start,16.137875,8.6,-9.293521921681219,-12.448952370578573,0.0,0.0,-2.154259443283081,0.0,0.02553224959749112,0.09762202753441801,17884179198673261907.mp4,3.4514951283218966,unlabeled,0.48101523618620784,,normal,6.2050172779184045,0.1,18.12587759550032,-14.75403901986879,-8.549021741950385,1,-20.876785878037616,-18.47348033285556,-15.562506204858344,-13.220477666303324,-10.215635857959187,-9.03943062108446,-8.123137882416403,/b/src/336272252/17884179198673261907.mp4,-0.8100892305374146,8.205292936131336,-15.29604084173766,-12.109514136090471,3.1865267056471893,-15.136492382648239,,0.0,loud-start,-13.602907046459912,3.5702334986341757,0.966742127550564,18.27523291925466,0.2954192546583851,4.040178571428572,9.202445652173912,0.004361422698365345,0.1646517585408335,0.1646517585408335,0.3541251426649167,0.4,-4.339949457024018,0.05,-12.958896351103904,0.003125,0.004361422698365345,0.1598995511497305,ok,False,0.001941242983629989,17.391304347826086,0.0,0.0,4.968944099378882
,,,-0.25644496141799666,8.607709103064682,2.804907077168105,-6.794089264029032,-15.980011401438018,1.7536140304648384,-5.946942934393113,-0.25644496141799666,72.61240719965346,70.51787950177938,71.12520768754858,70.19697958135593,36.409687983498,normal,9.373735750130324,transition,0.0,transition,13.16575,2.15,-12.741032198422145,-11.10063101337954,0.0,0.10625000000000001,-0.4219558537006378,0.0,0.010218439724850361,0.045682102628285357,17884654479790026498.mp4,4.879380388058479,unlabeled,0.44155932427656325,,normal,3.1938550019245664,0.1,70.85226965414782,-9.51959816505942,-6.325743163134854,2,-16.271382338450373,-13.777634112096553,-12.378061067391277,-11.24829907796152,-10.182007709929598,-9.894042559389911,-8.573759268875893,/b/src/336272252/17884654479790026498.mp4,-0.4219558537006378,4.258460818507116,-15.492734961671726,-9.410030963805058,6.082703997866668,-9.661142716209902,,0.0,transition,-9.795691603830962,2.5999081615671695,1.8767510561285718,42.29776615969582,2.984077946768061,13.776378326996197,28.05893536121673,0.004205146054432839,0.16229879398280794,0.17085039841695276,0.4222231392747194,0.75,-6.873029626399617,0.0,-15.706860243071189,0.003125,0.0007502469119262035,0.04304798650200578,ok,False,0.004205146054432839,41.825095057034225,0.0,0.0,3.041825095057034
,,,16.19334914779448,-8.734068951360502,8.85427911888014,-9.647525144431594,-18.813036974739944,1.3371958214644266,2.0403357528071933,-8.734068951360502,19.352706334690065,15.863399203249646,17.262516127801952,16.389929843319234,9.783810378449278,normal,14.316379045857555,transition,0.0,loud-start,10.8915625,1.1,-7.6071893916244,-14.125783384822771,0.0,0.0,-3.8250696659088135,0.0,0.015434979736582817,0.13266583229036297,17884168918811797348.mp4,4.687253589917173,unlabeled,0.4224213678950471,,normal,3.6795388987019315,0.1,14.401315183780191,-14.164314392720367,-10.484775494018436,1,-19.81988708217867,-16.7570915833355,-14.144987051254956,-12.50448883557757,-11.502821161143311,-10.962509615397646,-9.204906837291201,/b/src/336272252/17884168918811797348.mp4,0.2954966723918915,5.532842294287844,-18.320137608180367,-14.227506035614656,4.092631572565711,-14.211684170245194,,0.0,loud-start,-14.020882373465664,2.0,2.3436267949585865,19.298099078341014,0.241647465437788,1.9890552995391706,8.098214285714286,0.0041851284677733155,0.27635446466525493,0.27635446466525493,0.5880168567743372,0.8,-6.546207835715709,0.0,-12.452024141739162,0.0,0.0041851284677733155,0.018654955482371397,ok,False,0.002173047552931375,15.207373271889402,0.0,0.0,0.9216589861751152
,,,6.550038129939142,8.802890036183477,8.246419646927002,-11.330882122726019,-18.93754405181196,0.6606623559500875,-0.8703738520042794,6.550038129939142,12.7813563543338,9.36664760589488,10.254989887814503,12.3552525333318,5.452762389132143,normal,16.23461442726653,transition,0.0,transition,15.029375,6.3500000000000005,-12.201255974730298,-13.203679834761473,0.0,0.0,-1.1552014350891113,0.0,0.008028602520494827,0.07071339173967459,17884286941270553745.mp4,5.733864217050488,unlabeled,0.5266900626169492,,normal,7.095610328451601,9.0,10.933589514120364,-18.13244427299641,-11.036833944544808,0,-27.003806117390873,-21.103960700073664,-19.18829438349409,-17.766388963602243,-14.455763134611612,-13.130178172028698,-11.682048451362837,/b/src/336272252/17884286941270553745.mp4,-1.1552014350891113,8.073101525069987,-18.10685389439666,-12.609180763090826,5.4976731313058345,-18.369393474423312,,0.0,transition,-17.38981586235564,2.0,2.866932108525244,7.208333333333333,0.03125,0.34437500000000004,2.0177083333333337,0.004170070521511572,0.3373620171015101,0.5266900626169492,0.5787675226081505,1.0,-12.824560003550845,0.0,-18.39034107682771,0.0,0.00016166370046351877,0.02420684943488678,ok,False,0.004170070521511572,3.0,0.0,0.0,0.0
,,190.0,14.744644218181168,8.760150936605676,8.547168333307958,-9.631399206039395,-19.715942544117418,2.4428424090809333,4.924896667057128,8.547168333307958,74.63514926582772,45.69568723058323,74.51492360308956,72.81685556174493,24.693408338148537,normal,13.394847806276335,transition,0.0,transition,15.2090625,5.3500000000000005,-4.706502538982267,-13.1677164797545,0.0,0.0,-1.7182438373565674,0.0,0.10893744063186897,0.17678347934918648,17884182870353974335.mp4,6.548226064362918,unlabeled,0.5321125186479861,,normal,5.20797421425695,0.2,60.293971892610486,-13.362429162959792,-8.154454948702842,1,-21.808353003132435,-18.211750600439064,-15.211435302939684,-13.298186522338494,-11.566565303331005,-10.809890771342628,-9.291873826378081,/b/src/336272252/17884182870353974335.mp4,0.23965176939964294,7.374950299557668,-19.88539761544297,-13.518534901907781,6.366862713535188,-13.499758816763617,,0.0,transition,-13.155196036876692,3.6217581557033913,1.808024109520137,23.15419407894737,0.29975328947368424,3.70250822368421,11.578536184210526,0.004133785738085707,0.09163367826758301,0.17116554003411094,0.458187416446332,0.8500000000000001,-2.4730706084433924,0.0,-16.703088073671026,0.0,0.000452475481429564,0.05854893082889401,ok,False,0.004133785738085707,13.486842105263158,0.0,0.0,0.6578947368421052
,,50.0,-3.858843988184174,16.133747637672016,-3.047118212220397,-2.655531126428887,-22.158184566996567,1.1930678203748961,-5.815771778203958,-3.858843988184174,24.976701806586952,22.083955633568216,23.534826997368437,21.07537504269444,16.0003536503756,normal,15.39176689275606,transition,0.0,transition,7.6858125,4.3500000000000005,-8.471302904632845,-14.491228948885023,0.0,0.0,-1.3775073289871216,0.2,0.011682001365971842,0.10700876095118898,17884155924060903331.mp4,7.666955618111544,unlabeled,0.5447183972225677,,suspicious,14.003115454536514,4.1000000000000005,13.818123723230917,-21.59504451667468,-7.591929062138165,3,-31.825070090888723,-24.521550667385977,-21.665352212023652,-16.488561560199614,-13.916505463650012,-12.419665438207513,-11.268368169471293,/b/src/336272252/17884155924060903331.mp4,-0.20911960303783417,11.61694563492042,-23.879292563546308,-13.173775269107784,10.705517294438524,-22.742504738748167,,0.0,transition,-15.600886495793894,2.0,3.833477809055772,12.076797385620914,0.22344771241830066,2.168300653594771,6.131127450980392,0.004047840828174125,0.10222276642020725,0.3679869518910074,0.6153129482942752,0.9500000000000001,-3.7235157973600153,0.0,-26.078124741475367,0.0,2.5743471953152295e-06,0.046406973746271035,ok,False,0.004047840828174125,4.57516339869281,0.0,0.0,0.0
,,20.0,15.183260130959834,26.479631180388665,5.811843826614445,-7.718266394239985,-29.57262982493555,5.49545676848194,-4.880631812804805,5.811843826614445,22.764037814211967,21.58185302472417,20.213296218036156,22.894153149999276,13.776786094692515,normal,12.29174365739572,transition,0.0,transition,12.678125,1.1500000000000001,-12.59889820704479,-18.1390965853863,0.0,0.0,-4.985162734985352,0.0,0.012432880206987042,0.06226533166458073,17884620929420162705.mp4,11.433533239549249,unlabeled,0.5501811271725082,,normal,8.71206214600916,0.5,13.595374953589939,-15.397336951961634,-6.685274805952473,2,-29.38093608410106,-22.032992919861396,-18.064735399786468,-14.486480613727275,-12.358724753130984,-11.440724524719965,-10.213777082789353,/b/src/336272252/17884620929420162705.mp4,-0.3786461353302002,8.093322567618042,-29.886870720620937,-16.114736138963032,13.772134581657905,-15.56672050261353,,0.0,transition,-12.67038979272592,8.147564204951324,1.4033069211778681,23.86931818181818,0.7742094861660079,5.791501976284585,13.972332015810277,0.004040309465225847,0.26424527988423074,0.26424527988423074,0.7667439162073904,1.0,-10.376369040757528,0.0,-25.432546530511164,0.0,3.35816201195404e-06,0.015815274470004234,ok,False,0.004040309465225847,8.695652173913043,0.0,0.0,0.0
,,80.0,20.54905446661792,21.87649305212215,21.739954338133415,-11.262426030307468,-42.1903215032742,7.441681564132885,-1.2838677763822108,20.54905446661792,46.75446075737174,60.698747261957884,69.27535261695223,66.1578258571383,33.70046357217645,normal,21.418665877022182,transition,0.0,transition,10.0078125,1.85,-12.546293806689679,-20.837005822346672,0.0,0.0,-4.942220211029053,0.0,0.03061871036091935,0.03973717146433041,17884169595150018395.mp4,21.353315680927526,unlabeled,0.2966600669302675,,normal,7.807876031519086,0.30000000000000004,63.958806346758,-26.109227869406148,-18.30135183788706,1,-47.411283436896056,-40.2510737774191,-28.957864600140514,-22.092498022952203,-20.786497509191584,-20.476067947850904,-19.691264207879392,/b/src/336272252/17884169595150018395.mp4,-2.7574400901794434,9.672439665232378,-41.537047389692354,-19.918095556892673,21.61895183279968,-28.142368192729208,,0.0,transition,-24.176105967201625,11.033037086983414,1.9353977977758996,0.771875,0.0009375,0.014374999999999999,0.1709375,0.004033197170128136,0.16395723043175828,0.19133989218503253,0.19405765781613876,0.35000000000000003,-12.105731969655317,0.0,-21.360607717284065,0.0,3.201665410250665e-05,0.03004284525620872,ok,False,0.004033197170128136,0.0,0.0,0.0,0.0
,,,0.5431278209835071,2.602666378232959,0.990757746664352,-5.2683887471531206,-18.958678457839753,0.8897328255944146,-1.9857975772858705,0.5431278209835071,10.892196394234105,12.657877672076623,13.706834954359916,12.893692268965836,8.59305455751791,normal,14.464692807839638,transition,0.0,transition,104.5260625,20.3,-7.254186324438991,-12.76942050291748,0.0,0.0,-1.386901617050171,0.0,0.02108131955009399,0.13454317897371715,17884505469120370837.webm,6.189257954922272,unlabeled,0.5288898640450381,,normal,7.297859245025981,0.2,8.828787696984534,-16.54342579098663,-9.245566545960648,0,-22.563733840478715,-19.57997118471301,-17.46607151112407,-14.993188169342513,-13.184625502144302,-12.53629194553111,-11.682523129112337,/b/src/336272252/17884505469120370837.webm,-1.004868984222412,7.273918806665417,-18.97991892845888,-12.719523325976622,6.260395602482257,-16.679990434316302,,0.0,transition,-15.46956179206205,2.0,3.094628977461136,13.036572966507176,0.01979665071770335,1.0229964114832535,4.9307416267942585,0.004018007992545221,0.06863440446952818,0.2924593599901122,0.48460223875245745,0.7000000000000001,-4.110313004433592,0.0,-20.65028666799271,0.0,4.787382436800076e-05,0.00790602149784473,ok,False,0.004018007992545221,2.488038277511962,0.0,0.0,0.0
,,,-3.5125125717457264,-1.1556367205438107,-5.712560108012355,-11.466134167800917,-14.661209378141308,2.1533072460555474,5.6070510945377805,-5.712560108012355,9.590175242784671,11.4209166793237,11.693977393121543,12.922604687208203,6.9244423109641,normal,12.401792165690935,transition,0.0,transition,51.130375,24.25,-5.859083073263136,-10.351548016615993,0.0,0.09375,0.22476276755332947,0.0,0.08072205993346994,0.1357947434292866,17884577358981524383.mp4,4.309661361525315,unlabeled,0.4862430551817764,,normal,3.859327891901435,24.3,6.123616639216172,-12.14552363853478,-8.286195746633345,0,-23.592219683229125,-16.812825996998704,-13.242525210494296,-11.12041845228685,-10.135925323160436,-9.812939693274272,-9.282608598725174,/b/src/336272252/17884577358981524383.mp4,0.22476276755332947,4.569087368916019,-12.276142011657187,-9.959637613052962,2.3165043986042253,-12.154546041907684,,0.0,transition,-12.177029398137606,3.1924933230019543,1.3499359044775914,28.18077299412916,0.8422211350293541,5.474559686888454,15.050146771037182,0.00398073105818069,0.16064404488418194,0.19845032902863874,0.4019290609044476,0.8500000000000001,-17.952190047145,0.0,-13.749296632929175,0.0,0.0019505246522111461,0.004086594742301622,ok,False,0.00398073105818069,36.3013698630137,0.0,0.0,0.684931506849315
,,,-0.09117589291536632,8.373285678505901,4.2429817810087656,-10.527793954630974,-15.765753952858407,3.208444992602769,-5.024294275718434,-0.09117589291536632,78.97380368654808,72.37810188854334,73.8207036059902,76.60738383376942,37.39831879936451,normal,10.23732673055823,transition,0.0,transition,10.0078125,4.75,-15.552088230349408,-10.920882467110905,0.0,0.00625,-0.9418264627456665,0.0,0.008087209189373357,0.04005006257822278,17884649872520745420.mp4,4.844871485747502,unlabeled,0.5736383833275347,,normal,2.547049281574326,0.1,70.04533347169979,-10.0995691221996,-7.5525198406252745,2,-24.24002698472114,-16.985000333133886,-12.590822471042998,-11.014658910538673,-10.075263753720924,-9.322912901278778,-8.921528291716374,/b/src/336272252/17884649872520745420.mp4,-0.6132574081420898,4.284152947039249,-14.316778309397915,-8.764178189914286,5.552600119483628,-10.073845899965042,,0.0,transition,-10.85058413870032,4.756840546032865,1.0185061783893627,38.1025,0.27218749999999997,10.3225,25.705624999999998,0.003917272690662235,0.06935323152115598,0.18215418533446728,0.37204645550184257,0.35000000000000003,-16.720157271986547,0.0,-14.534224891581964,0.0,0.0012789427834945441,0.005050880492967879,ok,False,0.003917272690662235,40.0,0.0,0.0,2.0
,,,-7.718236728161873,9.679827383178122,4.602857254017614,-13.699965420878264,-13.795453199679436,2.557713098490485,-7.867018107550567,-7.718236728161873,16.93411436770025,15.466158312489057,12.601894998888946,13.28279860165546,11.299769228314599,normal,10.356677737339178,transition,0.0,loud-start,15.02475,13.350000000000001,-21.566983528428832,-11.492108095796107,0.0,0.01875,-0.8695679306983948,0.0,0.0005775382977208326,0.02690863579474343,17884200572890305542.mp4,2.303345103883329,unlabeled,0.585548760801702,,normal,6.057212286606073,0.2,7.876570801155164,-11.960890559050359,-5.903678272444286,1,-18.57694760238755,-15.930050223324251,-13.666275835217117,-10.656934905639146,-7.954899870787186,-7.480252204327631,-7.0165841320064875,/b/src/336272252/17884200572890305542.mp4,0.09584785252809525,6.968361697812754,-12.466230254471341,-10.098411760938966,2.3678184935323756,-12.154493496235943,,0.0,loud-start,-10.260829884811082,3.7920654398219926,0.6074117497274658,36.58416666666667,2.8710416666666667,12.9825,23.9375,0.00389066120016634,0.3527325523225725,0.571325149619509,0.24267182042141858,1.1,-24.46012353989979,0.05,-12.840517415908785,0.09375,0.00389066120016634,0.0002498403327479481,ok,False,0.0019998868644665532,35.0,0.0,0.0,18.333333333333332
,,70.0,11.150155101850752,2.245977462689087,13.180267841627517,-13.508535420926435,-15.336837858047687,1.8290475295520938,2.106825725168896,2.245977462689087,18.699671258159597,17.462218751661975,18.9125574430947,13.65151938578901,10.269930729604273,normal,15.110092795484622,transition,0.0,transition,7.3156875,5.6000000000000005,-11.401709695757539,-10.931406172083172,0.0,0.33125,-0.03947402909398079,0.0,0.0034528034367092213,0.0725907384230288,17884283976351860900.mp4,4.4054316859645155,unlabeled,0.4218144728818477,,normal,7.160103383811057,3.7,8.0949774619602,-15.792060491049302,-8.631957107238245,0,-22.7727413963218,-19.531167351370637,-16.08961409684861,-14.316838285557505,-11.506837235896565,-10.540221324405932,-9.403299827381447,/b/src/336272252/17884283976351860900.mp4,0.5784053206443787,6.830539072126999,-14.693059140517644,-10.121475310329435,4.571583830188208,-15.540752265739581,,0.0,transition,-14.531687474840243,2.711745867313934,1.6245739466464932,15.746575342465755,0.39083904109589046,1.894691780821918,6.3180650684931505,0.003855617319128183,0.19039238203120262,0.19039238203120262,0.5325100488041213,0.15000000000000002,-11.330749282707444,0.0,-19.47203949906981,0.0,8.743804356669353e-05,0.00836344778899429,ok,False,0.003855617319128183,13.698630136986301,0.0,0.0,0.0
,,140.0,13.60432111645697,19.88789281653706,18.06794982737627,-7.580561118653683,-42.6999765285357,1.0817440014133517,-0.9967898309370264,13.60432111645697,55.97665695400817,50.374172460978265,54.738215437224405,52.77863436548152,31.702767304990722,normal,15.182522888829318,transition,0.0,transition,8.2895625,3.9000000000000004,-8.57735094959071,-20.762818535040935,0.0,0.0,-7.210838794708252,0.0,0.01657109995435297,0.10513141426783479,17884285692330954689.mp4,21.937157993494765,unlabeled,0.662783340604005,,normal,18.483968223650464,3.2,19.174429939394656,-32.676578053281105,-14.19260982963064,2,-90.0,-43.815162432962026,-41.2005256821312,-22.417560810590523,-19.854124017678192,-18.254478175557722,-16.89743496878243,/b/src/336272252/17884285692330954689.mp4,-6.6453938484191895,25.39731283085508,-41.41200183748923,-19.149379361099243,22.262622476389986,-38.62396847043622,,0.0,transition,-21.827916737248508,2.0,10.968578996747382,2.2420454545454547,0.0,0.0,0.24318181818181817,0.003801588670714873,0.06057346898622018,0.41720132189819903,0.4124641462658028,0.7000000000000001,-7.339002021460868,0.0,-43.074417136058976,0.0,2.2624905317378525e-10,0.0737938221204236,ok,False,0.003801588670714873,0.0,0.0,0.0,0.0
,,,-0.47285212089367246,9.36332524596033,-0.7425735153104425,-8.767249102095679,-15.71477925144641,2.2448912678750848,-7.521170496967198,-0.7425735153104425,75.27420681305694,66.6250582165133,71.25880679923546,73.90961608569799,35.6480782382432,normal,13.854693779152914,transition,0.0,transition,99.9155,21.8,-16.288419599062877,-11.129574216358293,0.0,0.025,-0.5743000507354736,0.0,0.005593855902975564,0.03160200250312891,17884235064721136819.mp4,4.5852050350881175,unlabeled,0.4857247274182154,,normal,6.076038265527428,0.1,61.40144879386198,-14.038137411270515,-7.962099145743087,2,-18.747687171535773,-16.813215072423617,-14.994519385661693,-13.314703394691001,-12.169857951659912,-11.493232060533577,-10.453034628320841,/b/src/336272252/17884235064721136819.mp4,0.2848936915397644,5.533637817081749,-15.297680432535845,-9.733965060976354,5.563715371559491,-14.295883572067869,,0.0,transition,-13.56980008761315,3.3282757937516005,1.3776517690319523,22.28253253253253,0.1398586086086086,2.175925925925926,9.547547547547547,0.0036788376151984563,0.13745407481594538,0.1980452263875643,0.2834956655227484,0.7000000000000001,-24.479711018710404,0.0,-15.048645824588522,0.0,0.0009583860767467014,0.00046609702167238454,ok,False,0.0036788376151984563,8.308308308308309,0.0,0.0,0.0
,,,-3.5153404287764483,4.142977405166846,0.40037213962225593,-8.864393027516112,-12.74915965833388,1.5725779808561322,4.003272039475299,-3.5153404287764483,13.34293375993365,15.571812490307916,11.396422944334507,11.521169791414078,14.352041348640025,normal,10.79553881831354,transition,0.0,loud-start,25.938125,10.100000000000001,-4.861120988040812,-10.932445800231305,0.0,0.0125,-0.7305533289909363,0.0,0.05299046338275657,0.1667709637046308,17884185079360392667.mp4,1.8167138581025757,unlabeled,0.5491871099064981,,normal,5.233562011697293,0.1,7.511974525833708,-11.006485531141283,-5.7729235194439905,1,-15.397015920995047,-13.904790033707936,-12.084083652179327,-10.871951964991329,-9.594103776082765,-8.983240804083067,-8.087757696003052,/b/src/336272252/17884185079360392667.mp4,0.25917568802833557,4.610134188654134,-11.506303670183545,-10.643225037915995,0.8630786322675501,-11.11262373976474,,0.0,loud-start,-10.536363130285205,2.3315041144173017,0.7792025100314334,40.882842664092664,1.5909749034749034,9.157094594594595,23.466216216216214,0.0036483009820285003,0.07901363000899868,0.2065113163406764,0.26038940464361665,0.9,-8.607115764846702,0.0,-12.772434974130794,0.028124999999999997,0.0036483009820285003,0.0484276857140935,ok,False,0.0014032342273914101,47.87644787644788,0.0,0.0,5.405405405405405
,,,15.671295275922503,4.242179893680468,10.515587647975337,-13.474998992745451,-21.324367826959843,0.9255038087242689,3.3065592024376933,4.242179893680468,8.955778583699058,8.957226917923403,8.835256298816383,8.304625768959248,5.393945880695206,normal,14.15180752960488,transition,0.0,transition,30.0248125,14.05,-10.168439790307758,-14.22101742929139,0.0,0.0,-2.845517158508301,0.0,0.020656546284106167,0.09887359198998749,17884161672220068826.mp4,7.1033503976684536,unlabeled,0.5432129982504592,,normal,8.659134528457763,13.3,9.062040042559634,-19.341828938665657,-10.682694410207894,0,-34.01987580329511,-21.92159960833166,-19.95301681331091,-15.231517557161222,-14.083873797808595,-13.694969140734136,-12.8386773092293,/b/src/336272252/17884161672220068826.mp4,-2.352043867111206,7.53065682305351,-20.665923206680986,-13.307356148598902,7.358567058082084,-19.244214840670004,,0.0,transition,-16.503851396716087,2.0,3.5516751988342268,9.975000000000001,0.0084375,0.6241666666666668,3.7675,0.003598374019525256,0.06885571100992693,0.17109848734060518,0.509722545627599,0.35000000000000003,-14.992324578140206,0.0,-20.472644127065003,0.0,4.943742817564365e-05,0.0026592274451311413,ok,False,0.003598374019525256,0.0,0.0,0.0,0.0
,,180.0,-0.6049740052847228,-0.9735429270736766,3.2087564926587167,-5.225922036573474,-14.602458222768394,2.0126000435644613,-1.9749077500992813,-0.9735429270736766,42.71470494504228,41.481882820917356,44.21353813867927,42.22226643009604,35.81537764479901,normal,11.398078000424373,transition,0.0,loud-start,11.911875,3.7,-7.200829786672755,-11.17416580526558,0.0,0.58125,0.5320695042610168,0.0,0.03767261500349223,0.1379849812265332,17884221243740445230.mp4,3.4282924175028135,unlabeled,0.4618327700567197,,normal,5.3824304998064285,4.2,5.820195374445586,-11.062777964258885,-5.680347464452456,1,-16.789598977326065,-14.280510122071469,-12.360937447306675,-11.242866489825868,-10.043177825135855,-8.017405185322424,-6.771628930182089,/b/src/336272252/17884221243740445230.mp4,1.0974217653274536,5.7747659019708975,-14.80270757837598,-9.956694033122732,4.846013545253248,-11.311706966492398,,0.0,loud-start,-10.30065623509692,2.9838808245886703,1.1489374472505636,36.6436449579832,3.232142857142857,10.991859243697478,22.835346638655462,0.0035398650056654274,0.08424768115570835,0.3381294900620824,0.5444661858737806,1.0,-7.383014057027703,0.0,-12.787197354507406,0.0,0.0035398650056654274,0.02831581801387003,ok,False,0.002352213476993173,41.17647058823529,0.0,0.0,7.142857142857142
,,80.0,1.1853575662274816,3.3526174755820897,5.779028857408402,-6.324190409982062,-17.6965847426839,1.761389380466003,-1.0657048550734647,1.1853575662274816,32.051929218388835,34.376766361402716,34.03412470307597,36.093231465873785,32.45835714487126,normal,14.28893343666637,transition,0.0,loud-start,13.8144375,8.05,-7.389895265055527,-13.252922002999894,0.0,0.0,-3.0570154190063477,0.0,0.02754100109046951,0.12578222778473092,17884655245901133572.mp4,4.443662739684006,unlabeled,0.47987907487098513,,normal,3.6033224804440707,0.1,6.8204516966281545,-16.186731635318935,-12.583409154874865,0,-20.291998574840008,-18.900844008596273,-16.668912166878684,-14.088572402101809,-13.020681930690314,-12.869891413185432,-12.469938569076742,/b/src/336272252/17884655245901133572.mp4,-1.6886439323425293,4.31660681120939,-18.077590576045615,-13.201725805198741,4.875864770846874,-16.529862141174434,,0.0,loud-start,-15.9775773690089,2.611435895478896,1.701616626843949,11.483695652173912,0.006793478260869565,0.40217391304347827,3.4710144927536235,0.003403789135503191,0.22635715333004147,0.22922116675315418,0.4850929644274358,0.6000000000000001,-5.559495888761267,0.0,-12.89846320907445,0.0,0.003403789135503191,0.03345571226696683,ok,False,0.0024002354559104645,0.0,0.0,0.0,0.0
,,,9.356592738161032,9.341932020919062,14.557685117857453,-17.38650340129086,-18.62288524861081,3.7752810540307715,3.682186558999458,9.341932020919062,67.26181752149004,60.610828667533056,65.45242578084444,67.18636749340696,35.273782873207736,normal,17.582020348296425,transition,0.0,transition,15.3948125,12.65,-13.704316842291401,-13.367871026588489,0.0,0.00625,-0.6805386543273926,0.0,0.003917838602067193,0.06445556946182729,17884176789380901402.mp4,5.2550142220223215,unlabeled,0.48258037186761055,,normal,7.641548684179188,0.1,69.0140798033581,-19.042302534273297,-11.400753850094109,1,-26.461046562202903,-23.433595359868622,-19.88942145510298,-16.914461654975035,-14.841404882106923,-13.488298268693482,-12.06838178799534,/b/src/336272252/17884176789380901402.mp4,-0.04067029058933258,9.029729127551613,-17.647262842340172,-12.739432988945682,4.907829853394491,-19.403812374061882,,0.0,transition,-17.622690638885757,5.597231690706021,0.9388595134891525,6.730048859934853,0.036034201954397396,0.34466612377850164,2.0156758957654723,0.0033710623783009108,0.3195000226995764,0.3195000226995764,0.437620510904685,0.6000000000000001,-10.678985925720905,0.0,-18.60757131754959,0.0,0.00014063492144304393,0.006430558605840834,ok,False,0.0033710623783009108,0.6514657980456027,0.0,0.0,0.0
,,,16.354901235399524,7.4826808614322395,1.395651996499896,-6.845792139969888,-17.49224199434267,5.022564815382879,2.408781416896698,1.395651996499896,30.60774362128052,30.859562356335513,23.236526682312146,26.033376613140067,18.409763142207925,normal,12.733602894910081,transition,0.0,transition,8.2445,1.4500000000000002,-4.43701072307319,-12.739670426885247,0.0,0.0,-1.175197720527649,0.0,0.035840974933358034,0.18460575719649563,17884222838930224494.mp4,4.752571567457423,unlabeled,0.529607015271669,,normal,6.483479374532914,0.1,16.229186405200345,-14.45609257289447,-7.972613198361556,2,-26.450949478959707,-20.401433856763248,-16.753961919710846,-12.906219703196479,-11.014575288850875,-10.351462772486059,-8.912981496553039,/b/src/336272252/17884222838930224494.mp4,-0.8356025815010071,8.440723039506734,-17.334672658164937,-13.20911365035261,4.125559007812328,-15.120877699247437,,0.0,transition,-13.569205476411089,7.446454595286656,0.6382328001389592,20.487423780487806,0.41158536585365857,3.5762195121951215,10.386051829268293,0.003368360267256476,0.32109110535846386,0.38220087182351414,0.7115543123363672,0.8500000000000001,-3.8031005720073487,0.0,-15.720126287412528,0.0,0.0007781821508646721,0.06820831682911854,ok,False,0.003368360267256476,16.463414634146343,0.0,0.0,1.2195121951219512
,,,-2.994278336948143,1.7917430506459375,-0.07685537394851494,-8.565343316818229,-15.295847210457366,0.9246316156764882,-0.6358295869538093,-2.994278336948143,4.145050957564003,4.032137909801932,4.830021142017369,4.978759851796603,2.8997127585943634,normal,8.820898032034473,transition,0.0,loud-start,14.001625,5.3500000000000005,-9.201172903772038,-13.685882872127216,0.0,0.0,-4.881460189819336,0.0,0.032963589458235076,0.10356695869837296,17884649462691543658.mp4,1.6099643383301494,unlabeled,0.519663862363895,,normal,3.0765217729548695,11.200000000000001,3.3475631848320067,-13.251550383969928,-10.175028611015058,0,-16.385159743483904,-15.73488094938119,-14.589573966074806,-13.457685040733546,-12.235167153355581,-11.60726693967668,-11.268903727203586,/b/src/336272252/17884649462691543658.mp4,-4.059696197509766,3.478052694892538,-13.497906260512446,-12.63765667124429,0.8602495892681556,-13.294032981729355,,0.0,loud-start,-12.880594229544238,2.0,0.8049821691650747,32.68169642857143,0.0,0.12812500000000002,12.271205357142858,0.0033201588370470113,0.07471029050295767,0.16740307279953676,0.3035289612890974,0.25,-3.1646160949379825,0.0,-13.084264211700729,0.0,0.0033201588370470113,0.14520560973733815,ok,False,0.0006798613765426619,7.142857142857142,0.0,0.0,0.0
,,,-2.552316151172775,21.26551159276026,9.511689177175029,-4.156241212059875,-21.289741526495092,4.519624804347767,-5.92249627485225,-2.552316151172775,25.08376663054665,26.33360816310104,28.46024518467764,35.77200622823769,13.678266468801304,normal,11.870578354634754,transition,0.0,transition,8.941125,2.1,-10.078737486912125,-14.840921667909267,0.0,0.0,-3.9208383560180664,0.0,0.008477529664829458,0.08072590738423029,17884309688130803021.mp4,6.448819858585825,unlabeled,0.5776992503753604,,normal,4.115187168282013,0.1,24.848859738958264,-15.17314694854278,-11.057959780260767,1,-26.141736741995906,-19.404740083860077,-16.083036100050435,-14.599533373051052,-13.88817211185015,-13.297074106166503,-12.15254595937954,/b/src/336272252/17884309688130803021.mp4,-3.18721342086792,4.431559626162473,-21.90168924840841,-13.606908450210526,8.294780798197884,-15.18532790737855,,0.0,transition,-15.057791775502674,6.7007957349259994,0.9623961263246958,15.844101123595506,0.0,1.0105337078651684,6.219101123595506,0.003304120971407973,0.34632719371661835,0.44811924643912515,0.5526011930614223,0.45,-2.5263682045346285,0.0,-18.913597472782858,0.0,0.0001313278669918742,0.03910521643506887,ok,False,0.003304120971407973,1.1235955056179776,0.0,0.0,0.0
,,140.0,12.666327136020127,12.051146143735933,14.133684086635588,-7.814419848783626,-39.1086488088569,1.5317593206656284,-0.7361937198742226,12.051146143735933,55.99272726999833,50.44733927837079,54.75883716842388,52.79091946794318,31.779706598605152,normal,15.430013871301774,transition,0.0,transition,8.800375,3.9000000000000004,-8.550613568657848,-20.76739280234363,0.0,0.0,-7.1913933753967285,0.0,0.01660529257588377,0.10575719649561952,17884286285440767735.mp4,18.34125600651327,unlabeled,0.662906713739856,,normal,23.910363776392654,3.2,19.426175256839763,-38.09469486974943,-14.184331093356779,2,-90.0,-42.55824182640949,-38.239055214343274,-22.621900953113578,-19.931491819326602,-18.319045810775464,-16.905108933963156,/b/src/336272252/17884286285440767735.mp4,-6.664677619934082,22.47463026525603,-39.13123943228152,-19.162463791915805,19.968775640365713,-37.43533934146673,,0.0,transition,-22.094691491235857,2.2709863688188605,8.076339100200126,2.11328125,0.0,0.0,0.22691761363636365,0.0032627622327890443,0.06266615530782113,0.41824210800179634,0.6056463766122159,0.9,-7.948398279909377,0.0,-39.84535069234038,0.0,1.3073787031115322e-09,0.05447325248331791,ok,False,0.0032627622327890443,0.0,0.0,0.0,0.0
,,20.0,-9.170667966701593,2.835244508558482,-5.990916402017356,-12.243920507981265,-14.051373368985924,2.033746929616007,-17.796557187657577,-9.170667966701593,73.18700088688864,65.29638537474264,60.82132638901825,64.8159259780568,35.62460773257786,normal,13.337823286112048,transition,0.0,transition,18.5063125,14.4,-30.04047769563884,-10.652830051120729,0.0,5.5125,-0.05377023667097092,0.0,1.0258003198315803e-07,0.006257822277847309,17884564371221898534.mp4,3.3985433178651956,unlabeled,0.5664660268665122,,normal,9.954870521854414,0.1,68.51570564800119,-14.648775345510515,-4.693904823656101,2,-90.0,-24.41653471103867,-15.822863887353819,-13.172810507944801,-10.553341016525641,-9.732747050872769,-8.696484900549253,/b/src/336272252/17884564371221898534.mp4,-0.05377023667097092,7.584740752042414,-13.111673369513014,-5.985845994315714,7.1258273751973,-15.036415231554411,,0.0,transition,-13.391593522783019,3.015233197848692,1.127124535604738,19.307094594594595,1.0905405405405406,4.375675675675676,10.387331081081081,0.003083491220344857,0.22664478824647508,0.38876042600480637,0.5535949514515213,1.0,-10.597865185310507,0.0,-16.04827473996578,0.0,0.0005715044342110502,0.0059253378748460785,ok,False,0.003083491220344857,17.56756756756757,0.0,0.0,2.7027027027027026
,,,9.333873526313438,3.0950189437370277,-2.657915868444735,-7.4777695617061095,-14.434875226148193,1.9302113682938504,4.336248803122617,-2.657915868444735,9.767724816331095,9.243080177173548,9.088995327445136,9.394965066179925,6.62544943384289,normal,14.134200577367686,transition,0.0,loud-start,5.9689375,2.0500000000000003,-3.141520758583493,-13.044243708586617,0.0,0.08125,0.5452083945274353,0.0,0.005526202798317049,0.23591989987484357,17884160166740876822.mp4,1.3906315175615767,unlabeled,0.30267191880428823,,normal,3.7906119766243016,0.30000000000000004,5.911650437384099,-13.911576285836126,-10.120964309211825,0,-19.50651942154343,-16.125875144224544,-14.005583827768168,-12.766422817327573,-11.86705404442255,-11.586947573468622,-10.789047990697968,/b/src/336272252/17884160166740876822.mp4,0.5452083945274353,3.908206437899496,-14.238545445752372,-14.526740500960981,-0.2881950552086092,-13.536276643340312,,0.0,loud-start,-13.58899218284025,2.8617313746324626,0.48594061968523444,21.955882352941178,0.19275210084033614,2.176470588235294,9.54359243697479,0.0029651754299836455,0.09066455503728814,0.16898554529624546,0.6236062148087381,0.8,-8.420199844242099,0.0,-13.17470072353187,0.040625,0.0029651754299836455,0.053115391105274495,ok,False,0.0007577232922934625,10.92436974789916,0.0,0.0,0.0
,,,-0.7380941344448609,1.4786291806025105,6.6133414468239256,-4.6904825448456515,-17.292124860103023,2.1138514287827253,-0.424108528473357,-0.7380941344448609,24.38975251927632,16.460594316997327,23.492293212928747,25.031939302835106,10.908727576262987,normal,10.928778376835517,transition,0.0,loud-start,15.02475,1.75,-5.1145910733190085,-14.201267331341066,0.0,0.0,-4.533443450927734,0.0,0.08045973113921434,0.1821026282853567,17884164132561934466.mp4,3.0908575287619566,unlabeled,0.4732598989794863,,normal,3.1890192854616863,0.1,11.804242303408888,-14.764306133933786,-11.5752868484721,0,-18.396337663112842,-16.434479924792463,-14.544886016700367,-13.550662470462427,-12.979908467922149,-12.728691841324858,-12.125312160372868,/b/src/336272252/17884164132561934466.mp4,-3.807842254638672,3.268989931615941,-17.483039124311627,-14.596838138106296,2.8862009862053313,-14.930500177534679,,0.0,loud-start,-14.736620631474189,3.1339961283132682,0.9862352735022271,17.423333333333332,0.0,0.29083333333333333,6.539166666666667,0.002834553937720218,0.1793040736823294,0.27528044171057175,0.4668244141627191,0.65,-5.472580049415648,0.0,-13.294726863072853,0.0,0.002834553937720218,0.05375830780467758,ok,False,0.0010970207399115632,0.6666666666666667,0.0,0.0,0.0
,,,33.25359436656097,7.056683264722899,7.473065798527301,-12.839470720208217,-16.296146068956705,2.778280201943109,5.0944730585886076,7.056683264722899,68.7624337184564,73.24041936771226,74.1807783157078,75.1549531871549,38.91714009718888,normal,14.053640122365248,transition,0.0,transition,22.709125,11.5,-7.7449976616196095,-12.087240076035947,0.0,0.03125,0.22953295707702637,0.0,0.008057461981376602,0.1311013767209011,17884356745641981904.mp4,4.208905992920759,unlabeled,0.48439771906641693,,normal,3.7492381267602504,0.1,66.26202881118853,-13.851450315170204,-10.102212188409954,1,-21.18983405597029,-18.173570818258963,-14.36552993335963,-12.314291405329453,-10.961183344864288,-10.519830328760644,-9.940740308894936,/b/src/336272252/17884356745641981904.mp4,0.22953295707702637,4.842072562203395,-15.740140100496571,-12.16152391695599,3.578616183540582,-14.099588025278813,,0.0,transition,-13.824107165288222,4.119078227400853,1.0218077347796783,20.187775330396477,0.21613436123348018,2.3564151982378854,9.034966960352422,0.0027356331507815065,0.16577190816798462,0.34468088671684877,0.3256638898351181,0.55,-12.948228729394856,0.0,-15.363443641547525,0.0,0.0008144670692613026,2.683441006522265e-05,ok,False,0.0027356331507815065,20.044052863436125,0.0,0.0,0.0
,,30.0,12.160733756603268,14.765516590250137,17.82235852770758,-7.700321849705995,-26.50322310695457,9.685419113449855,-3.886219918183725,12.160733756603268,70.97585591728166,41.08188376675613,49.98104256265592,66.34946701323088,21.58764564669527,normal,13.157110710105776,transition,0.0,transition,8.4520625,4.3,-11.58654176788972,-17.59113877373555,0.0,0.0,-7.6514177322387695,0.1,0.002406201911025355,0.06508135168961202,17884175112210775795.mp4,8.91208433321902,unlabeled,0.534503775499198,,normal,7.163956920080892,0.1,40.795886531134954,-20.21920333294128,-13.055246412860388,1,-49.1070825639648,-37.22755597943973,-20.998113402265712,-16.337684486835787,-13.675386122014295,-13.072937854010119,-12.243363725282853,/b/src/336272252/17884175112210775795.mp4,-6.229373931884766,9.638000104514164,-26.297549412478894,-17.163805387607816,9.133744024871078,-21.310284525513122,,0.0,transition,-19.386484641990542,14.359602377600755,0.6206358713052386,4.9234467455621305,0.0,0.0,0.4567307692307693,0.0026650125380993676,0.28392836250547854,0.3046955531281173,0.5777584833834463,0.8500000000000001,-5.085479216374486,0.0,-22.031603237477643,0.0,2.218942632552347e-05,0.004555034462395894,ok,False,0.0026650125380993676,1.183431952662722,0.0,0.0,0.0
,,,5.939046978673614,1.3198575410543114,5.130779705972257,-7.851382560028602,-15.35027114292975,1.898170530097115,1.4136675084134351,1.3198575410543114,7.211795381523652,13.892779910156243,10.530161304480405,11.389585032149746,8.222618320315146,normal,14.15881002766401,transition,0.0,loud-start,5.897875,4.8500000000000005,-6.437715051615167,-11.910659614696154,0.0,0.01875,-0.9062285423278809,0.0,0.030615858405877383,0.14267834793491863,17884178588921018348.mp4,3.439611528233595,unlabeled,0.3874723762570074,,normal,5.047350663019618,0.2,8.963657885909,-13.72233525787232,-8.674984594852702,0,-20.99563051929341,-18.412741927395707,-15.491698689016701,-13.036528043262551,-10.449315481114699,-8.80163410300901,-8.250163103692055,/b/src/336272252/17884178588921018348.mp4,0.731311559677124,7.381218420172161,-14.782693606472968,-12.136804364409866,2.6458892420631024,-15.004871656424294,,0.0,loud-start,-13.427498467986887,2.8142276279219827,1.2222222161799305,19.485576923076923,0.7708333333333334,3.7446581196581197,9.79059829059829,0.002655701633988892,0.15486293624768224,0.15486293624768224,0.4373346095311399,0.8,-9.867976075578161,0.05,-13.676629527144524,0.028124999999999997,0.002655701633988892,0.026323262668466667,ok,False,0.0021652846462722353,18.803418803418804,0.0,0.0,6.837606837606838
,,,5.891846975801968,7.973408479211738,5.8011474524232165,-13.670993332731268,-15.090524533020426,2.1616534929792035,0.361662730906108,5.8011474524232165,9.840396676432928,13.55400220417571,10.575545447728414,11.88259599804583,7.43415002118498,normal,11.017331578829584,transition,0.0,loud-start,6.501625,5.8500000000000005,-13.30933060182516,-13.751383894655035,0.0,0.043750000000000004,-0.019360968843102455,0.0,0.005399704243359703,0.05319148936170213,17884154421500468393.mp4,1.3391406383653912,unlabeled,0.5521697594268553,,normal,3.912453841995988,0.1,5.6826728300219855,-11.556974490631545,-7.644520648635557,1,-19.19322257249799,-16.48040939337398,-15.051558409093206,-12.620129141200728,-10.347473978197206,-9.22073240999951,-8.28285272537053,/b/src/336272252/17884154421500468393.mp4,-0.019360968843102455,7.130784864871439,-11.997011227460266,-11.245829332226453,0.7511818952338132,-11.513364763522912,,0.0,loud-start,-11.036692547672686,3.204867468690967,0.417845870834829,35.62980769230769,1.3091346153846153,8.308653846153845,21.02307692307692,0.0026263318388453022,0.1726391914804631,0.18872933088588,0.30600941825845257,0.1,-8.388869985665995,0.0,-13.334672917286385,0.046875,0.0026263318388453022,0.028713869889194235,ok,False,0.0006732771850323337,22.30769230769231,0.0,0.0,4.615384615384616
,,,3.702070548094598,1.2766364223634632,4.067670774981699,-8.092488377271538,-13.987243298212086,1.6154465778484441,1.1268637680461442,1.2766364223634632,78.412728464876,73.35468020473776,64.62148673288705,75.78198187678137,38.880915136405285,normal,12.679131788654821,transition,0.0,loud-start,48.018875,2.0,-6.965624609225394,-12.28330487706548,0.0,0.03125,-0.2715068757534027,0.0,0.015734756807784845,0.14080100125156447,17884508508740819211.mp4,1.7039384211466064,unlabeled,0.5309817559282501,,normal,3.4255275014606994,0.1,77.19100538392708,-12.880864148294581,-9.455336646833882,1,-15.48158381746152,-14.364501798630764,-13.435961847724109,-12.652179115585156,-11.945418457176286,-11.63074599161984,-11.03043804833994,/b/src/336272252/17884508508740819211.mp4,-0.21260619163513184,3.149672618583997,-13.398551850658235,-11.704556625646871,1.6939952250113635,-13.033639082201015,,0.0,loud-start,-12.891737980289953,2.395061096318103,0.7114383945219809,25.687890624999998,0.3295572916666667,3.178971354166667,11.756770833333334,0.0025457513491249266,0.24334273897992717,0.24334273897992717,0.31281249459809557,0.8,-8.628690867068482,0.0,-13.437196947737256,0.0125,0.0025457513491249266,0.04539608025062406,ok,False,0.0012257958670976897,10.520833333333334,0.0,0.0,0.0
,,20.0,13.738325290389906,16.217561222592852,21.777429832027188,-15.126317697206053,-39.44549634653926,4.157482710419018,2.7010451332428804,13.738325290389906,26.917778945744196,20.240259539733856,28.09976370456052,34.14945105979292,13.599859491311932,normal,23.025663306937112,transition,0.0,transition,65.9693125,53.900000000000006,-12.425272563963173,-21.80586476607244,0.0,0.0,-9.440204620361328,0.0,0.0011526646749548002,0.06695869837296621,17884618291290290434.mp4,17.63963158046682,unlabeled,0.6476983375073632,,normal,15.041731127751095,23.8,22.016309454299503,-34.01593655182241,-18.974205424071318,2,-45.11139827545351,-41.95892381657656,-37.025914807487986,-30.516698239403922,-26.314181147289297,-23.900959826533967,-20.19596809281083,/b/src/336272252/17884618291290290434.mp4,-6.475954055786133,20.459927040612865,-34.11954472631544,-21.05054190151688,13.06900282479856,-34.38103322819049,,0.0,transition,-29.501617362723245,6.163883866467235,2.861772214176512,0.0462945413191812,0.0,0.0,0.0028430629264594386,0.002527570297979553,0.21076501383800195,0.3715116873304729,0.6072762490610859,0.15000000000000002,-13.111666907649283,0.0,-26.76853015465887,0.0,1.553047487646863e-06,0.0006570432222883561,ok,False,0.002527570297979553,0.0,0.0,0.0,0.0
,,400.0,4.652141985055112,10.783166916048913,12.477349711860736,-3.483923968792764,-29.275939301092887,0.7969258100917518,-5.250379528875337,4.652141985055112,14.981128820123466,14.074799670309986,14.068811369952314,12.526696108151611,7.693181381450881,normal,12.321700577945947,transition,0.0,transition,7.848375,1.1,-8.734303497668101,-18.92220438418559,0.0,0.0,-6.973501205444336,0.0,0.036463984653653574,0.1167083854818523,17884408298151935803.mp4,10.353734916907296,unlabeled,0.4183447300021982,,normal,3.144746391517316,1.2000000000000002,13.370399794247831,-17.729903320093918,-14.585156928576602,1,-29.40695637531605,-22.533141459395623,-19.143778343168968,-17.86509573653931,-16.80561472459962,-15.93115889077288,-14.017489586375637,/b/src/336272252/17884408298151935803.mp4,-5.837491035461426,5.293625907294857,-30.052180709478705,-18.73016427640093,11.322016433077774,-17.72909965928119,,0.0,transition,-18.159191613407373,2.0,5.176867458453648,5.511618589743589,0.0,0.00040064102564102563,0.5584935897435898,0.0024656539372444317,0.28841716278376184,0.4116745345189387,0.5077359601856648,1.0,-9.032510898544945,0.0,-19.10280035053115,0.0,0.00011335590164239759,0.03390303013012799,ok,False,0.0024656539372444317,0.0,0.0,0.0,0.0
,,30.0,11.804135029289885,23.79928074826403,13.272078771258636,-5.656506061798769,-32.65699308662469,11.262906551707106,-0.2903900864077382,11.804135029289885,66.87044337200255,53.71421212913546,67.80182268891768,69.49411816674336,27.966116308470276,normal,14.540306069736637,transition,0.0,transition,7.7090625,6.7,-5.946896148206507,-20.290063450998964,0.0,0.0,-10.244778633117676,0.0,0.0012841550338794812,0.16332916145181478,17884616385722749504.mp4,12.366929635625723,unlabeled,0.6103746813717826,,normal,9.880496191732082,0.4,67.11995465528798,-26.569729198641028,-16.689233006908946,1,-85.85373608293999,-40.84745303059546,-27.880805140093727,-21.37093539490975,-19.32591255620795,-17.892294755215527,-17.030084742009617,/b/src/336272252/17884616385722749504.mp4,-9.677465438842773,11.006296946169222,-34.10209572707245,-20.813142041393846,13.288953685678607,-27.310753745388183,,0.0,transition,-24.21777150857941,16.698385253560954,0.7406063189845532,0.43587662337662336,0.0,0.0,0.0,0.0024160234691735674,0.3038815622547396,0.3903040828097451,0.6799934090884718,0.75,-3.42828478580499,0.0,-19.305312040639485,0.0,9.977206486987967e-05,0.002887302099912747,ok,False,0.0024160234691735674,0.0,0.0,0.0,0.0
,,50.0,10.661538208589112,4.345838937753079,9.591823409643109,-5.774990163905741,-21.27265999790953,5.283912237335048,2.604147279442958,4.345838937753079,45.18797367646124,36.59681657227244,44.58766932762745,44.409726031360975,20.530382019030927,normal,14.133168449312954,transition,0.0,transition,15.02475,12.600000000000001,-3.1708428844627834,-14.957000663644308,0.0,0.0,-5.171112060546875,0.0,0.15860194555728538,0.21370463078848562,17884238641510156809.mp4,6.31565933426522,unlabeled,0.4890058385038619,,normal,5.359205733343703,0.1,14.534725705180598,-18.629811361145755,-13.270605627802052,1,-29.469004487326615,-23.605764768406445,-18.318825273190747,-16.42613948099553,-15.147331058127275,-14.241664057758799,-13.437989494007445,/b/src/336272252/17884238641510156809.mp4,-4.263411045074463,5.060883070764206,-21.300315909335655,-15.891514725308907,5.408801184026748,-18.778771138155214,,0.0,transition,-18.396579494387417,7.833928283072941,0.806193151896948,5.329166666666667,0.0,0.013958333333333333,0.7516666666666666,0.0023879803856532884,0.12766509334981194,0.3372835782802058,0.43944318571674323,1.0,2.8862557262680775,0.0,-16.882454461010596,0.0,0.0004258091312859123,0.3504572042848776,ok,False,0.0023879803856532884,0.0,0.0,0.0,0.0
,,,2.616215235120743,9.804826374665998,-1.238597483174761,-7.041805730637354,-17.589258115638568,1.800105829001465,0.791644674592324,-1.238597483174761,6.854697151575145,8.607458469519102,8.062539133060781,7.886943439671487,5.913105901044453,normal,9.86627411011491,transition,0.0,transition,16.7880625,12.350000000000001,-6.25016105604503,-13.442298383393293,0.0,0.0,-4.912772178649902,0.0,0.08462851816734572,0.10575719649561952,17884163864811463593.mp4,4.146959732245275,unlabeled,0.5796777120610827,,normal,3.6470341185263173,0.30000000000000004,5.462816502992656,-14.727562395753576,-11.080528277227259,0,-21.36693204798801,-19.57658796666891,-17.60175658125278,-15.488442692324567,-13.195056318274125,-12.227413338123098,-11.811876946317739,/b/src/336272252/17884163864811463593.mp4,-4.686346530914307,6.07967313896642,-15.23006429269273,-13.054130293911987,2.1759339987807422,-15.02724570455176,,0.0,transition,-14.552620641029216,2.668836902077572,1.553845320790135,18.92257462686567,0.0,0.12462686567164179,6.659328358208954,0.0023764281282471723,0.37725225460808953,0.37725225460808953,0.40414096218448586,0.7000000000000001,-5.3287772036594525,0.0,-16.108193400688315,0.0,0.000633226034929095,0.08922063562764834,ok,False,0.0023764281282471723,2.9850746268656714,0.0,0.0,0.0
,,,-3.4223964011965897,-0.519068457882387,-4.379502192621894,-8.816059700799315,-18.057934573742713,1.7915280543818657,6.740461260012627,-4.379502192621894,11.444915461329352,10.515355468921008,13.753345562272086,9.702788032980617,6.555214960607316,normal,16.252467456670804,transition,0.0,transition,33.529625,14.450000000000001,-2.0755984407866874,-13.162648013863675,0.0,0.0,-1.2612502574920654,0.0,0.005430466131856562,0.25125156445556945,17884179197430691538.mp4,4.895286559879038,unlabeled,0.5120584657186378,,normal,7.358018206831757,6.300000000000001,9.984093728772546,-17.966123505594677,-10.60810529876292,0,-23.55981017199395,-21.01062712156298,-19.155666725692363,-16.587016337916154,-14.238289563681676,-12.415305128472848,-10.088288622976064,/b/src/336272252/17884179197430691538.mp4,-0.6470074653625488,11.114743078983778,-16.929930201672498,-14.701653174750826,2.2282770269216723,-18.40560473734902,,0.0,transition,-16.899474922033352,2.6561194934265537,1.8430219619237929,7.948041044776119,0.05438432835820896,0.5279850746268657,2.619216417910448,0.0023498342701379427,0.043289217397630725,0.25341645330765583,0.4056971859698762,0.25,-1.5779737422358582,0.0,-20.217795795430057,0.0,6.794665655865436e-05,0.15280515527387056,ok,False,0.0023498342701379427,3.731343283582089,0.0,0.0,0.44776119402985076
,,,10.588933966157782,11.975996508972303,0.2242942623572617,-8.00761028068992,-16.708355212294627,3.398840148494763,-1.9038476198943108,0.2242942623572617,11.342470382730891,14.73554451807185,18.044181599658458,12.384207361120502,9.848586914948184,normal,11.962162786713783,transition,0.0,loud-start,15.02475,9.3,-9.911457900584232,-12.956799767266505,0.0,0.0,-1.099650502204895,0.0,0.006164347737321938,0.08510638297872342,17884196702101701854.mp4,3.7515554450281225,unlabeled,0.5672196584564686,,normal,6.403855812617274,5.7,7.389941991296761,-12.900681253507372,-6.496825440890098,1,-20.82353149506783,-18.014060603815977,-14.381820091969121,-12.31321296117026,-10.888497487546191,-9.899763224762417,-9.212706033458044,/b/src/336272252/17884196702101701854.mp4,0.4527689218521118,5.57810241475981,-13.009608860653664,-10.91731696657249,2.0922918940811748,-12.771204700286255,,0.0,loud-start,-11.509393864861671,5.039120404158336,0.7444861690409896,29.97458333333333,1.5525,7.864375,17.995833333333334,0.002325868778000582,0.22373449535736176,0.3157830906350011,0.4841581490403775,1.0,-5.675613047374032,0.0,-13.524728074076421,0.0,0.002325868778000582,0.00569672625445861,ok,False,0.0020478194569346375,21.0,0.0,0.0,0.6666666666666667
,,,-4.362636479041132,-2.5816370021044683,-9.334009937862362,-14.017709936417344,-14.304341503948747,1.3818752682510311,3.2920867379704433,-9.334009937862362,21.201626773479898,25.096054150196167,25.126992994179048,22.63404312936703,18.165882162579052,normal,12.538474924465506,transition,0.0,transition,12.7043125,2.6500000000000004,-10.7256231984469,-11.005810905797222,0.0,0.14375,-0.12694695591926575,0.0,0.0018752304315163787,0.08604505632040049,17884272731120689032.mp4,3.2985305981515243,unlabeled,0.667457319803532,,normal,5.629072130428598,11.0,7.317899182835744,-13.090447661552304,-7.461375531123705,1,-19.829045322036595,-16.713933235103557,-15.114075459885091,-13.382391471186915,-11.659523793107713,-10.731734747143651,-9.976031784251424,/b/src/336272252/17884272731120689032.mp4,-0.1131073459982872,5.608578511536496,-13.141454533543403,-9.979143867846052,3.162310665697351,-13.144745735920488,,0.0,transition,-12.651582270463793,2.0487682727089784,1.6100066767385317,26.954478346456696,0.45300196850393704,3.636072834645669,12.593996062992128,0.002315154100316741,0.08218668430113761,0.21733395689050117,0.47566899178002414,0.05,-17.18845168179078,0.0,-14.096661357495252,0.03125,0.00160983522584995,0.0004643551275444585,ok,False,0.002315154100316741,12.204724409448819,0.0,0.0,0.0
,,,3.5306035314137976,2.7036828017590153,6.20223782313537,-6.527775619790338,-13.778460917098332,1.4209447249798357,-0.04343979774783424,2.7036828017590153,39.28406653838918,38.48856075180848,38.59409154792947,38.75525348663399,36.85066238134426,normal,12.13650500141402,transition,0.0,loud-start,12.0511875,1.3,-6.5712154175381725,-12.523792862326731,0.0,0.0125,-0.9058935046195984,0.0,0.07258093785337087,0.14330413016270338,17884177281510816707.mp4,1.2546680547716011,unlabeled,0.5344622353489062,,normal,5.11391864259315,0.1,6.301577780283875,-13.116880583931827,-8.002961941338677,0,-16.17856234054431,-14.842691591324764,-13.557443641074519,-11.637300237940137,-9.863971879447702,-9.198357887797936,-8.52728971420499,/b/src/336272252/17884177281510816707.mp4,-0.08646196126937866,5.460286208193509,-13.85892372123232,-12.057059845893598,1.8018638753387233,-13.458705366302933,,0.0,loud-start,-12.2229669626834,2.106692649255104,0.5955629337840209,29.002074688796682,0.5267116182572614,4.793827800829876,14.641078838174273,0.002239817493864025,0.188624331305941,0.2336888068782083,0.2724120949004575,0.7000000000000001,-7.6426210679569735,0.0,-13.703625076616778,0.009375,0.002239817493864025,0.0518235018787467,ok,False,0.0009198375488351932,28.63070539419087,0.0,0.0,3.7344398340248963
,,,3.0944298464277047,-2.0790796116275345,-0.8038006407388578,-11.609044279271272,-17.369323003041824,2.467663256242613,2.413368841908527,-2.0790796116275345,9.513629765149961,10.594663810805422,10.247230291840111,8.488108004175704,6.413523640290492,normal,13.924159727041609,transition,0.0,loud-start,15.06975,1.55,-9.195675437362745,-14.036779735551868,0.0,0.05,-0.3396575450897217,0.0,0.036384730722385475,0.11201501877346684,17884283091140011190.mp4,3.3325432674899567,unlabeled,0.4372778441894817,,normal,4.29476089551051,0.9,6.2043023153700965,-14.893686709057297,-10.598925813546787,0,-19.530942618641536,-18.14163808991052,-15.828514160498761,-13.9831688471909,-13.036222065980562,-12.208905347770513,-11.741666485540867,/b/src/336272252/17884283091140011190.mp4,-0.3396575450897217,4.758994220377371,-15.929926111292406,-13.01107325342602,2.918852857866387,-14.874035715105867,,0.0,loud-start,-14.26381727213133,3.6585575437052977,0.9108899416448261,16.94518272425249,0.3594269102990033,1.9163205980066444,6.509759136212624,0.002181673326814177,0.04340208336175123,0.17688498319466955,0.3717460196986181,0.8500000000000001,-6.227138995808901,0.0,-13.703773791657728,0.0375,0.002181673326814177,0.02753491694575806,ok,False,0.0010946434136113647,3.322259136212625,0.0,0.0,0.0
,,30.0,3.9662825166725417,12.571363722285406,7.9841353201080505,-10.816429343168801,-19.64916072847315,4.358219074852661,-4.594406262501455,3.9662825166725417,30.62196202147198,45.042852161978956,37.46805913627248,25.63354764053222,34.24771289960609,normal,9.055976040082367,transition,0.0,transition,14.93625,13.850000000000001,-15.410835605670256,-14.717109346320605,0.0,0.0,-5.0691022872924805,0.0,0.005685460446109458,0.03285356695869837,17884497658310740867.webm,4.932051382152544,unlabeled,0.5521573709788542,,normal,5.128248247812682,0.1,28.91630498359838,-14.361860329744442,-9.23361208193176,1,-28.590256072909064,-22.12766622426514,-18.823742638207904,-14.34582708487115,-13.400331032591156,-11.729757260181232,-11.441511946813234,/b/src/336272252/17884497658310740867.webm,-4.400073051452637,7.5647159414394025,-15.495563657313,-13.021784991916151,2.473778665396848,-14.633559178302141,,0.0,transition,-13.456049091535004,6.461495600376555,0.7632987294559359,25.84270134228188,0.0,0.38192114093959734,12.639471476510067,0.002117516223095296,0.3548840302533797,0.3548840302533797,0.5952034384478895,0.6000000000000001,-17.372045312581697,0.0,-18.255835171184323,0.0,0.00016723117362578644,0.005094680828660348,ok,False,0.002117516223095296,7.718120805369128,0.0,0.0,0.0
,,60.0,-7.1855389098461515,21.737954454661903,-9.496423759036098,-10.074034654180705,-29.861456602873528,4.952839401844617,-7.8765411095994455,-9.496423759036098,36.06425638580184,33.83436503993889,41.17709627463067,40.008039148073316,17.88268760325893,normal,16.792936219447046,transition,0.0,transition,11.448875,8.75,-17.95057576378015,-19.052658098487306,0.0,0.0,-9.846205711364746,0.0,0.000209862604189584,0.03566958698372966,17884180501170682494.mp4,10.808798504386221,unlabeled,0.5988437627031732,,normal,11.567198376327628,0.2,35.48547794618583,-29.540956946881007,-17.97375857055338,1,-53.26393564465344,-39.15398006416541,-29.623841196892624,-26.276811681359554,-23.368978616683,-20.48543066683696,-18.74805120233676,/b/src/336272252/17884180501170682494.mp4,-9.846205711364746,11.264824773561294,-29.89973340899656,-18.326391785572774,11.573341623423786,-30.08812476805739,,0.0,transition,-26.639141930811792,7.343079697174829,1.4719707466262133,0.050438596491228074,0.0,0.0,0.0,0.0020794707808146485,0.09217753765376391,0.5988437627031732,0.49831724119554716,0.55,-13.881538401084562,0.0,-28.856052648851296,0.0,4.923952956117702e-07,0.0017383615175634074,ok,False,0.0020794707808146485,0.0,0.0,0.0,0.0
,,80.0,11.288646458455116,8.69369305664078,7.465618571493066,-15.072442853192696,-24.660548645823592,2.43198654721677,4.286361571414757,7.465618571493066,16.4927830194937,13.55616617220824,14.324576272359359,17.02530429652873,7.810877280971347,normal,13.389354493717956,transition,0.0,transition,14.0495,1.85,-10.786081281777939,-16.865795082343013,0.0,0.0,-4.172618389129639,0.0,0.031858754435769174,0.09386733416770963,17884549844790935717.mp4,7.79475356348058,unlabeled,0.5080860823057499,,normal,3.9211383905568695,0.7000000000000001,6.311303164119746,-16.423381150065435,-12.502242759508565,0,-22.25084138359571,-19.929561892814704,-17.796222732604065,-16.4320644382149,-15.394761030873815,-14.888861213338622,-13.883325015492385,/b/src/336272252/17884549844790935717.mp4,-2.9162657260894775,4.615545699987047,-20.94132243432414,-15.321231220903769,5.62009121342037,-16.489683185179146,,0.0,transition,-16.305620219807434,3.605663254903583,2.1618085252082184,10.477008928571427,0.00022321428571428573,0.12589285714285714,2.5375,0.0020605967606991665,0.13809178693682675,0.2617717286529554,0.38975866265325776,0.6000000000000001,-16.954045969669913,0.0,-23.78409559822085,0.0,8.088552013149161e-06,0.01074662692965184,ok,False,0.0020605967606991665,0.0,0.0,0.0,0.0
,,,5.713300264127737,6.650103877744318,3.7745180352714196,-18.32398999137849,-16.675206129572942,2.0835223669108744,-1.3357854788316246,3.7745180352714196,40.05388886251231,34.24520750176996,31.94547186256684,31.52730318853614,32.80985934363632,normal,11.656056675000073,transition,0.0,transition,12.79275,11.600000000000001,-19.659775470210114,-12.82819796195079,0.0,0.0,-1.710695743560791,0.0,0.0009828127661398215,0.029411764705882353,17884156244630048183.mp4,3.8470081676221515,unlabeled,0.5244027949884155,,normal,7.371652255892956,10.8,10.897772646456959,-15.022815926947573,-7.651163671054617,1,-24.221736182234327,-20.333840152458237,-16.521401357718844,-14.775813162798208,-12.969620004629329,-11.733325429275173,-10.08333100990611,/b/src/336272252/17884156244630048183.mp4,-1.4450491666793823,7.06106897484184,-15.147677675634135,-11.788751845665812,3.3589258299683227,-15.139254422167065,,0.0,transition,-13.101105841679455,3.0890302611820624,1.2453773004315076,21.670098039215684,0.43308823529411766,4.69828431372549,11.974019607843136,0.0020483686151860493,0.175018811420714,0.17687962123936155,0.4418409244609026,0.6000000000000001,-12.84470223823812,0.0,-21.481714536218526,0.0,2.8553945574814397e-05,0.002979623097117672,ok,False,0.0020483686151860493,5.490196078431373,0.0,0.0,0.0
,,90.0,5.654042437868403,8.481836682907778,-1.033567173419919,-11.87865282355352,-18.5830521895832,3.1760270822443992,-3.546669270937855,-1.033567173419919,29.353437067604794,24.893329345434406,25.409108729601964,27.203724505850985,17.750287766073036,normal,12.411129849017916,transition,0.0,transition,9.9135,5.800000000000001,-15.425322094491374,-13.993041971584324,0.0,0.0,-1.9470679759979248,0.0,0.005916131190184378,0.05319148936170213,17884172055790359268.webm,4.590010217998875,unlabeled,0.5070796140868762,,normal,5.931171135077319,0.2,12.02442666905631,-15.057765987597447,-9.126594852520128,1,-29.726181249643727,-21.197222210892324,-17.104785365282233,-14.781765222360285,-13.291603624827705,-12.948813814381634,-11.795347820093289,/b/src/336272252/17884172055790359268.webm,-1.6581168174743652,6.041571106195905,-15.449113841008323,-11.811799652331612,3.6373141886767115,-15.338361572790692,,0.0,transition,-14.069246666492282,4.708777752135546,0.9747774177528751,18.85195707070707,0.06313131313131314,2.463068181818182,8.90435606060606,0.0020456214566776263,0.22244824603675398,0.37124554672819715,0.297472351171681,0.2,-15.42611380226093,0.0,-13.993026660235252,0.0,0.0017190940143959217,0.00591532955606923,ok,False,0.0020456214566776263,2.0202020202020203,0.0,0.0,0.0
,,90.0,5.654042437868403,8.481836682907778,-1.033567173419919,-11.87865282355352,-18.5830521895832,3.1760270822443992,-3.546669270937855,-1.033567173419919,29.353437067604794,24.893329345434406,25.409108729601964,27.203724505850985,17.750287766073036,normal,12.411129849017916,transition,0.0,transition,9.9135,5.800000000000001,-15.425322094491374,-13.993041971584324,0.0,0.0,-1.9470679759979248,0.0,0.005916131190184378,0.05319148936170213,17884176536440400216.webm,4.590010217998875,unlabeled,0.5070796140868762,,normal,5.931171135077319,0.2,12.02442666905631,-15.057765987597447,-9.126594852520128,1,-29.726181249643727,-21.197222210892324,-17.104785365282233,-14.781765222360285,-13.291603624827705,-12.948813814381634,-11.795347820093289,/b/src/336272252/17884176536440400216.webm,-1.6581168174743652,6.041571106195905,-15.449113841008323,-11.811799652331612,3.6373141886767115,-15.338361572790692,,0.0,transition,-14.069246666492282,4.708777752135546,0.9747774177528751,18.85195707070707,0.06313131313131314,2.463068181818182,8.90435606060606,0.0020456214566776263,0.22244824603675398,0.37124554672819715,0.297472351171681,0.2,-15.42611380226093,0.0,-13.993026660235252,0.0,0.0017190940143959217,0.00591532955606923,ok,False,0.0020456214566776263,2.0202020202020203,0.0,0.0,0.0
,,90.0,5.654042437868403,8.481836682907778,-1.033567173419919,-11.87865282355352,-18.5830521895832,3.1760270822443992,-3.546669270937855,-1.033567173419919,29.353437067604794,24.893329345434406,25.409108729601964,27.203724505850985,17.750287766073036,normal,12.411129849017916,transition,0.0,transition,9.9135,5.800000000000001,-15.425322094491374,-13.993041971584324,0.0,0.0,-1.9470679759979248,0.0,0.005916131190184378,0.05319148936170213,17884177946510544377.webm,4.590010217998875,unlabeled,0.5070796140868762,,normal,5.931171135077319,0.2,12.02442666905631,-15.057765987597447,-9.126594852520128,1,-29.726181249643727,-21.197222210892324,-17.104785365282233,-14.781765222360285,-13.291603624827705,-12.948813814381634,-11.795347820093289,/b/src/336272252/17884177946510544377.webm,-1.6581168174743652,6.041571106195905,-15.449113841008323,-11.811799652331612,3.6373141886767115,-15.338361572790692,,0.0,transition,-14.069246666492282,4.708777752135546,0.9747774177528751,18.85195707070707,0.06313131313131314,2.463068181818182,8.90435606060606,0.0020456214566776263,0.22244824603675398,0.37124554672819715,0.297472351171681,0.2,-15.42611380226093,0.0,-13.993026660235252,0.0,0.0017190940143959217,0.00591532955606923,ok,False,0.0020456214566776263,2.0202020202020203,0.0,0.0,0.0
,,90.0,5.654042437868403,8.481836682907778,-1.033567173419919,-11.87865282355352,-18.5830521895832,3.1760270822443992,-3.546669270937855,-1.033567173419919,29.353437067604794,24.893329345434406,25.409108729601964,27.203724505850985,17.750287766073036,normal,12.411129849017916,transition,0.0,transition,9.9135,5.800000000000001,-15.425322094491374,-13.993041971584324,0.0,0.0,-1.9470679759979248,0.0,0.005916131190184378,0.05319148936170213,17884179844870790507.webm,4.590010217998875,unlabeled,0.5070796140868762,,normal,5.931171135077319,0.2,12.02442666905631,-15.057765987597447,-9.126594852520128,1,-29.726181249643727,-21.197222210892324,-17.104785365282233,-14.781765222360285,-13.291603624827705,-12.948813814381634,-11.795347820093289,/b/src/336272252/17884179844870790507.webm,-1.6581168174743652,6.041571106195905,-15.449113841008323,-11.811799652331612,3.6373141886767115,-15.338361572790692,,0.0,transition,-14.069246666492282,4.708777752135546,0.9747774177528751,18.85195707070707,0.06313131313131314,2.463068181818182,8.90435606060606,0.0020456214566776263,0.22244824603675398,0.37124554672819715,0.297472351171681,0.2,-15.42611380226093,0.0,-13.993026660235252,0.0,0.0017190940143959217,0.00591532955606923,ok,False,0.0020456214566776263,2.0202020202020203,0.0,0.0,0.0
,,90.0,5.654042437868403,8.481836682907778,-1.033567173419919,-11.87865282355352,-18.5830521895832,3.1760270822443992,-3.546669270937855,-1.033567173419919,29.353437067604794,24.893329345434406,25.409108729601964,27.203724505850985,17.750287766073036,normal,12.411129849017916,transition,0.0,transition,9.9135,5.800000000000001,-15.425322094491374,-13.993041971584324,0.0,0.0,-1.9470679759979248,0.0,0.005916131190184378,0.05319148936170213,17884289294500739684.webm,4.590010217998875,unlabeled,0.5070796140868762,,normal,5.931171135077319,0.2,12.02442666905631,-15.057765987597447,-9.126594852520128,1,-29.726181249643727,-21.197222210892324,-17.104785365282233,-14.781765222360285,-13.291603624827705,-12.948813814381634,-11.795347820093289,/b/src/336272252/17884289294500739684.webm,-1.6581168174743652,6.041571106195905,-15.449113841008323,-11.811799652331612,3.6373141886767115,-15.338361572790692,,0.0,transition,-14.069246666492282,4.708777752135546,0.9747774177528751,18.85195707070707,0.06313131313131314,2.463068181818182,8.90435606060606,0.0020456214566776263,0.22244824603675398,0.37124554672819715,0.297472351171681,0.2,-15.42611380226093,0.0,-13.993026660235252,0.0,0.0017190940143959217,0.00591532955606923,ok,False,0.0020456214566776263,2.0202020202020203,0.0,0.0,0.0
,,90.0,5.654042437868403,8.481836682907778,-1.033567173419919,-11.87865282355352,-18.5830521895832,3.1760270822443992,-3.546669270937855,-1.033567173419919,29.353437067604794,24.893329345434406,25.409108729601964,27.203724505850985,17.750287766073036,normal,12.411129849017916,transition,0.0,transition,9.9135,5.800000000000001,-15.425322094491374,-13.993041971584324,0.0,0.0,-1.9470679759979248,0.0,0.005916131190184378,0.05319148936170213,17884289294671156684.webm,4.590010217998875,unlabeled,0.5070796140868762,,normal,5.931171135077319,0.2,12.02442666905631,-15.057765987597447,-9.126594852520128,1,-29.726181249643727,-21.197222210892324,-17.104785365282233,-14.781765222360285,-13.291603624827705,-12.948813814381634,-11.795347820093289,/b/src/336272252/17884289294671156684.webm,-1.6581168174743652,6.041571106195905,-15.449113841008323,-11.811799652331612,3.6373141886767115,-15.338361572790692,,0.0,transition,-14.069246666492282,4.708777752135546,0.9747774177528751,18.85195707070707,0.06313131313131314,2.463068181818182,8.90435606060606,0.0020456214566776263,0.22244824603675398,0.37124554672819715,0.297472351171681,0.2,-15.42611380226093,0.0,-13.993026660235252,0.0,0.0017190940143959217,0.00591532955606923,ok,False,0.0020456214566776263,2.0202020202020203,0.0,0.0,0.0
,,90.0,5.654042437868403,8.481836682907778,-1.033567173419919,-11.87865282355352,-18.5830521895832,3.1760270822443992,-3.546669270937855,-1.033567173419919,29.353437067604794,24.893329345434406,25.409108729601964,27.203724505850985,17.750287766073036,normal,12.411129849017916,transition,0.0,transition,9.9135,5.800000000000001,-15.425322094491374,-13.993041971584324,0.0,0.0,-1.9470679759979248,0.0,0.005916131190184378,0.05319148936170213,17884289783200619775.webm,4.590010217998875,unlabeled,0.5070796140868762,,normal,5.931171135077319,0.2,12.02442666905631,-15.057765987597447,-9.126594852520128,1,-29.726181249643727,-21.197222210892324,-17.104785365282233,-14.781765222360285,-13.291603624827705,-12.948813814381634,-11.795347820093289,/b/src/336272252/17884289783200619775.webm,-1.6581168174743652,6.041571106195905,-15.449113841008323,-11.811799652331612,3.6373141886767115,-15.338361572790692,,0.0,transition,-14.069246666492282,4.708777752135546,0.9747774177528751,18.85195707070707,0.06313131313131314,2.463068181818182,8.90435606060606,0.0020456214566776263,0.22244824603675398,0.37124554672819715,0.297472351171681,0.2,-15.42611380226093,0.0,-13.993026660235252,0.0,0.0017190940143959217,0.00591532955606923,ok,False,0.0020456214566776263,2.0202020202020203,0.0,0.0,0.0
,,90.0,5.654042437868403,8.481836682907778,-1.033567173419919,-11.87865282355352,-18.5830521895832,3.1760270822443992,-3.546669270937855,-1.033567173419919,29.353437067604794,24.893329345434406,25.409108729601964,27.203724505850985,17.750287766073036,normal,12.411129849017916,transition,0.0,transition,9.9135,5.800000000000001,-15.425322094491374,-13.993041971584324,0.0,0.0,-1.9470679759979248,0.0,0.005916131190184378,0.05319148936170213,17884293685720151799.webm,4.590010217998875,unlabeled,0.5070796140868762,,normal,5.931171135077319,0.2,12.02442666905631,-15.057765987597447,-9.126594852520128,1,-29.726181249643727,-21.197222210892324,-17.104785365282233,-14.781765222360285,-13.291603624827705,-12.948813814381634,-11.795347820093289,/b/src/336272252/17884293685720151799.webm,-1.6581168174743652,6.041571106195905,-15.449113841008323,-11.811799652331612,3.6373141886767115,-15.338361572790692,,0.0,transition,-14.069246666492282,4.708777752135546,0.9747774177528751,18.85195707070707,0.06313131313131314,2.463068181818182,8.90435606060606,0.0020456214566776263,0.22244824603675398,0.37124554672819715,0.297472351171681,0.2,-15.42611380226093,0.0,-13.993026660235252,0.0,0.0017190940143959217,0.00591532955606923,ok,False,0.0020456214566776263,2.0202020202020203,0.0,0.0,0.0
,,,8.739269126763707,3.1334034159103226,-3.331516802417087,-13.55320803496948,-14.886016988010397,2.201433989636169,-3.673878791343178,-3.331516802417087,54.04918090188939,56.03520859928582,53.08487466139333,54.70638760082477,37.91729005839367,normal,12.017478269234877,transition,0.0,transition,15.185875,3.5,-17.227086826312657,-11.57620419299593,0.0,0.0,-1.9331364631652832,0.0,0.0023813704065641897,0.04005006257822277,17884655245190182218.mp4,3.3098127950144676,unlabeled,0.5329234535160396,,normal,6.410990932406577,0.1,44.58503702658497,-14.562400028014885,-8.151409095608308,1,-23.073291866293168,-17.565549791478368,-15.426005988577304,-13.828326520983989,-12.608527206804368,-12.014331723092107,-11.121787898794565,/b/src/336272252/17884655245190182218.mp4,-1.5032260417938232,5.0591492855970515,-14.036254392947196,-9.405423821749118,4.630830571198079,-14.477364457221448,,0.0,transition,-13.5207043110287,3.2638460330345844,1.0140836183798612,21.99360561056106,0.12293729372937294,2.82240099009901,10.267120462046204,0.002005447539459535,0.03545329482108435,0.4154911984200384,0.3843356113413576,0.4,-4.321116638332771,0.0,-16.081183850791227,0.0,0.0006069828368858812,0.02907453508064471,ok,False,0.002005447539459535,4.9504950495049505,0.0,0.0,0.0
,,,6.434762612642712,0.6810469102846142,2.26690813532786,-9.20282776051528,-13.993299582088348,1.221490652413551,1.4443426254599565,0.6810469102846142,39.57105315594231,39.78328894133088,43.33674252075919,40.72663827395414,36.193688161656915,normal,12.91864448949579,transition,0.0,loud-start,10.2613125,7.45,-7.758485135055324,-12.47048820882112,0.0,0.0,-1.037880778312683,0.0,0.07499743465168249,0.12984981226533165,17884261374240995075.mp4,1.5228113732672277,unlabeled,0.4472636098616403,,normal,3.5263391240998576,0.1,10.363341805852643,-13.696381091720957,-10.1700419676211,0,-17.260688008659116,-15.504872468378814,-14.037513946790503,-12.655783260779764,-11.705729890151764,-11.215962316043948,-10.510889902476952,/b/src/336272252/17884261374240995075.mp4,-0.416940301656723,3.769078763966851,-13.316656018208565,-11.963425054887844,1.353230963320721,-13.61022501566117,,0.0,loud-start,-13.335584791152513,2.0,0.7614056866336139,23.14390243902439,0.25884146341463415,2.6774390243902437,10.185670731707317,0.0019561699034592412,0.16230999696389345,0.3519308526075698,0.42706230475621926,0.7000000000000001,-7.674404806408525,0.0,-13.971933638114297,0.0,0.0019561699034592412,0.0604339888806192,ok,False,0.0009889965020333689,15.121951219512194,0.0,0.0,0.0
,,,-1.7014505872396728,3.7834502171752575,3.8653998443898843,-17.22713624483368,-14.572377926351496,1.381237616167705,-2.3909580719671126,-1.7014505872396728,20.53017641033206,23.619482435530692,20.351325020825875,20.008879838374916,12.776980268821337,normal,5.755750857518836,transition,0.0,loud-start,15.000125,1.6,-19.618094316800793,-12.14610406463273,0.0,0.075,-0.5685291886329651,0.0,0.003441071271585866,0.011264080100125157,17884638440971228829.mp4,2.426273861718766,unlabeled,0.5065275188323645,,normal,1.0878633677041893,5.1000000000000005,11.337899751433797,-5.584096063477598,-4.496232695773409,1,-15.654270034380934,-14.569662809895654,-13.215962596474741,-12.21290120504573,-10.811397107231015,-9.846574295532399,-8.814765758424755,/b/src/336272252/17884638440971228829.mp4,-0.062409013509750366,5.072387250906953,-5.675149423223218,-5.419881596533282,0.255267826689936,-5.553251956227205,,0.0,loud-start,-5.818159871028587,2.0478228897302393,1.184806495662513,77.66854166666667,11.760208333333333,51.22895833333333,68.59604166666666,0.0019368499649362366,0.023087830991111655,0.4806288153028924,0.26108801968787043,0.30000000000000004,-15.83449869300081,0.0,-13.789422204996814,0.190625,0.0019368499649362366,0.010628870151208563,ok,False,0.0012965794611026538,20.666666666666668,0.0,0.0,1.3333333333333335
,,10.0,-2.0741496429485013,6.103306980893887,6.434192920660308,-10.74326795660507,-13.928710242014716,1.3330144582038752,3.2786864691280835,-2.0741496429485013,77.2441683132221,72.99542558011653,76.55627656471232,75.28333672296114,38.144257034673984,normal,8.510974854564708,transition,0.0,loud-start,13.7694375,4.8500000000000005,-7.464581487476987,-11.966475043348805,0.0,0.0,-3.538316488265991,0.0,0.010389624477940954,0.1251564455569462,17884653706040197678.mp4,1.962235198665912,unlabeled,0.525261557571721,,normal,3.6618208375102954,0.30000000000000004,78.54236954780198,-11.398629652222684,-7.736808814712389,2,-17.04183559426099,-15.08743567869448,-13.800128342728444,-12.388326639231583,-11.500029671763848,-11.030006981777856,-10.518491177950375,/b/src/336272252/17884653706040197678.mp4,-2.866334915161133,4.679709710860003,-11.412819927978127,-12.830492373346946,-1.4176724453688188,-11.587212162957833,,0.0,loud-start,-11.37730976972584,2.0,0.981117599332956,37.57454545454546,0.0013636363636363637,6.460909090909091,20.974999999999998,0.0019295443358237204,0.11515089676856793,0.42762123756343456,0.6819073385915364,0.8,-10.409498168689954,0.0,-13.878989586730757,0.0,0.0019295443358237204,0.027824991341991304,ok,False,0.0012290142535925919,16.727272727272727,0.0,0.0,0.0
,,,17.226150562499377,7.555022054347269,5.299103262358061,-15.390720708946564,-15.484471414099842,1.9699337640080694,-2.6887203939794375,5.299103262358061,44.528180224981035,25.531371266235766,49.40364728372809,39.016472930211776,27.64918262968964,normal,10.405969992431622,transition,0.0,loud-start,8.523125,4.9,-18.079441102926,-14.506626463152244,0.0,0.056249999999999994,0.45723581314086914,0.0,0.006057221325256514,0.038485607008760955,17884225883470876491.mp4,0.9778449509475973,unlabeled,0.4867741582776816,,normal,2.970959415667636,0.30000000000000004,28.168671012820734,-9.839698828350606,-6.86873941268297,2,-20.704474810239002,-17.139139943228084,-15.325415833885824,-12.689433269137206,-10.52938099098098,-10.054952191682295,-9.432621650802984,/b/src/336272252/17884225883470876491.mp4,0.45723581314086914,6.2272957802019295,-10.926950966815088,-8.699758146918871,2.227192819896217,-10.633765056802037,,0.0,loud-start,-9.948734179290753,2.9206237985183634,0.334806883188331,36.99852941176471,3.569485294117647,14.798529411764704,26.218014705882354,0.0018773920911760028,0.29858106428820125,0.34800923627172153,0.27463910869712843,0.15000000000000002,-16.841277449717595,0.0,-13.868516380461948,0.15,0.0018773920911760028,0.01830126790954295,ok,False,0.0005580612825108377,19.411764705882355,0.0,0.0,0.0
,,,-8.88907937077644,-3.9623042808900735,-10.806123069389933,-5.544937567023187,-15.635221187926334,3.3464267683167916,-3.4978105471662726,-10.806123069389933,13.521807609041925,20.15600279510941,20.68838584444235,17.207948739944715,15.3560875015098,normal,12.434917455667867,transition,0.0,transition,15.0711875,14.65,-9.04274811418946,-12.455361995904543,0.0,0.359375,-0.48481735587120056,0.0,0.002214616765891523,0.08760951188986232,17884192172331565920.mp4,3.179859192021791,unlabeled,0.5384335511295396,,normal,10.86166607281883,6.9,11.905993777027167,-14.69582320190021,-3.8341571290813796,1,-22.420768993454164,-19.293389656239697,-16.764984518978014,-14.345276170238995,-11.271835427146712,-9.120876657080936,-6.640696796009246,/b/src/336272252/17884192172331565920.mp4,0.4882439970970154,11.108980041665166,-12.941930975932422,-8.958880092448117,3.983050883484305,-14.698029085163803,,0.0,transition,-11.946673458570851,4.961412326706475,0.6409181464126911,24.38766611295681,2.744808970099668,6.061669435215947,13.934800664451826,0.001830772706211573,0.1901723235342734,0.40905185102827324,0.6712568901909212,1.0,-8.277460525662486,0.0,-17.128521847416444,0.2,0.0003302081818737314,0.020909581963037813,ok,False,0.001830772706211573,13.621262458471762,0.0,0.33222591362126247,4.983388704318937
,,,6.107246045034714,5.568008212590794,12.79725016203146,-9.53917773327748,-25.220304064397556,3.5654747392928137,-2.9042846919734053,5.568008212590794,67.18756937573363,59.69384188699649,62.872383453539285,64.7094276125628,31.331935627551843,normal,11.715865398299478,transition,0.0,transition,13.235375,4.6000000000000005,-12.443462425250885,-17.345769834582814,0.0,0.0,-2.493584632873535,0.0,0.010431386154748201,0.06977471839799751,17884182868520966087.mp4,7.874534229814742,unlabeled,0.5085642173698296,,normal,8.30359119479487,0.1,60.65141398428604,-15.172821322565554,-6.869230127770683,2,-27.067027794378255,-24.104381603464702,-20.499734014802918,-17.52966432138419,-15.641772187224893,-13.514478559947568,-9.551748536708608,/b/src/336272252/17884182868520966087.mp4,-2.252436637878418,12.954518128961041,-24.91752430311722,-13.521366022013758,11.39615828110346,-15.333803631426704,,0.0,transition,-13.968302036177896,5.286172848475525,1.4896475116370196,18.788589015151516,0.3106060606060606,3.108191287878788,9.174479166666668,0.0017326512118471678,0.10311894065241338,0.10311894065241338,0.5498132441004303,0.7000000000000001,-11.657693088027703,0.0,-21.73794475044309,0.0,2.524296547553385e-05,0.011185439051630348,ok,False,0.0017326512118471678,2.6515151515151514,0.0,0.0,0.7575757575757576
,,40.0,-2.2781545913395975,-1.9237129606131376,-2.8922800436019696,-7.7999982691789045,-15.773662768152647,2.0405479874372956,1.7946748524298188,-2.8922800436019696,18.80434795636172,17.592486150964405,16.642778043369823,15.657170121941212,9.696167182638348,normal,12.708151877993439,transition,0.0,loud-start,15.06975,8.75,-6.005323416749086,-12.753308514181175,0.0,0.00625,-0.6404262185096741,0.0,0.0651015643207647,0.1711514392991239,17884221244061233562.mp4,3.0203542539714725,unlabeled,0.4324660102148962,,normal,4.3357644323062825,0.1,17.694883103742285,-12.891812261560913,-8.55604782925463,1,-18.765015030633457,-16.186900084002648,-13.909718566873758,-12.273129993284297,-10.697290998457468,-9.863672586457405,-8.975900105483325,/b/src/336272252/17884221244061233562.mp4,-0.07187488675117493,6.504437269829526,-14.932613761108978,-14.069694345255854,0.8629194158531241,-13.17245063499789,,0.0,loud-start,-12.780026764744614,3.0253164461745343,0.9983597774674657,24.757890365448503,0.6854235880398671,3.917981727574751,12.07765780730897,0.00170961019843417,0.22943278915444654,0.25892285960833533,0.37522447943192777,0.7000000000000001,-9.0022492297938,0.0,-14.082624901811696,0.03125,0.00170961019843417,0.01569939272924264,ok,False,0.001693358248559924,20.26578073089701,0.0,0.0,1.3289036544850499
,,,-2.7070689803313446,6.059894527857374,-6.672266299010786,-13.256864982258753,-17.25396367914734,1.187582302439731,-1.6615331955187163,-6.672266299010786,14.925675048092433,21.33907261530755,17.276209802420993,15.987610110751739,11.083506550001678,normal,10.17718766257739,transition,0.0,transition,14.699625,9.55,-14.918398177777469,-13.610655702036961,0.0,0.0,-1.2103956937789917,0.0,0.0023760152230285526,0.03879849812265332,17884311052690497555.mp4,3.6433079771103785,unlabeled,0.5622553884741633,,normal,6.3156399474017695,14.200000000000001,13.33005753218972,-11.359643087435678,-5.044003140033909,2,-21.683869209045564,-18.789424381595495,-16.609593832327473,-14.559167358500959,-12.36234984349077,-9.94130242304277,-8.672003687856698,/b/src/336272252/17884311052690497555.mp4,-0.44099557399749756,8.719161736709548,-16.979801842844417,-9.014043486729632,7.965758356114785,-12.248420338505335,,0.0,transition,-10.618183236574888,2.0,1.8216539885551892,33.36689419795222,1.743174061433447,12.703284982935154,23.34023037542662,0.001681836182117447,0.23413819049201448,0.3847605891566796,0.48625831517948964,0.5,-16.64012575229824,0.0,-15.156525289629364,0.0,0.0009109684941498062,0.00429483347205443,ok,False,0.001681836182117447,9.556313993174061,0.0,0.0,2.7303754266211606
,,,7.1246732642045565,14.381172333186697,7.989417308457795,-11.800144075787667,-23.684496115000464,2.0987983126878174,0.4861192741658371,7.1246732642045565,50.560104272835105,45.13986714527637,47.98469541737765,43.55733304575666,32.84925398235956,normal,11.226806770172562,transition,0.0,transition,36.037375,5.2,-11.31402480162183,-16.974706939308646,0.0,0.0,-5.429235458374023,0.0,0.005372681061704677,0.08322903629536921,17884403552900153783.mp4,6.709789175691817,unlabeled,0.4407990152346409,,normal,4.962082403704882,0.1,26.735961823051035,-16.53749976632638,-11.575417362621499,1,-25.66609351706957,-23.51984951177697,-21.252978416065734,-19.579545351057632,-16.786297434543194,-15.263889309624828,-14.588921099107607,/b/src/336272252/17884403552900153783.mp4,-4.988162994384766,7.936016287609174,-17.796851974406344,-15.766250245050527,2.0306017293558174,-16.801366033617157,,0.0,transition,-16.214969764557328,3.1116783783909576,2.1563247738866367,10.008854166666667,0.0,0.00920138888888889,2.7227430555555556,0.0016427044308323854,0.24416712933206383,0.24416712933206383,0.30674912702666957,0.55,-6.502111381708992,0.0,-21.013316508846305,0.0,3.970788908091552e-05,0.02371193766612059,ok,False,0.0016427044308323854,0.0,0.0,0.0,0.0
,,,2.197351539232129,8.738081144683658,1.2755353159121618,-5.797916776493022,-16.624011448663886,1.465232378750855,-7.413931689978904,1.2755353159121618,76.43416986731046,48.01559279713569,66.96474267043425,65.88486984512073,26.863438461721174,normal,12.709806243872643,transition,0.0,transition,61.532875,46.0,-13.211848466471926,-13.171670721382888,0.0,0.0625,-0.6865861415863037,0.0,0.017999156123322008,0.05600750938673342,17884551115450975626.mp4,3.4523407272809976,unlabeled,0.5535083089974212,,normal,9.768969411586998,0.30000000000000004,56.63201994731271,-16.871945305642086,-7.1029758940550884,2,-23.107792681237772,-20.897830073699716,-18.94589976598462,-15.903339453022543,-12.388715771786288,-11.48368106701769,-10.762621732241618,/b/src/336272252/17884551115450975626.mp4,-0.4585444927215576,9.16304912331737,-16.01157277679102,-11.434971615207807,4.576601161583213,-17.706148021599127,,0.0,transition,-13.168350736594201,2.1723535247360175,1.589216804709778,16.689786585365855,1.5791666666666666,5.629979674796748,10.47616869918699,0.0016247718143227294,0.16758738704402415,0.47516767900718176,0.4491260047767868,0.9500000000000001,-11.381059664228427,0.0,-20.962973799284285,0.0125,3.86034895266609e-05,0.009512163539484675,ok,False,0.0016247718143227294,8.048780487804878,0.0,0.0,0.0
,,,22.194930811103248,11.89319604574547,17.013334867697075,-22.979183863112983,-22.15731143442641,3.5519402307935213,11.88316008034781,11.89319604574547,22.43965419114455,17.644379512516814,19.779794594296792,18.1816130569621,10.961927118854444,normal,10.846910431089707,transition,0.0,transition,15.093,11.8,-11.096023782765172,-15.953808062612088,0.0,0.0,-5.123871803283691,0.0,0.013855320150421416,0.08573216520650814,17884178106740852994.mp4,6.203503371814323,unlabeled,0.5862639263689825,,normal,5.436041547220407,1.2000000000000002,9.35869875177192,-16.34064300359321,-10.904601456372804,0,-25.61408660365735,-22.696553818775744,-18.36916750063273,-15.526577974761228,-14.023812581826402,-13.496281882177554,-12.613378141280931,/b/src/336272252/17884178106740852994.mp4,-4.670891284942627,5.908494045528803,-18.550355009047994,-14.855867103563234,3.6944879054847597,-16.738590057722938,,0.0,transition,-15.517801716032334,5.266106586174474,1.1780056613553684,13.491901993355482,0.0,0.21054817275747506,5.806893687707642,0.0016179331875998037,0.08320446479656292,0.23836792294453232,0.4391264913250496,0.9,-11.09278996376915,0.0,-21.83056944917329,0.0,2.462224170326187e-05,0.024870172491238213,ok,False,0.0016179331875998037,0.0,0.0,0.0,0.0
,,50.0,2.8907720138816266,25.90835241020902,15.032735043120603,-7.700727814270236,-31.081747868781086,4.771369214841636,-4.136619549065362,2.8907720138816266,65.05579494900039,40.10421715658764,52.13636546365311,66.56203870782602,20.423802409325077,normal,17.335455960299686,transition,0.0,transition,169.1341875,16.45,-11.837347363335597,-20.39749839569356,0.0,0.0,-8.028093338012695,0.0,0.003919909592673581,0.07040050062578224,17884205612730171245.mp4,10.684249473087526,unlabeled,0.5851895841615241,,normal,7.302582342324715,0.2,46.50317346406707,-24.498444382549074,-17.19586204022436,1,-40.15195936771057,-30.883165977670195,-25.55096646352972,-22.99148288791911,-21.471409718162256,-20.538465876774957,-19.144441460276322,/b/src/336272252/17884205612730171245.mp4,-6.898269176483154,9.550339382776038,-31.078395956468437,-19.747092994935983,11.331302961532455,-24.97121341761932,,0.0,transition,-24.23372513678284,7.074031997924209,1.510347914205462,0.12069411590774688,0.0,0.0,0.0026057066824364283,0.0016132369937698196,0.3013665052738075,0.3013665052738075,0.5041967930846387,0.75,-10.02184910808877,0.0,-33.22099567394577,0.0,4.561967337475396e-08,0.004971085190739294,ok,False,0.0016132369937698196,0.0,0.0,0.0,0.0
,,50.0,2.7286207094163615,13.10812800190298,3.918747384328666,-7.018662517863676,-17.734064702684066,2.000357320285981,1.9108077256807752,2.7286207094163615,59.275539520686024,37.984331798292416,65.33216907906733,61.59488471543732,20.328486023131788,normal,9.975325156728623,transition,0.0,transition,15.5355625,8.4,-5.107854792182901,-14.22025409046699,0.0,0.0,-6.776156425476074,0.0,0.001543116958486513,0.18773466833541927,17884254029360988094.mp4,3.5138106122170765,unlabeled,0.5471585081888007,,normal,3.6185283944900526,0.2,38.693581462921316,-16.106926706383874,-12.488398311893821,1,-26.397807853627693,-20.994112671216953,-17.557833920016876,-16.10426764768066,-14.57059429325178,-14.178418522329816,-12.789152120467735,/b/src/336272252/17884254029360988094.mp4,-6.356818199157715,5.323294831608335,-15.722469819468682,-15.27162470974121,0.4508451097274708,-16.08070341394022,,0.0,transition,-16.332143355886338,2.9657297630559953,1.184804716865477,12.200806451612904,0.0,0.0,2.733467741935484,0.001592225534699655,0.48173238295499426,0.48173238295499426,0.6481261809005533,0.2,-19.07423826787738,0.0,-19.28021199859095,0.0,9.478345954270153e-05,0.002151445724134114,ok,False,0.001592225534699655,0.0,0.0,0.0,0.0
,,,-5.680219653726125,2.8530148382935714,2.291558950092669,-12.41503720815814,-17.985168199536744,1.1115887663987394,-0.09915150719047361,-5.680219653726125,70.78103271169984,59.78806319759317,70.10331546443749,76.54969507821137,36.85144363110197,normal,6.685662435805989,transition,0.0,loud-start,18.5063125,7.1000000000000005,-12.514188715348613,-15.412732757787154,0.0,0.0,-8.604104995727539,0.0,0.00882734228687699,0.0434918648310388,17884516794490022800.mp4,2.5724354417495903,unlabeled,0.5472698426002659,,normal,1.8703289700452892,0.2,60.77816075851827,-14.434375351436397,-12.564046381391108,1,-20.24444872369959,-18.706349482321595,-16.97512854513042,-15.417838028500785,-14.90729829012826,-14.728244253788656,-13.487866652079097,/b/src/336272252/17884516794490022800.mp4,-7.849775314331055,3.5645746032843935,-14.78736775662843,-14.45401201551725,0.3333557411111805,-14.456108786647684,,0.0,loud-start,-14.535437750137044,2.0,1.2862177208747951,23.55641891891892,0.0,0.0,0.02804054054054054,0.0015799057777557573,0.18422089917284767,0.18422089917284767,0.6107941638609609,0.4,-7.35620845493309,0.0,-14.330304156643276,0.0,0.0015799057777557573,0.04257258822851231,ok,False,0.0006422998865978314,0.0,0.0,0.0,0.0
,,,14.375349601427546,12.135370634079486,1.877663759750728,-14.647887224278708,-25.95071320995258,3.4200557093187314,-7.451631596920624,1.877663759750728,16.585213518197346,14.555757398896702,16.196121288134407,14.701521157400517,9.383426135826632,normal,12.77992397868243,transition,0.0,transition,18.576,1.75,-22.099518821199332,-18.09460673698826,0.0,0.0,-4.2669997215271,0.1,0.0011998161943667233,0.02065081351689612,17884214598072292384.mp4,7.856106472964317,unlabeled,0.5496672178200072,,normal,5.416271972797206,18.5,15.626208294566542,-14.19783462862462,-8.781562655827413,1,-30.410975026331727,-22.270955474926733,-17.335613864006742,-15.102891692965326,-13.425702290119789,-11.913661205723791,-10.572625638598574,/b/src/336272252/17884214598072292384.mp4,-1.1814751625061035,7.518997605630231,-24.999293544979114,-15.895926447943143,9.10336709703597,-15.020647544990728,,0.0,transition,-13.961399141188533,5.070574594635951,1.5493523123148842,19.360680592991912,0.08995956873315364,2.8931940700808627,10.078840970350404,0.0015332437655709936,0.21633102612968202,0.41042262338771474,0.47214373862519626,0.0,-16.02775737957669,0.0,-26.766253200439774,0.0,1.5544977568922e-06,0.0043956093771515955,ok,False,0.0015332437655709936,5.3908355795148255,0.0,0.0,0.0
,,20.0,-1.0517892014843984,4.831600770645085,2.4927394860578604,-3.0155116076669803,-22.97932798659145,1.9039040268968854,-11.343283773211255,-1.0517892014843984,32.16153471672338,26.90420598106799,31.972766364597845,31.096269190600076,14.835730616895361,normal,13.621985194870586,transition,0.0,transition,15.65025,11.3,-14.358795380878234,-16.647555775965618,0.0,0.0,-5.450699329376221,0.0,0.00893597110596766,0.049436795994993746,17884202837590593625.mp4,6.331772210625832,unlabeled,0.571443944404005,,normal,9.230449236701222,0.1,24.64957759508173,-20.902419040169807,-11.671969803468585,1,-25.521361731169396,-23.32647894338289,-21.54995474733451,-20.01777281857084,-17.636969678229782,-16.68162679562269,-14.901534528185975,/b/src/336272252/17884202837590593625.mp4,-5.437669277191162,7.053466956490302,-23.424370935967147,-14.135932114019475,9.288438821947672,-20.883984911742584,,0.0,transition,-19.059654472061748,2.822728110277322,2.2431392480105923,4.149161341853035,0.0,0.003194888178913738,0.7496006389776357,0.001481038575818954,0.17283476212974574,0.5255475620645926,0.449100890731633,0.9500000000000001,-11.665505579353066,0.0,-20.689842359937867,0.0,4.549866661981183e-05,0.018906143596346944,ok,False,0.001481038575818954,0.0,0.0,0.0,0.0
,,,4.50458987182855,10.334661073561472,3.6834977277798533,-7.006987002558302,-19.73294381454741,1.9523024511161005,-1.9564259587698762,3.6834977277798533,12.846939374844442,14.607970469087759,14.38056390196881,10.310645695437074,8.10369648192053,normal,16.314307382283623,transition,0.0,transition,89.86125,6.3500000000000005,-8.963412961328178,-15.01661251148219,0.0,0.0,-3.9667654037475586,0.0,0.01660388566760198,0.11013767209011263,17884245435310748360.mp4,4.716331303065221,unlabeled,0.556616016370625,,normal,5.989941748284334,39.2,9.119098216559152,-17.66128115367057,-11.671339405386234,0,-23.06554763462299,-20.597555141678466,-18.056861553912306,-16.082365266257085,-14.666726229246994,-14.07359567862035,-12.893551326657366,/b/src/336272252/17884245435310748360.mp4,-0.7790815830230713,6.658142013373663,-20.098114219784772,-14.592329181687564,5.505785038097208,-17.903012224880992,,0.0,transition,-17.093388965306694,2.8944836140247303,1.6294206262606001,7.820325542570952,0.010329716193656094,0.29994435169727324,2.079924874791319,0.001445037077875029,0.15578608359872764,0.35895701006846964,0.571485440744584,0.5,-3.510851248380992,0.0,-15.081718081770873,0.0,0.0010331220307340859,0.019078647922966752,ok,False,0.001445037077875029,0.11129660545353368,0.0,0.0,0.0
,,,6.300758396507839,8.092520892356799,11.820113958968424,-4.264610616114453,-21.513536638966148,3.3562590333863582,-2.7023271199744308,6.300758396507839,10.227393581962517,9.317113536033318,6.097553682802278,9.202750014445332,5.5584329588371535,normal,12.19667314345477,transition,0.0,transition,26.681125,2.85,-6.966937736088884,-16.384506666568917,0.0,0.0,-5.864252090454102,0.0,0.055316789588339466,0.11576971214017523,17884208643430028442.mp4,5.12902997239723,unlabeled,0.5616973653398889,,normal,4.5894397244624585,2.0,5.760644276089959,-16.402549710802813,-11.813109986340354,0,-21.33694506293624,-19.060748626210337,-16.94083993580183,-14.93286623401097,-13.975180202516057,-13.716724203035655,-13.382739168122898,/b/src/336272252/17884208643430028442.mp4,-3.4673943519592285,3.7714920896449105,-20.8675319865883,-15.568320234148578,5.299211752439723,-16.824179108888444,,0.0,transition,-15.664067495413999,4.975989642898615,1.0307557572425867,13.95497185741088,0.0,0.15478424015009382,3.8530722326454034,0.0013774618655227613,0.4160064988226342,0.510087979647605,0.28216154006187033,0.15000000000000002,-7.194373854827786,0.0,-17.667937124077596,0.0,0.000250662901854407,0.029660112534009186,ok,False,0.0013774618655227613,0.0,0.0,0.0,0.0
,,260.0,-3.804927370696946,33.550890074427286,4.178279112694981,1.214137995615592,-22.61183693513809,6.301784642026835,-19.932016689660944,-3.804927370696946,69.96608134084029,69.20632766254288,61.46990350656158,64.39516614010387,36.722523369871055,normal,9.96018225860582,transition,0.0,transition,16.6965625,4.5,-18.717878694045353,-16.42713072161556,0.0,0.0,-7.248894691467285,0.0,0.0019140331918395272,0.04224030037546933,17884248904541991539.mp4,6.1847062135225315,unlabeled,0.591968487464061,,normal,3.304825209934352,0.1,65.63848954174006,-15.504079690525487,-12.199254480591135,1,-26.646092172051535,-19.949686884249218,-17.25278924299464,-16.203661461895006,-15.387654163041661,-15.020846880405568,-14.343104905320793,/b/src/336272252/17884248904541991539.mp4,-5.717837333679199,3.3591932547601004,-19.218733626636684,-15.530715422039169,3.6880182045975154,-15.585956371868502,,0.0,transition,-15.67801959228502,9.343025910268985,0.6619596555677832,15.78566066066066,0.0,0.00037537537537537537,3.4540165165165164,0.0013757396179215555,0.07917213582689149,0.2491734303170103,0.5462325489052459,0.65,-18.594454530976563,0.0,-16.174719070681146,0.0,0.0005194661245174753,0.0010148102991157735,ok,False,0.0013757396179215555,0.0,0.0,0.0,0.0
,,,10.278790744599991,-1.2699484712464706,4.357686067461436,-15.053251054745804,-21.790593296927057,2.7664390122880373,3.0591494752723243,-1.2699484712464706,12.281653669503743,11.337443962325011,10.795345207520176,10.0744223734459,6.355003650974989,normal,13.710670526101268,transition,0.0,transition,29.606875,5.45,-11.99410157947348,-16.11459722629723,0.0,0.0,-2.761225700378418,0.1,0.00671548567965892,0.07321652065081352,17884571499880814034.mp4,5.675996070629825,unlabeled,0.5523477719201202,,normal,7.397909536675277,5.1000000000000005,10.004911425208068,-17.00670536280824,-9.608795826132964,0,-23.19864335093064,-20.875441313076692,-18.37820319091712,-15.9147585406773,-13.577511301677315,-11.62755400088274,-10.328960709699038,/b/src/336272252/17884571499880814034.mp4,-1.5713012218475342,8.744861786220536,-20.464362400351085,-15.528149463037217,4.936212937313869,-17.65077744640161,,0.0,transition,-15.281971747948802,4.101522479618244,1.383875402081943,11.43359375,0.07728040540540541,2.517630912162162,5.739653716216217,0.001316244296729425,0.09872702815338165,0.16585273286491042,0.4680177132085135,0.30000000000000004,-14.95545418947379,0.0,-19.373999299782515,0.0,9.007671987955296e-05,6.78004349417467e-05,ok,False,0.001316244296729425,6.418918918918918,0.0,0.0,0.0
,,,1.2954012314601755,5.4460679354513175,7.394027869923974,-13.667607320088832,-17.548078099981847,1.7943493074407932,-3.3594347938675444,1.2954012314601755,11.379556453078585,11.418372944464544,11.191700811438167,9.425581735147567,6.793257320811353,normal,13.04711612677571,transition,0.0,transition,15.072,1.75,-17.027042113956377,-14.393510254398448,0.0,0.0,-1.4411925077438354,0.0,0.0009516738915929495,0.030037546933667086,17884165642591842140.webm,3.154567845583399,unlabeled,0.5639973247866756,,normal,3.924570644944904,1.0,4.976241091328776,-13.555203649253428,-9.630633004308525,0,-20.73236410764762,-18.429962949296335,-16.496086433677636,-14.709690447344585,-13.112416871634986,-12.580389823185733,-11.785673802248622,/b/src/336272252/17884165642591842140.webm,-0.3882964253425598,5.445794971285666,-14.18621626012596,-11.581211345685166,2.6050049144407943,-13.839723667861392,,0.0,transition,-13.43541255211827,2.66030228321172,1.1857930076182785,23.653031561461795,0.08928571428571429,2.146594684385382,10.115656146179402,0.0012920022177903016,0.3674472957832953,0.3674472957832953,0.44261716901768083,0.25,-3.29463149789607,0.0,-16.965128485745222,0.0,0.0003769844521471743,0.031258967129898604,ok,False,0.0012920022177903016,1.6611295681063125,0.0,0.0,0.0
,,,2.534618226107202,-2.764790180674341,-1.8224625287394156,-9.013220633687332,-16.322247967219276,2.6272026843511576,-14.203275743258924,-2.764790180674341,13.27709333637836,13.865368163447435,12.16544843047358,11.682599726206725,7.67432227527107,normal,7.86651959524796,transition,0.0,transition,20.015625,2.5500000000000003,-23.216496376946257,-13.801404940976958,0.0,1.54375,-0.5335130095481873,0.0,0.002842569641092,0.011264080100125157,17884182508630255310.mp4,2.520843026242318,unlabeled,0.5422557907805629,,normal,3.091973664123222,2.0,15.702161275782021,-6.668918311321912,-3.57694464719869,2,-18.274850409183422,-16.30489607795667,-14.678970725523705,-13.514224856968658,-12.585856525154526,-7.929672690277023,-7.410753882834988,/b/src/336272252/17884182508630255310.mp4,0.9829116463661194,7.481965050045507,-15.424211183723095,-8.32537822840799,7.098832955315105,-6.959677406166593,,0.0,transition,-6.88360794888184,3.895090699819026,0.6471846795145082,61.183125000000004,13.610468749999999,32.32921875,48.933749999999996,0.0012909267179144247,0.4942332521509265,0.4942332521509265,0.5654122232028931,0.25,-5.790745630535751,0.0,-15.270552503110894,0.0,0.0009993050245625046,0.09339043935787103,ok,False,0.0012909267179144247,9.0,0.0,0.0,8.0
,,,1.801976491088535,1.00053181455349,0.3753495697207647,-4.798354195290203,-15.494069252104605,1.5642162948669087,-0.0004061305956337691,0.3753495697207647,8.740367381879274,12.02766126355398,8.635110877115476,9.95352992440705,6.843865906004709,normal,9.504552943511825,transition,0.0,transition,15.9070625,6.95,-4.798760325885837,-12.733573269152506,0.0,0.0,-2.890838623046875,0.0,0.10346147363016928,0.18742177722152692,17884569447530255589.mp4,2.760495982952099,unlabeled,0.5656534289767959,,normal,5.6932017063666285,0.1,10.138366417067298,-13.5687534414315,-7.875551735064872,1,-17.577823512190353,-16.001469147834044,-14.0932075671545,-12.811012478813753,-11.463252333762247,-10.384940250848386,-9.792628365388667,/b/src/336272252/17884569447530255589.mp4,-2.765497922897339,4.37621081378734,-15.388649905151857,-12.673728332622467,2.7149215725293896,-13.94743166712614,,0.0,transition,-12.270050866409164,2.3191070787696786,1.1903270910701476,29.24862421383648,0.0005896226415094339,3.9243317610062896,17.87264150943396,0.0012758796895934528,0.043688911229206706,0.48413403224000884,0.41191671188397155,0.8,-6.760602220213748,0.0,-16.111635210621795,0.0,0.0005893438297867774,0.02950577118431967,ok,False,0.0012758796895934528,14.150943396226415,0.0,0.0,0.0
,,,2.8946492436466764,-1.6714334200938357,11.3514840035037,-10.645176109303145,-18.269734022413424,2.0864649093484786,-1.957705540381971,-1.6714334200938357,76.17328122779128,73.5744466464676,75.45119526638604,70.48642282355331,37.303592338206464,normal,11.39161658613965,transition,0.0,transition,20.66575,13.75,-12.602881649685116,-14.407801158414243,0.0,0.0,-2.633680820465088,0.0,0.005627483685472841,0.06382978723404255,17884181338580133159.mp4,3.861932863999181,unlabeled,0.5712672576306724,,normal,8.03936491842535,0.1,73.54473393917033,-15.405190671609553,-7.365825753184202,2,-22.35864071938421,-19.28677092659171,-16.83575992664744,-15.145630709654993,-13.373716382532747,-12.208572035722602,-11.036394378110874,/b/src/336272252/17884181338580133159.mp4,-2.616206407546997,6.270153760123234,-15.87476493230243,-12.903793968767417,2.970970963535013,-15.633108509487668,,0.0,transition,-14.007822993686647,3.0933928746000543,1.2484456454625057,17.936592009685228,0.006507263922518159,2.9750302663438255,8.599576271186441,0.001256102161519532,0.12398606284997363,0.3054994421877837,0.4631091445417242,0.65,-7.5350574632275595,0.0,-15.205076132936938,0.0,0.0009178243401612361,0.0006290176445010326,ok,False,0.001256102161519532,4.600484261501211,0.0,0.0,0.0
,,,-3.129729692084152,12.199622192238289,-1.747895892571166,-5.508002760615611,-19.69122558882004,3.368434079783629,0.4259325186731786,-3.129729692084152,18.34839766237603,12.522556092338455,19.556936672002678,17.479887509909606,7.6129713927883955,normal,12.343546444213656,transition,0.0,loud-start,15.0711875,8.1,-5.082070241942432,-16.09046889710875,0.0,0.0,-5.333857536315918,0.0,0.007749564065333709,0.17772215269086356,17884167350071456558.mp4,3.6007566917112896,unlabeled,0.47888502792368826,,normal,4.9577328281552315,7.300000000000001,8.085099650719858,-15.18445518375737,-10.226722355602138,0,-20.433794704182322,-17.518680320907226,-16.09474927839967,-14.93386190620707,-14.16034707451524,-13.556924190194447,-12.012162348516384,/b/src/336272252/17884167350071456558.mp4,-2.3647079467773438,5.951963674926748,-20.193107919014416,-16.491674461030115,3.701433457984301,-15.124189217386753,,0.0,loud-start,-14.708254390991,4.994040366687209,0.7210107302556402,17.92919435215947,0.00020764119601328904,0.42296511627906974,6.932931893687708,0.001181311047678183,0.05172311691845879,0.12882467207403336,0.5564683667275744,0.4,-6.936032909475076,0.0,-14.936390293605681,0.0,0.001181311047678183,0.07723704071737605,ok,False,0.0006445522054347111,0.9966777408637874,0.0,0.0,0.0
,,,-0.21130093363251135,-3.674300842644369,1.2405320152733572,-6.3056846851663515,-24.630097848285555,5.029607998865675,4.0631603430056185,-3.674300842644369,12.853721259525987,12.107364970793977,11.91884781469846,12.577419802067297,8.26867346750948,normal,12.98647835021395,transition,0.0,transition,17.9504375,2.85,-2.242524342160733,-17.66010320048626,0.0,0.0,-5.727870941162109,0.0,0.032997140835629456,0.24968710888610765,17884646997451837897.mp4,6.969994647799293,unlabeled,0.48896368766208426,,normal,7.143112078586725,0.30000000000000004,13.978169819648166,-19.18070423075189,-12.037592152165164,1,-23.346836064483746,-20.730422847185494,-18.58651804919599,-17.33311992918668,-16.451982526924482,-15.442740830779742,-12.95522299757143,/b/src/336272252/17884646997451837897.mp4,-5.341860771179199,5.738336294639058,-23.74742448521918,-19.414246342241697,4.333178142977484,-19.1772710053692,,0.0,transition,-18.32833912139315,7.456896819118249,0.9347044510431445,4.72075208913649,0.0,0.005919220055710306,1.1984679665738163,0.00117791308898844,0.09253504308136921,0.2449768532187063,0.45942758845209236,0.6000000000000001,-14.886522595562116,0.0,-25.833990777176883,0.0,2.5891738058258993e-06,0.0016127926161496157,ok,False,0.00117791308898844,0.0,0.0,0.0,0.0
,,,3.047936559650008,7.47451541795852,1.998183260722954,-14.52683640850402,-21.16072240137862,2.631988542544768,-1.8804376573373123,1.998183260722954,13.721808589174131,16.277279420469867,15.783107258986412,15.553954258594835,10.031722948935986,normal,9.991928213191262,transition,0.0,transition,11.8871875,7.65,-16.40727406584133,-16.495370957182615,0.0,0.0,-6.818586349487305,0.0,0.0030332033681555494,0.04411764705882353,17884167069382838181.mp4,4.665351444196006,unlabeled,0.5379977083768922,,normal,5.226643901166085,0.6000000000000001,10.895273969770852,-16.864518326053222,-11.637874424887137,0,-27.538596789922188,-24.307703185613306,-20.294340628111257,-17.38643769665718,-16.131671467334577,-14.702717015925268,-13.52325263925297,/b/src/336272252/17884167069382838181.mp4,-6.315020561218262,6.963467186508987,-19.310947246635806,-15.74529361729255,3.565653629343256,-18.070431052626727,,0.0,transition,-16.306948774409523,3.902186213176873,1.1955737602788103,12.835970464135022,0.0,0.0,3.310126582278481,0.001136256721111887,0.4045332263440894,0.4045332263440894,0.554189188570571,0.9500000000000001,-11.596162910113854,0.0,-18.075656811386736,0.0,0.0001866410994681098,0.003744076805602181,ok,False,0.001136256721111887,0.0,0.0,0.0,0.0
,,70.0,-1.149102399350527,28.04665993455523,5.818634721132242,-4.461661507229055,-20.03705467749983,2.491231456186295,-0.00968917341425879,-1.149102399350527,19.35345447960699,18.462095050045058,17.42412321375505,18.848454164533184,12.325102312995213,normal,18.08990724915763,transition,0.0,loud-start,16.06825,15.700000000000001,-4.471350680643313,-17.361334970230274,0.0,0.0,-2.4462156295776367,0.0,0.04108799703205014,0.18397997496871088,17884192171930920080.mp4,2.6757197072695575,unlabeled,0.554505414514427,,normal,11.314909207169906,4.800000000000001,6.222488460723042,-20.76486168961506,-9.449952482445154,0,-30.634061141376662,-24.753292621269512,-20.182551287796397,-17.85331909281443,-16.513754109262173,-15.586450878712007,-14.006997709635192,/b/src/336272252/17884192171930920080.mp4,-0.8669445514678955,10.405659813788464,-20.918770427120865,-18.312365908918053,2.6064045182028117,-20.933006072646357,,0.0,loud-start,-18.956851800625525,3.693499756941801,0.7244402012591548,4.845989096573209,0.01791277258566978,0.19295171339563863,1.3401479750778817,0.0011206839473577401,0.2934231820556766,0.3250632878830221,0.4954607085155138,0.30000000000000004,-13.2242764563467,0.0,-14.790500672758771,0.0,0.0011206839473577401,0.005582571061603686,ok,False,0.0004053403644812866,0.3115264797507788,0.0,0.0,0.0
,,,6.060264268763838,8.745905368527296,7.176737255896696,-10.699069547617952,-24.20309330979891,4.771901772362787,1.5201360143651073,6.060264268763838,17.31993573796797,11.33347290566908,11.482779584664115,12.918992823907693,6.859353744188915,normal,12.674371924355192,transition,0.0,transition,14.90575,1.1,-9.178933533252845,-17.49721393687043,0.0,0.0,-7.0943756103515625,0.0,0.0010191056741308837,0.10763454317897372,17884181325050888225.mp4,6.705879372928479,unlabeled,0.42103989825971755,,normal,3.640755401481382,0.30000000000000004,11.80915225376965,-18.500120035661098,-14.859364634179716,0,-25.634691251534733,-23.363486170688045,-18.717083581452542,-16.97841748821192,-15.84638488252162,-15.135503951934998,-14.433855362608066,/b/src/336272252/17884181325050888225.mp4,-5.739374160766602,4.657629773600698,-23.872860484572445,-17.190569578973303,6.682290905599142,-18.353244330164586,,0.0,transition,-18.413746085121794,7.074821567705067,0.9478513781236937,4.7244127516778525,0.0,0.0010486577181208054,0.62751677852349,0.001111701295389075,0.04910924619441408,0.2881739700835146,0.7098175996193635,0.8500000000000001,-8.202190569669149,0.0,-16.787015987546056,0.0,0.0003854978964332221,0.0017702079925423077,ok,False,0.001111701295389075,0.0,0.0,0.0,0.0
,,,11.077364344904113,5.103763649833713,2.870221661767064,-3.0843093405325854,-19.360655701233,2.223817741301014,2.141940013658658,2.870221661767064,38.93925928739412,38.802857529727305,36.44791281600336,19.522955894722426,36.074811923989046,normal,12.275424567766589,transition,0.0,transition,16.9751875,5.800000000000001,-0.9423693268739275,-15.24355784631813,0.0,0.0,-6.009130477905273,0.0,0.09179470154587731,0.3063204005006258,17884248904110208666.mp4,4.117097854914871,unlabeled,0.5128635574485785,,normal,3.9280998268966414,0.1,10.024149100453165,-17.017622073007658,-13.089522246111017,0,-24.337677450330595,-20.26528557380093,-17.369937507596717,-16.145765382949975,-15.473665999953623,-14.733263493917617,-13.936229384933768,/b/src/336272252/17884248904110208666.mp4,-4.829622268676758,4.06179001068284,-19.51687949189883,-17.33225964603419,2.184619845864642,-16.968460382474188,,0.0,transition,-17.105046836443346,3.297032183252883,1.2487284400278142,8.51401179941003,0.0,0.010508849557522123,1.7000368731563422,0.0010847367941668842,0.14114367869341773,0.14114367869341773,0.4969769428170738,0.6000000000000001,-4.420048028574543,0.0,-18.23326246511434,0.0,0.0001807969554553982,0.009537038173665885,ok,False,0.0010847367941668842,0.0,0.0,0.0,0.0
,,,2.3600087278384914,1.1937530569045656,9.857315103913749,-3.27134674938267,-20.10220553057347,2.4628372742437286,-3.0327379679074813,1.1937530569045656,15.893619290719172,16.270510189730416,16.7814823594373,18.844053208235366,10.200379018713754,normal,13.066325667375214,transition,0.0,transition,9.2661875,5.5,-6.304084717290151,-15.632470906291932,0.0,0.0,-4.444782733917236,0.0,0.03540545074366725,0.13892365456821026,17884308719570277084.mp4,4.469734624281539,unlabeled,0.4365172937490418,,normal,6.4702127429292435,5.2,7.602389987028944,-17.803908882566418,-11.333696139637174,0,-22.154713556972276,-19.77676085725884,-18.040054310111227,-16.147518873637846,-15.221916461367849,-14.989912958036498,-14.57671753044428,/b/src/336272252/17884308719570277084.mp4,-4.059380531311035,4.092904289491111,-20.181078433072173,-15.18996976046448,4.991108672607693,-17.558982259870824,,0.0,transition,-17.12570619868625,3.6514025427937518,1.2241144524322063,7.733445945945946,0.0,0.07094594594594594,1.6658783783783784,0.0010744512239306892,0.1359230199775509,0.1359230199775509,0.5511836870588976,0.75,-8.157878820105912,0.0,-17.78091555455405,0.0,0.00022688721152127966,0.011171827871183336,ok,False,0.0010744512239306892,0.0,0.0,0.0,0.0
,,,19.77605999266993,13.182396524632495,-4.35563580573803,-10.826185252442048,-17.233035678772318,2.5379290001670025,-7.876300524656205,-4.35563580573803,73.45780123552359,51.79122414017033,66.0497547713711,71.0761306579563,28.497374371581728,normal,8.784531440881775,transition,0.0,transition,19.8186875,6.800000000000001,-18.702485777098254,-14.470402234934404,0.0,0.0,-4.544463157653809,0.0,0.0032424249020212128,0.028160200250312892,17884511164070437845.mp4,2.762633443837913,unlabeled,0.563021189683577,,normal,4.4519500916413275,0.1,56.83048268307652,-13.252097360576975,-8.800147268935648,1,-19.107666653239527,-16.715990758582933,-15.544560989346431,-14.288100281478766,-12.813726032223583,-12.052309308364906,-11.607933289962192,/b/src/336272252/17884511164070437845.mp4,-3.8172998428344727,4.218011130401248,-16.742532695518737,-13.107693105324303,3.6348395901944333,-13.323286692378803,,0.0,transition,-12.601831283716248,3.7627335356475977,0.7342091640731718,30.409090909090907,0.0,2.6644570707070705,14.72348484848485,0.0010670994088999696,0.31739237269962045,0.31739237269962045,0.5446007355684847,0.65,-25.57539874462377,0.0,-15.638720124262196,0.0,0.0006943812189007141,1.1626134862058793e-06,ok,False,0.0010670994088999696,4.292929292929292,0.0,0.0,0.0
,,,9.131723976163016,3.288180937832509,1.91263012996676,-7.370388957540429,-17.725794941538815,1.8823612547815962,1.2199294739759088,1.91263012996676,11.998770827261644,10.745103989698418,13.108191931010754,8.545441552949189,6.339778944835572,normal,12.233562676428098,transition,0.0,transition,17.996875,9.600000000000001,-6.1504594835645205,-14.417247080405208,0.0,0.0,-4.414253234863281,0.0,0.025243849620595865,0.16145181476846057,17884281253200114983.mp4,3.308547861133608,unlabeled,0.6733431174984044,,normal,5.307928082181434,4.3,7.240758008106923,-16.42073891458977,-11.112810832408336,0,-22.79723587762313,-20.1409320757421,-17.50353852897616,-15.405756703635102,-14.15090766945524,-13.4381816570577,-12.612746087710542,/b/src/336272252/17884281253200114983.mp4,-3.667109489440918,5.5153174746195095,-17.372505017393213,-14.536941250488747,2.8355637669044658,-16.621624163188123,,0.0,transition,-15.900672165869016,2.790788796339194,1.1855242738087461,12.193071030640668,0.0,0.3567200557103064,4.171309192200557,0.0010455235546931708,0.13045347173451657,0.22537759376421457,0.45306520502283004,0.4,-6.32253016475548,0.0,-15.96263521751817,0.0,0.0006784658399523128,0.07899095808389023,ok,False,0.0010455235546931708,0.2785515320334262,0.0,0.0,0.0
,,20.0,11.131048475621832,31.632604732631012,-0.4744243831744477,-4.834961150852223,-35.221977960809156,5.985724718097529,-3.7847948662199826,-0.4744243831744477,21.42018710884966,20.40660215752623,20.92724643401501,21.5423629727687,20.37994594325495,normal,10.71010793580075,transition,0.0,transition,14.0030625,1.4000000000000001,-8.619756017072206,-22.71566231037658,0.0,0.0,-12.49545955657959,0.0,0.003302919155989771,0.11076345431789737,17884307279300140049.mp4,12.506315650432576,unlabeled,0.35941330194293997,,normal,1.8584733359823034,1.1,13.869055826608236,-21.81722770407978,-19.958754368097477,1,-27.92374680275901,-23.712812392538936,-22.726978337573083,-21.957450153302133,-21.43611111704025,-21.15017318707822,-20.803538160507774,/b/src/336272252/17884307279300140049.mp4,-11.368522644042969,2.2415017760356655,-36.70316816569721,-22.37804324866373,14.325124917033477,-21.699195701503736,,0.0,transition,-22.07863057984372,8.874435467051397,1.409251968405817,0.0040178571428571425,0.0,0.0,0.0,0.001028336984104457,0.2836739458918761,0.2836739458918761,0.5927398780509264,1.0,-15.49088536636924,0.0,-24.673098516007787,0.0,4.918518430013696e-06,0.004394660735968737,ok,False,0.001028336984104457,0.0,0.0,0.0,0.0
,,,4.201728202333694,9.367719107792169,4.7402025686324105,-9.017367802979049,-23.378302582863512,2.2145464468753957,-2.172445353816773,4.201728202333694,43.47186696847802,36.58846400918081,34.43224707594098,35.48671590550881,18.968416016457383,normal,11.67160188050211,transition,0.0,transition,9.2633125,1.6,-11.189813156795822,-17.43875096458916,0.0,0.0,-5.9186692237854,0.0,0.008564092746139458,0.08197747183979975,17884186386020508600.mp4,5.939551618274351,unlabeled,0.4947668052512748,,normal,4.437766420973766,1.3,10.767578673020111,-17.154808402291795,-12.71704198131803,0,-26.227744193275033,-22.53598620910738,-18.408074166306076,-17.09396728403789,-15.811189472002502,-14.790826871528644,-14.083987350809883,/b/src/336272252/17884186386020508600.mp4,-4.998871326446533,4.596382364685869,-23.249837569603073,-16.699998542193438,6.549839027409636,-17.066548194009474,,0.0,transition,-16.670473206948643,3.2832865621374614,1.8090262625165519,10.329054054054055,0.0,0.011486486486486487,2.3570945945945945,0.0009777798205050816,0.15040347608348298,0.2662840018960305,0.5046691232968371,0.0,-9.785790849156326,0.0,-23.200877713302983,0.0,1.1871507796628589e-05,0.03463284801124247,ok,False,0.0009777798205050816,0.0,0.0,0.0,0.0
,,,0.5077068629584147,7.696806922876629,1.3382107511782966,-8.054603268974422,-15.36631629782303,1.2189482980358957,-1.2079338046435133,0.5077068629584147,5.152470182600929,9.410081329413458,8.783081407872348,5.578728589085966,5.415642959806831,normal,12.406034205849723,transition,0.0,transition,16.346875,1.2000000000000002,-9.262537073617935,-13.361190608042207,0.0,0.0,-3.4232277870178223,0.0,0.01614872385937944,0.10513141426783479,17884165851780073897.mp4,2.0051256897808223,unlabeled,0.45681798627522285,,normal,6.412554829157996,7.4,7.6975827265546,-17.3842629189742,-10.971708089816206,0,-21.209211895248004,-19.445865644040012,-17.78093984456236,-15.319701282866527,-13.290762267964084,-12.798131389677085,-12.3125216210326,/b/src/336272252/17884165851780073897.mp4,-3.0473673343658447,5.640533472548636,-15.391182773242466,-13.053345279582349,2.3378374936601176,-17.379751883092304,,0.0,transition,-15.453401540215568,2.0,1.0025628448904111,13.897622699386503,0.0,0.299079754601227,5.560966257668712,0.0009498202966200412,0.17692373561459152,0.2936667560831175,0.37372967562293496,0.65,-8.184356459764185,0.0,-15.32429656962924,0.0,0.0008977543332592391,0.030231244074330574,ok,False,0.0009498202966200412,0.0,0.0,0.0,0.0
,,,0.515764063618481,-5.286615044725039,4.322526719438059,-7.332214265643028,-17.30870802484175,1.907536280703364,-0.4552883167520072,-5.286615044725039,39.61636038824604,38.29545641608827,38.192203324187815,38.934257684189205,36.93482265146401,normal,15.767944277104267,transition,0.0,loud-start,43.5374375,18.75,-7.787502582395035,-14.819980955393818,0.0,0.0,-4.3726701736450195,0.0,0.007332650599706253,0.12891113892365458,17884178589652561183.mp4,2.488727069447931,unlabeled,0.46993737093946714,,normal,4.355563529379172,0.1,6.809349787507784,-17.07011979795566,-12.714556268576487,0,-20.082934650112932,-18.543469858953436,-17.033441596624765,-15.564412027623439,-14.456760014344335,-13.919527378667775,-12.99006097516499,/b/src/336272252/17884178589652561183.mp4,-0.919237494468689,4.868039775263535,-17.562015035949543,-14.919664179443796,2.6423508565057467,-17.1253373327538,,0.0,loud-start,-16.687181771572956,2.8281132897708074,0.8799955356985077,8.80337643678161,0.0033045977011494257,0.18807471264367814,2.144468390804598,0.0009104194386941325,0.12349294765637499,0.18686480130807243,0.37571782838520457,0.8,-8.922200618702462,0.0,-15.221085055875331,0.0,0.0009104194386941325,0.008015551955864016,ok,False,0.0006949315301200677,0.0,0.0,0.0,0.0
,,,4.599399516719073,-2.517308132742503,2.7894925602694016,-9.023608865193765,-15.190170486607876,1.5108387222725899,1.3251006842896071,-2.517308132742503,12.516646193547956,17.621638950037177,8.78665759023206,11.831950231695764,12.791089412161877,normal,10.536103344121697,transition,0.0,transition,11.3493125,5.2,-7.698508180904158,-13.151225753775575,0.0,0.0,-2.1631369590759277,0.0,0.015987760715451264,0.10763454317897372,17884503008880503157.mp4,2.0389447328323005,unlabeled,0.5044884151029561,,normal,5.836610504141122,0.1,12.077427059551736,-13.14017932404554,-7.303568819904418,2,-18.889146763038156,-16.60730732929221,-14.699820311753061,-13.519614439516605,-11.309941530090786,-10.375257460620904,-9.614075212070857,/b/src/336272252/17884503008880503157.mp4,-1.4562088251113892,5.442219723176748,-14.161273056885786,-12.043344137929594,2.117928918956192,-13.36779465645686,,0.0,transition,-11.992312169233086,2.2399694896413416,0.9102555826145522,29.18058628318584,0.06222345132743363,6.9753871681415935,16.57853982300885,0.0008926232289202272,0.0426400329694595,0.1172234201515616,0.3845998850718336,0.1,-14.519929665817669,0.0,-16.349421313021107,0.0,0.0004741810361070462,0.0010686104354527479,ok,False,0.0008926232289202272,12.831858407079647,0.0,0.0,0.0
,,,2.076353293634564,10.346428598778296,0.9831155586235756,-16.539099723034028,-17.8871556854307,0.904627134040199,5.208233044137266,0.9831155586235756,72.98006495487385,68.35231655863069,71.92886707748522,69.45710416345631,36.323078753358,normal,10.416592956511295,transition,0.0,transition,15.02475,1.1,-11.330866678896761,-15.096567225196079,0.0,0.0,-4.929544448852539,0.0,0.01775694151335161,0.04630788485607008,17884164609900539723.mp4,2.79058846023462,unlabeled,0.6388064348946576,,normal,3.9644216037533706,0.1,77.14311846987447,-13.423305390863495,-9.458883787110125,1,-25.094391890184255,-20.866593751822247,-19.404234360122427,-17.648146933765755,-15.629027948992697,-14.984612398128476,-14.530617167668199,/b/src/336272252/17884164609900539723.mp4,-2.877269744873047,5.536540998743266,-11.40416572033081,-12.162675842512325,-0.758510122181514,-13.499853364034323,,0.0,transition,-13.293862701384342,2.0,1.39529423011731,26.481666666666666,0.0008333333333333334,1.5887499999999999,11.473333333333334,0.0008766727876461164,0.2970806551010439,0.2970806551010439,0.5112657149889669,1.0,-13.173406275026105,0.0,-15.829979150513427,0.0,0.0006472700665059452,0.016076334563577308,ok,False,0.0008766727876461164,0.0,0.0,0.0,0.0
,,,1.7765697985489215,-4.564636548435535,0.011104241287249295,-3.709329273288817,-16.645530315119156,0.6944744853176639,-5.60678917896603,-4.564636548435535,28.358165136995137,29.361159447373147,27.374108069826455,31.113861435610538,19.181908005641503,normal,12.13645996136425,transition,0.0,loud-start,15.1640625,7.050000000000001,-9.316118452254846,-15.356430801655037,0.0,0.0,-3.140803813934326,0.0,0.028854950758980785,0.08197747183979975,17884311053091070391.mp4,1.2890995134641194,unlabeled,0.5133568851406376,,normal,6.534761950205137,0.8,8.15151853101267,-16.560926971957365,-10.026165021752227,0,-19.469446733905166,-17.40656298269498,-16.35354332451811,-15.578092786824165,-14.517648073038188,-13.754833837923,-12.030803380236557,/b/src/336272252/17884311053091070391.mp4,-2.013361930847168,4.55257922146366,-16.83881617245468,-11.896377094886885,4.942439077567796,-16.330957978524733,,0.0,loud-start,-14.149821892211419,2.0,0.6445497567320597,19.18832508250825,0.006806930693069308,1.9090346534653464,8.666460396039604,0.0008216825064719951,0.12518832059655116,0.5130729315916489,0.49100927085521084,0.7000000000000001,-10.530314530033753,0.0,-15.43893592716715,0.0,0.0008216825064719951,0.02405854579161521,ok,False,0.0003893784145975031,0.9900990099009901,0.0,0.0,0.0
,,,-0.6933138913517807,10.696935665850368,1.0795146830802356,-8.772436172517379,-18.44035692511642,1.661433107118027,-2.010859803946209,-0.6933138913517807,69.69505936624773,64.71185636104019,68.88831024861958,69.16853959582963,33.08711775534981,normal,10.619827529815584,transition,0.0,loud-start,15.860625,13.05,-10.783295976463588,-16.040439364593013,0.0,0.0,-5.87515926361084,0.0,0.019296732273668682,0.07634543178973717,17884241358720181442.mp4,2.3999175605234058,unlabeled,0.5239951841185622,,normal,4.131719846566925,0.1,62.98202110411668,-16.9489940625842,-12.817274216017276,1,-21.320910193135273,-19.43563092491944,-17.283463708293734,-16.259159346923745,-15.45686659490282,-15.103550663563379,-14.460692444403657,/b/src/336272252/17884241358720181442.mp4,-5.87515926361084,3.2112182950341417,-15.908617228709574,-16.335583806440237,-0.4269665777306635,-17.015227446094464,,0.0,loud-start,-16.494986793426424,2.4632407246131867,0.974292742297964,10.826695583596214,0.0,0.00019716088328075712,0.7894321766561515,0.0008123286144914143,0.15122813402164334,0.34983156099430057,0.36260470984816695,0.9500000000000001,-5.2336227742545915,0.0,-15.466567460978581,0.0,0.0008123286144914143,0.004272844249523303,ok,False,0.00047597764489969114,0.0,0.0,0.0,0.0
,,20.0,7.945543600014835,-3.071483775956086,-15.349392758398107,-7.836524032217619,-17.15938178610859,2.176875057538263,-2.525330433829118,-15.349392758398107,16.675164603034144,21.798269037824028,21.981281521818367,21.567678652366116,12.277997256610227,normal,16.96329812273605,transition,0.0,transition,22.0966875,3.75,-10.361854466046736,-14.796695155903416,0.0,0.2375,0.7589372992515564,0.0,0.002260128311293058,0.09261576971214017,17884520313670710811.webm,2.3626866302051734,unlabeled,0.5191873739386313,,normal,7.353076424661806,8.0,10.06905107102979,-17.12037595698359,-9.767299532321784,0,-26.155574544359215,-21.62175382723078,-17.85855077784285,-15.69912445132037,-13.891540284175058,-12.416614378289045,-11.157733899487686,/b/src/336272252/17884520313670710811.webm,0.7589372992515564,8.238552987917936,-17.857219289491553,-13.395336927684198,4.461882361807355,-17.610112132466462,,0.0,transition,-16.204360823484492,3.2274349603062285,0.7320632822236625,10.021258503401361,0.14866780045351474,1.1318027210884354,3.8880385487528346,0.0008076895728005637,0.27148387866778306,0.3605631870982698,0.6873163854508747,0.55,-7.737286152458648,0.0,-15.89214200289122,0.0,0.0006637351911462435,0.03301572980054985,ok,False,0.0008076895728005637,2.947845804988662,0.0,0.0,0.0
,,,-4.664589479413433,4.371815035723458,8.206910007066586,-14.454786092590068,-18.321912104297482,1.6651934717899959,-0.46634224707288396,-4.664589479413433,36.287706682309754,33.61484192885078,31.088592171578565,32.741500023048424,36.27044621819441,normal,11.588810837143413,transition,0.0,transition,8.31275,2.0,-14.921128339662951,-15.104648810655872,0.0,0.0,-3.834704875946045,0.0,0.00311489368409662,0.04036295369211515,17884417850250082096.mp4,3.2172632936416097,unlabeled,0.5033985630399862,,normal,3.3484380355982903,0.1,5.5989312793991,-15.128592347035193,-11.780154311436903,0,-21.435063872963706,-19.204106652140293,-17.624716294767225,-16.197546379113263,-15.110388481972205,-14.66568355813364,-14.210830316771471,/b/src/336272252/17884417850250082096.mp4,-3.3039710521698,3.4938064042606616,-15.536792015520213,-12.8925651274161,2.6442268881041127,-15.063440176189916,,0.0,transition,-14.892781889313213,2.468815841275848,1.3031605030446398,17.294051204819276,0.0,0.29593373493975905,4.432605421686747,0.0007937645042414332,0.09143623889230262,0.09143623889230262,0.3093181941232838,0.9500000000000001,-15.827210231082049,0.0,-18.412444755368057,0.0,0.00015311668051880108,0.00267276372249739,ok,False,0.0007937645042414332,0.0,0.0,0.0,0.0
,,20.0,13.432333920997326,32.02172243214706,10.216411610628292,-2.917169884041456,-29.35354399260282,6.208171906582972,-7.631141496734992,10.216411610628292,54.50606298751952,53.232398600702076,54.7023733029894,56.464025688077754,30.195042733217534,normal,10.358146476202094,transition,0.0,transition,12.4226875,4.2,-10.548311380776449,-20.922779581314558,0.0,0.0,-11.214473724365234,0.0,0.02325322076687032,0.08573216520650814,17884652337840155380.mp4,8.430764411288262,unlabeled,0.533930913846781,,normal,4.858062422774218,0.1,54.41989229563468,-21.317839522057188,-16.45977709928297,1,-40.13374335932836,-28.4603065411162,-24.21358331407505,-22.111402695764145,-20.022958930933605,-18.477953953739565,-17.55369311905086,/b/src/336272252/17884652337840155380.mp4,-10.183174133300781,6.827133725456097,-28.97028514372136,-17.906917781047106,11.063367362674253,-22.026988631010582,,0.0,transition,-20.541320609502876,9.204235668699914,0.91596572651416,0.0889616935483871,0.0,0.0,0.0,0.0007916348781632414,0.3912717700014456,0.3978331431385542,0.49110706749713195,0.7000000000000001,-0.8508281747295108,0.0,-23.408126933279114,0.0,1.1761226397447483e-05,0.1333741099831222,ok,False,0.0007916348781632414,0.0,0.0,0.0,0.0
,,,0.8114171743407523,-0.6025016880177105,2.8160930345391577,-6.8557991939725405,-15.732832161265005,0.3837621645236471,-0.6494394758849236,-0.6025016880177105,2.412614869131369,2.7686132447513643,2.2955104034781826,2.813629956764963,1.7834884253544594,normal,10.75785919178802,transition,0.0,loud-start,11.2849375,6.75,-7.505238669857464,-14.961338504723942,0.0,0.0,-5.649502277374268,0.0,0.03853183857694063,0.12797246558197747,17884181457330282260.mp4,0.7714936565410628,unlabeled,0.270175445114069,,normal,1.2609236834452524,0.7000000000000001,1.8600120324356197,-15.698853214223927,-14.437929530778675,0,-16.63586179490861,-16.285379385521978,-15.799678196860942,-15.366917262146172,-15.00069322820257,-14.850687815150842,-14.704994090441597,/b/src/336272252/17884181457330282260.mp4,-4.9488935470581055,1.184744645250321,-15.905846367337816,-15.182591138894974,0.7232552284428415,-15.678853957921977,,0.0,loud-start,-15.706752738846125,2.0,0.3857468282705314,13.00388888888889,0.0,0.023055555555555555,2.2827777777777776,0.0007781081024022019,0.12419652866445884,0.1463393007225972,0.4883897302669624,0.6000000000000001,-8.606650973302198,0.0,-15.641994760797395,0.0,0.0007781081024022019,0.0528919871054707,ok,False,0.00036606791943015617,0.0,0.0,0.0,0.0
,,,9.833010696511087,6.045210741127409,7.1736887402547564,-4.318604539190745,-22.939358931821264,3.297459302483837,-1.2208989989277796,6.045210741127409,20.929248651174234,27.660127999899984,25.52225509023986,29.833851503939464,14.752329067274566,normal,12.75325694819173,transition,0.0,transition,14.6531875,5.8500000000000005,-5.539503538118525,-17.453400481092785,0.0,0.0,-6.272295951843262,0.0,0.07065494087769517,0.16645807259073842,17884155603590625222.mp4,5.485958450728479,unlabeled,0.4783542534938065,,normal,4.857034346332309,3.0,9.168821429805416,-18.815317300177142,-13.958282953844833,0,-28.897588419242002,-22.299815517839473,-20.430953151246886,-18.622977096457465,-17.3861193982848,-16.91027614849356,-16.516127383212154,/b/src/336272252/17884155603590625222.mp4,-5.63238525390625,4.29645521296851,-24.07383685689905,-17.41664601095902,6.657190845940029,-18.459879186404283,,0.0,transition,-18.38564220209798,4.888813161862537,1.1221452465240955,5.154863481228669,0.0,0.0021331058020477816,0.5667662116040956,0.0007741263782379721,0.06301352938286477,0.2791286095365951,0.3545512359122141,0.0,-10.214740205765983,0.0,-21.265597162633203,0.0,3.2937240288741886e-05,0.010281786962090263,ok,False,0.0007741263782379721,0.0,0.0,0.0,0.0
,,,4.9277395858576165,11.038915897795498,2.154771605077995,-4.720539003904127,-20.884237692428602,2.667362117131219,-0.26504499888339517,2.154771605077995,12.011152604377585,10.24765550720253,10.473044580424308,10.629990848281338,5.5015925637782885,normal,10.991549837513489,transition,0.0,transition,12.699875,1.85,-4.9855840027875225,-16.64104501307184,0.0,0.0,-6.453317642211914,0.0,0.019987592760141483,0.15707133917396746,17884165680963525658.mp4,4.243192679356763,unlabeled,0.5072557517975155,,normal,2.273426711471936,1.1,6.5401290471722895,-17.04187830729332,-14.768451595821384,0,-20.607976543861447,-18.361956001351004,-16.846164022837414,-15.928437995818962,-15.213968879281543,-14.92373849933219,-14.339300307228667,/b/src/336272252/17884165680963525658.mp4,-6.242311000823975,2.9774677852147065,-22.350990400291046,-16.60441729392565,5.746573106365396,-17.211377071962307,,0.0,transition,-17.233860838337463,3.9546310748587454,1.0729680212985038,7.496541501976285,0.0,0.0,1.3443675889328064,0.0007645812513316792,0.18398079034650036,0.18398079034650036,0.47136053009214324,1.0,-5.821006244289398,0.0,-16.897610476828923,0.0,0.0003925565998724961,0.04086994998782854,ok,False,0.0007645812513316792,0.0,0.0,0.0,0.0
,,,10.65054172275954,0.2129944608611467,-1.7740854567255662,-7.024613375245732,-16.855386138303032,2.243190532343508,9.25729628903962,-1.7740854567255662,42.88191244080288,43.11505354948072,35.108462163506346,41.22286631523555,38.71534393124946,normal,14.871953204302342,transition,0.0,transition,15.06975,3.2,2.232682913793889,-14.388717508097994,0.0,0.0,-1.3777275085449219,0.0,0.2491938771815399,0.4630788485607009,17884644061980189212.mp4,2.4666686302050387,unlabeled,0.509986781204941,,normal,6.360957157779781,0.1,17.307753918343387,-16.439271359084735,-10.078314201304954,1,-20.800510144304457,-19.13964766478181,-16.790070502436944,-15.023375509983289,-13.432774305788476,-12.56931213750108,-11.687637485345263,/b/src/336272252/17884644061980189212.mp4,-0.2753883898258209,5.306590312023856,-17.015137618115745,-16.723869666271874,0.2912679518438708,-16.80877715625526,,0.0,transition,-15.147341594128163,3.325754283252485,0.7416869738773103,13.63143687707641,0.07101328903654486,1.3928571428571428,5.713870431893688,0.0007614943018859647,0.09379863192284243,0.09379863192284243,0.4693740836896364,0.8500000000000001,-5.523927003002955,0.0,-16.365290869359022,0.0,0.0005291937709725822,0.04484793759615188,ok,False,0.0007614943018859647,2.6578073089700998,0.0,0.0,0.0
,,,0.8422081773248484,9.61844754228522,1.315607846770047,-3.862013378128788,-23.87581117188087,3.2585413750493544,-3.387975230633855,0.8422081773248484,10.289700717173268,9.26355465945484,6.1683892487603025,9.413636873161874,5.5662415366247515,normal,12.32835661280777,transition,0.0,transition,25.9845625,2.75,-7.249988608762643,-18.47544961745944,0.0,0.0,-7.492933750152588,0.0,0.04664871360467471,0.11201501877346684,17884564370780414635.mp4,5.40036155442143,unlabeled,0.5624138378403091,,normal,4.537716956000978,2.0,5.8000424214946165,-18.407200714464786,-13.869483758463808,0,-23.636888883829023,-21.268304899388966,-19.001482714175587,-16.97172997489013,-16.05771659962046,-15.79142120064006,-15.485815276543011,/b/src/336272252/17884564370780414635.mp4,-5.404326438903809,3.6566219608495185,-23.03965502693186,-17.925817037700938,5.113837989230923,-18.83349514151892,,0.0,transition,-17.73268305171158,4.8311134426481726,1.1178295890856216,6.500722543352601,0.0,0.001204238921001927,0.5792389210019268,0.0007607843310845586,0.5116501258292085,0.5116501258292085,0.32968658285414926,0.15000000000000002,-7.311927793307325,0.0,-20.03752939295075,0.0,6.81478095084683e-05,0.0293184881896384,ok,False,0.0007607843310845586,0.0,0.0,0.0,0.0
,,20.0,12.982541457817042,16.68828611005133,5.468169223604882,-6.389169600680587,-20.462982347094833,3.5365007533586645,0.014073184845631026,5.468169223604882,25.856798166567323,24.14609816454506,24.369889101693083,27.89860903926776,15.416873007811198,normal,14.850301885601535,transition,0.0,transition,14.8854375,3.2,-6.375096415834956,-16.42431413691486,0.0,0.0,-2.8571579456329346,0.0,0.06173392321436716,0.13391739674593242,17884309688441173154.mp4,4.038668210179974,unlabeled,0.5480659813971249,,normal,8.85511756618202,9.200000000000001,10.742402137805113,-16.9404321930034,-8.08531462682138,0,-26.485079204923775,-20.78539938549582,-17.969874348106046,-15.96687827832004,-12.751372617799616,-11.445754421213318,-9.858689687248607,/b/src/336272252/17884309688441173154.mp4,0.3046502470970154,8.914726851344783,-20.32811198483529,-15.369706712181415,4.958405272653874,-16.928343624836934,,0.0,transition,-14.54565163850452,5.243216016929556,0.7702654624832779,14.770833333333332,0.5202020202020202,2.648779461279461,7.140151515151515,0.0007574586425001335,0.17507919844388817,0.3309393020959213,0.3741418973642933,1.0,-7.59583991288204,0.0,-20.347620616602082,0.0,5.522107587673975e-05,0.0061789107526227394,ok,False,0.0007574586425001335,6.7340067340067336,0.0,0.0,0.0
,,120.0,1.1609126519191895,-6.331092982587713,8.63239543048411,-3.617323809117684,-19.171339385108293,2.4843737407434574,0.7221112683122519,-6.331092982587713,11.572717296019103,11.399807535610393,13.798736810626206,13.187106464376072,6.728720195829069,normal,11.44924890844144,transition,0.0,transition,16.8098125,1.35,-2.895212540805432,-15.89073483095753,0.0,0.0,-6.648852348327637,0.0,0.04214216075467488,0.22496871088861076,17884206602330313715.mp4,3.280604554150763,unlabeled,0.5514534947276194,,normal,3.4352996567392555,2.0,5.425156385725861,-15.64069097896843,-12.205391322229174,0,-22.510057837810365,-19.732798031032186,-18.305330674391236,-16.885316719048173,-16.315032102761645,-15.959066763987295,-15.55501942978335,/b/src/336272252/17884206602330313715.mp4,-4.175715923309326,2.914090496139808,-20.002372449495983,-17.244281928589896,2.7580905209060873,-15.673958787822224,,0.0,transition,-15.624964831750766,3.6833325080262496,0.890662069471623,13.989397321428571,0.0,0.0031622023809523806,1.8164062500000002,0.0007443526232982394,0.22557109954933394,0.31189998938701696,0.5525915365632282,0.7000000000000001,-4.12730915889261,0.0,-18.336844580944913,0.0,0.0001888497276170429,0.10946640348799468,ok,False,0.0007443526232982394,0.0,0.0,0.0,0.0
,,,2.2807518616321554,0.06264842044077668,5.622913358675685,-11.189332217473417,-16.283022526066325,0.9977367274656297,1.3283262850281758,0.06264842044077668,9.883398269083173,10.744930960941808,8.905415675847472,9.884621657830493,7.591928939952261,normal,9.27472523500319,transition,0.0,loud-start,14.6531875,4.55,-9.861005932445241,-14.925135397299659,0.0,0.0,-4.572206020355225,0.0,0.051147663208439983,0.09386733416770963,17884177236940287209.mp4,1.3578871287666665,unlabeled,0.502173829717178,,normal,5.0731151032356525,0.2,15.225734410490915,-13.790042988035546,-8.716927884799894,1,-18.30505409641077,-17.034369137726546,-16.049972773417988,-15.047858616228178,-14.241541038550334,-11.156303208994725,-10.929635399297304,/b/src/336272252/17884177236940287209.mp4,-3.834848165512085,5.528175680546649,-13.75553557987526,-13.708814683131603,0.04672089674365765,-13.778314847101363,,0.0,loud-start,-13.109573400515275,2.0,0.6789435643833333,30.141851535836178,0.0,0.14569112627986347,10.249786689419796,0.0007427660584549658,0.10439294576724577,0.40179963097260785,0.25664352884259944,1.0,-9.12775000226858,0.0,-15.736823290436048,0.0,0.0007427660584549658,0.060819918746534064,ok,False,0.00044572298771769064,5.802047781569966,0.0,0.0,0.0
,,30.0,15.54120569021411,3.090461841784542,8.357674439539785,-12.10911144984923,-16.05608009965934,1.706256531500137,2.5236963667149706,3.090461841784542,15.874390225568098,16.475459503903874,10.89173914537859,14.5304666069297,8.66493854095808,normal,9.131973116992992,transition,0.0,transition,13.4921875,3.25,-9.58541508313426,-14.382081215140069,0.0,0.0,-3.9187123775482178,0.0,0.0168350305128426,0.09762202753441802,17884207438200768010.mp4,1.6739988845192713,unlabeled,0.410747467808948,,normal,5.495963142910622,0.5,10.787844796173449,-13.562319489223224,-8.066356346312602,0,-22.956744285402877,-18.493003474030267,-15.814042648265744,-14.628661817739593,-13.341383939923693,-12.8184584164278,-12.5777844346315,/b/src/336272252/17884207438200768010.mp4,-3.1538643836975098,3.9519271192735967,-14.312422722126708,-13.177845700013133,1.1345770221135751,-13.76725024304822,,0.0,transition,-12.285837500690501,2.529695933602103,0.6617391688397976,31.732806691449817,0.0,0.5896840148698884,20.763475836431226,0.000720097393452955,0.2744127936882354,0.36646799382462447,0.45906645972326654,0.8500000000000001,-12.00259638339346,0.0,-15.832603516903676,0.0,0.0006507475026734974,0.017594741700184335,ok,False,0.000720097393452955,0.37174721189591076,0.0,0.0,0.0
,,20.0,-2.6879240800887825,14.891899171856705,5.862957002576208,-1.7635248590161767,-23.62694862505812,1.8892206760266088,-15.749660244587705,-2.6879240800887825,16.811076063026427,15.001632448979333,15.24513217315733,11.214023531260477,8.433167232955586,normal,12.566507336145202,transition,0.0,transition,12.70275,5.5,-17.51318510360388,-17.965499750002436,0.0,0.0,-6.401421546936035,0.0,0.009966370830384166,0.03379224030037547,17884654526671878479.mp4,5.661448875055683,unlabeled,0.595795500798231,,normal,5.109048981743321,5.2,12.843423053104916,-16.091145433943122,-10.982096452199801,1,-26.247511673733072,-23.01325464715768,-20.212401400061772,-17.97864315388027,-15.716622129017773,-14.21494988713902,-12.79590230499739,/b/src/336272252/17884654526671878479.mp4,-3.2800700664520264,7.68703783119677,-24.387251372413772,-14.234779104874491,10.152472267539281,-16.31046518702008,,0.0,transition,-15.846577402597228,2.80095857427705,2.021254054611268,14.853838582677165,0.0,0.005659448818897638,4.554133858267717,0.0007171193685867332,0.11130199249961283,0.15639362613994362,0.7099829928071446,0.8500000000000001,-4.174181074568773,0.0,-19.29263790514807,0.0,0.00011226812727686967,0.20739797764107082,ok,False,0.0007171193685867332,0.0,0.0,0.0,0.0
,,60.0,42.13847426379438,19.004057723968778,27.624753849006964,-13.440971739247885,-46.15217861702962,5.13286303119521,-0.6478130912886524,19.004057723968778,54.25461960823517,41.86698672018699,57.08080495027277,58.24100745252721,22.60225212273376,normal,18.056689139842135,transition,0.0,transition,6.89775,6.4,-14.088784830536538,-26.061903533938207,0.0,0.0,-15.174503326416016,0.0,0.0010687817202184697,0.04130162703379224,17884596164300235367.mp4,20.090275083091413,unlabeled,0.5319106329847534,,normal,11.309812886732882,0.30000000000000004,45.472370656454885,-33.67976258984289,-22.369949703110006,1,-50.65021067644769,-49.51227889345366,-36.261148364273254,-28.591614943112415,-24.97535058790865,-23.455717705206858,-21.022650118839362,/b/src/336272252/17884596164300235367.mp4,-11.705459594726562,15.360403992753366,-45.75485470300232,-25.998137626847768,19.756717076154555,-36.09137786978766,,0.0,transition,-29.762148734568697,7.609982730050018,2.6399895762916357,0.0009124087591240877,0.0,0.0,0.0,0.0007080654035300395,0.30619497137771523,0.5319106329847534,0.743439647208261,0.7000000000000001,0.9575113309562987,0.0,-25.047544576461128,0.0,4.376742663747739e-06,0.017477692672598757,ok,False,0.0007080654035300395,0.0,0.0,0.0,0.0
,,,4.3553893990868,3.200416083894737,4.810374507367531,-9.465626032085009,-17.495428412528714,1.9089500741947925,2.492974311909734,3.200416083894737,8.762411467240204,8.896502405714632,6.546741408870183,7.48074617594704,5.889643844730962,normal,12.836769386947562,transition,0.0,loud-start,15.0233125,1.1,-6.972651720175275,-15.67626902522951,0.0,0.0,-3.4407544136047363,0.0,0.020682198585523736,0.12578222778473092,17884412976790059213.mp4,1.8191593872992033,unlabeled,0.5323049088222356,,normal,2.533324105465237,5.0,3.7788121112262196,-15.28459706347995,-12.751272958014713,0,-21.158091107899732,-19.524749865846076,-17.50716286688261,-15.604396418934584,-14.558138533916157,-13.986882250503939,-13.087153596126091,/b/src/336272252/17884412976790059213.mp4,-2.5155787467956543,5.570855130472713,-15.436954388165962,-15.368802169388008,0.06815221877795352,-15.32023475940534,,0.0,loud-start,-15.352348133743217,2.830209380001199,0.6427649488245398,13.94,0.0004166666666666667,0.5141666666666667,4.016249999999999,0.0007033621751427929,0.13923962885165403,0.22084783066074817,0.461536673972893,0.9,-9.791219093186916,0.0,-15.673740336461549,0.0,0.0007033621751427929,0.0046206829308940295,ok,False,0.00043068922625342376,0.33333333333333337,0.0,0.0,0.0
,,,1.982689402594021,11.212906825155471,0.9042030085940462,-5.874797152682265,-22.099827454905757,2.5632284063536908,-3.98347784116591,0.9042030085940462,43.314841737379105,35.17784231816172,44.10597561131944,46.97075115783933,28.518342825293743,normal,8.905071422010252,transition,0.0,transition,13.167125,4.3500000000000005,-9.858274993848175,-17.55469933471204,0.0,0.0,-8.886213302612305,0.0,0.033304441808063655,0.10012515644555695,17884406948200840970.mp4,4.545128120193716,unlabeled,0.5570184063825123,,normal,9.529861914394253,0.1,13.933958575035213,-19.190275518130527,-9.660413603736274,1,-27.267483951027295,-23.062191743278817,-20.866299314337382,-19.244600162867613,-17.493012964973214,-17.060030173658923,-16.295336117445494,/b/src/336272252/17884406948200840970.mp4,-6.176356792449951,5.377150834054937,-22.130761932298178,-17.320239471942422,4.810522460355756,-19.205449878814008,,0.0,transition,-15.081428214460203,3.8002424352599817,1.1960100434704966,20.444153992395435,0.0,0.0,6.49287072243346,0.0006806312820463786,0.25026285279172056,0.25026285279172056,0.5120988939563463,0.5,-10.3268721589611,0.0,-17.709930030876233,0.0,0.00023821828885338883,0.025848231501083015,ok,False,0.0006806312820463786,0.0,0.0,0.0,0.0
,,,1.982689402594021,11.212906825155471,0.9042030085940462,-5.874797152682265,-22.099827454905757,2.5632284063536908,-3.98347784116591,0.9042030085940462,43.314841737379105,35.17784231816172,44.10597561131944,46.97075115783933,28.518342825293743,normal,10.251224043405582,transition,0.0,transition,10.473625,4.3500000000000005,-9.858274993848175,-17.55469933471204,0.0,0.0,-8.886213302612305,0.0,0.033304441808063655,0.10012515644555695,17884406948501927135.mp4,4.545128120193716,unlabeled,0.5570184063825123,,normal,10.387864296112522,0.1,13.933958575035213,-20.048277899848795,-9.660413603736274,1,-26.877983300251998,-23.072645845544677,-20.91292151719114,-19.082379745308618,-17.38996153914406,-16.91511774060956,-16.198367492140772,/b/src/336272252/17884406948501927135.mp4,-6.176356792449951,5.423773036908695,-22.130761932298178,-17.320239471942422,4.810522460355756,-20.229452030090837,,0.0,transition,-16.427580835855533,3.8002424352599817,1.1960100434704966,13.173145933014355,0.0,0.0,3.9491626794258377,0.0006806312820463786,0.25026285279172056,0.25026285279172056,0.5120988939563463,0.5,-10.3268721589611,0.0,-17.709930030876233,0.0,0.00023821828885338883,0.025848231501083015,ok,False,0.0006806312820463786,0.0,0.0,0.0,0.0
,,20.0,8.574659617749912,1.7294307301379241,5.872592755778671,-6.8677750162857985,-18.562352469063,2.0820625943845332,0.031305453367696856,1.7294307301379241,43.15648927092069,45.95208054381375,49.87053437134369,33.54093485945886,29.66655045571013,normal,15.268718886257076,transition,0.0,transition,23.7308125,18.35,-6.836469562918102,-15.506086595118129,0.0,0.0,-4.718326091766357,0.0,0.005961449767955262,0.14705882352941174,17884163014921656514.mp4,3.056265873944872,unlabeled,0.5524142810130065,,normal,6.835881311438209,0.1,31.847883545675135,-18.98072779337298,-12.144846481934772,1,-90.0,-26.667208728189756,-19.91196946968092,-17.46886416019889,-15.310227669006503,-14.416517072481073,-13.23193566614041,/b/src/336272252/17884163014921656514.mp4,-2.8563666343688965,7.034683012321123,-17.97375356462441,-16.15393789659443,1.8198156680299782,-19.3373760664305,,0.0,transition,-18.125085520625973,3.0868660024345087,0.9900869916395776,6.5328322784810124,0.00026371308016877635,0.07107067510548523,1.826740506329114,0.0006785224551392782,0.11529691762389147,0.19003957330612337,0.46691020887973467,0.6000000000000001,-13.321961610075935,0.0,-20.742654896309116,0.0,4.2616335014968756e-05,1.694354281568503e-05,ok,False,0.0006785224551392782,0.0,0.0,0.0,0.0
,,,1.8927024982483447,-2.547279713868047,2.428016459759224,-9.546317638551113,-16.17021666616916,0.591437613562352,1.758570820392121,-2.547279713868047,7.562907026003094,5.253881789579978,7.298936013503969,6.800403116021936,3.028986997531163,normal,10.53771254622861,transition,0.0,loud-start,14.998625,7.4,-7.7877468181589915,-14.933400189583056,0.0,0.0,-5.745099067687988,0.0,0.021677383454722157,0.12578222778473092,17884165679901657479.mp4,1.236816476586105,unlabeled,0.48475605189594195,,normal,1.621200958769533,13.9,1.6336948623116854,-15.753516363657868,-14.132315404888335,0,-18.840636524833528,-16.753377387554462,-16.06519542391164,-15.619709229447945,-15.20579042175549,-14.950884245493299,-14.551595295213984,/b/src/336272252/17884165679901657479.mp4,-5.419871807098389,2.128654069317628,-15.827013073216566,-14.906018071323302,0.9209950018932638,-15.753332302215092,,0.0,loud-start,-15.957584353326999,2.0,0.6184082382930525,11.659489966555183,0.0,0.017558528428093644,2.816680602006689,0.0006728634609189978,0.10472031866550602,0.211998365258974,0.4792344327094799,0.65,-9.052873640221414,0.0,-15.852836403484774,0.0,0.0006728634609189978,0.03393312938012616,ok,False,0.00042628427525107245,0.0,0.0,0.0,0.0
,,500.0,9.94915832547934,14.24283263820725,10.26226644742816,-8.786163276372333,-20.9994800439791,2.5219141630206714,-5.565056393563642,9.94915832547934,43.65400541301395,51.47764503246897,43.252251398556055,39.01103799924783,38.473815470122595,normal,7.686091119821304,transition,0.0,transition,9.5448125,3.9000000000000004,-14.351219669935976,-17.071803408394608,0.0,0.0,-6.167679309844971,0.0,0.013870509510307171,0.04380475594493116,17884199759610117020.mp4,3.9276766355844934,unlabeled,0.5696321283386904,,normal,6.785020359172007,0.1,32.05261266893817,-16.198119143116955,-9.413098783944948,1,-27.31261356620114,-21.91625763192837,-19.532576408338944,-17.02335941446561,-13.327456679529051,-12.16706239993241,-11.43373319967532,/b/src/336272252/17884199759610117020.mp4,-6.167679309844971,8.178701615392564,-18.959581715346857,-13.960269671692835,4.999312043654022,-17.467949513257516,,0.0,transition,-13.853770429666275,3.738989938094447,1.0504646176144057,24.30296052631579,0.0,0.0,17.426644736842107,0.0006486334545597865,0.2473330357602536,0.47779953854313223,0.41186948783677346,0.1,-19.315165689181697,0.0,-20.795774239363784,0.0,4.134318162041692e-05,0.004267932707259173,ok,False,0.0006486334545597865,3.684210526315789,0.0,0.0,0.0
,,,-4.175833502940252,1.2086941579830466,-1.881836362753237,-15.109913576422326,-18.694941282739414,1.4950867510880297,-6.683698345790056,-4.175833502940252,12.3803789845214,12.445726663135344,12.85264110355197,12.247351316210882,8.008127145295791,normal,10.592487959934461,transition,0.0,transition,14.90725,14.100000000000001,-21.79361192221238,-16.12383079950154,0.0,0.0,-4.462801456451416,0.0,0.0020530426131064538,0.018773466833541926,17884378499450524920.webm,2.5711104832378737,unlabeled,0.6547390231517689,,normal,5.022617281847053,0.2,14.000625949684956,-15.89311317775822,-10.870495895911167,1,-24.0202397877753,-21.271165262978037,-19.056686715676975,-16.700652180689893,-13.812248173087955,-12.736160450572076,-12.037603519475994,/b/src/336272252/17884378499450524920.webm,-4.231819152832031,7.786081171021195,-15.770120568940229,-12.623372558849509,3.14674801009072,-16.226354998372933,,0.0,transition,-14.824307112766492,2.2166156171631126,1.1599261790496873,17.34773489932886,0.0,0.7334312080536913,6.047818791946309,0.0006139662707067572,0.3489305579681925,0.3489305579681925,0.16807828159561475,0.2,-16.426736873292825,0.0,-20.154607525186147,0.0,5.9123601203321437e-05,0.006578928771748061,ok,False,0.0006139662707067572,1.006711409395973,0.0,0.0,0.0
,,,7.7621469622513715,11.490162459000425,4.864282896108435,-7.865539656599209,-18.468920761853102,2.1882390955583926,-4.6714789869525415,4.864282896108435,74.21039962824584,66.03205707543668,73.64599770851811,73.31837332170363,38.2079882563196,normal,10.2230109751927,transition,0.0,loud-start,13.0960625,8.6,-12.53701864355175,-16.179999365501303,0.0,0.0,-5.460525035858154,0.0,0.012038025023317252,0.06758448060075094,17884414010680240959.mp4,2.2889213963517996,unlabeled,0.575006430100477,,normal,4.666778850703494,0.1,75.02767647842651,-14.842780179914492,-10.176001329210997,1,-24.127469074358732,-19.04653367861547,-16.917922901368687,-15.97199811850057,-14.836605175092872,-13.865959943067187,-12.737293031696941,/b/src/336272252/17884414010680240959.mp4,-3.9296507835388184,4.329371241387937,-17.96472932399218,-14.564433919601116,3.4002954043910645,-14.862725395666763,,0.0,loud-start,-14.152661758731519,3.2442832830748727,0.705524517015173,21.8014846743295,0.0,0.3218390804597701,9.301005747126437,0.0006034700139833138,0.1605251849729994,0.1605251849729994,0.4962675407427297,0.9500000000000001,-10.878679110203352,0.0,-15.939077084839907,0.0,0.0006034700139833138,0.003529427996239125,ok,False,0.00044305939701537635,0.0,0.0,0.0,0.0
,,,12.499971561631977,-1.5849472678474292,9.296709065298765,-15.574744198409409,-20.639629009899554,1.7953200621753993,3.188547421140399,-1.5849472678474292,27.414704766689454,18.049144933763046,27.34682370623775,23.464568389508273,17.935343031902256,normal,10.258370970834335,transition,0.0,transition,15.0711875,8.25,-12.38619677726901,-16.667937309257642,0.0,0.0,-5.593799591064453,0.0,0.00609803449599331,0.07071339173967459,17884644043600047802.mp4,3.9716917006419123,unlabeled,0.5253961376750486,,normal,5.259499212241838,0.2,14.490959834708525,-15.782945821317085,-10.523446609075247,1,-25.767214331768923,-23.457198571504176,-20.958215947439214,-18.533979667390078,-16.389618877653348,-15.579428912559072,-15.118403454504083,/b/src/336272252/17884644043600047802.mp4,-4.8019866943359375,6.251843642764971,-15.302482973803928,-13.983422963256663,1.3190600105472647,-15.932975123217405,,0.0,transition,-15.060357665170272,2.661741524181247,1.4921402640189139,16.131852159468437,0.0,0.026993355481727575,4.925456810631229,0.0005985446607422608,0.030817945526733222,0.18737886824371125,0.28659281905298084,0.9,-9.617782140197175,0.0,-19.54278851738832,0.0,8.558700266414263e-05,0.012886368094779204,ok,False,0.0005985446607422608,0.0,0.0,0.0,0.0
,,,5.023459668545271,0.3924712800019421,3.7923848545681405,-5.546935203951525,-18.85647350385428,1.566063639515292,-0.08693296981645027,0.3924712800019421,39.146050400186155,23.587104027374586,35.736257003821635,37.91304638949161,17.182519115923434,normal,11.302867845994237,transition,0.0,transition,8.6378125,1.1500000000000001,-5.633868173767976,-15.839337848019365,0.0,0.0,-4.653257846832275,0.0,0.09563518609147284,0.14017521902377972,17884412761800699015.mp4,3.017135655834913,unlabeled,0.5310497766594707,,normal,3.5342937379113657,0.1,15.128739094130271,-16.10715866734705,-12.572864929435685,1,-21.20024130981889,-18.40756256986107,-17.057062532917456,-15.77857969347175,-14.966471355678173,-14.713889184704675,-14.122698843312753,/b/src/336272252/17884412761800699015.mp4,-4.653257846832275,3.241874709416356,-19.185787544401272,-15.370324258616114,3.8154632857851585,-15.926017947229006,,0.0,transition,-15.956125692826513,2.321845951945372,1.2994555703865662,12.384447674418604,0.0,0.06722383720930233,2.782703488372093,0.0005902108378961846,0.09288274150826736,0.16395029472743813,0.3436402580049274,0.8,-3.6197034903330123,0.0,-17.480814543514935,0.0,0.00030293979655584614,0.11645023851951047,ok,False,0.0005902108378961846,0.0,0.0,0.0,0.0
,,,-9.632898472027588,1.7360034831834827,-5.593327408164296,-14.2253916214942,-19.39786555786653,2.1303831476790194,-5.787545988072807,-9.632898472027588,10.692714229318277,11.368237507263803,10.012505576851199,9.180564427228617,6.373620503220309,normal,11.8176297211709,transition,0.0,transition,13.4921875,11.600000000000001,-20.012937609567008,-16.16861601836957,0.0,0.0,-2.5505480766296387,0.0,0.00129262095097417,0.0253441802252816,17884238642172750535.mp4,3.229249539496962,unlabeled,0.5583807631684831,,normal,5.387621920813993,0.2,6.539508672691536,-15.176012756345825,-9.788390835531832,0,-22.29897161738196,-20.706063859382937,-18.853219932196293,-16.88017083485496,-15.050623568644362,-13.34239545428663,-12.557718166349119,/b/src/336272252/17884238642172750535.mp4,-1.6700143814086914,6.997950197394665,-14.600914272200393,-12.873990055450808,1.7269242167495857,-15.272454194581698,,0.0,transition,-13.48764410257959,3.158506054748914,1.0223977676540095,22.57574349442379,0.023234200743494422,2.2474442379182156,10.29182156133829,0.0005871423597211956,0.12163162885491566,0.49163181701563474,0.21555616915687364,0.2,-18.44523863718795,0.0,-18.628242753413055,0.0,0.00013661990408467828,0.006916160067543529,ok,False,0.0005871423597211956,0.37174721189591076,0.0,0.0,0.0
,,,-6.485174312315969,1.407009279442459,2.224123187203111,-15.434554268341616,-19.038037804075074,1.5930043303018397,-0.13394890640031676,-6.485174312315969,45.98710427307931,26.030635200958635,35.7071863015526,41.27948358213449,19.75829219425369,normal,9.948520521620537,transition,0.0,transition,24.3126875,18.2,-15.568503174741933,-15.946458887177767,0.0,0.0,-6.628019332885742,0.0,0.0018384836773653612,0.05006257822277847,17884613943733243450.mp4,3.0915789168973067,unlabeled,0.5558272291259767,,normal,4.478232556314641,0.1,12.626737312407514,-16.58473873109697,-12.106506174782329,1,-24.48726124057424,-21.50729560830186,-19.22301487117607,-17.889878654968314,-16.55661007522916,-15.955888095854524,-14.491669581083498,/b/src/336272252/17884613943733243450.mp4,-6.628019332885742,5.325546404000873,-16.416002965708916,-14.773889903100661,1.6421130626082547,-16.822952342428387,,0.0,transition,-16.57653985450628,2.3617882201055074,1.3089992110974276,10.093621399176955,0.0,0.0,1.7325102880658436,0.0005796851165897975,0.08162434478594224,0.15693984174134173,0.4414297684489662,1.0,-11.514584022437601,0.0,-19.686489063553978,0.0,7.66969991806274e-05,0.00017261837101514074,ok,False,0.0005796851165897975,0.0,0.0,0.0,0.0
,,,-9.590455900079474,1.727158975532971,-5.583552727218012,-14.203916104643488,-19.39616572541499,2.1378582991625485,-5.794351049454795,-9.590455900079474,10.69532460358758,11.335637697759845,10.03650479369541,9.181017839916386,6.3746541924137805,normal,11.682093526236141,transition,0.0,transition,13.44575,11.600000000000001,-19.998267154098283,-16.214725225305855,0.0,0.0,-2.6287665367126465,0.0,0.0013173265200503172,0.024718397997496873,17884238641881066411.mp4,3.181440500109133,unlabeled,0.5583648598803215,,normal,5.354059252941271,0.2,6.5313533815889055,-15.153079480677349,-9.799020227736078,0,-22.2010412848352,-20.689212185738636,-18.862873573408123,-16.899844304090667,-14.998850023095205,-13.340768517301843,-12.558588922150843,/b/src/336272252/17884238641881066411.mp4,-1.787939190864563,7.007604137457804,-14.606196578011001,-12.871365929596141,1.7348306484148601,-15.264746561062829,,0.0,transition,-13.470032717100704,3.1695887143383943,1.0037392188195031,22.667210820895523,0.024720149253731345,2.2586287313432836,10.338386194029852,0.0005694761206180836,0.12220736477214708,0.4917536188404329,0.21534938745814305,0.2,-18.484238946538234,0.0,-18.63096442904122,0.0,0.00013641003354860858,0.006900176762886711,ok,False,0.0005694761206180836,0.3731343283582089,0.0,0.0,0.0
,,,-0.6923004992716244,3.049347487494913,-5.533203722619059,-16.858198296542227,-17.887342727699526,0.9455914076574015,-1.5991022107526653,-5.533203722619059,4.7922488049112015,4.457655380774373,7.365454860692795,6.196623790554458,2.7962549016722082,normal,10.43141180367026,transition,0.0,loud-start,58.0034375,5.550000000000001,-18.457300507294892,-16.184242705172718,0.0,0.0,-5.64613151550293,0.0,0.0036564985846862528,0.03566958698372966,17884385014471128971.mp4,1.703100022526808,unlabeled,0.5168660784632246,,normal,2.664022844769301,50.6,4.256245634300605,-15.271721927666185,-12.607699082896884,0,-19.720774572448143,-19.046516709460608,-18.221273883116886,-17.06824929708269,-15.857025199652718,-15.247987341817465,-14.436273625978249,/b/src/336272252/17884385014471128971.mp4,-4.7516984939575195,4.54181977334019,-15.272758647190612,-14.70673279467652,0.5660258525140911,-15.33885411991061,,0.0,loud-start,-15.18311029762778,2.0,0.851550011263404,13.478717672413792,0.0,0.054418103448275856,2.772790948275862,0.0005431475859621213,0.2360516709122878,0.2701688705291975,0.3636805476077938,0.05,-14.627276589098617,0.0,-16.148517075020482,0.0,0.0005431475859621213,0.01731390126313343,ok,False,0.0003987616647757832,0.0,0.0,0.0,0.0
,,20.0,-6.542549564151459,6.479159229090413,-2.254249133654178,-6.844055338824862,-17.379580571124613,1.2597863216052403,1.7146709498337662,-6.542549564151459,26.953877171767513,25.111169500330323,25.037808270357502,29.15771914779091,13.215066871068629,normal,10.991505976390364,transition,0.0,transition,28.6780625,3.0500000000000003,-5.129384388991096,-15.517148747157956,0.0,0.0,-6.062662124633789,0.0,0.09975996327843716,0.1764705882352941,17884165642270261891.mp4,1.8624318239666575,unlabeled,0.4949450745988005,,normal,2.1457994920812027,28.5,13.528684956257536,-16.083166418874953,-13.93736692679375,1,-18.95494552590513,-17.335583509935393,-16.19850922841478,-15.636516474548838,-15.049037983673244,-14.749141065369033,-14.16125961367152,/b/src/336272252/17884165642270261891.mp4,-5.339236259460449,2.2555752471442254,-16.933660528421896,-15.468320307251986,1.4653402211699103,-16.14445683739534,,0.0,transition,-16.330742235850813,2.0,0.9312159119833288,10.69644415357766,0.0,0.0028359511343804536,2.3789267015706805,0.0005283817490397417,0.2474777053062574,0.2474777053062574,0.5006395759373017,0.15000000000000002,-9.601359868279452,0.0,-16.280779661996043,0.0,0.00051433788217209,0.015475970074974248,ok,False,0.0005283817490397417,0.0,0.0,0.0,0.0
,,,-3.040558360317857,-1.8639279265631945,-2.4822576055403758,-11.356926950409566,-18.111057993978918,1.6112150126210434,2.1083338508223513,-3.040558360317857,11.175599713552856,13.558754066386918,14.483039019983025,14.64749533259733,8.068549147275771,normal,11.151049292433285,transition,0.0,transition,28.58375,20.650000000000002,-9.248593099587215,-15.57074833179537,0.0,0.0,-3.892080783843994,0.0,0.028242279974901446,0.07884856070087609,17884509554340627742.mp4,2.5403096621835477,unlabeled,0.5710879991439372,,normal,2.4810252037083185,2.0,9.082965370936375,-14.190290375740693,-11.709265172032374,0,-21.99378590368241,-19.94191413996471,-18.351264273196595,-16.718343885760575,-15.481763413458706,-15.061617227852945,-14.551815595882598,/b/src/336272252/17884509554340627742.mp4,-3.3177268505096436,4.185772169166375,-13.958774558625697,-14.256367827765118,-0.29759326913942097,-14.176479124055758,,0.0,transition,-14.468776142942929,2.388787377711959,1.0634306283955337,21.612740805604204,0.0,0.09577495621716288,4.388244308231173,0.0005265233140515214,0.043909000891905955,0.5327759384393652,0.2712922599309017,0.5,-6.639498070601325,0.0,-20.269024581247663,0.0,5.8649896153583226e-05,0.012732011916154515,ok,False,0.0005265233140515214,0.0,0.0,0.0,0.0
,,10.0,34.18735941832142,17.21429403362375,9.645781868786525,-17.59339811213925,-28.993200867563985,5.5119464183590345,1.0862091528343747,9.645781868786525,33.6209744181465,31.687898194143507,33.852547445815986,33.65812241369671,16.38153953560868,normal,10.360264321216661,transition,0.0,transition,9.777,5.45,-16.507188959304877,-21.436295513160132,0.0,0.0,-10.399140357971191,0.0,0.006247039265023862,0.05225281602002503,17884178881990179261.mp4,7.5569053544038525,unlabeled,0.5009848118119611,,normal,4.114279144486767,5.5,35.24801705187146,-19.639295616738387,-15.52501647225162,1,-51.926912158742326,-32.74326089267127,-24.96236069844205,-21.917423469044245,-19.61524341911177,-18.672138142474893,-17.31965836079573,/b/src/336272252/17884178881990179261.mp4,-9.26416301727295,8.215542178311168,-24.272210197428716,-18.32750483606727,5.9447053613614464,-20.06326012098537,,0.0,transition,-19.62442733848961,8.172011759859105,0.9247301125438104,0.5474358974358974,0.0,0.0,0.0,0.000501651388540858,0.3501113871749491,0.3501113871749491,0.3613541203134018,0.75,-28.32619212351932,0.0,-23.918370696542116,0.0,7.375271907370337e-06,0.00018457616965847319,ok,False,0.000501651388540858,0.0,0.0,0.0,0.0
,,30.0,7.8679600417765645,9.17914987816343,6.836220655061423,-15.760989019707388,-19.352070605725558,1.8658459302540553,2.5512717660806423,6.836220655061423,9.829778953525743,14.916298484924532,9.651998336552957,7.30935335726436,11.624576797162533,normal,8.976321072619877,transition,0.0,transition,15.9985625,4.3500000000000005,-13.209717253626746,-16.85154442093939,0.0,0.0,-7.920270919799805,0.0,0.02387838365481796,0.06445556946182729,17884179198382787364.mp4,2.5005261847861675,unlabeled,0.535149277859083,,normal,4.481084524581339,0.1,10.03400166013318,-16.362670345696714,-11.881585821115374,0,-20.975183240644434,-19.12242957508167,-17.810331338300323,-16.21071468733875,-14.725330577479568,-14.334358976960187,-13.546128264434186,/b/src/336272252/17884179198382787364.mp4,-6.797785758972168,4.639000560595578,-16.947600103533276,-16.002532388931446,0.94506771460183,-16.441654917800598,,0.0,transition,-15.774106831592045,2.766303176194662,0.9039234044570276,13.899686520376175,0.0,0.0,0.405564263322884,0.0004958546805223367,0.4837459795375069,0.4837459795375069,0.23037242157328433,0.55,-13.313280073719366,0.0,-17.90837197568745,0.0,0.00021042963499629623,0.02458493316888915,ok,False,0.0004958546805223367,0.0,0.0,0.0,0.0
,,,0.8795543643587642,3.3834737271510935,5.7700270855881,-11.619824447474645,-19.795313777593634,2.7087177735166144,-0.9925542521575323,0.8795543643587642,12.491355394733539,14.762739687780773,13.707053244205774,14.25180882907786,8.528911493454025,normal,9.734718075665914,transition,0.0,transition,14.5603125,2.9000000000000004,-12.612378699632178,-16.544394156153558,0.0,0.0,-5.835826396942139,0.0,0.006174271445371885,0.0688360450563204,17884187925780462900.mp4,3.250919621440076,unlabeled,0.5743880715708084,,normal,2.6375633703934316,0.30000000000000004,11.527929642013547,-14.7369471882634,-12.099383817869969,0,-24.425337307526267,-20.08242543002424,-17.782604203649143,-16.515324949754635,-15.373815710806175,-14.536409162910779,-13.787824083320372,/b/src/336272252/17884187925780462900.mp4,-5.63288688659668,4.437121540374937,-17.94708680348628,-13.889355382424444,4.057731421061835,-14.845394895336579,,0.0,transition,-15.367604962262593,4.015944971015732,0.8095030297732984,16.167955326460483,0.0,0.0023625429553264608,3.8941151202749142,0.0004938726087040607,0.050875954374824214,0.1484743970777887,0.303556196875662,0.2,-10.251014451551264,0.0,-20.765234933842645,0.0,4.285297833603058e-05,0.002730289796526771,ok,False,0.0004938726087040607,0.0,0.0,0.0,0.0
,,,-4.34340035902486,10.163683343636126,-0.024761673413345342,-11.254805452418962,-19.468421916228056,2.6085183115478383,-3.6032231263354095,-4.34340035902486,13.366081329677144,12.434726544671761,11.227471361872546,11.132333081490831,6.755558713044024,normal,11.451705630603943,transition,0.0,transition,27.9568125,15.65,-14.858028578754372,-16.386276789686466,0.0,0.0,-5.940613269805908,0.0,0.009753914395991766,0.05475594493116395,17884158852970990549.mp4,3.0821451265415902,unlabeled,0.5508751299621676,,normal,3.2985388639409834,4.5,8.93358866002365,-15.175404634875079,-11.876865770934096,0,-90.0,-23.564208500233754,-19.01612863843206,-17.15396148364017,-15.068538227137442,-14.289395232424177,-13.48821490222374,/b/src/336272252/17884158852970990549.mp4,-4.309276103973389,6.0878876877462975,-14.603172029496951,-14.210341104708213,0.39283092478873805,-15.336682911333286,,0.0,transition,-15.760981734577332,3.867389248700825,0.7969575670659419,13.436270125223615,0.0,0.04237477638640429,3.7166815742397135,0.0004895990867836434,0.04658583692678806,0.3208852341057185,0.6776989016971465,0.45,-9.901934519694098,0.0,-16.398309608364414,0.0,0.0004799225807041102,0.013676245253838187,ok,False,0.0004895990867836434,0.0,0.0,0.0,0.0
,,120.0,6.805417757195295,3.967589385178595,7.460786649935603,-12.798563423830448,-19.093383854657677,2.670473526374545,2.552529543372085,3.967589385178595,18.601255654524273,20.550883598708502,17.578141283619296,19.60665171258318,13.043602021207114,normal,14.680044885677724,transition,0.0,transition,4.16,2.8000000000000003,-10.246033880458363,-16.45940286837685,0.0,0.0,-2.1852831840515137,0.0,0.021327627290988218,0.07728410513141426,17884275598770850972.mp4,2.6339809862808288,unlabeled,0.6715288049561349,,normal,6.3559122937547485,0.5,7.678325185180267,-16.297864674943547,-9.941952381188798,0,-32.399025106434486,-22.72485564713862,-18.633981610133606,-16.732712981936274,-14.90486940389031,-13.795954167311715,-12.64724049201433,/b/src/336272252/17884275598770850972.mp4,-0.5921732783317566,6.242506790169887,-15.794605729924513,-14.228901524951391,1.5657042049731213,-16.26298323909273,,0.0,transition,-15.27221816400948,3.9592440502029005,0.66527371207285,13.64382530120482,0.07831325301204818,1.4811746987951808,5.643072289156627,0.00048527656932874304,0.2079683493991084,0.2079683493991084,0.29860451570490054,0.8,-7.859894009538854,0.0,-16.678545578084126,0.0,0.0004308988625178913,0.032311639957429826,ok,False,0.00048527656932874304,0.0,0.0,0.0,0.0
,,,0.39726634081622336,2.4910806845707825,8.445979857998188,-13.89392321986237,-19.58304180280699,1.726991523061244,-1.140358458719124,0.39726634081622336,17.032607269285954,14.665956667047162,11.120014645477013,18.217770568342274,7.697290508514222,normal,17.873396208725417,transition,0.0,transition,13.7215625,8.75,-15.034281678581493,-16.73429294862828,0.0,0.0,-3.468837261199951,0.0,0.00734928748861573,0.05193992490613267,17884600909590578073.mp4,2.8487488541787087,unlabeled,0.5664413142045821,,normal,10.277894068429799,0.1,14.339186056575588,-19.254296932967165,-8.976402864537366,1,-26.022353387943483,-22.773837013626643,-20.028739504318725,-18.20325168185717,-16.904116407109136,-14.953303459081308,-12.375829348509619,/b/src/336272252/17884600909590578073.mp4,-0.08816520869731903,9.687748174113379,-18.852701543937854,-14.774087462007621,4.078614081930233,-19.314792543075928,,0.0,transition,-17.961561417422736,2.5604376320906,1.112602321757278,5.743385036496351,0.007299270072992701,0.3601733576642336,1.8517335766423357,0.00048434562064877094,0.21855701783856518,0.21855701783856518,0.42019215114982933,0.9500000000000001,-18.673331862583737,0.0,-18.049304626175438,0.0,0.00018679974635696698,0.0038191803514160587,ok,False,0.00048434562064877094,1.094890510948905,0.0,0.0,0.0
,,280.0,1.168563830323194,8.956115784721245,3.9748607484365084,-8.573838313537482,-25.87773561945285,3.027373333965791,-0.12396718961424824,1.168563830323194,20.93477010385095,7.2422843707829045,11.718363118996642,16.893158615183413,4.5735688552210405,normal,12.194676792569762,transition,0.0,transition,13.837625,2.45,-8.69780550315173,-19.843093262434884,0.0,0.0,-7.048144340515137,0.0,0.0024866482632795077,0.11545682102628285,17884579872820982484.mp4,6.034642357017965,unlabeled,0.5597066494657071,,normal,4.14697655543835,0.4,9.86829746815723,-18.555056004112842,-14.408079448674492,0,-26.140371030511535,-23.933837220589936,-22.11374057524491,-20.604735166948885,-18.823228462518493,-17.47816279450666,-16.351677824559516,/b/src/336272252/17884579872820982484.mp4,-6.362330436706543,6.1379728980341834,-25.781257589111128,-19.803953058556928,5.9773045305542,-18.450846684055737,,0.0,transition,-18.557007229276305,4.488383704937681,1.3445023317367544,3.657835144927536,0.0,0.0,0.22259963768115942,0.0004674919423615198,0.1959938124936368,0.23755257904105545,0.25317299688503575,1.0,-8.681216335045683,0.0,-26.299529978602656,0.0,2.0642931140970243e-06,0.002302618389473002,ok,False,0.0004674919423615198,0.0,0.0,0.0,0.0
,,70.0,22.214972668209285,-20.00638921417071,-6.768155034782468,-8.85144099693125,-29.74353394380787,6.18820804661344,7.549216502368912,-20.00638921417071,26.076754912755554,16.77706994091684,21.307201634929662,27.037602535755315,10.507565442587694,normal,11.156231698566938,transition,0.0,transition,9.961375,1.1,-1.3022244945623382,-21.460749122613308,0.0,0.0,-10.10593318939209,0.0,0.05604740609217466,0.2653316645807259,17884159066470384086.mp4,8.28278482119456,unlabeled,0.5829240389987453,,normal,5.462093406230048,3.3000000000000003,11.815812477888768,-17.594763793832257,-12.132670387602209,0,-29.001123460814597,-22.9983414487754,-19.838094718672316,-17.385805800587924,-16.0085577184591,-13.812395280686063,-13.16340949001575,/b/src/336272252/17884159066470384086.mp4,-6.018970012664795,6.904464882417644,-29.333611960351746,-23.58065777478415,5.752954185567596,-17.67902724514107,,0.0,transition,-17.175201711231733,9.174637249909086,0.90279153230572,10.504396984924623,0.0,0.0,0.3118718592964824,0.000458482586472297,0.08348889574036136,0.252064028304723,0.7430205131933647,0.6000000000000001,-8.634566930144072,0.0,-24.05624748892943,0.0,7.324118511889764e-06,0.022431858926331195,ok,False,0.000458482586472297,0.0,0.0,0.0,0.0
,,,-0.25583678555031497,3.859953184001421,2.7711027386300735,-12.698452868704088,-17.702400115078643,1.643488039539161,2.2681750433286396,-0.25583678555031497,53.65360165314607,53.11618801528101,54.70858925183328,52.3105605000927,35.620015085403466,normal,8.311453304534435,transition,0.0,loud-start,9.2661875,2.45,-10.430277825375448,-16.77181234432866,0.0,0.0,-8.395638465881348,0.0,0.020188390608614003,0.057571964956195244,17884254029701010577.mp4,0.9305877707499839,unlabeled,0.5526093719207763,,normal,2.7893918284186263,0.1,36.82181966745371,-15.636877019149978,-12.847485190731351,1,-20.96035644261112,-19.808220004619177,-17.72363315131885,-16.676005441959166,-15.870804570309568,-15.383985419224357,-15.031296347246515,/b/src/336272252/17884254029701010577.mp4,-7.152757167816162,2.7792003892874906,-15.299871032385301,-15.936335393238835,-0.6364643608535339,-15.790727895842554,,0.0,loud-start,-15.464210472350597,2.43663536742076,0.381915071574716,16.159121621621622,0.0,0.0,0.1206081081081081,0.00045150290319874437,0.1989135908393447,0.2196413991810211,0.40798713630002975,1.0,-9.96526554233682,0.0,-16.551711595743377,0.0,0.00045150290319874437,0.027388253969615195,ok,False,0.00023939243477980819,0.0,0.0,0.0,0.0
,,,-2.1090932541863907,-2.4085414423623117,1.8917644427339528,-5.333680901088941,-17.95926629947251,1.0835955662371983,-0.42298282563594114,-2.4085414423623117,71.97714194847708,43.65754797670678,61.069160904380674,67.19404881900573,25.664011485843943,normal,19.363471441715742,transition,0.0,transition,45.9290625,24.450000000000003,-5.756663726724883,-15.90684903411532,0.0,0.0,-5.849665641784668,0.0,0.00808686549592446,0.152377972465582,17884378289890148993.mp4,2.0524172653571906,unlabeled,0.37533796249722334,,normal,4.007089755184968,0.1,47.51865785016556,-19.0013172995049,-14.994227544319934,1,-20.819249762775915,-19.30125893491409,-18.0584298730259,-17.01422303453472,-16.298986781234863,-15.819822077679547,-14.962791252596887,/b/src/336272252/17884378289890148993.mp4,0.33052322268486023,4.541539136543811,-18.72965761655727,-16.47464544422996,2.2550121723273087,-19.064052694588224,,0.0,transition,-19.03294821903088,2.0,1.0262086326785953,3.1986655773420476,0.0004765795206971677,0.019812091503267973,0.43375544662309373,0.0004498634298733191,0.16825718637203513,0.16825718637203513,0.5986679263076042,1.0,-4.899958161591579,0.0,-19.457847053323256,0.0,9.413734081672824e-05,0.02318309212501805,ok,False,0.0004498634298733191,0.0,0.0,0.0,0.0
,,30.0,1.8876883869445695,18.616067410015866,14.167898455957722,-0.22129136978361733,-22.83669848749571,4.371577246304348,-11.503753776187544,1.8876883869445695,16.504540670542674,13.149307700665112,16.29838565991881,16.732755076867015,10.563337738219747,normal,9.179040173948593,transition,0.0,transition,17.670375,2.0,-11.725045145971162,-18.612483458607826,0.0,0.0,-6.678049564361572,0.0,0.01640144917806073,0.056320400500625784,17884647357960254765.mp4,4.224215028887883,unlabeled,0.5561455402275329,,normal,4.800180573346346,2.1,10.742449219684373,-15.507386173740233,-10.707205600393888,0,-22.047410040261084,-19.87534775437219,-18.297206180462535,-16.991467967806624,-15.589936758893474,-14.45820317567722,-13.640523238778915,/b/src/336272252/17884647357960254765.mp4,-5.662663459777832,5.053904283603737,-24.48639087963766,-14.347135286991527,10.139255592646133,-15.682048080870864,,0.0,transition,-14.841703633726425,6.481300425370826,0.6517542393733733,18.450779036827196,0.0,0.0008852691218130311,6.417492917847026,0.00043095307913528365,0.25808347425696576,0.4409541471992072,0.5136603385732205,0.05,-3.3538130893469527,0.0,-25.94587837063531,0.0,2.759040001430611e-06,0.042985686319902155,ok,False,0.00043095307913528365,0.0,0.0,0.0,0.0
,,280.0,-18.549357958703023,7.503380645555021,-6.4060982696874325,-10.525743255596637,-22.346844976835335,3.6531338301144256,-4.86756330997504,-18.549357958703023,43.79799342964319,27.627903809497823,34.40185428934828,48.059945221148055,27.373966589839448,normal,16.43672381382353,transition,0.0,transition,15.2715,11.950000000000001,-15.393306565571677,-18.541295155006573,0.0,0.0,-4.753453254699707,0.1,0.0005339433800366901,0.05287859824780976,17884278044141259892.webm,3.8055498218287624,unlabeled,0.5456735576244793,,normal,6.8074807093544365,0.5,21.674067624206835,-20.33268652192898,-13.525205812574544,1,-29.630112123326615,-25.57723699990768,-20.949799965035734,-18.718190321269955,-16.44148604988661,-15.558877733612793,-13.518827596244583,/b/src/336272252/17884278044141259892.webm,-2.7166197299957275,8.414060100538245,-21.81796898528999,-17.582939897739074,4.235029087550917,-20.240630782633893,,0.0,transition,-19.153343543819258,5.416136216527647,0.7026318522447628,4.067827868852459,0.0016393442622950822,0.07725409836065573,0.9127049180327869,0.00042780167699947255,0.39575130151766685,0.39575130151766685,0.508924803336314,0.9,-11.891527843995974,0.0,-21.006140712027275,0.0,3.7269538960217024e-05,0.0038050306159956382,ok,False,0.00042780167699947255,0.0,0.0,0.0,0.0
,,,11.393367419291874,14.257957682614999,2.340698182755575,-6.74030257574017,-26.41499286185045,4.780084442835802,-1.1030438476708913,2.340698182755575,25.62693583687491,16.78907005410028,17.500959023815213,23.870199669485686,12.040865348599205,normal,15.277252831469617,transition,0.0,transition,10.1935625,9.0,-7.843346423411061,-20.016057190278637,0.0,0.0,-9.00318717956543,0.0,0.03435207891558574,0.12546933667083854,17884623201871017314.mp4,6.398935671571813,unlabeled,0.4946525855469307,,normal,7.846709180541598,6.800000000000001,11.891124141558187,-26.02439234465612,-18.177683164114523,0,-34.63869961902235,-30.24104013615862,-25.71853261522595,-22.281721428765724,-19.581867582140806,-19.129141991868355,-17.959498082179614,/b/src/336272252/17884623201871017314.mp4,-8.763742446899414,7.931032397081996,-26.597529893016365,-20.138591132835447,6.458938760180917,-26.293765842265522,,0.0,transition,-24.04099527836903,7.08695319494836,0.9029177272022946,0.4076354679802956,0.0,0.0,0.0015394088669950737,0.0004265682448535456,0.05796880622839961,0.1397514983743235,0.47810615508473847,1.0,-5.863228446768122,0.0,-24.263790809625753,0.0,6.496724530071649e-06,0.006987436580389866,ok,False,0.0004265682448535456,0.0,0.0,0.0,0.0
,,,0.6630057890433356,1.9526537676547626,5.491322450745351,-11.843349164033322,-19.50655857549642,1.5912685114834098,-3.1063901294141605,0.6630057890433356,8.204604279079618,6.871966118239815,7.728816209849054,7.441919546689562,5.14512707461914,normal,15.355488577408483,transition,0.0,transition,15.9535,7.550000000000001,-14.949739293447482,-17.003583586229166,0.0,0.0,-3.260483503341675,0.0,0.004911465114340667,0.04630788485607008,17884318801861350564.mp4,2.502974989267255,unlabeled,0.5182804709109217,,normal,4.987826366506734,5.800000000000001,7.029883945749994,-18.349791052953105,-13.36196468644637,0,-23.30638642644728,-21.538136217719213,-19.47921011471117,-17.76986156407133,-16.309518202085922,-15.291438355481992,-14.256441798777072,/b/src/336272252/17884318801861350564.mp4,-2.1057827472686768,6.068630569102316,-18.521411400646876,-14.543840461915655,3.977570938731221,-18.695464628369965,,0.0,transition,-17.46127132467716,2.3592146951253032,1.0609356555971758,6.828565830721003,0.0019592476489028216,0.1140282131661442,1.608346394984326,0.00042014056423020563,0.27108128176120894,0.4350004608273945,0.4188592562985118,0.35000000000000003,-18.837291341339444,0.0,-17.808939405332506,0.0,0.00021221591305231867,0.000980623202122586,ok,False,0.00042014056423020563,0.0,0.0,0.0,0.0
,,20.0,10.779823151035345,7.533049051056283,11.385051112844401,-5.278462158566728,-24.987292561797197,5.483448345700495,1.4894087315509363,7.533049051056283,12.014278907061005,16.29315130177482,14.647981797115321,16.311687516740328,10.552689807626663,normal,15.106147387192376,transition,0.0,transition,44.16,1.35,-3.7890534270157916,-19.698307731413017,0.0,0.0,-8.576139450073242,0.0,0.043924612325706935,0.1955569461827284,17884510659000743690.webm,5.28898483038418,unlabeled,0.4739714843342092,,normal,5.082744131734383,0.2,10.556063987526688,-22.04518722474359,-16.962443093009206,0,-29.470584564928426,-26.229898728204475,-22.022767722672594,-19.47602447652553,-18.249323216982933,-17.70180426817918,-16.817803564420792,/b/src/336272252/17884510659000743690.webm,-6.520414352416992,5.905347145922587,-24.945105985765373,-20.334330329150596,4.610775656614777,-22.406746038338223,,0.0,transition,-21.626561739609368,8.129760517335553,0.6505708032981016,0.9354473386183466,0.0,0.0,0.023216308040770104,0.00041917637858517856,0.2568280074898484,0.28131378241459865,0.46126254544839296,0.75,-4.6675289630340355,0.0,-24.614662835838793,0.0,5.623519768062836e-06,0.03305969814889699,ok,False,0.00041917637858517856,0.0,0.0,0.0,0.0
,,,4.011724150185614,1.756124720460285,7.474824237704977,-13.131397202063074,-18.6105522298665,1.199358655256514,4.280163212580906,1.756124720460285,41.89643130662367,39.67925857033716,39.648468459838426,39.50631271100358,36.0558081160218,normal,7.741712124502431,transition,0.0,transition,16.55725,16.2,-8.851233989482168,-16.460049732762833,0.0,0.0,-9.086097717285156,0.0,0.030010394128959228,0.07884856070087609,17884241359191265620.mp4,2.150502497103666,unlabeled,0.5493893153627403,,normal,2.527061063732795,0.1,9.615619416564144,-15.540637348158295,-13.0135762844255,0,-20.184770426510696,-19.124609855745327,-17.84389543823538,-16.682548444815584,-15.82950426214347,-15.583266663701249,-15.14764784457441,/b/src/336272252/17884241359191265620.mp4,-7.765462875366211,3.0342828192434936,-15.012987224588851,-16.672176900730726,-1.6591896761418745,-15.597124769476029,,0.0,transition,-15.507174999868642,2.0,1.075251248551833,14.94712990936556,0.0,0.0,0.01661631419939577,0.0004138492044911388,0.21388026965340795,0.3425354597185154,0.6393108318220043,0.9500000000000001,-7.342767003305934,0.0,-16.826988747131026,0.0,0.0003892492736444137,0.017888752619108293,ok,False,0.0004138492044911388,0.0,0.0,0.0,0.0
,,,-2.035986956803945,-4.4486903912050195,-3.3479287774527418,-5.625099409237215,-19.443193654287676,1.0292265769218325,-1.7143115448457458,-4.4486903912050195,7.986079324376011,8.063325636006915,9.478130627710168,7.270489885290118,5.298543953047137,normal,11.564793209654066,transition,0.0,transition,15.000125,2.0,-7.339410954082961,-16.647185210031996,0.0,0.0,-6.017082214355469,0.0,0.034525590246350116,0.1276595744680851,17884649460840651688.mp4,2.79600844425568,unlabeled,0.5219067083305191,,normal,3.818294259531582,2.4000000000000004,5.251596925263586,-17.2123034822666,-13.394009222735017,0,-23.191768597132054,-21.311818005031284,-19.279589803152604,-17.694041188833758,-15.97731534324431,-15.401241963725006,-14.799239614528732,/b/src/336272252/17884649460840651688.mp4,-5.27459192276001,5.524926293643334,-19.00952528979512,-16.807034072848342,2.202491216946779,-17.56759192092867,,0.0,transition,-16.839385132414076,2.0,1.39800422212784,8.47125,0.0,0.003541666666666667,1.591875,0.000412247864376222,0.06391896737827948,0.2672763550875906,0.525216160530294,0.0,-7.763065312829684,0.0,-19.36068900535604,0.0,0.0001022719225830441,0.055258211353524544,ok,False,0.000412247864376222,0.0,0.0,0.0,0.0
,,,-0.6583513079015653,-1.4088184656659344,3.9369606915638995,-4.79005270396136,-17.745010201217113,1.0764046708968067,-2.762083185450213,-1.4088184656659344,6.533386954666646,5.518073251626941,5.936534660735145,6.172917860953643,3.658098003473995,normal,12.544559419460207,transition,0.0,transition,8.80175,1.55,-7.552135889411573,-16.289370141814214,0.0,0.0,-4.266148567199707,0.0,0.019490152512421605,0.13642052565707133,17884251253550997253.mp4,1.4556400594028993,unlabeled,0.4090868182360512,,normal,4.075419835893491,0.4,4.804703340573084,-16.6564332183185,-12.58101338242501,0,-20.33679521632453,-18.76223346701755,-17.518115998799633,-16.587417599716858,-15.209540906700928,-14.57569775208665,-13.832997627401262,/b/src/336272252/17884251253550997253.mp4,-4.031946659088135,4.606658560288439,-17.910362233338017,-16.370541394615223,1.5398208387227932,-17.03043892126185,,0.0,transition,-16.57650607854834,2.0,0.7278200297014497,9.455610795454545,0.0,0.07599431818181818,2.1921164772727275,0.0004070728125167032,0.4090868182360512,0.4090868182360512,0.5138580286444425,0.75,-5.325573168996231,0.0,-17.149493595972647,0.0,0.0003598670821287081,0.10427964817592525,ok,False,0.0004070728125167032,0.0,0.0,0.0,0.0
,,,3.644546278161339,3.868808447368064,2.023577000922524,-5.732530975864299,-19.06737092177994,1.8654732076029141,0.36044072439756203,2.023577000922524,7.361651860430495,9.532396339501748,8.371089535783277,8.307862277909628,5.721084176154314,normal,9.282970891810045,transition,0.0,transition,10.100625,1.2000000000000002,-5.372090251466737,-16.528264782425705,0.0,0.0,-7.257608413696289,0.0,0.1031134046607206,0.17334167709637047,17884191519600705753.mp4,2.539106139354235,unlabeled,0.5182270432743042,,normal,2.993171238495634,5.300000000000001,4.475200346057672,-16.0775522605562,-13.084381022060565,0,-21.983778370704293,-19.94984511821974,-17.91019667196897,-16.53876109743197,-15.531974900311093,-14.194463831031936,-13.720638743017313,/b/src/336272252/17884191519600705753.mp4,-6.293618679046631,4.305400268282824,-19.285251256383773,-16.904437493645545,2.380813762738228,-16.646794215377824,,0.0,transition,-15.576589570856676,2.7657505775920805,0.9180531895847359,15.173886138613863,0.0,0.0,3.108601485148515,0.00040263358335988606,0.09673455414720879,0.16346167879370574,0.276322838762493,0.6000000000000001,-5.180719684797643,0.0,-17.207474547302425,0.0,0.00034994307400402515,0.1220992321190622,ok,False,0.00040263358335988606,0.0,0.0,0.0,0.0
,,,6.5078255610307565,1.309519370798057,-3.39436258418761,-15.108420279042804,-18.5247281303591,0.7967751488227108,-1.6037137723781143,-3.39436258418761,11.61250590181308,13.069700965357965,14.152806244877544,12.190025995785946,7.535924335204472,normal,13.589348901793691,transition,0.0,transition,10.0078125,6.45,-16.712134051420918,-16.267728508538276,0.0,0.0,-3.455510377883911,0.0,0.0004976092417473554,0.04474342928660826,17884175801850884603.mp4,2.2569996218208246,unlabeled,0.5333556555565013,,normal,6.71655574820786,1.1,13.512566231832388,-17.21612882812635,-10.499573079918491,1,-24.701898989622038,-20.0410402613534,-18.49361210335436,-16.965911623918814,-15.043406276720159,-13.730553783707267,-12.73575025332625,/b/src/336272252/17884175801850884603.mp4,-2.495964288711548,6.1709904089825685,-17.562994000680625,-15.336590118744716,2.2264038819359087,-17.48094674866129,,0.0,transition,-16.08531319050524,2.0,1.1284998109104123,10.054375,0.018125,1.2037499999999999,3.9081249999999996,0.000396180932914595,0.09303052844446305,0.20313570754821442,0.4173679864602051,1.0,-21.354116651997074,0.0,-21.009102083700363,0.0,3.655674030520041e-05,0.0007037658190888862,ok,False,0.000396180932914595,0.0,0.0,0.0,0.0
,,30.0,0.6732874296558009,3.6088693605555022,11.501192722529083,-8.947058685625176,-19.623494011895062,4.163062453414086,-2.124388528709529,0.6732874296558009,27.945799744197803,20.358111450322422,14.67241741486098,28.03609416491745,17.272061378632014,normal,8.706715781836037,transition,0.0,transition,12.3748125,9.8,-11.071447214334706,-16.98780556675384,0.0,0.0,-5.6977386474609375,0.0,0.010657873727500624,0.05193992490613267,17884198853800645805.mp4,2.6356884451412235,unlabeled,0.5455241401348051,,normal,8.729306976335398,0.5,21.47313379548168,-16.809951839164206,-8.080644862828809,1,-30.367078194967053,-25.714215320569235,-19.21301888680061,-15.004956935831668,-12.785927590489226,-11.245472086249112,-11.012338732527983,/b/src/336272252/17884198853800645805.mp4,-5.418956756591797,8.256415120524098,-19.52328195757629,-14.697447235494137,4.8258347220821545,-17.90640643944186,,0.0,transition,-14.125672538427834,6.172156393431723,0.4270287849390963,20.015688259109314,0.0,0.016700404858299593,13.940536437246964,0.00037894642032209415,0.1505924974141716,0.21591542549537635,0.43192478515049226,1.0,-15.361989051979382,0.0,-19.35955355412913,0.0,9.527245923052496e-05,0.02948892922191202,ok,False,0.00037894642032209415,8.906882591093117,0.0,0.0,0.0
,,20.0,3.584974159238153,5.046932765881008,-2.2327864383986857,-8.184652576721458,-18.134579575502652,1.477226774325091,3.7511472210756214,-2.2327864383986857,21.06210848664319,32.296347533551476,32.457404222244506,34.38425895894416,16.482502084170278,normal,12.243647334571921,transition,0.0,transition,22.5015625,15.15,-4.433505355645837,-16.084874455075457,0.0,0.0,-6.2657012939453125,0.0,0.0003705812114919049,0.14831038798498122,17884160903140576659.mp4,2.0497051204271948,unlabeled,0.5105715638572563,,normal,3.787212790922217,21.5,10.060450704539342,-16.285573032161594,-12.498360241239377,0,-24.59184303189947,-19.929944398882476,-18.05873606060528,-16.758070780080654,-15.584662815397536,-15.124768027214559,-14.459567213090898,/b/src/336272252/17884160903140576659.mp4,-3.99540376663208,4.031506320378105,-16.36885402849533,-16.60607136396544,-0.2372173354701097,-16.342785738972665,,0.0,transition,-16.239051101204,2.19013641561438,0.9358801149617928,11.241111111111111,0.0,0.045,2.577777777777778,0.00037805384059266426,0.04632785337412986,0.34478392590215196,0.8070938648855738,0.1,-6.644077504203578,0.0,-18.01147513994949,0.0,0.00021890212944272847,0.0685228355449928,ok,False,0.00037805384059266426,0.0,0.0,0.0,0.0
,,,4.1460329410763235,0.188402682424055,-2.5548432504941117,-7.5260016782559145,-18.180235787803056,1.9909132100970304,0.11767492981319982,-2.5548432504941117,11.824063502964794,11.490561243341805,10.711995645779577,9.389822402616758,10.082235522263773,normal,11.804404444022229,transition,0.0,transition,13.3064375,12.9,-7.408326748442715,-16.154115449054387,0.0,0.0,-4.6594109535217285,0.0,0.0351715659312647,0.14205256570713393,17884156597240209396.mp4,2.026120338748669,unlabeled,0.49779133882651555,,normal,6.860371557451032,4.7,8.093850857937733,-17.644535797160742,-10.78416423970971,0,-21.671223498583394,-19.938376031832775,-18.09086050952189,-15.4768240160273,-12.326876995984271,-11.981758328587027,-11.62819294238647,/b/src/336272252/17884156597240209396.mp4,-3.554598331451416,6.635351004756098,-18.123763917322723,-16.152167571124004,1.9715963461987194,-18.0160582637819,,0.0,transition,-15.359002775473645,2.951727925289857,0.6864183928976806,13.949013157894738,0.0,0.27725563909774437,6.766212406015038,0.00037775867406310683,0.08811126836068142,0.38561899747482126,0.33565244552451323,0.5,-6.802541392776961,0.0,-17.196122994925265,0.0,0.0003315017849199324,0.04126481108972635,ok,False,0.00037775867406310683,5.263157894736842,0.0,0.0,0.0
,,,3.3490684078092854,-2.143540958278294,-1.8605057340812516,-7.050340890663506,-17.167709892882414,0.8864204733802925,0.5117849921611981,-2.143540958278294,4.251362558822034,3.920109438360395,5.123960134321656,4.863316847906688,2.4976359475323022,normal,11.046009370334502,transition,0.0,transition,9.216875,4.800000000000001,-6.538555898502308,-16.09611702803162,0.0,0.0,-6.161274433135986,0.0,0.05756334521953674,0.1376720901126408,17884281253721718851.mp4,1.0715928648507926,unlabeled,0.4639530616555727,,normal,1.9729301414366347,0.5,2.9080452519719096,-16.76994753483779,-14.797017393401156,0,-18.841696145627786,-17.726097976460334,-16.888213511127752,-16.37722376878208,-15.936354577014532,-15.802695591370647,-15.455550990246323,/b/src/336272252/17884281253721718851.mp4,-5.680980205535889,1.5469538086664034,-17.003027631074822,-16.138522008312428,0.864505622762394,-16.814713110196784,,0.0,transition,-16.72698957587039,2.0,0.5357964324253963,8.828464673913043,0.0,0.001019021739130435,1.2017663043478262,0.0003776019715735132,0.40138528753760033,0.40138528753760033,0.33112361631289416,0.8,-9.623358972023524,0.0,-17.32188950918131,0.0,0.0002904876164128791,0.014778983617362379,ok,False,0.0003776019715735132,0.0,0.0,0.0,0.0
,,,0.90620853463526,0.7489962888831414,0.44477854591273136,-11.470040411627336,-17.407991281119266,1.5248786224192221,1.1819724553874558,0.44477854591273136,37.86332628588474,39.138183702462385,39.63669039656418,37.01466795804834,37.94420157076064,normal,12.974746436381903,transition,0.0,loud-start,9.6130625,5.65,-10.28806795623988,-16.59034988159774,0.0,0.0,-4.431857109069824,0.0,0.01650159413064842,0.08135168961201503,17884203710530889801.mp4,0.817641399521527,unlabeled,0.5313365986961562,,normal,2.108338683744874,0.1,10.411841768482383,-15.64260805927675,-13.534269375531876,0,-22.154724317575376,-19.666278224937844,-17.369957323511976,-16.4980575834593,-14.986493508833538,-14.061304166545408,-13.053707081289517,/b/src/336272252/17884203710530889801.mp4,-3.1291329860687256,4.516729940169844,-15.450758121472234,-15.31553153415365,0.13522658731858428,-15.473277139572783,,0.0,loud-start,-16.10387942245063,2.2607850455987384,0.3616626008356251,11.6328125,0.0,0.17578125,2.0442708333333335,0.0003768471790809041,0.09730274367133454,0.2910286712300867,0.20237869731895786,0.05,-6.635543550518927,0.0,-16.87196004153877,0.0,0.0003768471790809041,0.010053236590704192,ok,False,0.00021676318138472438,0.0,0.0,0.0,0.0
,,20.0,3.229076128127815,15.0757435473127,7.54363686577703,-15.499986773148432,-32.39668662270136,4.60962734671015,-4.479200801289487,3.229076128127815,26.83007355476001,14.757779525204086,21.558196058636213,22.171994624498026,10.095471192794001,normal,10.195297335605257,transition,0.0,transition,14.812875,1.2000000000000002,-19.97918757443792,-23.232077837107195,0.0,0.0,-11.953216552734375,0.0,0.0028138815418361305,0.016583229036295367,17884167068331321126.webm,9.164608785594165,unlabeled,0.5294961569497331,,normal,3.1167828223336898,0.30000000000000004,13.012921074605782,-20.343968918769782,-17.227186096436093,1,-30.881398957807786,-26.68529699999551,-23.268938370238303,-21.68624962975601,-20.616828762453448,-19.892502322972597,-19.227622222687828,/b/src/336272252/17884167068331321126.webm,-10.337017059326172,4.192758437280673,-27.476180843305286,-19.765367557325135,7.7108132859801515,-20.262331134793484,,0.0,transition,-20.53231439493143,6.8342335042324684,1.340985610151963,0.02934966216216216,0.0,0.0,0.0,0.00037425390020793127,0.23911546869945585,0.2738896853946001,0.3759813824212091,0.7000000000000001,-15.443204585370745,0.0,-26.323735534766435,0.0,1.996574045500095e-06,0.008314054242605744,ok,False,0.00037425390020793127,0.0,0.0,0.0,0.0
,,,1.5556467905517009,9.674582764240842,0.6939735543721905,-2.6972648900120744,-17.664226685065735,0.23271039682253303,-0.7447261146641999,0.6939735543721905,17.98281726198084,20.090234980339744,17.090251821620555,18.14677856919667,11.72288115760179,normal,15.54830068221763,transition,0.0,loud-start,23.3360625,20.25,-3.4419910046762743,-16.160028993625925,0.0,0.0,-9.464341163635254,0.0,0.013286565611523464,0.2327909887359199,17884293870940925047.mp4,1.5041976914398099,unlabeled,0.5481847882430759,,normal,3.391457720270342,11.9,4.679397578284519,-19.583899336496565,-16.192441616226223,0,-21.01587377415481,-19.040317140961132,-18.2311363062541,-17.52555651540124,-16.625680933652916,-16.082648345861358,-15.51207321057816,/b/src/336272252/17884293870940925047.mp4,-4.073703765869141,4.821023068643148,-19.50707987641953,-17.77450147305028,1.7325784033692528,-19.578745363173958,,0.0,loud-start,-19.62200444808677,2.0,0.7520988457199049,0.7721298283261803,0.0,0.00536480686695279,0.09227467811158799,0.0003671397050495125,0.09928412283117041,0.29352643281413526,0.5566754141956752,0.4,0.9157661282202038,0.0,-17.11648796762389,0.0,0.0003671397050495125,0.07354307134943737,ok,False,0.0003174808897486035,0.0,0.0,0.0,0.0
,,,3.3741046969161417,3.064602086814766,1.6709973402761484,-11.215222467555954,-17.33532679429424,1.3403685806792183,-1.789594073870365,1.6709973402761484,71.26103187260514,69.58147474402254,69.03300468918756,70.26508342991633,35.33054488249154,normal,13.733417443493144,transition,0.0,transition,9.9163125,7.300000000000001,-13.004816541426319,-15.967979057604358,0.0,0.0,-4.0284528732299805,0.0,0.009065422058737506,0.06758448060075094,17884225883901037558.mp4,1.3673477366898812,unlabeled,0.304087955501238,,normal,2.386725003101125,0.1,70.14342397111994,-15.826716904285526,-13.439991901184401,1,-19.35045101851654,-18.105866310549246,-16.858190972002983,-15.979670995987263,-15.139654785808098,-14.653477326235425,-13.781121245253622,/b/src/336272252/17884225883901037558.mp4,-2.177582263946533,3.349744390498632,-16.029790101801005,-14.874058060611,1.1557320411900047,-15.932172794252981,,0.0,transition,-15.910999707439677,2.0,0.6836738683449406,11.799558080808081,0.001893939393939394,0.24494949494949497,2.979166666666667,0.00036535609973664305,0.20611920143236584,0.20611920143236584,0.32562952483130725,1.0,-16.331756936401185,0.0,-17.375549629487825,0.0,0.00027054334920362943,0.0033497438840374093,ok,False,0.00036535609973664305,0.0,0.0,0.0,0.0
,,30.0,-18.836451754146978,-3.6757508042190405,-23.398097719745312,-6.979719844163341,-18.79758429442207,2.7972391930220013,0.5579495784668991,-23.398097719745312,12.875025397961416,18.007396875880055,14.543570070098006,13.383667780691951,10.048052907852941,normal,16.016842998388235,transition,0.0,transition,14.650375,3.0,-6.421770265696442,-16.523938879071643,0.0,0.0125,-0.7419701814651489,0.0,0.021257970129203187,0.11702127659574468,17884513952490720520.mp4,2.273645415350426,unlabeled,0.5357768564217832,,normal,7.569201637629048,0.1,18.04173725067716,-18.67745622033538,-11.108254582706332,1,-28.070106452603447,-24.5428814707038,-18.573648333620632,-16.680564257672803,-12.709966966189299,-11.854034825112885,-11.357999111482235,/b/src/336272252/17884513952490720520.mp4,-0.7419701814651489,8.092602138069008,-19.44984848674175,-16.71832023359125,2.7315282531505005,-19.166599922087045,,0.0,transition,-16.758813179853384,4.147186827574419,0.548238000813728,7.589377133105803,0.20456484641638226,1.51919795221843,3.65891638225256,0.00035804742147108406,0.06195913150174394,0.4033495755253219,0.5588658202088813,0.05,-2.7496239730271737,0.0,-17.920809313405243,0.0,0.000219026488003698,0.018558053683456706,ok,False,0.00035804742147108406,6.825938566552901,0.0,0.0,0.0
,,,8.910789185010627,7.472926872570337,-0.20361195131580612,-10.630953378352004,-20.322905884377512,1.850403169450086,1.1329161726024566,-0.20361195131580612,70.90311671878017,59.60046106102316,73.09347021187138,69.34781858161578,35.96111974500916,normal,10.943216477681016,transition,0.0,transition,10.0078125,8.0,-9.498037205749547,-17.737463845389016,0.0,0.0,-5.931281089782715,0.0,0.013550596358888318,0.08917396745932415,17884171368830373818.mp4,2.5854420389884964,unlabeled,0.48836535031350764,,normal,6.786343620254586,0.1,69.77813034263781,-18.866053549935554,-12.079709929680968,1,-23.353576055189496,-21.372610614362515,-19.462958083521492,-16.756363022199693,-13.578339289902866,-13.314366671232554,-12.864100876006072,/b/src/336272252/17884171368830373818.mp4,-5.664186000823975,7.061872530528468,-20.413522069410636,-17.13899597603233,3.274526093378306,-19.124503842324003,,0.0,transition,-16.60740247850499,2.7434077390266975,0.9424198970532015,10.64625,0.0,0.00125,4.128125,0.0003522445549796695,0.31150312366566374,0.392437279594474,0.4248048842293035,0.6000000000000001,-7.5279556655993645,0.0,-18.615912134598382,0.0,0.0001508784556660107,0.03899036711794954,ok,False,0.0003522445549796695,0.0,0.0,0.0,0.0
,,,6.926062273905828,2.1780203243478358,14.574537761439778,-13.317619141901245,-18.057589511866002,1.8322155260923658,7.365416907040961,2.1780203243478358,19.208948316678637,18.604821590257657,21.309738517000195,19.151116938464945,19.10630764293534,normal,8.879126829750103,transition,0.0,transition,11.356,1.1500000000000001,-5.952202234860284,-16.406319992127465,0.0,0.0,-7.216802597045898,0.0,0.024997803034975147,0.14643304130162704,17884241359582406411.mp4,1.6512695197385376,unlabeled,0.5799868407116928,,normal,3.2927788541540117,3.4000000000000004,3.543413318320887,-16.035725524695017,-12.742946670541006,0,-20.729303824573574,-19.061536603877187,-17.94298046351481,-16.694665155452924,-15.729427970883348,-15.383046916108544,-14.72316099554886,/b/src/336272252/17884241359582406411.mp4,-6.909031391143799,3.7964834960312377,-14.931021625898977,-15.78348867002892,-0.8524670441299431,-16.04912847907635,,0.0,transition,-15.788158220893902,2.7164427389845414,0.6078793769662946,13.498348017621145,0.0,0.0,0.5812224669603524,0.0003477391827645007,0.20042822309746686,0.26913328089397254,0.47508356257798834,0.2,-17.62857070044435,0.0,-17.622582127999646,0.0,0.00023645830633310536,0.00455467409534523,ok,False,0.0003477391827645007,0.0,0.0,0.0,0.0
,,,4.783249530668317,2.7866060943433553,6.679869319928101,-10.633075080132965,-19.948562032860323,1.8896136173004159,1.3807338322836067,2.7866060943433553,7.500689680968655,8.049498591317633,10.09225320429687,8.784828261305087,8.812948857260878,normal,11.494188851431932,transition,0.0,transition,14.187375,5.2,-9.252341247849358,-17.384890456175636,0.0,0.0,-6.738717555999756,0.0,0.0028217962753862335,0.10607008760951189,17884636902261018607.mp4,2.563671576684687,unlabeled,0.5907906242391975,,normal,3.1604170059698227,0.30000000000000004,5.830125364210357,-17.456700022041428,-14.296283016071605,0,-23.180789402696274,-21.05521497941254,-19.140834020543494,-17.36977970594343,-16.127873597837116,-15.294595243323894,-14.852948758063462,/b/src/336272252/17884636902261018607.mp4,-5.768346309661865,4.487193620492224,-18.08249678774846,-16.554209492627187,1.5282872951212738,-17.33328416178232,,0.0,transition,-17.262535161093798,2.8015411490095965,0.9150933148317306,6.927782685512368,0.0,0.00022084805653710247,0.7292402826855123,0.0003317398613851297,0.1696197475110972,0.26812843735724445,0.28283547238516504,0.65,-8.714197084880201,0.0,-18.784880689021993,0.0,0.00013483289507242271,0.031884390595573714,ok,False,0.0003317398613851297,0.0,0.0,0.0,0.0
,,,-4.017162117881015,3.5711861071012514,2.2305019857057093,-6.429665448331271,-17.946463228452423,0.7738746032605697,0.08018080337946287,-4.017162117881015,3.377244668407535,3.501404558605003,4.328813401515106,3.9109732618389046,2.30467396781512,normal,10.166506366811975,transition,0.0,loud-start,7.965875,2.95,-6.349484644951808,-16.85329678274143,0.0,0.0,-6.916146755218506,0.0,0.009251340276436221,0.14674593241551942,17884248904882731110.mp4,1.0931664457109918,unlabeled,0.5734678134048118,,normal,4.0461635105234475,6.7,3.866687056085988,-16.57145133995265,-12.525287829429201,0,-20.050169358041376,-18.998760906787055,-17.923058250941263,-17.03810837995889,-16.066508749249625,-15.630283897143315,-14.798476171760477,/b/src/336272252/17884248904882731110.mp4,-5.459821701049805,3.3612586471287287,-16.854984094645992,-16.992196753319472,-0.1372126586734801,-16.53077386591924,,0.0,loud-start,-15.62632806786178,2.0,0.5465832228554959,14.488207547169813,0.0,0.0007861635220125786,0.9477201257861636,0.00031649259589360007,0.0769106681397978,0.37158628946870625,0.4777849124651831,0.75,-8.622219085455452,0.0,-17.154501836819115,0.0,0.00031649259589360007,0.006622719779589019,ok,False,0.0002153895778991033,0.0,0.0,0.0,0.0
,,,0.7266565195109145,5.222679344697493,6.176728085955732,-15.479533142890013,-18.86619154782783,1.4694019231708122,3.1258096389251815,0.7266565195109145,10.796029723581267,10.097360281796828,12.215378266756115,10.176571132187362,6.476658643432746,normal,8.02631556858084,transition,0.0,transition,9.6376875,8.6,-12.353723503964831,-16.944095101269223,0.0,0.0,-7.259421348571777,0.0,0.01135539362555067,0.06633291614518147,17884646997130304896.mp4,1.9220964465586086,unlabeled,0.6322335507914503,,normal,4.3060046415621684,6.5,9.44393180155523,-15.04130985805373,-10.735305216491561,0,-21.532290192875248,-19.89701242154462,-18.655891049223214,-16.925208840146606,-16.363497833276675,-15.575707604037174,-14.589844097278853,/b/src/336272252/17884646997130304896.mp4,-6.331619739532471,4.6283873299877545,-15.633964393744753,-15.66260211221496,-0.028637718470207574,-15.159526582324867,,0.0,transition,-14.35793530811331,2.1785352912930462,0.8822884137983227,23.0615234375,0.0,0.0,6.320638020833333,0.0003158885753532471,0.1897206136779921,0.1897206136779921,0.31022932603289627,0.15000000000000002,-14.493543250363581,0.0,-17.380827830161206,0.0,0.00027459854498013413,0.01278584686867151,ok,False,0.0003158885753532471,0.0,0.0,0.0,0.0
,,310.0,-0.9837665943388068,16.842946540994685,3.5223122964958025,-6.5199192885699135,-29.048704228964947,3.922824320583784,0.6597017274348733,-0.9837665943388068,24.915838182622828,12.800508430532332,14.539084592842986,15.619209270233313,6.785550681040057,normal,12.834154153557932,transition,0.0,transition,13.2135625,8.8,-5.86021756113504,-21.686321740551108,0.0,0.0,-10.780390739440918,0.0,0.002231504627005279,0.17459324155193992,17884650325090527993.mp4,7.362382488413839,unlabeled,0.5022573987214517,,normal,9.236213230113155,12.700000000000001,12.909388262441642,-23.979305293947867,-14.743092063834712,1,-33.77802775246791,-30.13515946795635,-25.072304032989578,-22.16653763257591,-20.66036386351268,-20.209028870726463,-18.087946393129403,/b/src/336272252/17884650325090527993.mp4,-8.293327331542969,9.119565740755423,-29.218950424257336,-22.41310617864668,6.805844245610658,-23.995796486992347,,0.0,transition,-21.1274814851009,5.8159793376975175,1.2658886940489933,1.8401988636363638,0.0,0.0,0.0023674242424242425,0.00031516299019701267,0.04561213389456244,0.328988944606837,0.5107543926406676,0.9,-12.997553521083152,0.0,-22.0245142613797,0.0,2.147818590423379e-05,0.011948850288800677,ok,False,0.00031516299019701267,0.0,0.0,0.0,0.0
,,,0.5566950119875438,3.9749894857496955,6.137305345078222,-9.68703429367411,-17.509285690910886,0.9127036169465104,-0.11057965174480344,0.5566950119875438,16.57716755364494,13.71174703318393,17.90180498352909,16.54884166835841,14.201598428848513,normal,9.385092411983052,transition,0.0,transition,12.7013125,6.550000000000001,-9.797613945418913,-16.210404075659028,0.0,0.0,-6.137975692749023,0.0,0.04932059817673959,0.09292866082603254,17884624097240423187.mp4,1.298881615251858,unlabeled,0.5458914394695188,,normal,4.775876002946793,4.0,5.787005031998815,-16.221352928319593,-11.4454769253728,0,-19.94619619948032,-18.5295579528188,-17.623055233479487,-16.57607189841681,-15.209665305106174,-14.503785649649842,-14.213349746939446,/b/src/336272252/17884624097240423187.mp4,-5.967987060546875,3.8348954866953804,-15.398447486867088,-14.96692483693952,0.43152264992756884,-16.198759440851283,,0.0,transition,-15.353079472529927,2.0,0.649440807625929,15.320127952755906,0.0,0.00024606299212598425,3.792568897637795,0.00030656900323786725,0.1491493731813207,0.26163226400805745,0.19039347264716291,0.6000000000000001,-8.794274620813065,0.0,-17.52306964769953,0.0,0.00027600148794033283,0.0481974217957819,ok,False,0.00030656900323786725,0.0,0.0,0.0,0.0
,,60.0,3.6321854437437793,10.462053725491849,3.8587483076153717,-18.640956108198658,-26.84093110784486,3.080191601389938,3.062715431861946,3.6321854437437793,19.90150336134942,17.876676350165262,18.430129707374952,18.03247455943931,10.697255227152233,normal,16.722211994404585,transition,0.0,transition,20.201375,13.0,-15.578240676336712,-20.92678663729183,0.0,0.0,-7.511890411376953,0.0,0.002274467213075085,0.05381727158948686,17884506626970832208.mp4,5.91414447055303,unlabeled,0.4801853891137199,,normal,6.761688306068287,0.7000000000000001,9.27877489912909,-24.281882736071424,-17.520194430003137,0,-37.149194580618584,-30.549215114253812,-26.00760277434086,-22.77678725962781,-21.323093879508487,-20.375704810332113,-18.23353214873043,/b/src/336272252/17884506626970832208.mp4,-6.640296459197998,9.582200870718271,-24.38817040500158,-19.797294403087545,4.590876001914037,-24.43569164431664,,0.0,transition,-23.362508453602583,4.566692068220722,1.2950609286115722,0.20111386138613863,0.0,0.0,0.01113861386138614,0.0003019771689299721,0.18243887463223452,0.33682875572065174,0.35959904252798786,0.0,-6.374504664726421,0.0,-23.132977383774126,0.0,1.195394227842372e-05,0.0009046422302679635,ok,False,0.0003019771689299721,0.0,0.0,0.0,0.0
,,20.0,-6.557166848880225,8.021730135448815,5.760717634503341,-11.080694032172179,-18.46380813283246,1.5837857623209324,-3.362126888707973,-6.557166848880225,15.696960733334294,16.981419552855566,13.545477146317356,16.58337874450906,12.608132589728118,normal,7.688514422390391,transition,0.0,transition,14.142375,7.65,-14.442820920880152,-16.939622357859243,0.0,0.0,-5.884005546569824,0.0,0.012446315463717744,0.0425531914893617,17884646998082427845.mp4,1.524185774973219,unlabeled,0.46767977974003255,,normal,2.0469181174698754,5.2,4.355951284519914,-12.786736681307914,-10.739818563838039,0,-24.4279221918586,-19.71996214381683,-18.373311593624784,-16.635358107639476,-14.96029677652315,-13.672867535555763,-13.21912886351782,/b/src/336272252/17884646998082427845.mp4,-5.481531620025635,5.58880697859823,-12.217751924445736,-12.21948671945027,-0.0017347950045341065,-12.390165413264663,,0.0,transition,-13.170046042416026,2.348120771217014,0.6491087654674783,29.862810283687942,0.0,0.005540780141843972,13.04011524822695,0.00029565116290626716,0.24339475845159173,0.40635111153329895,0.2280884065557628,0.35000000000000003,-11.931135951206105,0.0,-17.63489385694228,0.0,0.00023994974846867662,0.010741447030122753,ok,False,0.00029565116290626716,0.0,0.0,0.0,0.0
,,40.0,4.744133892591803,16.778038541760058,2.7997187914668666,-5.976538157189356,-23.148769066608452,1.843151582610318,-6.36971897601132,2.7997187914668666,16.342694662470866,20.8712281353005,16.20489594910474,15.942666617872177,12.248575273542137,normal,11.727814312475143,transition,0.0,transition,15.0711875,4.6000000000000005,-12.346257133200677,-19.62732702766228,0.0,0.0,-7.03125,0.0,0.003998478426875231,0.057571964956195244,17884417837070401830.mp4,3.521442038946173,unlabeled,0.5908791751798959,,normal,6.481833216152912,4.1000000000000005,13.095110505171998,-19.364663188280964,-12.882829972128052,1,-27.52290087775047,-24.62710246934618,-21.791434180843286,-19.608976781454835,-16.477376390767226,-14.958600795930659,-14.389101809944222,/b/src/336272252/17884417837070401830.mp4,-5.898885726928711,7.512829749219122,-22.977371148032105,-16.24585038489209,6.731520763140015,-19.490713813615823,,0.0,transition,-17.626700039403854,2.732656536378057,1.2886515345296907,8.021179401993356,0.0,0.0004152823920265781,0.7612126245847176,0.00027316833035092723,0.4805031762762036,0.5391734400482848,0.5917945693600937,0.8,-6.472687528874621,0.0,-22.668975530770048,0.0,1.6896386352095077e-05,0.06450001761741436,ok,False,0.00027316833035092723,0.0,0.0,0.0,0.0
,,30.0,15.011356917670984,1.8919465741665409,5.6561826065499705,-8.958577365002384,-22.518554078580472,2.774580242709982,6.4200746759498175,1.8919465741665409,27.697125864073676,25.800462166884472,20.512562496439553,24.217241850635993,14.18688158888444,normal,13.848003285163834,transition,0.0,transition,15.0711875,6.75,-2.5385026890525664,-18.91218669162227,0.0,0.0,-7.344539165496826,0.0,0.1300265548281545,0.23529411764705882,17884185605920498236.mp4,3.606367386958201,unlabeled,0.48161890302883514,,normal,4.835601409276453,0.1,14.467803604754259,-20.624995856185933,-15.78939444690948,1,-30.134470120198305,-25.04480065075356,-21.819116740790363,-19.31378289775879,-17.654807957430364,-16.928167250915244,-16.32872888499418,/b/src/336272252/17884185605920498236.mp4,-6.675806522369385,5.685671287636744,-22.02052219585525,-19.73058253481193,2.28993966104332,-21.72138379686039,,0.0,transition,-20.52380980753322,4.11359266784182,0.8766953070368699,2.2653654485049834,0.0,0.0,0.1270764119601329,0.00026592751329512093,0.12106349961020298,0.21725115452153906,0.4941289575258319,0.65,-8.47393056236724,0.0,-20.76339771577426,0.0,4.3800620748941616e-05,0.008355456238332918,ok,False,0.00026592751329512093,0.0,0.0,0.0,0.0
,,,4.967175281228151,1.0851295137854073,11.528906215826124,-9.601535072423616,-21.50971483209596,1.728808600020761,0.928476054662827,1.0851295137854073,51.19862657079475,17.143530819498565,33.213645428315246,44.4231275964357,9.0017046250397,normal,14.435260631646866,transition,0.0,transition,14.998625,11.65,-8.673059017760789,-18.66865966376192,0.0,0.0,-6.303694248199463,0.0,0.03491495697908369,0.11514392991239049,17884279323610061185.mp4,2.8410551683340373,unlabeled,0.4307060189591394,,normal,4.915149240200915,0.6000000000000001,20.550281692590225,-20.69072754981469,-15.775578309613774,1,-25.456452052288306,-23.43653482489619,-21.487971620895838,-19.81099655074779,-18.360161801645038,-17.50909721516233,-16.301458830205622,/b/src/336272252/17884279323610061185.mp4,-5.80488920211792,5.990100102459342,-21.19834132584572,-18.315717939706136,2.882623386139585,-21.101060354055097,,0.0,transition,-20.240149833764786,2.5631316303907803,1.1084312388204909,2.0167224080267556,0.0,0.0004180602006688963,0.3250418060200669,0.00026561607728064254,0.2603272131526992,0.2603272131526992,0.3931980132685154,0.6000000000000001,-13.168428862351654,0.0,-23.05240662054096,0.0,1.2168647217486701e-05,0.010462880220029511,ok,False,0.00026561607728064254,0.0,0.0,0.0,0.0
,,,-3.1212526462186236,-2.6138219444105317,0.6305375562932287,-11.791284808164797,-19.79639902907919,1.4559935705146998,1.9816845035399062,-3.1212526462186236,13.837574721868869,12.523884314043926,9.14851379294138,10.688277719156808,8.444155931439067,normal,11.983234055642,transition,0.0,transition,19.6673125,15.65,-9.80960030462489,-17.481965610778992,0.0,0.0,-5.323028564453125,0.0,0.018776982848687913,0.09386733416770963,17884162624340231082.mp4,2.3144334183001973,unlabeled,0.49678561651431913,,normal,3.1549894864290877,0.9,9.511088809606465,-17.000858661678684,-13.845869175249597,0,-23.809028022964444,-21.527526889993823,-19.642563263050086,-18.028191135377188,-16.30599988635011,-15.775190867695931,-15.20432065869754,/b/src/336272252/17884162624340231082.mp4,-4.931015968322754,5.475104451727445,-17.36885254622219,-16.67435853637255,0.6944940098496382,-17.43888715096634,,0.0,transition,-16.914250023964755,2.1586560676450937,1.0721640436334277,8.94163486005089,0.0,0.017652671755725192,1.8177480916030535,0.000263372370957204,0.05531296640619944,0.233542339781904,0.2835239279874987,0.8,-13.22123415275837,0.0,-19.195277376067963,0.0,0.00010052784736060788,0.005174982283360809,ok,False,0.000263372370957204,0.0,0.0,0.0,0.0
,,20.0,-18.749274082844437,-15.665299949677825,-13.28890315787715,-6.737046638086994,-18.04581439388601,3.238044542083414,1.0318131495558465,-18.749274082844437,15.063450759750843,22.320505003433887,19.2409495171501,20.461138660286714,11.84002737123082,normal,15.133777342744514,transition,0.0,transition,5.5728125,3.75,-5.705233488531148,-16.73193730459654,0.0,0.00625,-0.8998947739601135,0.0,0.10062426655399825,0.16051314142678347,17884172525020372615.mp4,1.3138770892894698,unlabeled,0.5033566678690516,,normal,4.221312079222926,5.300000000000001,5.153420078524704,-15.833666937675357,-11.61235485845243,0,-28.32609888146767,-23.093160414377525,-17.97500225739525,-15.10922728782344,-13.42528428491375,-12.253392046318917,-10.817584905116385,/b/src/336272252/17884172525020372615.mp4,-0.20500676333904266,7.978969004346743,-17.278992635383453,-16.060649348464768,1.2183432869186852,-16.824993643493876,,0.0,transition,-15.338784106083557,4.8007248380928695,0.27368306528716174,13.102477477477478,0.25506756756756754,1.8885135135135136,6.225225225225225,0.00024941712449256034,0.11068053848217946,0.11108164007024188,0.21042175408559943,0.30000000000000004,-17.06988845242415,0.0,-18.179633276549946,0.0125,0.00017311986261148662,2.332263221410122e-06,ok,False,0.00024941712449256034,4.504504504504505,0.0,0.0,0.0
,,10.0,-3.9293845358954,1.3079671163732076,10.711400804485653,-6.6575731068343815,-21.72580278802291,2.309232268380926,-1.1228218650090396,-3.9293845358954,13.068875304714606,11.673339448570058,12.045533801418685,10.765744195818073,6.536447738800241,normal,12.808457494301855,transition,0.0,transition,19.017125,8.950000000000001,-7.780394971843421,-18.803407444577942,0.0,0.0,-10.02105712890625,0.0,0.004766209025987978,0.13266583229036294,17884315995501675185.mp4,2.9223953434449683,unlabeled,0.4445391603747717,,normal,5.445190460139788,0.7000000000000001,6.305391307604186,-22.06450474754184,-16.61931428740205,0,-90.0,-27.498956149074527,-22.714896757639973,-20.385247924772855,-18.81168407314093,-18.046870674328574,-16.452253624652315,/b/src/336272252/17884315995501675185.mp4,-8.833909034729004,6.900784265037169,-21.583282206702243,-18.77772607428544,2.805556132416804,-22.463909676044658,,0.0,transition,-21.64236652903086,3.423667761101561,0.8535861384238671,1.1973684210526314,0.0,0.0,0.0003289473684210526,0.0002450782640171394,0.2117907027156034,0.316592245509443,0.566059028010084,0.7000000000000001,-5.6852046573874,0.0,-22.925465021099523,0.0,1.4788142618561776e-05,0.06822637582856213,ok,False,0.0002450782640171394,0.0,0.0,0.0,0.0
,,30.0,-3.819196113820822,13.077401227307924,9.157240667071367,-2.1003430225399793,-25.86317652995024,1.6015810402429125,-6.64262457000334,-3.819196113820822,35.005947054899146,33.29513585145173,38.63732174966369,33.762283472634735,29.36020163331257,normal,13.14961573478513,transition,0.0,transition,20.572875,1.25,-8.74296759254332,-21.078140708501298,0.0,0.0,-9.17244815826416,0.0,0.011820173601977603,0.12171464330413016,17884288944450448401.mp4,4.785035821448943,unlabeled,0.383530154597445,,normal,2.7694937405347986,0.1,9.235918388912502,-20.98879929870256,-18.21930555816776,0,-26.448862659739245,-23.57119324302641,-21.226155128202958,-19.95982295537464,-19.292150518338463,-18.89945587220015,-18.319948030335958,/b/src/336272252/17884288944450448401.mp4,-8.02330207824707,3.309517947157673,-27.35425596367459,-20.885695542989186,6.468560420685403,-21.081810090946803,,0.0,transition,-21.1729178130322,2.374504050264142,2.0151727350882602,0.6120742092457421,0.0,0.0,0.0030413625304136255,0.00022349936098476793,0.273981882190308,0.273981882190308,0.7053669090184996,0.2,-1.845860770391026,0.0,-24.5631864199032,0.0,5.8046601920570605e-06,0.029513526540282983,ok,False,0.00022349936098476793,0.0,0.0,0.0,0.0
,,,6.445345952562825,1.5965506181265212,3.2625935684861265,-8.846137164947045,-20.531118759835657,1.4425607655347097,-4.4574923728312825,1.5965506181265212,14.832221851033676,11.405302721405345,15.727219562548619,10.9692164630424,14.220899611160497,normal,13.057781911468226,transition,0.0,transition,13.770875,6.7,-13.303629537778328,-18.220899380850163,0.0,0.0,-6.872607231140137,0.0,0.007743399118095897,0.06821026282853568,17884242310870710727.mp4,2.3102193789854937,unlabeled,0.43661047416654947,,normal,2.9555302000114096,2.1,5.338840790346936,-19.353894749689943,-16.398364549678533,0,-24.01883354602207,-22.149231093975956,-20.496701142302026,-19.334179223275775,-18.191245737335166,-17.847129837324015,-16.967629121318243,/b/src/336272252/17884242310870710727.mp4,-6.191494941711426,3.7297932381732863,-19.673438910151717,-17.321366443768795,2.3520724663829213,-19.372064607775027,,0.0,transition,-19.24927685317965,2.1387405909817603,1.0801774599157994,2.587045454545455,0.0,0.0,0.23431818181818181,0.00021714366278325584,0.12378778417120034,0.3072732250255089,0.3322211727457733,0.05,-11.772400659089657,0.0,-23.140356304919745,0.0,1.1757719000494753e-05,0.015738187084648674,ok,False,0.00021714366278325584,0.0,0.0,0.0,0.0
,,20.0,9.396501243089165,5.326249542815874,7.8267061391298896,-24.897295700425044,-28.61111266135528,2.014997905235738,0.5746725452759982,5.326249542815874,8.37486080839016,8.254555830044144,8.36675829854596,7.6759372997766455,4.300966852162691,normal,10.899702553466952,transition,0.0,transition,5.41025,2.8000000000000003,-24.322623155149046,-22.70416047959864,0.0,0.0,-10.454265594482422,0.0,0.0018444088569058857,0.013141426783479349,17884157769070428966.mp4,5.906952181756637,unlabeled,0.4988222289589032,,normal,4.688720130270937,2.6,7.473719308112479,-22.549075418332137,-17.8603552880612,0,-30.105314379710745,-29.193878639032548,-27.174933831888833,-23.018441401365614,-21.745206842025475,-21.364198189740065,-21.250348524379692,/b/src/336272252/17884157769070428966.mp4,-10.454265594482422,5.99353163762456,-25.083047854374406,-19.25138417489704,5.831663679477366,-23.347537338698586,,0.0,transition,-21.353968147949374,2.987435894302505,1.9772649157165494,0.0954861111111111,0.0,0.0,0.0,0.00020051915088661,0.4482056729644137,0.4482056729644137,0.17285033924252782,0.7000000000000001,-25.94018863121893,0.0,-28.42944322962886,0.0,6.173005927997473e-07,0.00045829279684739754,ok,False,0.00020051915088661,0.0,0.0,0.0,0.0
,,,-6.081063768453632,2.5325184600241215,3.26729209597061,-12.94463824109688,-21.07007912007611,1.6431140578969679,-6.516345219175074,-6.081063768453632,6.731038913128753,10.68573403196645,9.206470390837218,9.164465313713507,6.543486811230643,normal,11.196368116521239,transition,0.0,transition,15.02475,10.25,-19.460983460271954,-18.787154268684176,0.0,0.0,-7.264988422393799,0.0,0.002129900934200783,0.027534418022528158,17884418161500879596.mp4,2.2829248513919325,unlabeled,0.5509280913124867,,normal,7.416096721894416,4.0,8.783331860040313,-18.895243577652764,-11.479146855758348,0,-24.904018590840593,-22.89364540474241,-21.25159060870689,-19.579504508984503,-18.144356014455905,-16.504605180126457,-15.178485387620995,/b/src/336272252/17884418161500879596.mp4,-5.624720573425293,6.438618667672726,-18.171143781783844,-15.375074030931948,2.7960697508518955,-19.139478423149317,,0.0,transition,-16.82108868994653,2.4360809022380443,0.9371301459219165,10.528125000000001,0.0,0.00020833333333333335,1.9902083333333334,0.00017637876102294465,0.11922007787879146,0.2157546862383571,0.39838699480616646,0.35000000000000003,-15.967087761582722,0.0,-23.74269906439309,0.0,8.165043000660269e-06,0.001598360834232325,ok,False,0.00017637876102294465,0.0,0.0,0.0,0.0
,,10.0,5.094018268415858,3.9615639522788584,2.45882611824834,-10.911244584868268,-21.56753088473208,2.0020776574704016,-0.5531397068568396,2.45882611824834,15.090526449812398,19.857585140721294,14.277220552336978,16.676142446179686,10.725413545364383,normal,11.496128264644039,transition,0.0,transition,28.00325,20.150000000000002,-11.464384291725107,-19.16282327889707,0.0,0.0,-8.411588668823242,0.0,0.00891184112818195,0.11451814768460576,17884160903631158138.mp4,2.4047076058350108,unlabeled,0.578237192627318,,normal,6.765796784085518,11.700000000000001,7.320028860206985,-20.90910601366606,-14.143309229580543,0,-90.0,-25.749530970332646,-22.206154716435464,-19.520361125065456,-16.653668740004928,-15.724776762383073,-15.526909146052454,/b/src/336272252/17884160903631158138.mp4,-7.431960582733154,6.8049234161407774,-20.493856415229438,-18.584485262855264,1.9093711523741739,-21.531906262734164,,0.0,transition,-18.928088847377193,2.968280334965617,0.8101349382361709,4.908482142857143,0.0,0.0,0.13861607142857144,0.00017624829920347395,0.19069683040916754,0.19605378877757978,0.2535084798899582,0.0,-11.916064950607428,0.0,-20.299478234426818,0.0,5.7453490679981395e-05,0.030442869271055478,ok,False,0.00017624829920347395,0.0,0.0,0.0,0.0
,,,-0.13737584050707952,3.8845752209198423,2.0112004665129106,-14.261348731112564,-21.011638732802325,2.877710048402289,2.6809934156732975,-0.13737584050707952,15.011667885996271,15.70488691979612,12.170873145420197,11.841236833010473,7.8794411892193175,normal,10.732125140728918,transition,0.0,loud-start,9.497,1.5,-11.580355315439267,-19.320890989556105,0.0,0.0,-7.539450645446777,0.0,0.005904749575686189,0.08416770963704631,17884609469261289658.mp4,1.6907477432462201,unlabeled,0.5669011068122577,,normal,8.769324855935979,7.7,10.428489045800251,-19.501264065724254,-10.731939209788274,0,-24.991605307947037,-23.25995079395945,-20.8504071101964,-17.917864111776744,-16.360745636382383,-15.095948476410202,-14.244275669783406,/b/src/336272252/17884609469261289658.mp4,-5.416381359100342,7.500133694921658,-17.442429852791204,-18.72482063139223,-1.2823907786010267,-19.728974964354723,,0.0,loud-start,-16.14850649982926,4.266492917761234,0.3962851400052036,13.80489417989418,0.0,0.0006613756613756614,4.641534391534392,0.00017293857588413473,0.07277292795975807,0.3877716637979753,0.45799099027910534,0.9500000000000001,-16.048475672833682,0.0,-18.197716871015697,0.0,0.00017293857588413473,0.005398262709945278,ok,False,0.00011470150999792072,0.0,0.0,0.0,0.0
,,,8.068987616476505,4.121245953004546,5.472040075343803,-11.665233339718542,-23.19083128441176,1.5661730968630927,6.702064129811395,4.121245953004546,32.724304034183575,32.303531635584626,32.048732344761774,31.636794214551223,31.584244326770623,normal,11.242401477865371,transition,0.0,transition,13.1425,12.3,-4.9631692099071465,-19.957438021428302,0.0,0.0,-8.341413497924805,0.0,0.1025162359947415,0.1548811013767209,17884613943312557352.mp4,3.2333932629834585,unlabeled,0.523535179228975,,normal,1.610975452665084,0.1,5.376869488368619,-17.19952465343748,-15.588549200772395,0,-28.242393389112703,-26.74764864779999,-25.403207122387972,-23.08494649124438,-20.99741424713307,-19.791632602377817,-18.122310590898977,/b/src/336272252/17884613943312557352.mp4,-6.133868217468262,8.021970834800623,-17.13034687205011,-19.663482526120095,-2.5331356540699836,-17.2374182345537,,0.0,transition,-17.376269695333633,2.322008233409221,1.3924986210045098,2.9384541984732824,0.0,0.0,0.12118320610687024,0.00016563957149396115,0.1354372844695473,0.1354372844695473,0.31751175320852854,1.0,-18.983218434614486,0.0,-25.879236721453516,0.0,2.515063287214148e-06,0.0013031169110744169,ok,False,0.00016563957149396115,0.0,0.0,0.0,0.0
,,140.0,3.544974406769281,-4.166668650793744,2.7589820728724845,-8.692757086189943,-20.937432376730563,1.4408595237739092,1.8404089384059343,-4.166668650793744,8.26073863143337,20.833809914899067,24.566184023108974,13.460805658854238,11.516230585757743,normal,13.724740955532582,transition,0.0,transition,13.167125,11.4,-6.852348147784008,-18.793264267511454,0.0,0.0,-7.8133134841918945,0.0,0.03634995520278701,0.1386107634543179,17884417057200279540.mp4,2.144168109219109,unlabeled,0.5423291477026733,,normal,3.609907119799356,12.4,8.344914740978428,-19.93100835880503,-16.321101239005674,0,-27.385831924782806,-24.530853502342996,-21.557577951203722,-20.63256039770861,-18.92442482839821,-17.87095618778984,-17.16019150993329,/b/src/336272252/17884417057200279540.mp4,-6.655493259429932,5.378784445791538,-19.470544809399613,-19.26261083032057,0.2079339790790442,-19.81324708032696,,0.0,transition,-20.380234214962513,2.1362183299471975,1.0037214263918932,1.0705798479087454,0.0,0.0,0.050617870722433456,0.00016511344890612746,0.10296722245514617,0.21962278174240282,0.30252056175926906,0.0,-6.529218036372839,0.0,-20.9593980313804,0.0,4.0739790973212496e-05,0.02143597228442265,ok,False,0.00016511344890612746,0.0,0.0,0.0,0.0
,,,-1.3674563901703571,4.267949873649847,-1.3433553284895394,-4.2659594760250155,-19.149178370274,1.211803614376965,-2.145248655065563,-1.3674563901703571,8.439840812092982,9.105216580126157,7.633853506120726,8.907568637400239,5.456143918819514,normal,11.912055449079567,transition,0.0,transition,16.4861875,5.75,-6.411208131090579,-18.057698211084272,0.0,0.0,-8.589971542358398,0.0,0.05937206590430193,0.13391739674593242,17884165075040962267.mp4,1.0914801591897287,unlabeled,0.5554915125538981,,normal,3.945637340218287,2.2,4.410254966099103,-19.77477341406177,-15.829136073843483,0,-23.45199050292801,-21.04431340878494,-19.37137206310955,-17.899633050890536,-16.808812527705694,-16.40195989487802,-15.85012447533694,/b/src/336272252/17884165075040962267.mp4,-7.2435622215271,3.9182284465583894,-19.620676882979225,-18.89494356934401,0.7257333136352138,-19.784566183253148,,0.0,transition,-19.155617670606667,2.0,0.5457400795948644,2.7023176291793316,0.0,0.0,0.02127659574468085,0.00015417337659771218,0.14662943714781057,0.3497399219535456,0.37045045517617725,0.0,-6.11357052073941,0.0,-20.447271087437063,0.0,5.7006172300609865e-05,0.05690641249082207,ok,False,0.00015417337659771218,0.0,0.0,0.0,0.0
,,20.0,21.853669290037097,42.652602849933146,36.368888915924906,0.3162956480309964,-55.338228787677174,3.044200917185691,-6.957275739256655,21.853669290037097,38.00097986451876,33.48725764424973,38.8640002846252,37.165052044802266,18.527510830547484,normal,25.48213127345288,transition,0.0,transition,49.6426875,7.15,-6.640980091225659,-30.424234741712223,0.0,0.0,-15.953887939453125,0.0,0.015423459637346426,0.14236545682102628,17884276252830269019.mp4,24.91399404596495,unlabeled,0.5204237629875269,,normal,35.336655199732974,20.5,38.139269826119445,-58.98456958455827,-23.6479143848253,2,-64.36489097942062,-61.65220492900994,-56.81953626439801,-44.2180585738309,-33.02282793608516,-29.76061781194566,-25.07103791516653,/b/src/336272252/17884276252830269019.mp4,-12.251324653625488,34.67176977295577,-57.53645331577758,-30.738747996544408,26.79770531923317,-59.117324371164116,,0.0,transition,-37.73345592707837,4.5133322798195055,5.520088595595558,0.0,0.0,0.0,0.0,0.00014485786360432485,0.1955493143930199,0.24419150701277528,0.5773448763314613,0.55,-5.189000656964904,0.0,-32.442830268853214,0.0,7.314238464928795e-08,0.012045654127395368,ok,False,0.00014485786360432485,0.0,0.0,0.0,0.0
,,20.0,12.12750130301665,9.025457894610831,6.876221344024534,-11.836609223779945,-25.012400591407044,2.3753949293290315,-1.4669686353979614,6.876221344024534,31.237663122364964,37.99119251673731,39.97756666496275,37.14671927411409,33.47223439998125,normal,15.006233989045942,transition,0.0,transition,15.02475,10.25,-13.303577859177906,-21.240800524628433,0.0,0.0,-8.045957565307617,0.0,0.023371549737447483,0.08354192740926158,17884163014600592239.mp4,3.7716000667786105,unlabeled,0.46582820673315467,,normal,7.560877783222047,0.1,10.599667336521506,-23.63132974650577,-16.070451963283723,0,-28.765869016211273,-26.90725844977316,-24.54300906487948,-22.874635198074834,-20.764302827574134,-19.18426535701307,-17.882566813134776,/b/src/336272252/17884163014600592239.mp4,-7.2801642417907715,7.051291410202623,-24.007343735836216,-19.21508177317837,4.792261962657847,-23.974752421349464,,0.0,transition,-22.286398230836713,3.521760522223222,1.0709416619837824,1.2995833333333333,0.0,0.0,0.08083333333333333,0.00014451836615989602,0.23868659785557542,0.23868659785557542,0.3428180569393577,0.1,-9.967545650568944,0.0,-22.930679593004747,0.0,1.398451349773091e-05,0.0453857556079751,ok,False,0.00014451836615989602,0.0,0.0,0.0,0.0
,,50.0,5.480975036938227,-1.9089461220068298,5.768504700619926,-4.9418522293668925,-22.55785317054614,1.7282211704442396,3.1606818598801216,-1.9089461220068298,24.775980410169034,20.746985812194996,20.781335991287122,23.045960231380512,18.875950381787987,normal,12.3735141306001,transition,0.0,transition,15.0711875,12.25,-1.7811703694867709,-20.104912733708844,0.0,0.0,-11.334122657775879,0.0,0.020938897615579544,0.27440550688360454,17884412010630364408.mp4,2.452940436837295,unlabeled,0.5726394335838492,,normal,4.56751566881249,0.1,5.578523954226487,-22.458267506348243,-17.890751837535753,0,-26.352530064086135,-24.4054814972685,-22.756967580998385,-21.464150507488387,-20.39193973837263,-20.000281177130983,-19.46683744804416,/b/src/336272252/17884412010630364408.mp4,-9.887101173400879,3.7438625308880518,-21.86704900834664,-22.18134153359952,-0.3142925252528812,-22.519665548111067,,0.0,transition,-22.26061530400098,2.5622607073006294,0.9573344468219612,0.05606312292358804,0.0,0.0,0.0,0.00014177047903899802,0.26285942333782625,0.4160124284180385,0.5838687555810564,1.0,-3.1072285321103967,0.0,-21.86375128043575,0.0,2.666369144023421e-05,0.06242607469847262,ok,False,0.00014177047903899802,0.0,0.0,0.0,0.0
,,50.0,5.480975036938227,-1.9089461220068298,5.768504700619926,-4.9418522293668925,-22.55785317054614,1.7282211704442396,3.1606818598801216,-1.9089461220068298,24.775980410169034,20.746985812194996,20.781335991287122,23.045960231380512,18.875950381787987,normal,12.3735141306001,transition,0.0,transition,15.0711875,12.25,-1.7811703694867709,-20.104912733708844,0.0,0.0,-11.334122657775879,0.0,0.020938897615579544,0.27440550688360454,17884504721490137381.mp4,2.452940436837295,unlabeled,0.5726394335838492,,normal,4.56751566881249,0.1,5.578523954226487,-22.458267506348243,-17.890751837535753,0,-26.352530064086135,-24.4054814972685,-22.756967580998385,-21.464150507488387,-20.39193973837263,-20.000281177130983,-19.46683744804416,/b/src/336272252/17884504721490137381.mp4,-9.887101173400879,3.7438625308880518,-21.86704900834664,-22.18134153359952,-0.3142925252528812,-22.519665548111067,,0.0,transition,-22.26061530400098,2.5622607073006294,0.9573344468219612,0.05606312292358804,0.0,0.0,0.0,0.00014177047903899802,0.26285942333782625,0.4160124284180385,0.5838687555810564,1.0,-3.1072285321103967,0.0,-21.86375128043575,0.0,2.666369144023421e-05,0.06242607469847262,ok,False,0.00014177047903899802,0.0,0.0,0.0,0.0
,,20.0,-21.792020883315583,-7.405589727781749,-27.173157888706935,-15.807038485169308,-20.4087095290516,2.85641162925166,-7.4072424731241995,-27.173157888706935,60.45149490575437,71.72950496997522,71.54178267760713,72.41571381810098,36.686435444080786,normal,8.22455506470039,transition,0.0,transition,10.518625,5.300000000000001,-23.214280958293507,-18.880468216083074,0.0,0.0,-9.319690704345703,0.0,0.00030737679973534245,0.013141426783479349,17884413542630656506.mp4,1.5282413129685253,unlabeled,0.5930378852698379,,normal,4.692365353615235,0.1,66.50506113796357,-17.771266626022726,-13.07890127240749,1,-26.05104993554638,-22.801239338103635,-19.925725023846965,-18.46279924678639,-16.532533386154153,-15.689436720218154,-14.784985005058818,/b/src/336272252/17884413542630656506.mp4,-8.730514526367188,5.438698968086902,-17.882085211641723,-18.009856717841267,-0.1277715061995437,-17.80705724883182,,0.0,transition,-16.955069591067577,4.2349158815285115,0.36086698194745154,10.126190476190477,0.0,0.0,0.0020833333333333333,0.00013747415379835462,0.15799453864605575,0.3934617093535977,0.22265114663998203,0.15000000000000002,-13.538538253437384,0.0,-19.252122890970078,0.0,9.697716202688651e-05,0.0026476327964260653,ok,False,0.00013747415379835462,0.0,0.0,0.0,0.0
,,,13.163623733103723,-1.081841473432787,-0.8796492904182622,-12.252760773632891,-22.304774783225135,0.9669513840421331,3.6757006979414673,-1.081841473432787,12.786363607758538,11.022132983876226,10.82143134386255,9.515502492701991,8.479251462213114,normal,7.157808007832312,transition,0.0,transition,15.0465625,2.0,-8.577060075691424,-20.039659260334282,0.0,0.0,-11.001054763793945,0.0,0.013663768886881995,0.10513141426783479,17884651589300339483.mp4,2.265115522890852,unlabeled,0.44908148464597847,,normal,1.2711536768874687,0.1,6.6914798667331326,-17.873781480669123,-16.602627803781655,0,-23.64784018734591,-22.76469424931078,-21.625056497243015,-20.752905276105217,-20.114465077507035,-19.83309286011199,-19.431943264210133,/b/src/336272252/17884651589300339483.mp4,-10.959815979003906,2.5616411021158356,-21.15936212097386,-18.32732939859127,2.832032722382589,-17.81368069278208,,0.0,transition,-18.117623986836218,2.0,1.132557761445426,0.035416666666666666,0.0,0.0,0.0,0.00013076035629513725,0.23141036509855067,0.23141036509855067,0.4092178445617014,1.0,-12.462936350124401,0.0,-21.31419208485029,0.0,3.1481540792861236e-05,0.0057086311932821815,ok,False,0.00013076035629513725,0.0,0.0,0.0,0.0
,,20.0,13.453810356142661,11.061192766028626,8.284691291289427,-19.043504491817103,-25.22260970568267,4.300879446414964,-0.16646334209531588,8.284691291289427,23.112574180302495,19.66897755096847,27.413101367189935,25.418464075881054,17.35158772308039,normal,11.837960047747629,transition,0.0,transition,7.94125,7.15,-19.20996783391242,-21.525956738399046,0.0,0.0,-9.822002410888672,0.0,5.453090659981778e-05,0.0344180225281602,17884291189800574651.mp4,3.696652967283626,unlabeled,0.5453800517118768,,normal,9.324085151934236,0.4,12.378721005660474,-22.39538407241109,-13.071298920476854,1,-42.72816340244862,-33.76216776735359,-25.59283993244169,-21.286020046309517,-19.523639450160875,-19.214564700013902,-17.91826165446368,/b/src/336272252/17884291189800574651.mp4,-7.706011772155762,8.85736824453377,-21.02723008042202,-20.008685048168807,1.0185450322532112,-21.939175859489588,,0.0,transition,-19.54397181990339,6.376483867254825,0.5797321916341792,3.2539556962025316,0.0,0.0,0.0569620253164557,0.00012964308271287434,0.252513659842973,0.252513659842973,0.36716980585041914,0.25,-15.807615586375261,0.0,-27.412378940071434,0.0,1.0829443689419665e-06,9.56130409591074e-05,ok,False,0.00012964308271287434,0.0,0.0,0.0,0.0
,,30.0,8.366373643166277,3.7691692733921762,5.4001354183221695,-11.004721038437783,-23.346943958670558,2.5425349700834126,3.550629677506665,3.7691692733921762,64.01377151689908,29.910194926002163,45.23525349604623,57.71415069181451,17.787999953506414,normal,9.565250501466235,transition,0.0,transition,14.9536875,9.1,-7.454091360931118,-20.469216804558112,0.0,0.0,-11.730752944946289,0.0,0.01768988781395016,0.13078848560700876,17884161682060097824.mp4,2.8777271541124456,unlabeled,0.5608705994742191,,normal,5.430163188185237,0.1,35.08135989146758,-22.018751805123273,-16.588588616938036,1,-31.938258503090378,-26.176628340632096,-23.622933691125144,-21.525303732096337,-19.755145280194263,-19.109079809959134,-18.690786704067758,/b/src/336272252/17884161682060097824.mp4,-11.52925968170166,5.0256585771403515,-22.438064502346315,-20.263543553899545,2.1745209484467694,-22.256684133316234,,0.0,transition,-21.094510183167895,3.7695623466456674,0.7634114757839677,0.007525083612040134,0.0,0.0,0.0,0.00011989660025947729,0.1138265096956762,0.4290496544826419,0.46047700997362206,0.9500000000000001,-19.069721616097745,0.0,-30.170464706151282,0.0,2.384433581261449e-07,0.004135053805950464,ok,False,0.00011989660025947729,0.0,0.0,0.0,0.0
,,20.0,1.1694999819624607,6.439480480750875,4.758028615972872,-3.0488374349092306,-20.179427298246264,1.524753938024297,-0.5960950850364646,1.1694999819624607,6.903932225186235,12.066714726958427,9.286377553536788,9.369913581144075,7.427494515120458,normal,11.096728790986525,transition,0.0,transition,11.820375,4.25,-3.6449325199456952,-19.038554365779305,0.0,0.0,-9.373856544494629,0.0,0.09226741763626549,0.2002503128911139,17884259410651403029.mp4,1.1408729324669586,unlabeled,0.4878494755987741,,normal,6.934203727390573,7.4,10.04989104744825,-20.081398321449484,-13.147194594058911,0,-26.729536022398527,-24.26055602826711,-21.746247144614465,-19.369773266181923,-17.519657066336034,-16.573292902449715,-15.174075198350778,/b/src/336272252/17884259410651403029.mp4,-7.096538543701172,6.896101483120146,-19.860156938317317,-20.159705056777458,-0.29954811846014096,-20.776369584992885,,0.0,transition,-18.193267334687697,2.2606001885148226,0.5046770049225261,3.7134533898305087,0.0,0.0,0.019332627118644065,0.00011608537084580301,0.17404697767514338,0.1826926176066491,0.35500336905297475,0.7000000000000001,-0.7665344548036546,0.0,-19.87881116848252,0.0,8.199988439786493e-05,0.1734755007771597,ok,False,0.00011608537084580301,0.0,0.0,0.0,0.0
,,,1.1570441981131037,7.596209789013042,8.380042509428577,-8.80541805592051,-23.202832630737824,1.2221440152678387,0.2583736507876999,1.1570441981131037,38.460361602164525,42.4067851555856,43.09384098964737,39.684071728470585,33.9438264644715,normal,15.217239767762813,transition,0.0,transition,19.319,5.1000000000000005,-8.54704440513281,-20.648518546371236,0.0,0.0,-7.080343246459961,0.0,0.018960152560024437,0.10481852315394243,17884285397460339777.mp4,2.554314084366588,unlabeled,0.5779415204685027,,normal,4.072355317440177,0.1,21.210725448290095,-22.316967189096196,-18.24461187165602,1,-29.68881397153531,-26.10643269926888,-24.08409807459384,-22.677913691104624,-21.07772786988632,-20.375759920088136,-19.632472232963693,/b/src/336272252/17884285397460339777.mp4,-7.004762172698975,6.984074631151966,-21.663021377563325,-19.488965502605517,2.1740558749578085,-22.28950548226902,,0.0,transition,-22.222001940461787,2.0,1.277157042183294,0.0547279792746114,0.0,0.0,0.005343264248704663,0.00011219695841089882,0.20179378207163515,0.20179378207163515,0.2853572384934842,0.65,-12.599593887556157,0.0,-23.316233436718868,0.0,1.0890590783970295e-05,0.029317338492808737,ok,False,0.00011219695841089882,0.0,0.0,0.0,0.0
,,40.0,6.76056194499882,3.309110651406188,5.348836596026233,-16.078663915238053,-20.914102743477837,1.8249940607636503,8.882262798412258,3.309110651406188,7.195447728314157,9.821925542596102,6.650192734982262,6.987851624723582,6.341094456421093,normal,8.285373104468896,transition,0.0,transition,10.05425,3.4000000000000004,-7.196401116825795,-19.37804382659453,0.0,0.0,-8.967916488647461,0.0,0.04229333507795603,0.1132665832290363,17884507878710052523.mp4,1.5360589168833059,unlabeled,0.5591608236681472,,normal,2.126472841378291,0.9,6.653096089732378,-16.576252303310707,-14.449779461932415,0,-24.05197955179724,-22.457020088488154,-20.678462896871796,-19.390261931992054,-17.935598388932096,-17.157982104812913,-16.672871592138712,/b/src/336272252/17884507878710052523.mp4,-8.349967002868652,4.137244223463441,-16.15379030464249,-17.31287448457364,-1.159084179931149,-16.528682150893207,,0.0,transition,-16.635340107337548,2.7057361944881877,0.5677046121541292,7.505597014925374,0.0,0.0,0.003420398009950249,0.00011128778886378866,0.12120909661826132,0.14424493374885905,0.24052952893862073,0.0,-2.566617639325351,0.0,-21.10109712721868,0.0,4.176664981526647e-05,0.24284129655225128,ok,False,0.00011128778886378866,0.0,0.0,0.0,0.0
,,,17.757896577159432,-3.1258021304624135,4.51759003231985,-12.721894569405263,-25.77071914537042,1.2938290642542167,3.1393128002193347,-3.1258021304624135,6.4685265992992385,6.816392793758169,6.94877011557832,5.27569799295383,3.9787924865785698,normal,13.910871667367694,transition,0.0,transition,14.998625,8.950000000000001,-9.582581769185929,-21.74634251758232,0.0,0.0,-9.39229965209961,0.0,0.021846405567934428,0.10732165206508135,17884165680412689201.mp4,4.024376627788101,unlabeled,0.37877171582235825,,normal,3.6532621425569154,0.1,4.374245432516215,-23.68881925844714,-20.035557115890224,0,-27.206520338369344,-25.850972469586353,-24.46243974190162,-22.913172364681696,-21.58881335241176,-21.215221917929664,-20.101833207034975,/b/src/336272252/17884165680412689201.mp4,-9.39229965209961,5.225571542730361,-24.86540837785072,-21.80119173919151,3.064216638659211,-23.6547120041533,,0.0,transition,-23.303171319467303,2.0,2.0121883138940504,0.07107023411371238,0.0,0.0,0.0,0.00010821688210265495,0.06798155293725022,0.2421023426188318,0.4517642019252989,0.9,-8.785399974259018,0.0,-22.79377741660861,0.0,1.5040487949377235e-05,0.03845922825460524,ok,False,0.00010821688210265495,0.0,0.0,0.0,0.0
,,,6.234683495665515,1.6303023573540418,4.055118129357988,-6.517351029791101,-23.001753112408004,1.238494658490005,-2.0377924393432174,1.6303023573540418,27.452471326377555,25.77130623859631,25.642796955053058,28.783356264622874,24.46733526447622,normal,12.388239366198675,transition,0.0,transition,15.0233125,11.200000000000001,-8.555143469134318,-20.433888825915744,0.0,0.0,-10.932344436645508,0.0,0.034455990262693845,0.10106382978723405,17884613942551404080.mp4,2.5678642864922594,unlabeled,0.47482572144741253,,normal,7.731046550551909,10.700000000000001,7.390758717917656,-23.191949977176222,-15.460903426624313,0,-26.76817318194383,-24.96301993481041,-23.295613189368666,-21.70438863543253,-20.455739202817277,-19.58163265088033,-18.226895914651184,/b/src/336272252/17884613942551404080.mp4,-9.568048477172852,5.239049102314276,-23.289859242120936,-19.80772132726201,3.482137914858928,-23.33929866766428,,0.0,transition,-21.956287843371527,2.0,1.2839321432461297,0.07583333333333334,0.0,0.0,0.0,0.0001065975274606992,0.0877195700428728,0.1501207921177529,0.3651180845554826,0.4,-5.320599310475332,0.0,-23.90772007161396,0.0,8.230942539028524e-06,0.03021186106203537,ok,False,0.0001065975274606992,0.0,0.0,0.0,0.0
,,,2.951182971553097,4.595032357529675,-3.0421557355599527,-8.55511707265686,-24.002405059822582,1.3333746514058618,1.1363136956971376,-3.0421557355599527,6.397891822379854,11.943185235357525,8.585052894756664,11.32869885240547,7.228984593240526,normal,13.434756116051759,transition,0.0,transition,11.517125,2.35,-7.418803376959722,-21.23290707413564,0.0,0.0,-8.56322193145752,0.0,0.03966333671255607,0.1376720901126408,17884163864320716232.mp4,2.769497985686943,unlabeled,0.39403412141399063,,normal,4.696242918743149,0.1,9.190693576918019,-22.513940834699298,-17.81769791595615,0,-27.667879852029508,-25.29550021617309,-23.557286274049268,-21.588642824604122,-19.71156419346453,-19.1892769162758,-18.571294056676503,/b/src/336272252/17884163864320716232.mp4,-8.491138458251953,5.601390374684989,-23.467023514295438,-21.364473378368046,2.102550135927391,-23.04106610637393,,0.0,transition,-21.92589457430371,2.0,1.3847489928434715,0.9016304347826086,0.0,0.0,0.0019021739130434781,0.00010623621063331315,0.2620798937222603,0.2620798937222603,0.44138058627257837,0.05,-12.5289407117242,0.0,-22.22523803176952,0.0,1.8966417802014022e-05,0.001992804631081072,ok,False,0.00010623621063331315,0.0,0.0,0.0,0.0
,,50.0,7.585616012293734,27.71701626609731,15.655305837600691,-0.10765618485801237,-42.20619194521975,9.54917770522939,-2.918561345003216,7.585616012293734,35.065092583716435,9.250210378561604,15.87373407103189,21.932971779569712,9.23562281517097,normal,14.110793083603838,transition,0.0,transition,6.478375,2.0500000000000003,-3.0262175298612286,-28.915669200354934,0.0,0.0,-17.75029754638672,0.0,0.010189395699595701,0.21589486858573215,17884611054021485514.mp4,13.290522744864816,unlabeled,0.4732560686419989,,normal,4.799378927373535,1.1,13.891934333044297,-30.503139742766546,-25.70376081539301,1,-52.433136050903414,-34.15384717887059,-29.874749761625278,-27.122426119579043,-25.407341749088012,-25.115484332207767,-24.253724701273157,/b/src/336272252/17884611054021485514.mp4,-16.279617309570312,5.6434212707931195,-44.99126013688233,-30.55592683625313,14.435333300629203,-30.915378884939727,,0.0,transition,-30.39041039317415,14.157610865773092,0.9387546296384995,0.0,0.0,0.0,0.0,0.00010605427521350713,0.13207445935382398,0.173703060931845,0.5610350627101117,1.0,1.6471163944160274,0.0,-39.19104678552784,0.0,1.899246581226932e-09,0.040055518598793596,ok,False,0.00010605427521350713,0.0,0.0,0.0,0.0
,,,5.98364507469368,-4.8166985240255205,0.41104418182649205,-4.329160083600671,-19.90429378551614,1.233627658682698,-1.6999957143046363,-4.8166985240255205,4.973785465384459,6.600750207439859,4.792904852999914,6.819586505693497,3.845108533130002,normal,13.601789023959952,transition,0.0,transition,10.0078125,7.4,-6.029155797905307,-18.914947520803114,0.0,0.0,-6.6278977394104,0.0,0.15018230952335618,0.16270337922403003,17884164191550567351.mp4,0.9893462647130242,unlabeled,0.5055915430352431,,normal,4.206772191870735,4.1000000000000005,4.681814347965021,-18.94270919172552,-14.735936999854784,0,-22.77179245917133,-21.14781547048231,-19.735572150060445,-18.675640481529136,-17.27205634856616,-16.673407820763778,-16.12687654133018,/b/src/336272252/17884164191550567351.mp4,-4.708650588989258,3.9010010783673277,-19.332912725324096,-18.521793953184222,0.8111187721398743,-19.21446943367009,,0.0,transition,-18.31043961294921,2.0,0.4946731323565121,5.0584375,0.0,0.0090625,0.7353125,0.00010300279990881207,0.06864672525043111,0.2914065066150952,0.19396408207956578,0.0,-5.947062753815883,0.0,-19.530373695048148,0.0,9.737054871675516e-05,0.11889166770271728,ok,False,0.00010300279990881207,0.0,0.0,0.0,0.0
,,,-0.8375213507374593,2.579184473506089,3.0557865461501943,-5.387525874030507,-21.28776400794562,1.298471453790139,3.2259541913181695,-0.8375213507374593,6.121954343110268,6.313412142675354,4.854625146481212,5.909698963365059,3.6202603484667577,normal,11.812333165377535,transition,0.0,transition,14.9783125,6.800000000000001,-2.1615716827123372,-19.751636937792128,0.0,0.0,-10.45060920715332,0.0,0.2118870285866259,0.2525031289111389,17884179082240219655.mp4,1.5361270701534906,unlabeled,0.48749655059739566,,normal,1.684085591029607,0.1,2.515942712052233,-20.605672386020856,-18.92158679499125,0,-24.416583712495203,-23.237687816260774,-20.85172198934376,-19.828484122620253,-19.110830425015813,-18.846003360650464,-18.54450867317013,/b/src/336272252/17884179082240219655.mp4,-8.974783897399902,2.506743358327192,-20.969166762111087,-21.07178202499904,-0.10261526288795508,-20.70981189547979,,0.0,transition,-20.787117062777437,2.0,0.7680635350767453,0.19377090301003344,0.0,0.0,0.00020903010033444816,9.675455566766091e-05,0.11104121107077002,0.11560253014263602,0.35170794579525366,0.9,-4.612136298321599,0.0,-20.011448490197907,0.0,7.467559990012495e-05,0.08863842969603701,ok,False,9.675455566766091e-05,0.0,0.0,0.0,0.0
,,,3.7619637536134647,-0.456150541082323,2.996427685797171,-8.481137187090035,-21.332512625872912,0.42054882153233564,2.002908831819827,-0.456150541082323,5.918081875662615,6.137622459959754,6.252359032562698,6.267141327691814,6.1786586544542565,normal,12.296944554911601,transition,0.0,transition,12.74775,8.6,-6.478228355270208,-19.799504263861277,0.0,0.0,-8.414668083190918,0.0,0.052825483497431484,0.14173967459324155,17884308295610242346.mp4,1.5330083620116355,unlabeled,0.3167235143166764,,normal,2.0805594713539044,3.3000000000000003,4.8602364782614345,-20.45072637989172,-18.370166908537815,0,-23.52831451628254,-21.582901210934555,-20.911963804340576,-20.210718228232082,-19.797973099448264,-19.53562020877623,-19.26117506333466,/b/src/336272252/17884308295610242346.mp4,-8.323171615600586,1.9040983733670664,-20.57214357050973,-19.38698402015219,1.1851595503575396,-20.453965039375475,,0.0,transition,-20.620116170512187,2.0,0.7665041810058177,0.6978346456692913,0.0,0.0,0.004183070866141732,9.313482042379015e-05,0.0887069207651242,0.11635922177375148,0.2517049345784992,0.15000000000000002,-8.70297074765094,0.0,-21.386213127232036,0.0,3.1958234461584345e-05,0.025731326545815433,ok,False,9.313482042379015e-05,0.0,0.0,0.0,0.0
,,30.0,11.243545863796323,9.297461313296102,4.180707492028124,-7.061501024704031,-28.30504222794798,5.116305670625993,4.2801099844574555,4.180707492028124,17.727241693919385,18.78719481996618,18.276715127089826,17.693350293875575,15.576964833470711,normal,14.417671173412455,transition,0.0,transition,12.9349375,11.100000000000001,-2.781391040246575,-23.63408785172507,0.0,0.0,-14.845130920410156,0.0,0.0034691884308384064,0.22590738423028786,17884259410962227413.mp4,4.670954376222909,unlabeled,0.5604046776534228,,normal,5.206439141778933,0.7000000000000001,7.940903820123282,-26.94766551760226,-21.741226375823327,0,-36.37939758211091,-32.37419382774692,-27.278291870190778,-24.44463918551916,-22.80695251847088,-22.173830114628906,-21.6173799892588,/b/src/336272252/17884259410962227413.mp4,-12.337392807006836,6.604038034353135,-28.72823731614178,-24.664979632833457,4.063257683308322,-27.692482469951745,,0.0,transition,-26.75506398041929,7.5854347872700965,0.6157793860493957,0.0,0.0,0.0,0.0,8.72148271468173e-05,0.2778623594279691,0.33472418842989565,0.5879226876180245,0.55,-9.40350943921672,0.0,-23.37970251873719,0.0,1.0208715046863232e-05,0.0008419285517224156,ok,False,8.72148271468173e-05,0.0,0.0,0.0,0.0
,,30.0,4.37246877633021,0.35771986804860534,0.0673029099770257,-6.7742933706877135,-28.20501381784333,3.345308244965281,1.571139580905431,0.0673029099770257,15.735802471007563,17.649449762869352,14.937646914075046,17.978306785952597,12.21363659820517,normal,13.476894534882863,transition,0.0,transition,15.185875,1.6500000000000001,-5.203153789782283,-23.424186811621567,0.0,0.0,-10.660706520080566,0.0,0.0945911035966078,0.18241551939924905,17884507104490693953.mp4,4.780827006221763,unlabeled,0.4988540017578871,,normal,5.027511485133999,1.7000000000000002,7.9254909667719815,-24.47331993983846,-19.445808454704462,0,-30.517386539334204,-27.080383593675172,-24.81367433527797,-23.411120877345738,-21.7042731754194,-20.743296947705833,-20.173317328713978,/b/src/336272252/17884507104490693953.mp4,-9.983613967895508,4.949936252638814,-28.661733193710695,-23.64094679672609,5.0207863969846045,-24.54233540103106,,0.0,transition,-23.46050850277837,4.959754003985526,0.9639242193020093,0.02145214521452145,0.0,0.0,0.0,8.665539299596985e-05,0.18528403427742027,0.34389316211637166,0.5756890502208244,0.8,-6.7606563268741064,0.0,-27.606561181723794,0.0,1.0674844735682044e-06,0.03044379628115361,ok,False,8.665539299596985e-05,0.0,0.0,0.0,0.0
,,,-7.939926976282905,4.392893059195245,-2.9879523914348396,-11.061889796177168,-25.39785170866707,1.789070048590057,-9.66593351120286,-7.939926976282905,68.02395689847987,55.53851357582774,61.79191621269809,62.81260629734748,30.518113128753107,normal,14.628719243490348,transition,0.0,transition,12.0511875,3.1500000000000004,-20.727823307380028,-22.02836806135153,0.0,0.0,-11.717756271362305,0.0,0.0013732424833400895,0.022841051314142678,17884651591001306878.mp4,3.3694836473155405,unlabeled,0.4144580357832166,,normal,4.910379906100097,0.1,59.389033149289105,-23.462713486603235,-18.552333580503138,1,-27.09040553669608,-25.649373339026084,-24.46472846331887,-22.794123029635482,-21.554281292729925,-20.788364401970373,-19.485289457890573,/b/src/336272252/17884651591001306878.mp4,-8.225364685058594,6.135082772135441,-24.922654504040516,-20.16711902435661,4.755535479683907,-23.367840071765812,,0.0,transition,-22.854083928548942,2.6524752540396186,1.2703167134863729,0.12422199170124482,0.0,0.0,0.0033713692946058093,8.270875606392758e-05,0.12511120836148906,0.15901268611772443,0.5423376436177519,1.0,-5.216888131143304,0.0,-25.644349116447884,0.0,3.2909203780815156e-06,0.05758372996672505,ok,False,8.270875606392758e-05,0.0,0.0,0.0,0.0
,,20.0,32.20278495298068,-22.089529332502323,22.390762118046727,-13.90496057642598,-28.805575829675192,5.3478215605049435,6.598975894901061,-22.089529332502323,48.72323728996267,44.46243675919527,48.5490742293422,47.43520552431502,26.119729868306912,normal,17.36544258972447,transition,0.0,transition,6.3158125,4.05,-7.305984681524919,-23.603942458424733,0.0,0.0,-11.758803367614746,0.0,0.011781596765009183,0.10262828535669587,17884611053540976741.mp4,5.201633371250459,unlabeled,0.5375701676758625,,normal,5.618019026860139,0.1,33.67162015950541,-26.10416167238541,-20.48614264552527,1,-56.10471265464227,-35.853505022281524,-28.43742304704636,-23.130140289168573,-21.165872087403017,-20.381559791416628,-19.526441251184025,/b/src/336272252/17884611053540976741.mp4,-7.995397567749023,10.217872132486445,-28.240969732773934,-23.797851190923122,4.4431185418508115,-28.06496389949443,,0.0,transition,-25.360840157473493,7.928680245604629,0.6560528625346008,0.0753968253968254,0.0,0.0,0.007936507936507936,8.267027857715075e-05,0.0740736366898515,0.3908490033053522,0.5732809742018731,0.8500000000000001,-5.038389827971671,0.0,-23.167997484348817,0.0,1.2425866543299278e-05,0.03246382011918669,ok,False,8.267027857715075e-05,0.0,0.0,0.0,0.0
,,260.0,5.485966133132111,2.8624397933943584,2.2121738922482765,-5.024333199976401,-27.50890573218527,4.041251554069195,0.8648065295366427,2.2121738922482765,39.92743226361866,33.39030459052684,40.36557132666468,41.34831276039374,28.7365717363962,normal,15.232345062822343,transition,0.0,transition,5.9689375,4.2,-4.159526670439758,-23.146389883633134,0.0,0.0,-7.071888446807861,0.0,0.09393207802413361,0.1983729662077597,17884167349770499808.mp4,4.362515848552135,unlabeled,0.6922988932410125,,normal,9.226176129313966,3.9000000000000004,13.1017570785693,-24.53497496944184,-15.308798840127874,1,-34.344777717524934,-31.152404493801868,-26.501210909042417,-23.2691649076692,-20.252005008184646,-19.48333551006031,-17.114679926433663,/b/src/336272252/17884167349770499808.mp4,-6.249774932861328,10.68921830190551,-25.39413027978543,-23.76176524820181,1.6323650315836176,-24.2415632817907,,0.0,transition,-21.48211999568367,5.991559554062988,0.7281102372743391,2.720063025210084,0.0,0.0,0.15703781512605042,7.900630616414651e-05,0.1425566592050884,0.25418361807268225,0.3674278485434817,0.25,-5.194786001942209,0.0,-24.342269447019277,0.0,6.750593625416639e-06,0.05977093211223835,ok,False,7.900630616414651e-05,0.0,0.0,0.0,0.0
,,,0.08243635202661181,1.5202663160758583,3.221315257874564,-12.766755487757354,-21.87772319122385,1.4566197596303994,3.3938918251251273,0.08243635202661181,12.623488557525214,15.656466766608556,11.891460906369147,10.099752288677614,8.105856539262273,normal,11.72032978485792,transition,0.0,transition,8.6624375,1.6,-9.372863662632227,-20.488235523153698,0.0,0.0,-7.822103977203369,0.0,0.035608469032430014,0.11138923654568211,17884569447851071429.mp4,1.389487668070153,unlabeled,0.4951163465531619,,normal,3.3722721847397317,5.7,8.00743601759046,-19.40200106117404,-16.02972887643431,0,-25.518647693858327,-24.232061733836822,-22.52567648625875,-20.71709137750499,-19.079982291800597,-18.572986126940176,-17.173242432944075,/b/src/336272252/17884569447851071429.mp4,-7.822103977203369,6.48939626785879,-19.250527799761745,-19.12270337518092,0.127824424580826,-19.523765443902953,,0.0,transition,-19.54243376206129,2.15958445562803,0.6434051071487616,1.963150289017341,0.0,0.0,0.0148121387283237,7.364642172858941e-05,0.1435285634356059,0.3007027904728502,0.2518745847455566,0.7000000000000001,-10.598960137885676,0.0,-21.056452477609216,0.0,3.732605234335812e-05,0.017751933727522175,ok,False,7.364642172858941e-05,0.0,0.0,0.0,0.0
,,60.0,6.797719857091045,0.07863096865036567,-1.2792127746487378,-9.058861439870977,-23.42980845864504,1.5474535999431094,2.457988488808878,-1.2792127746487378,34.184565815722465,35.278255768394786,31.499773539872407,33.93420309049141,33.821538324030975,normal,13.307479453856505,transition,0.0,transition,9.7305625,4.5,-6.600872951062099,-21.348686924368877,0.0,0.0,-7.087529182434082,0.0,0.08714223349283638,0.15707133917396746,17884160951810641158.mp4,2.081121534276164,unlabeled,0.5069384273858617,,normal,5.344264764940013,0.1,10.31278570181965,-21.196398998080895,-15.852134233140882,0,-26.4197905806121,-24.977267927496435,-23.310983042557694,-21.908551865972676,-20.605752560355423,-20.081334455451987,-19.199910741200366,/b/src/336272252/17884160951810641158.mp4,-6.478829383850098,5.817756723932288,-22.131162168648206,-20.412785027084904,1.7183771415633018,-21.670598790066848,,0.0,transition,-19.786308837706603,2.294254707275654,0.9071013465402985,2.3469716494845363,0.0,0.0,0.14143041237113402,6.463652496685866e-05,0.07342750296630608,0.29935915268996494,0.21787569772911827,0.55,-7.856298908463674,0.0,-23.096302053174934,0.0,1.3485176687845104e-05,0.09692356700028631,ok,False,6.463652496685866e-05,0.0,0.0,0.0,0.0
,,,-7.179710785888865,0.31363481183815267,-9.71555714352924,-15.51368032071501,-25.893005075909826,1.0860975846520535,5.465970256076137,-9.71555714352924,17.77748136377184,24.344660657557316,21.506859446143963,21.985830217550635,22.836812486711608,normal,8.33034525310999,transition,0.0,transition,14.767875,7.9,-10.047710064638872,-22.63743261610731,0.0,0.0,-14.269095420837402,0.0,0.004078162557941969,0.09355444305381727,17884192033100211375.mp4,3.255572459802515,unlabeled,0.5472563749492368,,normal,6.606373396061926,3.5,7.967532847343929,-23.590630433488432,-16.984257037426506,0,-31.481267388601832,-29.299805147690048,-27.544027598948844,-25.93411398994922,-24.832655752504934,-23.99865240709697,-21.649433164083877,/b/src/336272252/17884192033100211375.mp4,-12.764673233032227,6.801256474212984,-21.119537632911392,-21.010218504774585,0.10931912813680711,-24.091318525332973,,0.0,transition,-21.095018486142216,2.0,1.6277862299012575,0.0,0.0,0.0,0.0,5.977798327234515e-05,0.03734217104891503,0.32078846339698647,0.5862740029517207,0.1,-13.840571013477756,0.0,-29.650193581252495,0.0,3.1829439251084904e-07,0.0019883599710307865,ok,False,5.977798327234515e-05,0.0,0.0,0.0,0.0
,,,6.670450152777679,0.3052363959129103,4.892261765457486,-14.06645857908379,-21.92819043871157,1.359213118900552,0.3871883804521552,0.3052363959129103,61.34430125338143,58.48933224239292,60.647223132629414,59.09205437745237,31.88758543243477,normal,17.58358193124638,transition,0.0,transition,13.4908125,5.3500000000000005,-13.679270198631635,-20.810841088003823,0.0,0.0,-3.508183479309082,0.0,0.012101488000044442,0.054130162703379225,17884571500321095527.mp4,1.117349350707748,unlabeled,0.49520618694275886,,normal,7.735296082520451,0.1,53.54165042518957,-22.531085813362523,-14.795789730842072,1,-90.0,-90.0,-23.222855497443128,-21.365125697059934,-19.658990644942577,-14.734226857529952,-13.70081551607988,/b/src/336272252/17884571500321095527.mp4,-3.1671509742736816,9.570897993251322,-21.395355292663943,-20.417642437017882,0.977712855646061,-22.4102799613733,,0.0,transition,-20.75073290552006,2.015169370081958,0.5544692010986177,1.8359665427509293,0.0,0.4881505576208179,1.0692379182156133,5.903887834765935e-05,0.13201805128184171,0.3148145554531112,0.383463505190645,0.9,-17.242787272687302,0.0,-22.531670489250523,0.0,1.5920897371468268e-05,0.0036318918196933166,ok,False,5.903887834765935e-05,0.0,0.0,0.0,0.0
,,,-1.6828542075885053,0.9255397801059715,-0.18189459900938543,-7.61797702948323,-21.530783729773322,0.5601347252162157,-0.516886033083992,-1.6828542075885053,9.118479677157971,10.042251209222837,8.742136252073948,10.157718452302593,5.726696616718613,normal,11.368766450004955,transition,0.0,transition,15.02475,9.15,-8.134863062567222,-20.567567164113132,0.0,0.0,-10.035272598266602,0.0,0.0746636120279876,0.10043804755944931,17884279324021642711.mp4,0.9632165656601899,unlabeled,0.46129673548182715,,normal,2.5439170904410062,1.7000000000000002,3.746581666544042,-21.066884640718662,-18.522967550277656,0,-23.211416562247656,-22.59840094986945,-21.877146900337923,-21.34658730721152,-20.764505170134733,-20.470728766080075,-19.47331617566573,/b/src/336272252/17884279324021642711.mp4,-9.593985557556152,2.6207990657025917,-20.692109459633308,-19.966499702397076,0.7256097572362314,-21.1012930017065,,0.0,transition,-20.962752007561107,2.0,0.48160828283009494,0.13520833333333335,0.0,0.0,0.0,5.742323234665235e-05,0.0669670082324032,0.1908062787385876,0.3206758425135949,0.6000000000000001,-7.756323268670198,0.0,-21.239326753991126,0.0,3.5057359382385735e-05,0.028716459093355802,ok,False,5.742323234665235e-05,0.0,0.0,0.0,0.0
,,170.0,1.7184509721649057,3.650910625935179,3.3781508928098862,-10.80620081026132,-23.18933988464381,1.6895162389640532,-0.7792867680330495,1.7184509721649057,68.23615490779453,66.8504076968996,65.38827042978947,66.04189003857246,35.577136744978695,normal,10.436107173040948,transition,0.0,transition,8.151625,6.3500000000000005,-11.58548757829437,-21.469421294161762,0.0,0.0,-11.185869216918945,0.0,0.0011586145200660955,0.07697121401752191,17884196171540548153.mp4,1.7199185904820489,unlabeled,0.5177904130417367,,normal,3.5125377688155908,0.1,59.99801606434309,-21.330992988000652,-17.81845521918506,1,-27.383481071083626,-24.628430562456238,-22.64957987890385,-21.55036151562048,-20.750825450546063,-20.116353160375258,-18.83178100920934,/b/src/336272252/17884196171540548153.mp4,-10.896194458007812,4.204197247237158,-21.74144098302592,-20.686316493436536,1.0551244895893852,-21.213019446070277,,0.0,transition,-21.33230163104876,2.504876775888105,0.6866280237966002,0.17177914110429449,0.0,0.0,0.0,5.45062806563709e-05,0.06923098031662472,0.15996541331870068,0.3700175243878817,0.45,-12.309853743215157,0.0,-23.02987226586525,0.0,1.218315490546771e-05,0.0012943987554324653,ok,False,5.45062806563709e-05,0.0,0.0,0.0,0.0
,,530.0,8.984452381339644,5.532893363941632,10.990808083206389,-8.227025778055694,-28.137211000015554,3.28257062573185,1.6497473150779047,5.532893363941632,42.45653599138693,33.1091621406583,35.062133941805484,44.86663699148754,25.642687062816783,normal,12.531806622141985,transition,0.0,transition,18.3219375,2.7,-6.577278462977789,-23.97037579063889,0.0,0.0,-10.657684326171875,0.0,0.06999078486742247,0.1376720901126408,17884196701640538969.mp4,4.166835209376664,unlabeled,0.5421013625593474,,normal,7.482155783074225,0.1,14.545487670957193,-23.377916161724368,-15.895760378650143,1,-32.44962696642173,-27.50059147438455,-24.610191192817705,-23.15626638822442,-19.34557020757693,-17.619307363617388,-16.932996225199215,/b/src/336272252/17884196701640538969.mp4,-9.021097183227539,8.015096153701496,-27.816852043042275,-24.38380584364763,3.4330461993946457,-23.622347349181762,,0.0,transition,-21.552903805369525,4.86673920971004,0.8561862532233206,1.659153005464481,0.0,0.0,0.0,5.42965405480066e-05,0.12811381599212132,0.22538755405008679,0.3988911070736239,0.35000000000000003,-9.110131412337534,0.0,-25.84444147533186,0.0,2.773305039775434e-06,0.03172043055730626,ok,False,5.42965405480066e-05,0.0,0.0,0.0,0.0
,,,2.113599035989649,1.0631527945415904,4.817562659253475,-4.778460128729494,-22.77113991400833,1.3346007718500452,-1.4678867226826444,1.0631527945415904,20.39498813532943,23.09560302676567,18.68527002659161,23.3645972426797,20.677902095401365,normal,11.08446742295131,transition,0.0,transition,15.000125,10.600000000000001,-6.246346851412138,-21.440221852003685,0.0,0.0,-11.785101890563965,0.0,0.03987816043687547,0.15707133917396746,17884616383640033339.mp4,1.3309180620046455,unlabeled,0.5244274680051322,,normal,4.115539573837278,0.1,9.779012316180058,-22.568654004692227,-18.45311443085495,0,-27.44015055158649,-25.04725550365737,-23.065306860444224,-21.58333179887483,-20.215645267160898,-19.899837204524676,-19.210657720169646,/b/src/336272252/17884616383640033339.mp4,-11.052969932556152,4.102848238108319,-23.225684787990126,-21.634441673072953,1.591243114917173,-22.701734666838938,,0.0,transition,-22.137437355507462,2.0,0.6654590310023227,0.01625,0.0,0.0,0.0,5.211082597303005e-05,0.15107882802148145,0.28871389018925114,0.502297847351742,0.30000000000000004,-7.620712081373459,0.0,-23.065636910653634,0.0,1.3085217597209022e-05,0.039796295104691806,ok,False,5.211082597303005e-05,0.0,0.0,0.0,0.0
,,40.0,0.557322090614262,5.265041703270677,-0.13255185766931143,-10.667703593678588,-26.353003468592476,2.833244253397165,0.823206953807416,-0.13255185766931143,8.382414290443037,15.778187052127887,9.765182233854546,10.03840415310426,10.261621648523207,normal,11.114769777048494,transition,0.0,transition,11.356,4.05,-9.844496639871172,-23.179068759989164,0.0,0.0,-11.595256805419922,0.0,0.010006539324610451,0.08010012515644556,17884193584890127045.mp4,3.173934708603312,unlabeled,0.5458131474841521,,normal,3.9542762084284924,0.1,5.428515608590043,-21.634591693360548,-17.680315484932056,0,-30.912712721638975,-28.965060694410212,-26.073251942748172,-22.821433866928697,-21.254799530217603,-20.440591028668717,-19.242805809777128,/b/src/336272252/17884193584890127045.mp4,-10.235357284545898,7.246205019172876,-21.876568044710698,-20.701102527038987,1.1754655176717108,-21.754960671808654,,0.0,transition,-21.350127061594392,4.2005679300866365,0.755596567280808,0.025605726872246697,0.0,0.0,0.0,5.142435629839219e-05,0.12485009400314638,0.243228506911376,0.26878062298187727,0.05,-12.605543163410136,0.0,-26.499993214171468,0.0,1.8121552328319642e-06,0.00397696971633416,ok,False,5.142435629839219e-05,0.0,0.0,0.0,0.0
,,20.0,2.2597192879608663,-4.914844502675936,-2.054304264827645,-10.69507165162597,-22.914730389157157,2.0498046539534407,3.5850195383244605,-4.914844502675936,7.140745022108138,9.050231283919338,5.697648351008979,8.896193971421578,5.958517140876058,normal,11.867592622724395,transition,0.0,transition,9.0325,6.0,-7.110052113301509,-21.644492745886108,0.0,0.0,-9.510055541992188,0.0,0.05618631318472232,0.12453066332916146,17884414440330710684.mp4,1.2702376432710487,unlabeled,0.4509859577509557,,normal,3.4054378101949894,3.3000000000000003,3.3019056541981087,-20.782472720712974,-17.377034910517985,0,-25.928335391106025,-24.474831762391524,-22.766739894302788,-20.988508185073673,-19.51510018297836,-18.582620158363813,-17.57639138765499,/b/src/336272252/17884414440330710684.mp4,-8.617412567138672,5.247811513568795,-20.93453105803987,-20.20891090368143,0.7256201543584382,-20.887490624748985,,0.0,transition,-20.485005189863067,3.039040379951371,0.4179732693421383,0.9340277777777777,0.0,0.0,0.0020833333333333333,5.0641150050287366e-05,0.2009281240483781,0.33907426055824136,0.24756940006605102,0.7000000000000001,-11.159113133584974,0.0,-23.159648132783005,0.0,1.1714025676401131e-05,0.018054964427519474,ok,False,5.0641150050287366e-05,0.0,0.0,0.0,0.0
,,40.0,4.443270523728369,9.901506902681152,4.87107176135361,-9.537168682499047,-29.955180375090038,3.5376893088150094,-2.1686349593373357,4.443270523728369,14.343634060431732,15.308607847945005,13.305012137845111,11.28344350496931,8.450520974743718,normal,14.39596542688967,transition,0.0,transition,5.942875,5.050000000000001,-11.705803641836383,-25.323281369212992,0.0,0.0,-12.715686798095703,0.0,0.007228193106624504,0.08760951188986232,17884165679420859832.mp4,4.631899005877045,unlabeled,0.40714206747804554,,normal,5.411694553601887,3.4000000000000004,6.806149813440275,-27.636268415734207,-22.22457386213232,0,-35.96501173672215,-32.230542310117904,-28.397544155332113,-25.69392107982484,-23.82188970209845,-22.778735540496367,-21.711987631735166,/b/src/336272252/17884165679420859832.mp4,-12.54263973236084,6.920420572339697,-29.777988452208383,-24.75731068441515,5.020677767793234,-28.091015394532043,,0.0,transition,-26.93860515925051,5.244978169249133,0.8831112077898591,0.0,0.0,0.0,0.0,4.872438170009531e-05,0.31327101754285397,0.31327101754285397,0.3825009572922073,0.0,-10.30718504649937,0.0,-26.354063849485435,0.0,2.0692513323165793e-06,0.02881480035910328,ok,False,4.872438170009531e-05,0.0,0.0,0.0,0.0
,,30.0,-25.524686862532263,-23.61170921773941,-12.701628391414914,-15.341324850187398,-26.49303838841532,1.9426782756592154,2.304014629000882,-25.524686862532263,45.205095168144155,43.49667227930601,50.47269073939977,51.47759821807481,24.020205948569334,normal,16.858445366879756,transition,0.0,transition,12.840625,11.200000000000001,-13.037310221186516,-23.438630712418814,0.0,0.0,-6.228104114532471,0.0,0.009435854633219713,0.045682102628285357,17884636900910054612.mp4,3.054407675996508,unlabeled,0.46685012645104534,,normal,11.514744480821284,3.0,10.34758187889642,-25.703588554936047,-14.188844074114764,0,-44.26520261883274,-31.86407743601409,-27.400089097273188,-24.836835084824898,-20.94009761388559,-16.754840467860454,-15.612744891415415,/b/src/336272252/17884636900910054612.mp4,-6.143509864807129,12.883936439042184,-23.684133311319545,-21.18490359982335,2.499229711496195,-25.63540250797394,,0.0,transition,-23.001955231686885,2.8802148114923525,1.0604791225324959,1.308349609375,0.0,0.0,0.26806640625,4.5756156002289524e-05,0.13938215124761283,0.35747999390314367,0.2538109871313625,0.35000000000000003,-11.97932418810819,0.0,-30.142900639915844,0.0,2.46362480018286e-07,0.007612010986476377,ok,False,4.5756156002289524e-05,0.0,0.0,0.0,0.0
,,,2.891909605586953,12.717460475851233,6.449508996025951,-4.828910343395114,-25.627908002393667,1.5471604276433677,-4.4410609493238695,2.891909605586953,20.929938176984674,13.490209330954542,16.92364991517374,18.264710889262524,12.484466062266115,normal,10.41638043701434,transition,0.0,transition,10.38075,1.4000000000000001,-9.269971292718983,-23.224571850312852,0.0,0.0,-10.513822555541992,0.0,0.040371634062969,0.10763454317897372,17884649591452164344.mp4,2.403336152080815,unlabeled,0.505721411643909,,normal,3.3886312899756206,1.4000000000000001,6.195432005034114,-21.025268991662763,-17.636637701687143,0,-25.785282801131334,-24.477026113078985,-23.391554001090814,-22.299388962651012,-21.290166712039603,-20.737110427872288,-20.089538262727768,/b/src/336272252/17884649591452164344.mp4,-10.513822555541992,3.63986391279197,-24.424236321546804,-20.244522359992775,4.179713961554029,-20.948417729371215,,0.0,transition,-20.93020299255633,2.2938200500240566,1.047743981510498,0.06280193236714976,0.0,0.0,0.0,4.3088421866987786e-05,0.2063612005791301,0.5050525677293591,0.38276629421130004,0.8500000000000001,-2.714961449789662,0.0,-24.97017170860904,0.0,4.973697388530689e-06,0.20776379486656413,ok,False,4.3088421866987786e-05,0.0,0.0,0.0,0.0
,,210.0,-17.822963639613665,4.195332408727298,10.251314070728169,-14.295164847386474,-26.00581822133965,3.307740763233493,3.672029249892276,-17.822963639613665,20.250607410519493,25.770258768853015,19.894141843612452,17.6140400057632,14.367842440059075,normal,12.01446543426717,transition,0.0,transition,5.9689375,4.55,-10.623135597494198,-23.415480159209643,0.0,0.0,-10.225391387939453,0.0,0.002576869364194603,0.0750938673341677,17884162624661882466.mp4,2.590338062130005,unlabeled,0.5200127152215466,,normal,9.664059757458181,0.8,11.484317503096628,-23.199175739327345,-13.535115981869163,0,-34.884406257307866,-28.505503824387475,-25.116135998047625,-23.15031948891767,-21.520619458127477,-19.22378041560074,-17.37782305304079,/b/src/336272252/17884162624661882466.mp4,-8.47811508178711,7.889245785806679,-23.259932557034983,-21.036784346397194,2.2231482106377882,-22.81587582896321,,0.0,transition,-20.49258051605428,4.904056455569977,0.5282031488825798,3.0346638655462184,0.0,0.0,0.007352941176470587,4.303721040344947e-05,0.2084448843023361,0.3380703072593821,0.3693725683834838,0.65,-17.005573073407458,0.0,-23.363974798834764,0.0,1.0098286440902128e-05,0.005082842715435401,ok,False,4.303721040344947e-05,0.0,0.0,0.0,0.0
,,10.0,5.77374372388357,16.049412989366562,12.157057700661637,-3.6061964817770225,-35.24871821722085,5.288094878234231,-1.324140288474899,5.77374372388357,43.118349225870745,32.88493956696182,38.341877484639426,35.66036872119549,17.763964753401012,normal,17.219807140381967,transition,0.0,transition,14.605375,12.5,-4.930336770251921,-27.883719818984048,0.0,0.0,-17.798418045043945,0.0,0.021406816239285968,0.15456821026282852,17884616385011618157.mp4,7.3649983982368,unlabeled,0.3670202570289969,,normal,5.853217421090193,11.9,26.282684598068325,-31.08012293724348,-25.226905516153288,1,-36.340233464002665,-33.98151128584736,-31.40527561335624,-29.188785225583786,-27.428836969236617,-26.40990957214617,-25.17280900430733,/b/src/336272252/17884616385011618157.mp4,-13.335468292236328,7.229825498335156,-36.40938574063162,-28.239064031637753,8.170321708993868,-31.12881244322484,,0.0,transition,-30.555275432618295,7.840129466470071,0.9393975481826842,0.0,0.0,0.0,0.0,4.229134488454448e-05,0.23779456433421908,0.3568296367560731,0.6963481025122006,0.05,-5.470202400560473,0.0,-28.089687581915328,0.0,8.563897718307357e-07,0.0575917327726193,ok,False,4.229134488454448e-05,0.0,0.0,0.0,0.0
,,80.0,5.369949519836485,6.797312867306051,-3.404498850102076,-8.955318569198921,-25.668918504415895,1.9444874440296882,3.2699777414057154,-3.404498850102076,7.061743246512119,7.569004509665838,7.976336625923871,6.800490521377835,4.435392796170138,normal,11.190743888887724,transition,0.0,transition,12.4705625,10.55,-5.685340827793206,-23.458159891816145,0.0,0.0,-12.406566619873047,0.0,0.054580754188937194,0.1376720901126408,17884649591081739080.mp4,2.2107586125997507,unlabeled,0.5140442307411828,,normal,2.136161793520383,0.1,3.7891123237076094,-23.16446289410756,-21.02830110058718,0,-29.2216229294309,-27.388517421334658,-25.090842488926885,-23.72937447400001,-22.758912748349584,-22.369935750584716,-21.973077673694007,/b/src/336272252/17884649591081739080.mp4,-12.10838508605957,3.4557988608987102,-23.17392611160429,-22.464983926499876,0.7089421851044122,-23.28057061919906,,0.0,transition,-23.299128974947294,2.8828970845184156,0.7668531160796034,0.0,0.0,0.0,0.0,4.1946857971139434e-05,0.3116599390395858,0.44724180153901305,0.3240687125508458,0.8500000000000001,-9.283990685207165,0.0,-25.39015251226948,0.0,3.4300960151746426e-06,0.010185439921313821,ok,False,4.1946857971139434e-05,0.0,0.0,0.0,0.0
,,50.0,13.021886078560454,5.919568996749764,8.21941222820973,-15.439107300106013,-26.05953234243689,1.869898764261034,-1.0255271619518602,5.919568996749764,10.345453753185275,16.045688799466397,12.208887917164315,12.036966266146216,13.13760440644917,normal,11.070548557012923,transition,0.0,transition,12.1905,9.700000000000001,-16.464634462057873,-23.704339408276944,0.0,0.0,-11.552774429321289,0.0,0.005413546983726895,0.04224030037546934,17884612022710053871.mp4,2.3551929341599447,unlabeled,0.5693598526159495,,normal,6.631373094706198,7.4,7.6150399741104415,-23.630941978428133,-16.999568883721935,0,-29.76678463735148,-27.414675018226593,-25.10649231383337,-22.772810012025158,-20.791488518773253,-19.483341541963107,-18.842292687066372,/b/src/336272252/17884612022710053871.mp4,-11.123964309692383,6.510873176240928,-24.230599816470274,-23.049327176110584,1.1812726403596905,-23.627906290095044,,0.0,transition,-22.194512866705306,2.772311907893409,0.849541109517356,0.009259259259259259,0.0,0.0,0.0,4.0090143821515655e-05,0.30373409435503557,0.30373409435503557,0.3292451363665643,0.0,-10.584281222340293,0.0,-23.292825762341344,0.0,1.1525801484739454e-05,0.052452975470466366,ok,False,4.0090143821515655e-05,0.0,0.0,0.0,0.0
,,,2.1811198740815296,1.739814797678509,-0.3444905802607987,-6.6802706404852445,-22.00550433579007,0.3219963793115035,-0.08756528588991852,-0.3444905802607987,34.599298907526986,34.862350449214276,36.161656761367055,35.35043814146605,33.696259803190465,normal,10.358482910659738,transition,0.0,transition,22.8730625,1.3,-6.767835926375163,-21.691084839769836,0.0,0.0,-12.074628829956055,0.0,0.045616480829373876,0.12202753441802253,17884579873181915259.mp4,0.31441949602023556,unlabeled,0.43740539115164756,,normal,1.6220208072795543,0.1,3.6718939039002407,-22.040121898236798,-20.418101090957244,0,-24.780994189293587,-23.900293972017256,-23.13673176584766,-22.373408732993923,-21.861781560293903,-21.56023481107273,-21.162382632236486,/b/src/336272252/17884579873181915259.mp4,-11.727745056152344,2.1314766686542654,-21.686570441014243,-21.359151580156876,0.3274188608573674,-22.168908594490894,,0.0,transition,-22.086227966812082,2.0,0.15720974801011778,0.0006838074398249453,0.0,0.0,0.0,3.622713652519088e-05,0.2126233508152315,0.38873865395621143,0.2769079675445354,0.75,-6.643906020303881,0.0,-21.979557740964005,0.0,2.3957026920817e-05,0.04044084474240552,ok,False,3.622713652519088e-05,0.0,0.0,0.0,0.0
,,20.0,0.43000276492418976,4.718724276604918,11.99744073357715,-10.926228571885,-30.614969390666715,3.0607997012416828,-1.7315983206906456,0.43000276492418976,17.794892649938717,20.150263405776435,26.397558223384188,28.93987904932399,18.03173509147053,normal,15.548035748717485,transition,0.0,transition,13.2818125,3.95,-12.657826892575645,-26.046593752307743,0.0,0.0,-14.074838638305664,0.0,0.002246135607736946,0.07071339173967459,17884624098761812721.mp4,4.568375638358972,unlabeled,0.48481854234610566,,normal,5.773939558169616,0.2,10.034741425881752,-26.478615115277645,-20.70467555710803,0,-33.83862604331704,-31.300003640742826,-27.99649877713784,-25.128018692671912,-22.83774387134432,-21.690339008034517,-20.336119763354986,/b/src/336272252/17884624098761812721.mp4,-10.300692558288574,8.279110989122032,-29.700509375925463,-24.882226105021072,4.8182832709043915,-26.915594349194883,,0.0,transition,-25.84872830700606,4.537941637060919,1.0067065651637082,0.029716981132075472,0.0,0.0,0.0,3.101766905666197e-05,0.17023738025707683,0.29617360759623623,0.49174727839764265,0.7000000000000001,-7.642148250964187,0.0,-28.411396392212907,0.0,6.568811577003162e-07,0.00813741207580224,ok,False,3.101766905666197e-05,0.0,0.0,0.0,0.0
,,20.0,-11.818300675770363,2.1073438659929398,3.658658627548008,-10.983259274542704,-26.365734278618707,2.9458387319573465,-7.525570313103444,-11.818300675770363,14.477411155904122,14.134101105084554,13.840539438293717,12.550897449202782,8.727172631333158,normal,11.258335645534977,transition,0.0,transition,15.000125,5.050000000000001,-18.508829587646147,-24.139018062787496,0.0,0.0,-11.734075546264648,0.0,0.0008125291744780407,0.028473091364205255,17884153410510767915.mp4,2.2267162158312104,unlabeled,0.5146291755547266,,normal,5.604501360566417,8.6,5.795289591485627,-23.391153734911292,-17.786652374344875,0,-32.07339764027477,-29.412027087539396,-25.85070949275709,-23.641765377677324,-21.384078936106814,-20.916260744521054,-20.34166044649273,/b/src/336272252/17884153410510767915.mp4,-11.348224639892578,6.042095173601833,-24.470077287587088,-21.60467724093197,2.865400046655118,-23.74943227499466,,0.0,transition,-22.606560285427555,4.3675005039999615,0.5098376551512426,0.019583333333333335,0.0,0.0,0.0,2.4608577867142716e-05,0.033193768056269606,0.33708010800518684,0.33433669074958416,0.9,-22.059534648159815,0.0,-27.43353853024327,0.0,1.0687811531117126e-06,0.0011182473092781662,ok,False,2.4608577867142716e-05,0.0,0.0,0.0,0.0
,,,1.2826595670039413,4.1861240259353,-0.38480430799451015,-2.6861262331091944,-24.23732939244091,0.8101216075473765,-0.991094741439996,-0.38480430799451015,25.088332745705582,26.87312409463268,24.708953695241668,24.09432153834108,28.37937059389933,normal,17.519018532767753,transition,0.0,transition,10.147125,1.8,-3.6772209745491904,-23.245773828993254,0.0,0.0,-10.553119659423828,0.0,0.08806382480310043,0.20118898623279097,17884612023831703093.mp4,0.9915555634476547,unlabeled,0.48393756884979233,,normal,8.149754620075818,8.6,4.014640536109425,-24.439338897124934,-16.289584277049116,0,-26.83690470244684,-25.38311405195438,-23.971699370324437,-23.036294696230822,-22.216000144020978,-21.60107617272657,-21.027683659189922,/b/src/336272252/17884612023831703093.mp4,-6.434545993804932,5.403729439611414,-24.611492377436296,-24.25960230043477,0.3518900770015243,-24.435857026140866,,0.0,transition,-23.953564526572684,2.0,0.49577778172382736,0.18842821782178218,0.0,0.0,0.0640470297029703,2.450215715512209e-05,0.1534410248555401,0.2981764206738782,0.38355670175193546,1.0,-1.3090844797544796,0.0,-23.928614096806555,0.0,8.81769241890126e-06,0.12155497342244398,ok,False,2.450215715512209e-05,0.0,0.0,0.0,0.0
,,50.0,1.8723215040254981,-1.2763512010092883,1.2941902078975094,-8.391739589658062,-27.897162556235976,1.6358803705836102,3.194448782253584,-1.2763512010092883,16.834710378706387,13.318386031475878,13.55110258941891,15.337126615353995,15.111170941276761,normal,11.70885656919932,transition,0.0,transition,15.000125,10.75,-5.197290807404478,-25.3239941231961,0.0,0.0,-14.923238754272461,0.0,0.08950254105753289,0.16833541927409262,17884623200860790020.mp4,2.573168433039875,unlabeled,0.44280145126536885,,normal,2.729270520115165,0.30000000000000004,4.556060678288777,-25.748370528258626,-23.01910000814346,0,-29.258256647408764,-27.750438876404537,-26.33170711731102,-25.423151734561934,-24.846737205062627,-24.65017652925274,-24.211006097281903,/b/src/336272252/17884623200860790020.mp4,-14.144889831542969,3.406821479869251,-27.195365452206445,-25.912079071933373,1.283286380273072,-25.75795432032987,,0.0,transition,-25.85374640074229,2.4253562374272604,1.0609445298515854,0.0,0.0,0.0,0.0,1.910251379855816e-05,0.10455288780996516,0.15813799974336387,0.3178265249753984,0.8500000000000001,-5.786827544103783,0.0,-27.120078510699933,0.0,1.4653903756769397e-06,0.06323328801341183,ok,False,1.910251379855816e-05,0.0,0.0,0.0,0.0
,,30.0,0.583023482161213,-20.66727898032341,5.28335421994727,-9.30162986193475,-26.287470496129117,1.9997328066251967,4.19210261245207,-20.66727898032341,15.293295671524724,11.766657815302565,13.872100201092572,12.531862483935178,8.354173546758844,normal,12.271021712615525,transition,0.0,transition,54.3346875,40.650000000000006,-5.10952724948268,-24.70434079620411,0.0,0.0,-15.098904609680176,0.0,0.03174655870624847,0.17553191489361702,17884585954271331909.mp4,1.5831296999250064,unlabeled,0.5418941751067071,,normal,5.1576791522184315,3.9000000000000004,6.083817862618595,-26.591014924193416,-21.433335771974985,0,-31.56459468840076,-29.41506440709629,-27.359946563523778,-25.272001798000318,-23.37497749753029,-22.3439182838541,-21.600895653531914,/b/src/336272252/17884585954271331909.mp4,-13.773204803466797,6.692824446843016,-25.786897053851895,-25.658895619919278,0.1280014339326172,-26.985496946058078,,0.0,transition,-26.044226516082322,2.9648038591025165,0.5339745140524202,0.0,0.0,0.0,0.0,1.8247855800131702e-05,0.16905866237063819,0.3687962076109716,0.4467143949947185,0.8500000000000001,-2.431580944014681,0.0,-29.47099318520801,0.0,4.11117261827077e-07,0.07466185891014131,ok,False,1.8247855800131702e-05,0.0,0.0,0.0,0.0
,,50.0,15.169127834853283,11.189497099955517,7.630774785298834,-10.964673030061093,-31.137160374567138,2.3242969740340484,-0.869252145078951,7.630774785298834,48.74177987455185,43.608373728440434,41.69857341090221,40.070482225779045,30.741279493247298,normal,13.46732696427457,transition,0.0,transition,22.1054375,2.1,-11.833925175140044,-27.202134294242725,0.0,0.0,-12.93489933013916,0.0,0.012453510636305766,0.077909887359199,17884654526240792582.mp4,3.9350260803244126,unlabeled,0.5379102299142455,,normal,9.131930859669172,5.2,12.505829008916567,-27.802189387279835,-18.670258527610663,1,-90.0,-34.98394155533776,-29.6970875247761,-27.643658900751724,-24.63442318190476,-22.775279942588785,-20.59790709524762,/b/src/336272252/17884654526240792582.mp4,-12.93489933013916,9.577704558856801,-31.131349902030905,-25.069239881090667,6.0621100209402385,-27.85830811965033,,0.0,transition,-26.40222629441373,3.44600269370288,1.1419103320827808,0.0,0.0,0.0,0.0,1.810238446979796e-05,0.23478642851398457,0.5353674587724866,0.4590897576321485,0.45,-13.134451194112067,0.0,-27.94070512424816,0.0,8.244491202594481e-07,0.008211910486075192,ok,False,1.810238446979796e-05,0.0,0.0,0.0,0.0
,,10.0,0.9892251249476871,-1.8600072750630954,1.0122409835292188,-8.69746611980123,-27.91930571063043,1.2638528395901378,-0.24296687594675426,-1.8600072750630954,63.36411722794662,61.70073184064084,62.0352530477977,60.30284306423685,32.38029179319465,normal,15.183758505094012,transition,0.0,transition,13.53725,9.700000000000001,-8.940432995747985,-25.719013228157372,0.0,0.0,-14.302311897277832,0.0,0.025039401345598962,0.11076345431789737,17884289407400052020.mp4,2.2002924824730563,unlabeled,0.4721083369493648,,normal,3.200398451836456,0.1,61.806084601559775,-27.66776148197942,-24.467363030142963,1,-31.572053523944398,-29.491153043834274,-27.88547479610989,-26.611596522692537,-25.513847163953272,-25.048171986898712,-24.618622387657812,/b/src/336272252/17884289407400052020.mp4,-12.50449275970459,3.6223282030381547,-27.810499167488807,-25.464689931213254,2.345809236275553,-27.803281338114715,,0.0,transition,-27.688251264798602,2.0,1.1001462412365282,0.0,0.0,0.0,0.0,1.5093598360302512e-05,0.1365174425140771,0.2543805417253717,0.37157070973137374,0.8,-8.310867755864585,0.0,-27.72619020524018,0.0,1.010434090262038e-06,0.044484338013829804,ok,False,1.5093598360302512e-05,0.0,0.0,0.0,0.0
,,,1.2664271717358169,8.474737437328669,-2.9326673194352253,-7.704347560604133,-26.882723027122097,1.2635102700454475,-2.0332827018977833,-2.9326673194352253,26.044319406122305,32.43897345230679,32.67174595207967,33.18551642845717,30.222344025781915,normal,13.637522162059899,transition,0.0,transition,22.640875,17.45,-9.737630262501916,-25.269856548254012,0.0,0.0,-13.509223937988281,0.0,0.03165565631284153,0.10544430538172717,17884408297740871818.mp4,1.612866478868085,unlabeled,0.5283039561649199,,normal,6.170269766047852,0.1,6.293951899304574,-26.855454495897547,-20.685184729849695,0,-31.664204016146357,-28.65426141191658,-27.13699870481019,-26.04567012245427,-24.985730379105792,-24.381548811782267,-22.713279927193454,/b/src/336272252/17884408297740871818.mp4,-12.592554092407227,5.997625163614192,-26.733538562810022,-24.73275363102409,2.000784931785933,-26.819046103366645,,0.0,transition,-26.230076254467125,2.0,0.8064332394340425,0.0,0.0,0.0,0.0,1.4055714297273323e-05,0.10835247518430993,0.22852262290167258,0.46474817519645295,0.4,-7.34456922326935,0.0,-27.619167903459697,0.0,1.0068947081847463e-06,0.0008132179355270733,ok,False,1.4055714297273323e-05,0.0,0.0,0.0,0.0
,,220.0,-3.423700653973789,7.845962746760966,4.4596989406316965,-17.32999112876717,-31.948975584540243,2.80337152850419,-1.5049673470856888,-3.423700653973789,12.175417626868978,14.094819645950913,15.113524556919685,16.973627609129064,7.957363119921915,normal,12.53013477372555,transition,0.0,transition,12.4240625,4.3500000000000005,-18.834958475852858,-27.989331449733548,0.0,0.0,-10.514412879943848,0.0,8.171534874037227e-05,0.033166458072590735,17884184804590095596.mp4,3.9596441348066946,unlabeled,0.5795189725585911,,normal,12.439615274632915,3.5,17.871241290514003,-28.328506707967275,-15.88889143333436,1,-35.66576243711021,-32.476762599795315,-30.308696044942018,-27.01685323684474,-20.80065389309829,-19.421889586774004,-18.717673354500132,/b/src/336272252/17884184804590095596.mp4,-10.003255844116211,11.70505539688893,-31.04888408324084,-27.281717821594423,3.767166261646416,-28.81934680006661,,0.0,transition,-22.53339061784176,4.156278628160312,0.9526897710799882,0.7527721774193548,0.0,0.0,0.0,1.2961888856036063e-05,0.189834832453889,0.2056833039682372,0.3926675839446381,0.30000000000000004,-26.29266217534183,0.0,-31.613121448138166,0.0,1.0710028019092709e-07,6.156146521838321e-05,ok,False,1.2961888856036063e-05,0.0,0.0,0.0,0.0
,,10.0,8.24697167856458,4.781873135598678,5.054233507032091,-6.49803483212667,-30.428696805924282,2.8119825973075923,0.7469320960867041,4.781873135598678,38.18456916604291,29.098854402513624,40.573971012666995,35.60090385864199,24.834407327170062,normal,16.71419899010041,transition,0.0,transition,12.4240625,10.05,-5.751102736039966,-27.29287913687807,0.0,0.0,-13.273784637451172,0.0,0.037198046886153316,0.15801001251564456,17884646998373818328.mp4,3.1358176690462116,unlabeled,0.46152809015471835,,normal,5.1830151694850315,0.2,17.48779705624928,-30.103584868816377,-24.920569699331345,1,-37.897641642684746,-33.92990714452579,-30.627958935508406,-28.3144854802065,-26.890405811095317,-26.059321207065,-24.993042347308116,/b/src/336272252/17884646998373818328.mp4,-13.273784637451172,6.0283820377491715,-30.409061813404364,-28.02418856117712,2.3848732522272442,-30.630158734625937,,0.0,transition,-29.987983627551582,4.169045398768236,0.7521668317578657,0.0,0.0,0.0,0.0,1.2214947671220618e-05,0.1645466339776211,0.24211700624568827,0.41463769141993284,0.2,-10.40936134125429,0.0,-30.021282873104376,0.0,2.6932186127162987e-07,0.01623100836726192,ok,False,1.2214947671220618e-05,0.0,0.0,0.0,0.0
,,20.0,-3.871818520487473,4.166845922497478,-5.206571551838551,-14.817225140756149,-29.24814615182136,2.1397186612553636,4.047394168670602,-5.206571551838551,10.685375509841723,15.085633745797274,11.009681098937293,12.841323776124316,9.46642094352088,normal,9.360645525798788,transition,0.0,transition,12.097625,8.25,-10.769830972085547,-26.97394502583188,0.0,0.0,-12.338918685913086,0.0,0.01761148698809579,0.06633291614518147,17884612637840515993.mp4,2.274201125989478,unlabeled,0.5495078812180646,,normal,4.028552311079183,0.1,9.244752618730606,-19.992495384178508,-15.963943073099324,0,-31.78040152362014,-30.4234375006248,-27.993929581535706,-25.476239962098564,-21.911399157315454,-20.29889515771156,-19.538771778256528,/b/src/336272252/17884612637840515993.mp4,-10.513983726501465,8.992107753338693,-20.496707331650192,-20.915741356072,-0.4190340244218085,-20.26996361556014,,0.0,transition,-19.874629252300252,3.172346887177202,0.7168828652320218,0.027230290456431536,0.0,0.0,0.0,9.154095071353697e-06,0.049129335765307924,0.049129335765307924,0.21875662422369255,0.7000000000000001,-10.587203416807748,0.0,-26.75655137605611,0.0,1.6077561620569315e-06,0.011517488487423996,ok,False,9.154095071353697e-06,0.0,0.0,0.0,0.0
,,10.0,3.5017335830082104,3.459897288237182,2.8724275941869832,-8.676410351247043,-30.57253176005416,1.4346992683060993,3.532893243750838,2.8724275941869832,29.489504565972126,30.632923321076447,29.503336852625456,28.567907350118915,28.284448737687477,normal,11.39440091598771,transition,0.0,transition,10.8915625,7.300000000000001,-5.143517107496205,-28.339445431242567,0.0,0.0,-17.85805892944336,0.0,0.05155652934107837,0.15331664580725907,17884649590750504993.mp4,2.233086328811595,unlabeled,0.5182923651971378,,normal,1.8153777345011122,3.9000000000000004,6.661206435380379,-28.128054834515197,-26.312677100014085,0,-33.993726630254066,-32.43450349297173,-30.487621317691374,-29.04958188349473,-28.401058655109843,-28.035539493594804,-27.455983186579406,/b/src/336272252/17884649590750504993.mp4,-17.212509155273438,3.212406046954353,-28.338603073641615,-28.112141367701927,0.22646170593968762,-28.234057852425273,,0.0,transition,-28.606910071261147,2.127085135190623,1.0498340155113126,0.0,0.0,0.0,0.0,7.3515902695237326e-06,0.308645324936065,0.308645324936065,0.5140089457850673,0.25,-7.80584969002603,0.0,-29.76807716374494,0.0,3.2242077693780566e-07,0.02977161749339618,ok,False,7.3515902695237326e-06,0.0,0.0,0.0,0.0
,,20.0,3.5718663662628174,-0.3720160688865559,5.363902343509488,-5.717157817131726,-30.107439513055787,1.3336849292532769,1.2964411610577917,-0.3720160688865559,16.315342888039794,16.23256364758889,17.814397742312202,15.878019133602507,15.54366726796335,normal,12.11573346354428,transition,0.0,transition,10.0556875,7.45,-4.420716656073934,-28.654286761243313,0.0,0.0,-18.53234100341797,0.0,0.024625829480732546,0.18397997496871088,17884545981021015838.mp4,1.4531527518124747,unlabeled,0.5134419647996502,,normal,4.541945602129527,6.5,4.399682280128896,-29.685519362170044,-25.143573760040518,0,-33.261551786608734,-31.195510890409718,-30.094895164725422,-28.949277548246727,-27.99885934577944,-27.557686783772432,-26.725290067286654,/b/src/336272252/17884545981021015838.mp4,-17.025041580200195,3.5766095701828213,-29.72434278418043,-29.465835365329426,0.2585074188510035,-29.644860169201905,,0.0,transition,-29.140775043744476,2.0,0.7265763759062374,0.0,0.0,0.0,0.0,3.960684002579162e-06,0.10936938740643531,0.21629724885863985,0.4568413075037343,1.0,-10.265293843844567,0.0,-29.702182941989523,0.0,3.218055664966547e-07,0.0172170751824303,ok,False,3.960684002579162e-06,0.0,0.0,0.0,0.0
,,10.0,11.222494058612439,7.132287523479411,4.169926529244492,-12.132004418570975,-31.256482435356123,1.8327889900263088,1.7034042129268947,4.169926529244492,35.96784300152842,27.628406207577058,36.08567881487373,34.426229837617996,25.611759157677923,normal,14.074097261496505,transition,0.0,transition,15.0711875,1.6500000000000001,-10.42860020564408,-29.810305524518164,0.0,0.0,-16.468008041381836,0.0,0.008372662016990167,0.09105131414267835,17884259410300585536.mp4,1.4461769108379592,unlabeled,0.49929064730787287,,normal,3.759577095817349,0.2,7.534665553615223,-30.816390993695585,-27.056813897878236,0,-35.823508100205984,-33.56950270793515,-32.00403550752805,-30.834976847969447,-29.675867921232392,-29.13681474928131,-27.987180738987075,/b/src/336272252/17884259410300585536.mp4,-16.468008041381836,4.7425653685930875,-29.598199199374466,-28.394160595673526,1.2040386037009405,-31.03273444523268,,0.0,transition,-30.54210530287834,2.7172929566130053,0.5322123650004082,0.0,0.0,0.0,0.0,3.2716649502442878e-06,0.29676946444891794,0.29676946444891794,0.4210051866017326,0.75,-12.237384472492934,0.0,-30.07928780173799,0.0,2.597609360656425e-07,0.01904466653459947,ok,False,3.2716649502442878e-06,0.0,0.0,0.0,0.0
,,20.0,2.57497001514151,5.9709231894957515,-0.10843797265067678,-14.358800824606544,-31.966655086067625,2.029125905467522,0.695288698423802,-0.10843797265067678,39.76514088164254,30.275562766022674,39.08423129197138,38.0442035021713,17.702261907187463,normal,7.865746817972315,transition,0.0,transition,13.1193125,8.700000000000001,-13.663512126182741,-30.099555884133522,0.0,0.0,-18.960620880126953,0.0,0.013202719802880718,0.0425531914893617,17884611055272240272.mp4,1.8670992019341028,unlabeled,0.5146212868703197,,normal,3.101184702665897,0.2,25.997814861085367,-26.058792198770497,-22.9576074961046,1,-35.76381000343116,-33.384820470021864,-31.77845669619525,-29.53954096876742,-26.85377741894955,-25.747367948957017,-24.88208982599985,/b/src/336272252/17884611055272240272.mp4,-18.282032012939453,7.205673620199434,-27.245434888282297,-25.22808033870361,2.0173545495786875,-26.13255763342105,,0.0,transition,-26.14777883091177,3.008382067446148,0.6206323399338389,0.0,0.0,0.0,0.0,2.6668173542860745e-06,0.08817906143571501,0.13093770193485202,0.21253851841272262,1.0,-17.975011671471563,0.0,-30.326176988569753,0.0,2.1927877900790817e-07,0.0050193493419119165,ok,False,2.6668173542860745e-06,0.0,0.0,0.0,0.0
,,10.0,11.183919726133265,7.782670117764253,-3.820549980781597,-7.109877331889585,-35.053023945553996,1.4959974421417783,3.162602688012819,-3.820549980781597,28.23883898757674,28.111995276182725,28.775356728233398,27.066774039756908,26.89354689498562,normal,12.903243961211963,transition,0.0,transition,25.6348125,14.8,-3.9472746438767663,-32.563453837894954,0.0,0.0,-22.292667388916016,0.0,0.027331098675385003,0.15269086357947434,17884545980710249038.mp4,2.4895701076590413,unlabeled,0.4554459275590401,,normal,3.355347458691714,7.0,5.160639583196954,-34.14878890694261,-30.7934414482509,0,-39.72108916152428,-36.49957027059746,-34.39886896610713,-33.15308739454527,-32.10557476430963,-31.492372364610308,-30.712103879657725,/b/src/336272252/17884545980710249038.mp4,-21.373275756835938,4.588364591817399,-35.03719025855705,-33.312910112490634,1.7242801460664126,-34.24673664809126,,0.0,transition,-34.2765197180479,2.2179658077194,1.122456486477091,0.0,0.0,0.0,0.0,1.8712890370925397e-06,0.4134120000837415,0.4134120000837415,0.6035229955927212,0.75,-11.148647297824585,0.0,-33.30848322296359,0.0,4.363975503180058e-08,0.011516637016274507,ok,False,1.8712890370925397e-06,0.0,0.0,0.0,0.0
,,10.0,6.724132135415715,-8.06802927162422,8.234836477830504,-12.168843054953014,-35.232345615012235,2.483662637615904,-5.046037797737254,-8.06802927162422,16.695749715458547,12.108911305055472,13.015188864492991,15.384661787103312,8.884491219586714,normal,13.183560571131078,transition,0.0,transition,8.4766875,2.5,-17.214880852690268,-33.40671651467741,0.0,0.0,-19.54474639892578,0.0,0.0035870911992548905,0.0506883604505632,17884652519920709668.mp4,1.8256291003348224,unlabeled,0.4492029760397752,,normal,6.740874097354006,0.1,7.578123483410387,-33.690344290126404,-26.9494701927724,0,-40.96695140618565,-38.46252861949114,-35.415162796102486,-32.828625113861136,-31.02911080740177,-30.2682709487746,-29.173750272507935,/b/src/336272252/17884652519920709668.mp4,-18.34034538269043,6.612866497167488,-33.680836528553726,-33.15735097578951,0.5234855527642139,-33.904260007286304,,0.0,transition,-31.523905953821508,3.682278226529339,0.49578793019546874,0.0,0.0,0.0,0.0,9.83685663459376e-07,0.2599373769877946,0.2599373769877946,0.31231456784213196,0.4,-13.587957984721196,0.0,-35.01322097844002,0.0,1.6758370638503063e-08,0.005255122396485023,ok,False,9.83685663459376e-07,0.0,0.0,0.0,0.0
,,10.0,17.309943828094088,3.4396179944264267,7.116854675474526,-15.790699189693889,-38.315571406686956,2.5065186533753696,9.403702978832825,3.4396179944264267,55.346382171871355,42.74945735953756,50.3703729464106,54.34781068501812,26.07382421168623,normal,10.26762344611209,transition,0.0,transition,12.2383125,9.700000000000001,-6.386996210861064,-35.731910174534875,0.0,0.0,-27.229198455810547,0.0,0.03957185695902854,0.139549436795995,17884186902500726121.mp4,2.5836612321520818,unlabeled,0.5739740983318389,,normal,5.416947564782596,0.1,48.72678191978342,-34.49566535243287,-29.078717787650277,1,-46.417769229737445,-41.71366812486612,-38.24247844269898,-35.91162152809109,-34.217970031086374,-32.77430644422482,-31.44633703277116,/b/src/336272252/17884186902500726121.mp4,-22.89090919494629,6.920041068546677,-33.48646041852176,-35.82235366482017,-2.3358932462984114,-34.533023789341215,,0.0,transition,-33.15853264105838,3.7161645554943226,0.6952494147042432,0.0,0.0,0.0,0.0,5.038859146931272e-07,0.18930773790724867,0.23541301298075756,0.553591157992229,0.4,2.8129763699325627,0.0,-35.72713175174417,0.0,1.3436152038178087e-08,0.1153646284958487,ok,False,5.038859146931272e-07,0.0,0.0,0.0,0.0
,,10.0,-18.732592129105058,-6.559827489348262,-17.236145942036146,-3.7359230003648625,-52.75314822186041,2.503261259200979,3.766183754167078,-18.732592129105058,38.94989530033592,39.36543270551016,32.681536549793016,36.33386018248016,21.129465333581116,normal,32.99064924752948,transition,0.0,transition,15.104,8.8,0.030260753802215434,-44.15443646803958,0.0,0.0,-3.357851028442383,0.0,0.2634623981237487,0.3028785982478097,17884398633630159979.mp4,8.59871175382083,unlabeled,0.40551172078513215,,normal,32.32224729392678,8.0,30.790529434278238,-52.19330242975044,-19.871055135823656,2,-59.363459004899866,-56.01163443586626,-53.669203934349454,-48.552213739855446,-35.54252530467685,-24.100446955944033,-17.1999858717033,/b/src/336272252/17884398633630159979.mp4,-0.4512346088886261,37.13852535474247,-51.74800090552535,-45.193994151272705,6.554006754252647,-52.024420622691146,,0.0,transition,-33.44188385641811,3.7113351428913712,2.316878272308729,0.1384519867549669,0.006001655629139073,0.024006622516556293,0.06808774834437087,1.4716669530567925e-07,0.10694242671065995,0.19949365109272743,0.33190977326688326,0.15000000000000002,-20.620779363063985,0.0,-47.93822597346797,0.0,1.3580869531671592e-11,0.00377990274809608,ok,False,1.4716669530567925e-07,0.0,0.0,0.0,0.0
,,10.0,-1.9007151577370323,5.248216427774071,-7.285489661096996,-12.358749371720666,-42.387837297657796,2.3042796779777,-0.3333786501512641,-7.285489661096996,16.300916928740044,17.390196347097515,14.976631329222329,13.427755689984174,11.450831318738963,normal,12.227706377354842,transition,0.0,transition,12.3311875,9.5,-12.69212802187193,-40.22775566231109,0.0,0.0,-25.511463165283203,0.0,0.0004720424823487943,0.08135168961201503,17884251253861956354.mp4,2.1600816353467067,unlabeled,0.5783471901903923,,normal,7.028259928084829,7.6000000000000005,8.188186298314143,-40.04382929478811,-33.01556936670328,0,-46.39656507337867,-43.395376546874765,-41.332138145737936,-39.66666854466272,-37.068772164268836,-35.53969308857779,-34.4890706714355,/b/src/336272252/17884251253861956354.mp4,-25.511463165283203,7.007227811060893,-41.694741469660656,-39.362862868132005,2.3318786015286506,-40.12261062426356,,0.0,transition,-37.739169542638045,3.416325050569738,0.6322822340884898,0.0,0.0,0.0,0.0,1.0640786497356206e-07,0.422343651061555,0.422343651061555,0.3125623354100928,0.5,-11.673115611639744,0.0,-40.35984902159829,0.0,9.049671342161797e-10,0.014519401010872035,ok,False,1.0640786497356206e-07,0.0,0.0,0.0,0.0
,,10.0,18.135581092023713,-2.6018001821130134,8.654310649959456,-12.503796074192998,-60.347339564489076,1.936051364869357,10.785161436179482,-2.6018001821130134,18.901315962219172,16.515399343154044,18.413010098760182,21.216828633518958,13.698414252830517,normal,22.601241379588018,transition,0.0,transition,21.4088125,14.850000000000001,-1.7186346380135156,-53.2733154210175,0.0,0.0,-40.18994903564453,0.0,0.013770775407220085,0.25594493116395495,17884180398410901215.mp4,7.074024143471576,unlabeled,0.4856084021132539,,normal,10.125101939757336,17.1,9.313559374281901,-57.01781751824983,-46.89271557849249,0,-63.71591077239986,-62.28044188919357,-60.37127527642496,-57.65891932766574,-54.672717412693274,-52.90734352772794,-49.93139987443889,/b/src/336272252/17884180398410901215.mp4,-33.406978607177734,15.034905270791981,-57.585349477489984,-54.66891881864226,2.916430658847723,-57.18869596655365,,0.0,transition,-56.00821998676575,2.8703897535553082,2.464482091572959,0.0,0.0,0.0,0.0,3.4579812178099654e-09,0.07760974061356239,0.15322894643251672,0.4611178345597688,0.5,-23.883890806637655,0.0,-60.211865295082845,0.0,1.5819464405677644e-14,0.0008828971873129568,ok,False,3.4579812178099654e-09,0.0,0.0,0.0,0.0
