api_duration_s,api_size_kib,attack_ms,band_high_jump_db,band_low_jump_db,band_mid_jump_db,baseline_brightness_db,baseline_db,baseline_mad_db,brightness_change_db,broadband_jump_db,change_1000ms_db,change_100ms_db,change_250ms_db,change_500ms_db,change_50ms_db,classification,crest_db,decision_mode,decision_score,detection_mode,duration_s,event_at_s,event_brightness_db,event_db,event_duration_s,event_near_clip_pct,event_peak_dbfs,event_persistence,event_spectral_flatness,event_zcr,file,jump_db,label,max_spectral_flux,md5,old_classification,old_dynamic_range_db,old_jump_at_s,old_max_jump_db,old_median_db,old_peak_window_db,old_score,p10_db,p25_db,p50_db,p75_db,p90_db,p95_db,p99_db,path,peak_dbfs,peak_to_median_db,raw_baseline_dbfs,raw_event_dbfs,raw_jump_db,raw_median_dbfs,rescue_mode,rescue_score,risk_mode,rms_dbfs,robust_scale_db,robust_z,sample_above_-12db_pct,sample_above_-3db_pct,sample_above_-6db_pct,sample_above_-9db_pct,score,spectral_flux_at_event,spectral_flux_near_event,spectral_shape_distance,start_at_s,start_brightness_db,start_duration_s,start_event_db,start_near_clip_pct,start_score,start_spectral_flatness,status,suspicious,transition_score,window_above_-12db_pct,window_above_-3db_pct,window_above_-6db_pct,window_above_-9db_pct
5,681,40.0,60.87917973529501,50.46315278459791,70.45884702369673,-11.666907756840896,-58.18793702935044,1.0606494603280794,7.868830957225641,50.46315278459791,58.38692599142243,54.59825767460024,59.304603830250066,59.2050043898103,27.389723239316503,suspicious,12.563515461704565,short-spectral-burst,0.8999570565619389,short-spectral-burst,4.945875,3.0500000000000003,-3.798076799615255,-0.19606821909833083,0.6000000000000001,65.9375,2.603642463684082,1.0,0.003550234443379697,0.14330413016270338,17885487431220276835.mp4,57.99186881025211,confirmed positive #10 (boosted porn audio),0.4352019696666196,e761bd76a59f79f4f81932c1df48209a,suspicious,53.92564298488818,3.0,53.479012818126726,-54.63719066965897,-0.7115476847707909,4,-60.326317581159785,-59.06525792324447,-57.673773507447564,-54.46135137435948,-0.5428714658241408,-0.20059359619428432,-0.07572730546881498,/b/src/336291305/17885487431220276835.mp4,2.736487865447998,57.614898622285025,-55.308822911543785,-0.8870734865327001,54.421749425011086,-54.98512855974433,short-spectral-burst,0.8999570565619389,transition,-9.827027596256567,2.0,28.995934405126054,12.711734693877553,10.783163265306122,11.704081632653061,12.253826530612246,0.8999570565619389,0.22440265990966288,0.4352019696666196,0.893454512583118,1.0,-15.01688660277853,0.0,-56.66016855437207,0.0,1.1367204685498259e-13,0.010138948132002577,ok,True,0.8129073031889883,14.285714285714285,12.244897959183673,13.26530612244898,14.285714285714285
15,3264,50.0,39.95667725015151,26.624553911085506,34.929633804312665,-9.32613142362278,-39.262487371558976,4.961637234135303,4.722181979053449,26.624553911085506,51.132694086346845,37.609493413028574,46.80246792584308,42.45394971977594,20.612097463073113,suspicious,9.368655044872513,sustained-spectral-takeover,0.8827546765204324,sustained-spectral-takeover,15.3019375,9.25,-4.603949444569331,-2.926155811289107,3.0,2.8937500000000003,0.16444839537143707,1.0,0.0008658158628553756,0.13704630788485606,17885024222391568056.mp4,36.33633156026987,confirmed positive #7 (boosted porn audio),0.5059127722814762,603a0aa3d840008d8bb8ed2b6f845052,suspicious,34.60941381959773,0.30000000000000004,42.404935275153086,-37.14441625844261,-2.535002438844885,4,-49.08117609205162,-45.266414189236635,-37.37694436990563,-5.027705898402,-3.0194508020314004,-2.6104458098382235,-2.00727208477011,/b/src/336291305/17885024222391568056.mp4,0.30363842844963074,35.633389377601524,-39.23904119896349,-3.489056229183989,35.749984969779504,-37.54362163305514,sustained-spectral-takeover,0.8827546765204324,transition,-9.065016616422882,7.356123363328999,4.939603343441746,30.541666666666668,10.334967320261438,21.93035130718954,27.047998366013072,0.8827546765204324,0.16148701470486843,0.5004746018113865,0.8656031355019776,0.75,-9.90992752898442,0.0,-40.517276598370074,0.0,8.263850535185231e-10,0.005755027070619589,ok,True,0.7275894724151413,39.21568627450981,10.130718954248366,29.411764705882355,35.947712418300654
41,5101,190.0,48.2845912071774,78.49458982567432,65.40638087116585,-15.204540616609792,-65.11694204832723,24.883057951672768,8.629630478799932,48.2845912071774,87.6753607863054,59.511923867266816,72.6161792793313,72.6161792793313,36.75732936165811,suspicious,7.62594170541627,short-high-contrast-burst,0.8806484261302517,short-high-contrast-burst,41.470875,1.35,-6.5749101378098604,-3.631929391835678,0.30000000000000004,21.7875,2.2786731719970703,0.8,0.04031001204132107,0.09198998748435544,17885460222141837902.mp4,61.485012656491556,confirmed positive #8 (slower screamer),0.711424139392872,2e7d3196f3a69ac3c730f06147de7202,normal,2.9380531501284586,0.6000000000000001,72.6704247683744,-3.8872834369965554,-0.949230286868097,2,-4.5434986921312,-3.9551001510876596,-3.3586527746382897,-2.9298005479267326,-2.6004752891108622,-2.27327953077634,-1.8341619310520125,/b/src/336291305/17885460222141837902.mp4,3.581928253173828,2.26842087548318,-64.62061174145128,-3.5189551415022837,61.101656599949,-3.9247094739005424,short-high-contrast-burst,0.8806484261302517,transition,-4.044013452242442,36.891621719150045,1.6666389220990885,86.6776236429433,35.379071170084444,70.93086550060313,81.78151387213511,0.8806484261302517,0.423587930569482,0.423587930569482,0.5589442271212212,0.55,-7.080066821969696,0.0,-18.857258619411784,2.171875,0.0001313348273987886,0.017589372547373305,ok,True,0.7915178555017629,95.41616405307599,28.70928829915561,95.05428226779252,95.29553679131485
4,431,,7.031220645755357,-2.9879808486360733,8.106677707327998,-8.213114569372646,-40.108451607093116,4.807813415359,2.0375386826528175,-2.9879808486360733,42.01949288219274,28.415279019953026,37.76573658936328,41.332723518724265,17.901000602378215,suspicious,11.697991417501584,transition,0.8124434576170478,transition,4.837,3.75,-6.1755758867198285,-4.813943299998726,0.8500000000000001,8.3375,1.124670386314392,0.9,0.013625448785724718,0.14205256570713393,17885474189950590427.webm,35.29450830709439,confirmed positive #9 (boosted cartoon scream),0.5721036280231917,a300aab2156ffb544fee1ec71ee33b0d,suspicious,25.57305946339699,2.6,27.29465921966988,-29.008946330301512,-3.4358868669045224,4,-44.322300035705545,-42.43638174503269,-31.835595480664928,-7.875634833730537,-4.602571698257609,-3.466526398693052,-2.0641474934379223,/b/src/336291305/17885474189950590427.webm,1.3790720701217651,29.93793374868671,-31.360349190368968,-5.067269192730666,26.2930799976383,-28.65959627896285,,0.0,transition,-10.318919347379818,7.128064169611253,4.951485770507487,25.73046875,6.0390625,13.549479166666668,20.165364583333336,0.8124434576170478,0.28255948766383243,0.28255948766383243,0.6167349261021662,0.0,-24.826248559563922,0.0,-40.27615920039302,0.0,9.148301579141974e-10,0.0013325534465133972,ok,True,0.8124434576170478,36.45833333333333,3.125,15.625,30.208333333333332
35,2620,30.0,36.22660067130617,50.78537355672351,36.523979104235906,-12.154129381238992,-33.58113436871544,18.335341122628073,-6.008531874143838,36.22660067130617,76.95896258024985,59.5667819674968,68.50902095427256,74.70654095367195,34.71625606925025,normal,16.263578226042178,transition,0.0,transition,35.5475625,8.25,-18.16266125538283,-6.643947912612498,0.35000000000000003,4.7,0.6749829053878784,0.7,3.387574849506875e-05,0.036921151439299124,17885426225650373621.mp4,26.937186456102943,provisional negative (user-reviewed thread),0.6091431521258565,508a4abcaede5706df9b7be1cadd8745,suspicious,22.116407845566897,26.900000000000002,67.2364206484981,-26.430369331066306,-4.313961485499409,4,-58.61932155405866,-42.22447388870525,-27.364055634487823,-18.327467985270044,-9.797134694304242,-6.937737662327861,-5.5163029430055746,/b/src/336291305/17885426225650373621.mp4,0.8012182712554932,23.107637996706472,-33.4680622246521,-5.964659072911548,27.503403151740553,-26.982907791513625,,0.0,transition,-15.462359954786686,27.18397674840838,0.9909214794218846,9.079841549295775,1.4105633802816901,3.351056338028169,5.874119718309859,0.738057984725841,0.4917207633870952,0.4917207633870952,0.5363854513670828,0.45,-4.537324872907654,0.0,-26.842605912565634,0.0,1.6401715203357742e-06,0.028442403204403957,ok,False,0.738057984725841,13.098591549295774,0.0,2.676056338028169,8.732394366197182
18,4785,100.0,39.62128767844044,18.360396144678333,30.35469176676416,-17.918898954328025,-35.696960775583996,10.678102526608782,10.412623431323265,18.360396144678333,59.20549546582868,55.655834371869446,57.242506180944844,58.541186203205534,28.909431094360635,normal,9.066376353477956,transition,0.0,transition,18.92425,10.3,-7.506275523004761,-6.025172258400721,3.0,26.187500000000004,2.675516366958618,1.0,0.1217440749437969,0.13642052565707133,17885468877441353320.mp4,29.671788517183273,provisional negative (user-reviewed thread),0.616030602925666,127f3ce1ecb8129dbc74f5e4629e45d5,suspicious,17.830343689695937,0.1,61.682508466071646,-18.14217180772666,-0.3118281180307218,4,-32.61910640618479,-30.773480707419843,-18.6679755803047,-6.3651907216883075,-4.2476539092806815,-3.0931304282819734,-2.2586543262225898,/b/src/336291305/17885468877441353320.mp4,2.675516366958618,16.650345763314355,-29.342477799614016,-5.468678271302135,23.87379952831188,-18.04603069964334,,0.0,transition,-6.390859986519337,15.83135480595018,1.8742419003856319,35.25611772486773,21.011739417989418,25.997850529100532,30.76554232804233,0.6301750352750299,0.12654402756590932,0.4439431173682656,0.36861074131848565,0.5,-29.488701822283637,0.0,-31.02230415403339,0.0,1.4821773806164657e-07,6.555862404398401e-05,ok,False,0.6301750352750299,47.08994708994709,4.232804232804233,22.22222222222222,39.15343915343915
127,12079,,23.27249739342072,12.141845209780628,12.141852069430934,-9.173158876307962,-23.590740311318676,6.1202379285681445,-0.444967350170014,12.141845209780628,81.08302979738201,63.56085728207175,81.95419064288164,80.16513149044111,39.34887454754748,normal,10.706164480524045,transition,0.6154336143440912,transition,127.9651875,108.45,-9.618126226477976,-5.026942162151258,3.0,23.90625,2.394386053085327,1.0,0.05715462878750992,0.07290362953692114,17885509617340308491.mp4,18.563798149167418,reviewed negative (legitimate loud phonk),0.5738961806106411,c2c02cfdc2a70001d484d8d5b0d647cb,normal,5.527546182071419,0.2,56.700530901217505,-7.996371996489854,-2.4688258144184347,2,-13.967096466274825,-11.197923519651113,-9.115472957445341,-7.34670533857998,-6.018730919956046,-5.43795598149933,-4.421162229081444,/b/src/336291305/17885509617340308491.mp4,2.967876434326172,7.167144429963486,-23.147534243282312,-2.986522691558548,20.161011551723764,-8.087594117873147,,0.0,transition,-7.738288046197873,9.07386475289513,2.045853520490749,50.17931809300508,10.223915592028137,23.135526572880032,36.99035267682689,0.6154336143440912,0.2593492531163381,0.3184901877527706,0.6716550014401161,0.8500000000000001,1.2943015675091927,0.15000000000000002,-9.199660096602967,1.93125,0.04349660986108914,0.06858732876351872,ok,False,0.6154336143440912,81.24267291910903,0.11723329425556857,9.691285658460336,48.18288393903868
315,14302,40.0,28.54376292667315,27.60843437003162,34.982715554624434,-7.948096593779227,-30.93490238748356,11.43539978899949,-4.187588760204352,27.60843437003162,70.49901807020873,52.905993813688696,57.598824092028636,84.26852792790321,26.894571429239264,normal,12.508449684932422,transition,0.0,transition,315.8378125,171.0,-12.135685353983579,-8.692702562261047,0.6000000000000001,3.16875,0.47888514399528503,0.9,0.0035854525996304506,0.07196495619524405,17885435948040353808.mp4,22.242199825222514,provisional negative (user-reviewed thread),0.6044788810873905,d13994148a487a14843efd1989edc737,normal,10.142425698598831,0.1,52.87554151467533,-12.57235968090865,-2.4299339823098185,2,-26.38712838671951,-19.773822957327166,-13.640484435864659,-9.46135254771594,-6.887110370668622,-5.633396825351479,-3.852871738235238,/b/src/336291305/17885435948040353808.mp4,1.5160179138183594,11.748531562250061,-31.279555346089253,-8.257953757461575,23.02160158862768,-13.761060302620484,,0.0,transition,-10.992431771114063,16.954123727170643,1.3119050080764252,25.80890793223559,4.042788157061431,9.531566656111464,17.015941656111462,0.5790559398563558,0.308333234252457,0.5194504743186699,0.4172430070645532,0.45,-4.9467215135516005,0.30000000000000004,-6.399007561192135,2.5875,0.20183605398939686,0.04205913185639805,ok,False,0.5790559398563558,40.81697276757442,0.30082330588980366,6.380620645978468,22.007599746675112
16,5918,60.0,58.88323034620748,59.890354129355444,72.62553664060253,-27.436239086180098,-63.80245076036538,25.41120923005662,19.928821034914964,58.88323034620748,81.51447039552434,53.36837534061827,81.86444750462393,84.77186482182255,30.1276819573243,normal,15.909273874700451,transition,0.0,transition,16.182875,8.3,-7.507418051265133,-8.487069857600545,0.35000000000000003,0.0,-2.056027412414551,0.6,0.06047440522947699,0.0869837296620776,17884645516630740148.mp4,55.315380902764836,provisional negative (user-reviewed thread),0.6686501280844795,697a100fe7928307f7f9a6860dac5b86,suspicious,43.266886860542,0.6000000000000001,59.87400969266133,-48.32111003383602,-5.054223173294021,4,-90.0,-90.0,-61.897255622215376,-24.615422221059053,-9.758167680152335,-7.46174396479623,-5.854398116725396,/b/src/336291305/17884645516630740148.mp4,0.006878801621496677,57.2882572104418,-61.087375551311524,-8.208528920446037,52.87884663086549,-60.02989013216437,,0.0,transition,-15.902395073078955,37.67465880448194,1.4682384036928364,9.412538699690403,1.0013544891640866,3.5323142414860684,6.625,0.5506263062429746,0.24956806497434167,0.24956806497434167,0.6808573964914072,0.55,-11.305160700137812,0.2,-16.346891491830455,0.13749999999999998,0.001050311806900394,0.0026976341299817666,ok,False,0.5506263062429746,13.003095975232199,0.0,1.8575851393188854,8.6687306501548
5,719,10.0,25.556730510417793,21.870023898949693,21.527852119606862,-7.774869778006016,-21.490113218853416,4.719951809161753,11.095578012550396,21.527852119606862,32.02121911822098,31.282038861828845,31.624477911053223,31.288726627907536,22.179489612835297,normal,14.239831930719516,transition,0.5232093079174049,transition,5.638125,4.1000000000000005,3.3207082345443806,-2.907248450612832,1.0,10.6625,3.1560637950897217,1.0,0.365590436678879,0.5481852315394242,17885470130240080562.webm,18.582864768240583,provisional negative (user-reviewed thread),0.48789471885209024,57ddb4bf2df2e950c7a2cc0d43cb8813,suspicious,15.28737445655505,4.0,19.86832315031587,-17.717764867342716,-2.430390410787666,3,-29.342577357506816,-23.082390545983337,-17.839497725909528,-9.328514256521181,-3.368874630836403,-2.8305525767623365,-1.7871022431651293,/b/src/336291305/17885470130240080562.webm,3.1560637950897217,16.11493589839624,-21.88266972408143,-5.659414776843123,16.22325494723831,-18.013595305442962,,0.0,transition,-11.083768135629795,6.9978005522632145,2.6555293523235024,19.782924107142858,5.152901785714286,9.190290178571429,13.457031250000002,0.5232093079174049,0.08145378093062053,0.24822242277369877,0.5623918551678375,0.65,-5.854953689997194,0.0,-16.742539600409543,0.0,0.00040259444345062555,0.003508661719028889,ok,False,0.5232093079174049,26.785714285714285,8.035714285714286,18.75,25.0
315,11399,,-17.526329858603255,-35.14023007515793,42.82001289206788,-5.6755617539886885,-45.06763571205306,0.9658933491706492,-2.4940324157728924,-35.14023007515793,73.8353327029736,74.46042447354813,69.29303829124412,69.22388034275274,38.335531094517904,normal,19.816699594815965,transition,0.0,transition,315.1049375,199.45000000000002,-8.16959416976158,-7.524806157410886,0.8500000000000001,0.0,-4.019516944885254,1.0,1.2167096805161185e-10,0.1251564455569462,17885451791600109942.webm,37.542829554642175,provisional negative (user-reviewed thread),0.6141217414148217,6c3fea2279305e01d16759d5ef66756b,suspicious,23.372041027383325,0.1,50.32968297663069,-26.65012607544467,-3.2780850480613455,4,-49.756882836525826,-41.985431219306285,-27.655954651802354,-19.021725889257517,-13.594948975585089,-10.171661009651146,-7.468138388291195,/b/src/336291305/17885451791600109942.webm,2.004746198654175,24.518974972859873,-44.8183287086407,-7.470746119149071,37.34758258949163,-27.979923527064347,,0.0,transition,-17.81195339616179,2.0,18.771414777321088,7.4332751507457955,0.05835449063789273,1.8027015233259285,3.3374920660107903,0.5183548372537264,0.0023463909392354445,0.5006510795347773,0.9590803402579665,0.15000000000000002,-10.807461954393656,0.0,-27.229177483500962,0.0,1.2224974780857122e-06,0.0033730528091641954,ok,False,0.5183548372537264,5.585528403681371,0.0,0.0952078705172961,4.63344969850841
59,4939,170.0,42.39305195478335,45.92407332186167,48.855682433390086,-11.76326796779143,-55.40468750856812,2.608030459689264,-0.39267087080015806,42.39305195478335,49.33058867234968,43.68873729961556,44.299211790102305,44.745013674095766,24.87622265085015,normal,16.06476730759754,transition,0.0,transition,59.0948125,3.95,-12.155938838591588,-9.726431259508507,0.30000000000000004,0.8250000000000001,-0.2374357283115387,0.7,0.0005756080907687532,0.07008760951188986,17885438846322078161.mp4,45.67825624905961,provisional negative (user-reviewed thread),0.5743511589485698,74cbefe8f3425e031f788c3488842b59,suspicious,12.297725078444595,54.1,42.61176371861896,-18.45837528527481,-6.160650206830214,3,-53.4265990066563,-34.737304590964214,-20.946279267171036,-14.868829030671012,-11.557109358016499,-9.833641763249277,-8.033751722449578,/b/src/336291305/17885438846322078161.mp4,0.2991768717765808,15.789125299141691,-53.81440483460149,-9.135236892736176,44.679167941865316,-20.843238056118942,,0.0,transition,-15.765590435820958,3.8666659595353026,11.813344293787726,11.611981371718883,0.4567104149026249,2.081498729889924,5.865950465707028,0.507926921891382,0.4596158414058085,0.4634364504664161,0.6460651912505238,0.75,-11.81578607694194,0.0,-13.43837979049664,0.00625,0.0023242692060998224,0.0011250080238587867,ok,False,0.507926921891382,11.43099068585944,0.0,0.0846740050804403,2.7095681625740897
189,14720,50.0,11.791580363795935,37.56637456339824,21.671331679302273,-7.3662162276256264,-30.27738490383589,9.688466868586053,-8.504667267299931,11.791580363795935,59.43664390316102,40.586512179053756,50.761527147966405,54.51683396177502,23.488465560077383,normal,16.516728245662797,transition,0.0,transition,189.916,117.15,-15.870883494925557,-8.933223325472326,0.35000000000000003,0.08750000000000001,-0.485569566488266,0.7,0.0006901973667349166,0.045682102628285357,17885273828540344759.mp4,21.344161578363565,provisional negative (user-reviewed thread),0.5750330519060931,846bd3b480797114a60efe5abe148435,suspicious,13.588680101983591,50.900000000000006,52.683375806303246,-19.425376282348417,-5.836696180364824,3,-53.67602347273164,-32.748663816105335,-22.08946133037765,-14.923077599728362,-11.776174387940392,-10.288398528246006,-8.058732567036438,/b/src/336291305/17885273828540344759.mp4,0.5412914752960205,15.943715153252885,-30.793967869593537,-8.332494150805275,22.461473718788262,-21.83039980921216,,0.0,transition,-15.975436770366777,14.364120979365682,1.48593579857931,11.304304897314376,0.27493088467614535,2.0809801211163768,5.838286598209584,0.4710117606810188,0.25849006934340996,0.48161638502168364,0.6545617076391516,0.2,-17.229032078351004,0.0,-58.597236677116655,0.0,3.86211430911101e-14,0.0027488994488320453,ok,False,0.4710117606810188,11.084781463928383,0.0,0.0,2.3433385992627698
9,726,50.0,34.89542714875246,33.63361786745965,24.88792360454641,-6.635285884850417,-53.368833197265104,1.3220637394437489,-1.6349182835904177,24.88792360454641,48.96189536671779,29.614030298029792,37.10218004827756,51.948242787325924,16.686570508064538,normal,14.179746751045837,transition,0.0,transition,9.719,1.85,-8.270204168440834,-9.636405684684284,0.30000000000000004,0.0,-3.710354804992676,0.5,0.0029502088418913346,0.12202753441802253,17885460221690614304.webm,43.73242751258082,provisional negative (user-reviewed thread),0.509858962312674,15fe55ac759e8e6f103eedcf6eb7af92,suspicious,27.228044441880165,2.0,44.482886811921176,-34.327811694539896,-7.0997672526597295,3,-54.53795798482708,-52.01505642590245,-36.705009104478194,-20.771747815863172,-12.253331339687572,-9.132111000251781,-7.938266632848299,/b/src/336291305/17885460221690614304.webm,-3.632025718688965,30.102984333337158,-53.85710262134133,-9.895573074413083,43.96152954692825,-36.509984684252686,,0.0,transition,-17.8117724697348,2.0,21.86621375629041,7.0367268041237105,0.0,2.1591494845360826,4.555090206185567,0.4669784866864908,0.2895113368001473,0.3144132096428146,0.6578366605440737,0.9,-6.488482765196968,0.0,-53.148589270962106,0.0,8.248559219601762e-13,0.014111202921072052,ok,False,0.4669784866864908,9.793814432989691,0.0,0.0,4.123711340206185
118,18658,240.0,15.834448192219508,25.268449573065332,6.998412118148742,-10.627434355295543,-27.243830693355527,7.096626669141266,-7.774792247108744,6.998412118148742,36.55259479515401,52.14104728946064,52.25243171387706,47.75556401036578,40.10008215887941,normal,17.988088915681292,transition,0.0,transition,118.25925,116.55000000000001,-18.402226602404287,-9.109305618807706,0.35000000000000003,0.0,-1.027130126953125,0.7,0.0007171465870087919,0.033166458072590735,17885112981440130444.mp4,18.13452507454782,provisional negative (user-reviewed thread),0.5703556256061496,1d9f5a353523bcdc3fb9fcbec172dda5,suspicious,20.26766206573807,62.6,29.92481132466319,-27.670192137550945,-7.402530071812877,3,-42.483387950897516,-35.980306812809104,-29.036996817212728,-18.558153655367825,-13.643083050336651,-12.139693538325394,-9.817087243239115,/b/src/336291305/17885112981440130444.mp4,-0.5443544983863831,21.981671102768264,-26.78360254829846,-8.419146693334941,18.36445585496352,-28.55011486950822,,0.0,transition,-18.532443414067675,10.52145869966884,1.7235751802284411,6.364614164904863,0.07349365750528541,0.8029598308668076,2.856316067653277,0.4432340366716596,0.4152022155450946,0.4508234042273584,0.6204172122817019,0.4,-14.835317740563283,0.0,-17.589221261021176,0.0,0.0002408104694986394,0.002457737756102203,ok,False,0.4432340366716596,4.312896405919662,0.0,0.0,0.507399577167019
51,7460,80.0,1.8891473933292104,4.318753740829198,9.306459716037292,-12.223223756652507,-26.972891004471656,4.628863339979803,-0.6950014882820543,1.8891473933292104,78.26182647795204,78.89155678261716,81.63096759021865,80.37401883366724,42.86471430160232,normal,17.990034390591358,transition,0.0,transition,51.5526875,45.5,-12.918225244934561,-8.192367949168204,0.30000000000000004,5.2625,0.2564195394515991,0.5,0.0018891723749811854,0.0625782227784731,17885462939063405203.webm,18.78052305530345,provisional negative (user-reviewed thread),0.5851931130769857,7da4e9afc92b83fb70ab5e4e4a5107f3,suspicious,22.81725913329064,7.4,77.55406215200534,-27.524549730510373,-4.707290597219734,4,-42.33882640886458,-37.78992713219301,-28.692968931222744,-19.55405739946368,-13.977000253692834,-11.923107398263383,-6.557587795586477,/b/src/336291305/17885462939063405203.webm,0.6127081513404846,24.422397534427372,-27.227274630758835,-7.534743220006501,19.692531410752334,-28.380037247629332,,0.0,transition,-17.377326239250873,6.862752787854056,2.7365874359545472,6.833959747817653,0.5091537342386033,1.5937196896217265,3.6944107662463628,0.42411381430259787,0.23220075591119324,0.5058995658709452,0.6049161135891316,0.9,-12.390112049962188,0.0,-27.312440083471074,0.0,1.1599855157797211e-06,0.00392182411007143,ok,False,0.42411381430259787,5.140640155189137,0.0,0.7759456838021339,2.3278370514064015
57,11647,160.0,44.459197705914406,47.632358307475705,54.550423598064505,-17.334413945557287,-67.257046725735,2.86752115961815,4.717002018638993,44.459197705914406,61.94650128103139,39.260870674493184,46.05474008533845,61.079550472305314,29.18426100099424,normal,23.47673176519219,transition,0.0,transition,57.05,37.75,-12.617411926918294,-10.062045389583421,0.4,0.0,-2.163022041320801,0.7,8.597061316790938e-06,0.06758448060075094,17885314060170751225.mp4,57.19500133615158,provisional negative (user-reviewed thread),0.5138549122180721,f240604a77413c89919564b3e8a9a131,suspicious,46.00397061997394,2.5,48.750116658615795,-53.786439156414474,-7.782468536440531,3,-72.15829905604213,-68.24848893995598,-57.150178957196275,-36.114719748889,-22.893092613242548,-16.421361777576355,-9.290317005599627,/b/src/336291305/17885314060170751225.mp4,0.4867413341999054,49.932799053227875,-63.30400387590535,-9.327260119699204,53.97674375620615,-54.66054588082696,,0.0,transition,-22.989990430992286,4.251386871249869,13.453257270688416,2.0806310254163014,0.008764241893076249,0.44927695004382123,1.1862401402278704,0.422240644724296,0.18328760000920807,0.19573119813663128,0.5391744341698963,0.9500000000000001,-12.386032694684147,0.0,-63.30421857247032,0.0,2.9170399429983134e-15,5.155922336372193e-05,ok,False,0.422240644724296,1.7528483786152498,0.0,0.0,0.7887817703768624
3,1072,,17.64415479566135,9.084454749480038,13.421953479554979,-9.818991523682339,-11.913608954783038,4.502329305114957,4.1052223686013045,9.084454749480038,40.99310357121479,52.03607703143695,48.4402188168404,51.80403370190335,41.257520600512414,normal,9.25292694621334,transition,0.0,loud-start,3.784875,3.25,-5.713769155081034,-3.7146800742879864,0.1,17.4625,1.280969500541687,0.3,0.05683529022005576,0.152377972465582,17885486943020975149.mp4,8.198928880495052,provisional negative (user-reviewed thread),0.4939704428169192,1e2e417c23d64791ae2805c62beb19ad,normal,8.85690911533044,0.1,21.178430187585327,-11.16581972119128,-2.3089106058608397,2,-18.188340450902423,-15.166701444633752,-10.224137731129101,-4.5389955830425635,-3.131210216812698,-2.675119226175403,-1.8285805710382819,/b/src/336291305/17885486943020975149.mp4,1.7000360488891602,9.047242444117227,-12.040145970838225,-4.150672485174108,7.889473485664117,-11.039483870612399,,0.0,loud-start,-7.552890897324178,6.675153427763434,1.2282757196851686,39.721666666666664,13.968333333333332,21.049166666666665,29.35333333333333,0.4199660900484503,0.1318716284656192,0.27564128496696194,0.5058347359041332,0.30000000000000004,-11.131993414960235,0.45,-4.432594004004965,9.9875,0.4199660900484503,0.0032695323013243478,ok,False,0.03961499723788849,57.333333333333336,9.333333333333334,33.33333333333333,44.0
48,13079,,11.521911917331098,18.250364431574074,4.4035224043335415,-9.65680884572537,-25.77200142575291,0.6911922839444529,-4.1027426373111435,4.4035224043335415,56.32813803859273,44.835065555684984,44.970083111412286,49.874232520867736,33.07872697282228,normal,16.87857337307552,transition,0.0,transition,48.994125,18.55,-13.759551483036514,-8.96744682297723,0.55,0.03125,-0.7730197310447693,0.8,0.0020534780804433847,0.056320400500625784,17885273829631262367.mp4,16.80455460277568,provisional negative (user-reviewed thread),0.5283093292252717,3f8c323431b8d61c89cea5bb60dc4512,suspicious,16.96113866402755,0.1,26.95321059714329,-23.421254649486492,-6.460115985458942,4,-28.184982724764282,-26.556343876001158,-24.835588371461427,-19.314113166631714,-12.671137917510265,-11.042878622396433,-8.99398087263959,/b/src/336291305/17885273829631262367.mp4,-0.557374894618988,18.148334049814682,-24.542316801914033,-8.357544384500303,16.184772417413733,-23.76008855504675,,0.0,transition,-17.435948267694506,2.0,8.40227730138784,7.067160367722165,0.23691266598569968,1.3592313585291114,3.744956588355465,0.40382158357790804,0.2841750974049187,0.4002173027844554,0.6653148965857891,0.7000000000000001,-11.592423701313724,0.0,-11.518649539619963,0.0,0.006432699063668353,0.002748655827476044,ok,False,0.40382158357790804,8.273748723186927,0.0,0.0,1.0214504596527068
90,9105,110.0,14.611899706600983,19.15483192711508,25.908280525246944,-10.109691877225671,-28.47618346851735,3.8590967951369155,-1.202121682188313,14.611899706600983,42.40334948890552,38.80396172224265,45.35485310654801,41.86487950765978,33.121077167393,normal,13.452252413058883,transition,0.0,transition,90.2719375,78.15,-11.311813559413984,-8.362764840412533,0.35000000000000003,3.23125,0.9552167654037476,0.6,0.004055142682394493,0.07947434292866082,17885388663101779088.webm,20.113418628104817,provisional negative (user-reviewed thread),0.5378890212000937,9a576ee804b569c17e4066c53fd148b0,suspicious,14.433211685007487,81.80000000000001,23.509604273702386,-15.413001915347174,-0.9797902303396857,3,-26.755701451175952,-21.77191570500395,-16.659258063060115,-12.197296666768379,-7.658585758849957,-5.4805491242049,-3.375307106515024,/b/src/336291305/17885388663101779088.webm,1.7140376567840576,15.481488317544152,-28.159509885218473,-8.276705417924143,19.882804467294328,-15.732662876237939,,0.0,transition,-11.738214756274825,5.721496908469991,3.5154119542264035,20.845775623268697,3.525450138504155,7.129674515235457,12.807790858725761,0.39886027539933205,0.09038529050716583,0.40456752959916,0.5417353700976238,0.2,-8.498412387512689,0.0,-16.133855444460586,0.0,0.0005492512650243236,0.0010081658363042829,ok,False,0.39886027539933205,24.210526315789473,0.554016620498615,5.983379501385041,13.518005540166206
334,15100,20.0,-3.0103677988914725,45.87656144041273,22.55268360452155,-5.25640861210117,-31.812399521081048,16.523517138789042,-25.073023026253274,-3.0103677988914725,53.792861724956786,44.64646426901228,48.7365812098293,50.82082411542487,23.0285731583553,normal,20.058486780579635,transition,0.0,transition,334.553125,330.55,-30.329431638354443,-10.737493657257053,0.35000000000000003,5.6000000000000005,0.1553248167037964,0.8,5.5622755707792425e-09,0.0050062578222778474,17885539046520516908.mp4,21.074905863823993,provisional negative (user-reviewed thread),0.5737015972861577,517cf50d9d8a8ab6ef365250011f61fe,suspicious,17.534636941977872,96.9,46.9646729749891,-22.283146335791358,-4.748509393813486,4,-44.016335878723936,-32.19412793464956,-22.898500071325156,-17.736917204678917,-14.416185411666621,-13.140642823009788,-11.507571781260108,/b/src/336291305/17885539046520516908.mp4,0.1553248167037964,16.30161236135674,-32.85338557887529,-5.476695606362329,27.376689972512963,-23.389741095325036,,0.0,transition,-19.90316196387584,24.497766509968635,0.8602786648018785,3.9389665221939922,0.0277705126289045,0.28543005529816173,1.3621375728590643,0.3955694590427785,0.37340161440165254,0.37340161440165254,0.8829725882122287,0.2,2.060613285671478,0.0,-16.703238390630695,0.0,0.00046942076393400667,0.180350743366673,ok,False,0.3955694590427785,1.748617545957256,0.0,0.0,0.029890898221491553
7,361,,-12.106546497332268,3.928798647803049,12.165454499290547,-21.909118911038245,-9.899151522807479,2.5565017074874996,-1.0046569534044743,-12.106546497332268,9.35628928747212,9.68319480205413,11.900213234937507,10.304765046146436,6.170398370495068,normal,6.993063033129265,transition,0.0,loud-start,7.7090625,4.6000000000000005,-22.91377586444272,-5.535857350809418,0.0,5.8500000000000005,-0.44173747301101685,0.0,3.216337752856844e-06,0.02002503128911139,17884653002620347031.mp4,4.363294171998061,provisional negative (user-reviewed thread),0.4576160710852414,682f7edb58bd0860e4c1771dc17cc041,normal,4.110237252815926,6.4,6.440388511299752,-7.87421344192476,-3.7639761891088335,1,-16.43877730093201,-12.300078387614018,-9.451791608834148,-6.229478342053392,-5.165155723129814,-4.816006400399173,-4.255050198580938,/b/src/336291305/17884653002620347031.mp4,-0.3435734212398529,5.238605938001817,-8.965834387598388,-4.5209868788702305,4.444847508728158,-8.334149002085027,,0.0,loud-start,-7.336636454369118,3.790269431520967,1.1511831152982572,50.80275974025974,14.57913961038961,27.313717532467535,38.966314935064936,0.39426193592685904,0.2461158316309568,0.25404207420569896,0.12874347774829756,0.9500000000000001,-22.837627274606596,0.7000000000000001,-5.571473674523734,4.125,0.39426193592685904,2.557104793649008e-06,ok,False,0.007299905573149738,72.07792207792207,0.0,22.07792207792208,45.45454545454545
31,9943,,49.751142960725744,38.86348575423193,64.22848167521263,-31.750137914872447,-40.946616871694005,8.755653690051059,21.060224490686654,38.86348575423193,51.65146912142439,31.318406789087,34.30382469649739,41.39661737166338,17.55881101261224,normal,10.00988710622369,transition,0.0,transition,31.90425,1.8,-10.689913424185793,-11.641346267770977,0.55,0.0,-1.3637899160385132,0.9,0.005481944406339029,0.07196495619524407,17885477408420010783.mp4,29.305270603923027,provisional negative (user-reviewed thread),0.4936359003866446,4b806ffa6242687535bcc98be1078f10,normal,3.5810774398062915,0.1,29.895648581026123,-10.068990693799584,-6.487913253993293,2,-16.068488749930797,-12.648087742130523,-10.8486843047062,-9.69041606454609,-9.116431868097646,-8.787303135946809,-8.292720997049052,/b/src/336291305/17885477408420010783.mp4,-0.21503856778144836,3.535359755222058,-31.875449758799036,-10.257697338886501,21.617752419912534,-10.150744119999183,,0.0,transition,-10.224925674005139,12.981132160869699,2.2575280985321746,41.50558385579937,1.962480407523511,11.536833855799374,26.317692006269596,0.3941193261249361,0.39150817831183654,0.39150817831183654,0.5186030710495386,1.0,-5.771274929836379,0.0,-16.446878425832907,0.0,0.0005221331562346742,0.07836077081360272,ok,False,0.3941193261249361,67.86833855799374,0.0,0.0,8.150470219435736
46,3713,50.0,25.979319835331342,10.330253933683125,27.658726531937,-12.675209695002167,-25.955838074117082,9.57532592782337,3.7990304288381207,10.330253933683125,54.64810723364355,47.769300984276015,46.59725420079745,52.16779239307771,31.118943046335218,normal,20.18589416313038,transition,0.0,transition,46.7185625,19.1,-8.876179266164046,-8.377088013322009,0.75,6.16875,1.6936832666397095,0.9,0.039378095214088624,0.07384230287859825,17884614765970273317.mp4,17.578750060795073,provisional negative (user-reviewed thread),0.5435781567998506,aa0eaf1943f7964bba2950be13b2be95,suspicious,18.67362620068071,0.1,29.228135931844346,-21.707218401606045,-3.033592200925335,4,-44.33250850802037,-37.10115042435492,-22.95517108398864,-18.04140703762017,-15.821818655342023,-14.407710227177994,-8.273486497071781,/b/src/336291305/17884614765970273317.mp4,1.6936832666397095,20.307394634536422,-27.05196366321298,-8.070918199068496,18.981045464144486,-23.13495128804079,,0.0,transition,-18.492210896490672,14.196378220590926,1.238255968363694,4.839199678800857,0.34809957173447537,0.8097564239828693,1.7715471092077089,0.38814317921624986,0.12214610261311729,0.22655532863239525,0.3142569218368232,0.25,-9.484083140163996,0.0,-19.441733763095694,0.0,8.910744956432732e-05,0.002530070967842202,ok,False,0.38814317921624986,2.462526766595289,0.10706638115631692,0.7494646680942184,1.284796573875803
118,8893,,38.125135896660666,28.65873840808166,31.962792173675552,-8.326131724601407,-46.40227799127686,2.014467998406605,3.9741058180172493,28.65873840808166,45.46019680759696,40.44733796734851,46.876845494879674,45.04733399400662,21.66675977354744,normal,19.597965693930313,transition,0.0,transition,118.5364375,16.55,-4.352025906584157,-10.12698366987387,0.30000000000000004,0.0,-1.114982008934021,0.5,0.014465258798305783,0.17897371714643304,17885479527960800698.webm,36.275294321402995,provisional negative (user-reviewed thread),0.5709583365062489,4881dc317a75ca57f39d6585fc0c70dd,suspicious,30.3225896588562,77.2,39.91069660769908,-36.16412786710861,-5.841538208252412,4,-50.32669581813455,-48.13483385760059,-38.32199818742663,-17.902116474531056,-12.627175620805065,-10.900623285742485,-7.290412582755988,/b/src/336291305/17885479527960800698.webm,1.1435620784759521,33.955870016099226,-46.40607438793681,-10.82918456275702,35.57688982517979,-38.66002334204116,,0.0,transition,-18.45440361545436,2.9866502544376328,12.145812609797327,5.958095991561181,0.25806962025316454,1.0251582278481013,2.843934599156118,0.38737349084899786,0.2015349726856004,0.27609760160852936,0.7241265320432738,0.2,-8.996482126296891,0.0,-47.875730440898806,0.0,1.52723501721418e-11,0.0359539307674628,ok,False,0.38737349084899786,7.890295358649789,0.0,0.42194092827004215,2.320675105485232
150,13333,40.0,19.05238472717449,18.535649581633628,31.55526040892469,-12.146535753920018,-28.54744083900525,8.41782545673519,1.811101640027184,18.535649581633628,49.010230769862915,33.10030008547832,38.970310829294405,37.96428028601595,21.96167125715065,normal,17.64613846378613,transition,0.0,transition,150.2215,56.35,-10.335434113892834,-9.413785161231035,0.30000000000000004,3.375,0.3713388741016388,0.5,0.003157409954163419,0.0869837296620776,17885505535880674341.webm,19.133655677774215,provisional negative (user-reviewed thread),0.5752770415741928,496ee8c8484e141598e5a8b0cef338f1,suspicious,16.362024079438743,0.9,33.36294130951834,-21.162427800879964,-4.800403721441221,4,-40.37926879705498,-33.519887789694124,-23.33148203053329,-17.037908018152006,-12.406331699334526,-10.177132404589976,-7.375809292983129,/b/src/336291305/17885505535880674341.webm,0.805889904499054,20.09643089677736,-30.420926685089142,-9.050339563534076,21.37058712155507,-23.823171642020334,,0.0,transition,-16.840248559287076,12.480268022155593,1.5331125616699253,6.927180426098535,0.7827063914780293,1.92073069241012,3.8763315579227693,0.3804706375353714,0.24800613776657707,0.2686011360354897,0.48503025133141836,0.7000000000000001,-8.247307657838011,0.0,-22.30783659537207,0.0375,1.9105733328310742e-05,0.01895685984895301,ok,False,0.3804706375353714,8.988015978695072,0.0,0.1997336884154461,3.062583222370173
31,3741,,48.7302778298947,38.81178678187253,63.34372384565472,-32.11959314534792,-41.946692980110804,9.260461379867166,21.143610751615746,38.81178678187253,51.2978730648197,31.240346662984848,40.24900159958108,46.489287772105214,17.481690796424573,normal,11.633052734723359,transition,0.0,transition,31.412,1.85,-10.975982393732174,-11.925154415421797,0.55,0.0,-1.1493979692459106,0.9,0.001089661748088487,0.06946182728410513,17885520777470979078.webm,30.021538564689006,provisional negative (user-reviewed thread),0.5057909900637022,42b6f2bf2d3abcdd61938f80e3f0bc8f,normal,4.182698354013093,0.1,42.05483994211119,-10.544329697906779,-6.361631343893686,2,-15.732990281286947,-13.017316191931457,-11.307716429785176,-10.320249469781498,-9.598088125289703,-9.226285044969979,-8.666910489323145,/b/src/336291305/17885520777470979078.webm,1.0537729263305664,4.047315975070682,-32.93580125680206,-10.535054554971842,22.400746701830215,-10.63322882539454,,0.0,transition,-10.579279808392792,13.72956004179106,2.186635148781695,39.85300557324841,1.3312101910828025,9.842257165605094,24.328523089171973,0.37103973815825175,0.3945864732040599,0.3945864732040599,0.5271213209073679,1.0,-9.177864484417526,0.0,-36.45868104001661,0.0,8.089646241912604e-09,0.03234627731174865,ok,False,0.37103973815825175,60.98726114649682,0.0,0.0,3.0254777070063694
4,511,50.0,32.07299019639427,40.307981100532864,35.78468320951193,-2.921053790966624,-40.749460494591226,8.35366191264293,-2.797559744886581,32.07299019639427,54.89112188201072,32.57047247610946,55.093144375270256,55.557214173936934,23.77245599299694,normal,16.81010197207815,transition,0.0,transition,4.853,3.2,-5.718613535853205,-11.318840094496231,0.30000000000000004,0.0,-2.542428731918335,0.6,0.004591603541601788,0.14643304130162704,17885536234410345072.mp4,29.430620400094995,provisional negative (user-reviewed thread),0.46155882643039625,e0d6e6b799bb7dfa1f3224aa81ea6597,normal,13.609671508274245,3.2,33.34418389899457,-24.17249887248625,-10.562827364212007,1,-48.83635877430383,-47.84895601291146,-26.043197216146254,-13.958305061086447,-11.530254109720572,-10.975182074707272,-10.303604660450233,/b/src/336291305/17885536234410345072.mp4,-0.7080947756767273,15.926283153327995,-41.38184704360535,-11.685493185729484,29.696353857875863,-27.24174207627703,,0.0,transition,-17.518196747754878,12.385139151684408,2.376285000890956,8.925257731958764,0.024484536082474227,0.6894329896907216,3.8943298969072164,0.3689445629604288,0.4062503756789236,0.46155882643039625,0.6725382386687208,0.9,-0.805172806770057,0.0,-13.00157214046737,0.0,0.003183404219601341,0.016605901780947382,ok,False,0.3689445629604288,15.463917525773196,0.0,0.0,0.0
10,1540,70.0,13.37770362296048,28.235021432782954,19.879017981036576,-13.231751668628458,-31.61369076330678,4.529363858077151,-3.19601959582592,13.37770362296048,25.61127463966766,25.590143815245963,26.16136787263615,26.26766520157303,13.163021824782675,normal,18.183920022444884,transition,0.0,transition,10.9830625,8.35,-16.42777126445438,-10.187212546439293,0.4,0.11249999999999999,-0.8731090426445007,0.8,0.0028553272589580646,0.052565707133917394,17885339095971563060.mp4,21.426478216867487,provisional negative (user-reviewed thread),0.5200076078816742,01678f728e31b553ac71db301e746901,normal,17.974550407609808,2.7,19.966433853226526,-26.89265367152459,-8.918103263914784,2,-36.89389608303814,-33.50259888895074,-29.317977560080358,-22.444704642681486,-14.659874495838807,-12.68641647527588,-9.693325239363341,/b/src/336291305/17885339095971563060.mp4,-0.8731090426445007,19.75774376566783,-27.71523822994493,-9.37470985064175,18.34052837930318,-27.60599260960488,,0.0,transition,-19.057029065089385,6.715234855985183,3.190726560779986,4.70148401826484,0.2134703196347032,0.9126712328767124,2.348173515981735,0.34686757850001204,0.13023203690656665,0.2615123945379332,0.5714755847513673,0.8500000000000001,-8.110160379351974,0.0,-30.78657550391982,0.0,1.8414419808048024e-07,0.031110718425840473,ok,False,0.34686757850001204,5.0228310502283104,0.0,0.0,0.0
23,6565,30.0,-18.833926078948146,-3.956441294835157,-13.10083029935804,-7.321483268219844,-18.237338742593835,5.4177500829426615,1.8329719972790608,-18.833926078948146,20.130757363041006,19.907582233199093,22.01008972291269,23.81922481368568,12.319322406817694,normal,16.54132709098109,transition,0.0,transition,23.0153125,15.850000000000001,-5.4885112709407835,-5.6403452407516825,0.5,5.33125,1.5846338272094727,0.9,0.026295420763220327,0.14080100125156447,17885461921933736571.webm,12.596993501842153,provisional negative (user-reviewed thread),0.5757819164608099,8ec12781bbf1424b2243ba60c6b4007e,suspicious,14.996365581397718,2.5,17.3977873536965,-18.07073457256009,-3.074368991162374,4,-25.959456264007095,-22.432472524494614,-19.43676009182598,-14.320089585324096,-8.277111386508988,-6.365303539250307,-2.9591541930830263,/b/src/336291305/17885461921933736571.webm,3.257573127746582,17.742003109275203,-15.986082758369424,-5.646224835415664,10.33985792295376,-18.341817068242033,,0.0,transition,-13.283753963234506,8.03235627297079,1.5682812208207892,14.840625,1.9,4.835597826086956,8.795923913043477,0.32028915854600426,0.43030244879258883,0.48620427127486215,0.5691587010488292,0.65,-5.87531507748715,0.0,-19.890604133021974,0.0,7.644328271264938e-05,0.045571650982887846,ok,False,0.32028915854600426,18.913043478260867,1.3043478260869565,3.6956521739130435,12.608695652173912
30,4789,,76.95058814368774,83.4962020778561,85.10195929460845,-2.2429890177152725,-90.0,0.0,-0.9425402954887501,76.95058814368774,80.00891664130569,75.67589632752795,78.02433548577594,78.02433548577594,39.301464003367585,normal,11.800151089051045,transition,0.0,transition,30.1226875,1.1500000000000001,-3.1855293132040226,-11.679149564352356,3.0,0.15625,0.12692919373512268,1.0,0.18195912175793416,0.22058823529411764,17885492880770334711.mp4,78.32085043564764,provisional negative (user-reviewed thread),0.4749097223932835,f8f5350a765ce37ff3a5e8782b9ae8b5,normal,2.0830787607350274,0.6000000000000001,78.63707461297545,-10.035559953951294,-7.952481193216267,2,-12.003676910637736,-10.80690119967427,-9.853913555744008,-8.956139964847766,-8.326192424067429,-7.909721754553719,-7.316826867422423,/b/src/336291305/17885492880770334711.mp4,1.6504449844360352,2.9602843101835994,-90.0,-12.61904482252058,77.38095517747942,-10.420831591353213,,0.0,transition,-10.14970610461501,2.0,39.16042521782382,40.32661960132891,2.8129152823920265,11.095930232558139,24.716050664451828,0.2931462394781296,0.08639774812511618,0.12637967554751442,0.4680380102778396,0.6000000000000001,-5.188403074963427,0.0,-13.746197997277278,0.078125,0.0022878963797276263,0.08817101357734394,ok,False,0.2931462394781296,89.8671096345515,0.0,0.0,26.245847176079735
146,7867,260.0,11.273589162114078,16.69928559280381,19.685393074009106,-13.156133131145772,-30.042478172054373,3.018843253684029,-1.497268711875348,11.273589162114078,49.807788990614895,39.21373971855758,61.5930658395491,52.98600996919767,23.26021171599745,normal,18.28338930670338,transition,0.0,transition,146.65725,7.800000000000001,-14.65340184302112,-10.260814354642788,0.30000000000000004,0.0,-1.0434712171554565,0.6,0.003825356759938052,0.04630788485607008,17884622160060142451.mp4,19.781663817411584,provisional negative (user-reviewed thread),0.5271202001993168,0414f067be039c20596731aae4a9bcb2,suspicious,14.739482396841039,0.2,36.26523660295153,-21.69311198328571,-6.953629586444672,4,-32.908928878103744,-30.55070885413461,-23.600406292490636,-18.480057994867227,-14.630903677116299,-12.255471060309638,-9.651001434855464,/b/src/336291305/17884622160060142451.mp4,0.13769200444221497,17.460650284087496,-27.802927521760168,-9.699843186872924,18.103084334887242,-22.56500812080897,,0.0,transition,-18.145697302261166,4.475737007911941,4.419755625150168,5.8894050460279574,0.09403767473576544,0.7849045346062054,2.5424480054551655,0.28884364328372225,0.12077400576031697,0.37217743856814445,0.6612156947477358,0.2,-16.394260593744875,0.0,-20.21285293642888,0.0,5.6859535136687356e-05,0.0019525821841453132,ok,False,0.28884364328372225,4.466416638254348,0.0,0.0,0.5796113194681214
39,4883,20.0,-15.179596849684923,48.81871408212205,18.837181343746973,-5.187790827284551,-26.970665842856878,3.8052583873662638,-24.99241026058761,-15.179596849684923,80.36805703788767,70.13180654686654,81.23191213046537,81.23191213046537,41.67379721742748,normal,22.060622528933454,transition,0.0,transition,39.424,35.4,-30.180201087872163,-10.876236371796079,0.35000000000000003,3.9875000000000003,-0.0600341260433197,0.8,2.3483817771756805e-07,0.0050062578222778474,17885218952083071591.mp4,16.0944294710608,provisional negative (user-reviewed thread),0.5430205390189947,8a04fcf3e709eac5081327ce5ba82dd5,suspicious,20.58377804597702,35.4,62.69364449453283,-24.9391912088471,-4.35541316287008,4,-44.501993123162165,-27.078415273738955,-25.208755072517516,-23.949254670464782,-23.248738435226056,-22.73845825158808,-12.132445756058697,/b/src/336291305/17885218952083071591.mp4,-0.0600341260433197,18.55634950737247,-26.483326769161906,-5.699682795631834,20.783643973530072,-24.997872671082742,,0.0,transition,-22.120656654976774,5.641676085109222,2.8527744642307327,0.9608185279187818,0.22223984771573604,0.44305203045685276,0.741751269035533,0.27233985323946325,0.3304934633808114,0.3304934633808114,0.6901551257574169,0.05,-5.860055469143227,0.0,-24.69257088513553,0.0,5.284340760862492e-06,0.02506320382567966,ok,False,0.27233985323946325,1.015228426395939,0.0,0.0,0.25380710659898476
456,28856,,48.40411624062371,54.713876389877996,53.18575591452314,-3.635813126533698,-57.02074769635901,20.086569703567832,-2.0993468727991598,48.40411624062371,75.74985735382369,75.59212522853798,75.59212522853798,73.69477521732742,39.73072171547299,normal,16.684569374582754,transition,0.0,transition,455.9716875,46.150000000000006,-5.735159999332858,-11.85771634955807,0.35000000000000003,0.0,-4.285348415374756,0.7,1.1220100086750114e-05,0.10888610763454318,17885500347670137202.mp4,45.16303134680094,provisional negative (user-reviewed thread),0.5923420086419066,1c3a4292d03b6448a0222750f7d1ab99,normal,11.666218374502577,0.5,76.60658173591105,-21.498007568033216,-9.83178919353064,1,-69.67788830095135,-40.357620805278884,-22.595049318762122,-16.90445982793178,-13.894332028070394,-12.78665580331683,-11.203411112119788,/b/src/336291305/17885500347670137202.mp4,-2.3796207904815674,13.596337316645515,-57.93747308877312,-12.230291793130048,45.70718129564307,-22.75625639197804,,0.0,transition,-19.06419016506432,29.780348242509668,1.5165380531827837,5.70135157363746,5.48305735277991e-05,0.09820155718828819,1.673292027634609,0.26492558344662287,0.12016143640271967,0.4223928616182244,0.7402786193007111,0.4,-9.764888304774196,0.0,-21.7907743568087,0.0,2.5755870344139003e-05,0.03404079377994977,ok,False,0.26492558344662287,2.598969185217677,0.0,0.0,0.01096611470555982
32,2420,120.0,34.29848132256442,15.592012596038547,32.0200125681655,-15.611784536547999,-31.591108665157265,1.0883717509325326,6.697530268207371,15.592012596038547,54.71258824937558,35.33142413992807,37.52365472581265,43.46811195307692,24.617924319610175,normal,10.00832389169666,transition,0.0,transition,32.4693125,7.0,-8.914254268340628,-12.330291202352637,0.4,0.00625,-0.776160478591919,0.7,0.008106567359056783,0.09949937421777222,17885424063720253663.webm,19.260817462804628,provisional negative (user-reviewed thread),0.5303042045294898,30bb6c78984bdc70970a0900429467fa,normal,12.711408209471294,0.1,22.764619999231947,-13.421261662596287,-0.7098534531249934,2,-31.770677325075148,-20.496734124599044,-13.690805744308017,-5.68498471947073,-3.877329745698355,-2.911837245248835,-2.5018790012452166,/b/src/336291305/17885424063720253663.webm,3.789534330368042,11.639630392597592,-30.344751949493627,-12.217819492623953,18.126932456869675,-13.374042230607767,,0.0,transition,-6.218789561328618,2.0,9.630408731402314,38.53033513097072,21.263193374422187,25.49778505392912,31.021860554699536,0.26428399396333846,0.3668119094201367,0.3668119094201367,0.6964931156750488,0.8,-6.905997778402908,0.0,-19.32454256536562,0.0,9.727120583139086e-05,0.005533429028937353,ok,False,0.26428399396333846,38.674884437596305,6.00924499229584,26.194144838212637,32.973805855161785
13,1087,,20.627448018496626,14.93283208996158,13.891862534333905,-10.929667298310743,-32.95255108645133,3.7322900211338705,0.06205664153533519,13.891862534333905,17.933220802911364,21.90182708010667,17.44117759617368,17.80674753084608,12.918056849723932,normal,21.81747794885055,transition,0.0,transition,13.1425,10.9,-10.867610656775408,-11.68905014047109,0.45,0.01875,-0.5884678363800049,0.8,0.027579056712744347,0.08760951188986232,17885459769780974505.mp4,21.26350094598024,provisional negative (user-reviewed thread),0.5014681388235634,05a27444cfc2a33b7ae8df2199e7a9ed,normal,24.807065744048188,5.2,17.069759713047088,-35.07010827451729,-10.2630425304691,2,-41.17154080102926,-39.12220981347582,-37.110987758323525,-29.124208508817546,-19.108525592468254,-15.494103314204887,-11.62301510847883,/b/src/336291305/17885459769780974505.mp4,-0.5884678363800049,26.51330363506724,-31.248667383547712,-11.007789560843552,20.24087782270416,-34.950309227946306,,0.0,transition,-22.405945785230553,5.533493185333076,3.842690364621879,2.209685114503817,0.04532442748091603,0.3089217557251908,0.9902194656488549,0.2632190475257087,0.13023045437862352,0.1990208742039814,0.2822877332739404,0.8,-23.00786369540186,0.0,-39.47698783298796,0.0,1.4181612639041988e-09,0.00046314572773485413,ok,False,0.2632190475257087,2.2900763358778624,0.0,0.0,0.0
189,11646,,5.74614769496864,23.949838846830637,11.477600029774285,-7.076662911812856,-32.030996944882965,6.206430838360376,-4.193333459869028,5.74614769496864,69.06625975039492,53.86569766850121,44.992867808232575,57.08718909460843,29.83701487444774,normal,22.76266133525333,transition,0.0,transition,189.56775,2.7,-11.269996371681884,-11.505768396958565,0.35000000000000003,0.0,-1.049381971359253,0.7,0.007429106346192751,0.0625782227784731,17885024221850450876.mp4,20.5252285479244,provisional negative (user-reviewed thread),0.5576977071698567,83be12d2b4090d69c1595e7f23f553f5,normal,23.21968854505834,0.1,55.828215265085305,-31.88947380833458,-8.669785263276239,2,-54.72342709391789,-45.77646804373505,-33.70134894937428,-24.017971191452197,-19.30417610175058,-17.208126353375196,-12.098890336736517,/b/src/336291305/17885024221850450876.mp4,-0.40686750411987305,25.736832226891156,-32.091272156700924,-10.762995974833796,21.32827618186713,-33.009404155980874,,0.0,transition,-23.169528839373204,9.201654360953093,2.2306019920746545,1.535231469269322,0.007600237404378792,0.13362239514639937,0.569786995515695,0.2620124740095561,0.16461612619841356,0.47930214854984565,0.5302375547084003,0.9500000000000001,-3.3656955241831445,0.0,-28.042546735697442,0.0,9.163294482287989e-07,0.2074514860007543,ok,False,0.2620124740095561,0.9759957794777103,0.0,0.0,0.052756528620416784
59,1900,60.0,13.519518054055942,7.532162838312361,32.70330228241862,-8.884453506507057,-32.751653418848306,4.038516011832677,4.249088532026617,7.532162838312361,68.49793945808352,51.62313706849416,58.984072430129594,71.88933088471454,27.971845873052587,normal,16.938865545082038,transition,0.0,transition,59.84,52.400000000000006,-4.63536497448044,-12.43695239657384,0.45,0.0,-2.4232935905456543,0.8,0.00387715547488896,0.18961201501877345,17885113263693364711.mp4,20.314701022274466,provisional negative (user-reviewed thread),0.5660321864333622,e272f4977ac60850f05edfb79effb368,normal,14.165393984119994,0.30000000000000004,59.47976567277828,-24.374124038277802,-10.208730054157808,2,-35.325427703839175,-31.22614617414164,-26.630971507629987,-16.96050914181923,-12.556885613035872,-11.353397137874289,-10.235785200973062,/b/src/336291305/17885113263693364711.mp4,-1.530387282371521,18.013301603629575,-32.15589602987514,-13.696505079640659,18.45939095023448,-26.165646778605975,,0.0,transition,-18.46925282745356,5.987503839143126,3.3928497697935023,6.268394648829431,0.028846153846153848,0.6827445652173912,2.6883883779264215,0.26173353700583757,0.29510715234924273,0.29510715234924273,0.7958439775475056,0.5,-11.640140127614238,0.0,-20.92760274104922,0.0,3.902425508198211e-05,0.004922631176216681,ok,False,0.26173353700583757,8.02675585284281,0.0,0.0,0.08361204013377926
114,4637,30.0,62.89532203906475,89.17034025598771,89.45212469121628,-33.272227968254214,-83.37989445419095,6.620105545809054,17.81177383115188,62.89532203906475,82.70633481343724,73.38427761240702,79.75226033378503,81.35893118485194,38.935103414819395,normal,12.055646784599846,transition,0.0,transition,114.371375,29.650000000000002,-15.460454137102335,-11.773353729033008,0.30000000000000004,1.125,0.19769994914531708,0.6,5.7397517997563835e-05,0.049436795994993746,17884645517693336259.webm,71.60654072515794,provisional negative (user-reviewed thread),0.5821860803997915,2905e61d48f26f58315d425b3de245e4,normal,6.06240884067918,10.100000000000001,80.46112471157168,-10.538805157053062,-4.476396316373882,2,-23.324771267792983,-18.219825705217367,-11.683277836800281,-9.448517359031996,-8.262055201093155,-7.501041025517418,-6.464145582151293,/b/src/336291305/17884645517693336259.webm,1.8028749227523804,6.615595475880149,-79.16674644437038,-10.94494793804307,68.2217985063273,-10.914361253527542,,0.0,transition,-10.252771861847465,9.814968482216502,7.295646527535983,33.259455618714476,4.21160362920857,11.583406209007434,21.650989287275905,0.2503734951607957,0.0972523402550351,0.27552103475189493,0.7428134461586424,0.15000000000000002,-13.888897062059057,0.0,-12.487353088053666,0.675,0.0038634727929147314,0.0007411728592336836,ok,False,0.2503734951607957,52.64538696982947,0.0,0.4809794490599038,18.0148666375164
46,4534,,6.438313225536053,37.399188367074956,33.97238139085413,-4.789494236834752,-44.46415102582834,6.206226510655107,-7.897751980197857,6.438313225536053,71.29690725521078,67.8329448286531,70.99045656551986,71.91673892756604,37.66374052471249,normal,19.137660930284873,transition,0.0,transition,46.9971875,37.550000000000004,-12.687246217032609,-12.534796905222617,0.30000000000000004,0.0,-4.690780162811279,0.5,0.0009965053080391835,0.06821026282853568,17884622161122896579.mp4,31.929354120605726,provisional negative (user-reviewed thread),0.4920768863732319,a51d606ca44e1010c9cf17a64f03da6f,normal,26.102175411354608,0.1,72.77052942281914,-37.96951095734144,-11.867335545986835,2,-54.506264710133486,-50.064288641550974,-39.50042730110384,-27.415100234992607,-18.79847823158149,-15.247168301907262,-13.327967453431691,/b/src/336291305/17884622161122896579.mp4,-4.407281398773193,27.395158240019324,-44.81760595032,-11.996857967528168,32.82074798279183,-40.06753596123949,,0.0,transition,-23.544942329058067,9.201351424697261,3.4700722368786443,1.996072949946752,0.0,0.04133386581469648,0.6676650692225773,0.24578709388006714,0.24148677076746752,0.28995817343784636,0.6755054240064827,0.5,-10.930912482718078,0.0,-18.208965204725992,0.0,0.00017589441911871798,0.010429548061588214,ok,False,0.24578709388006714,0.0,0.0,0.0,0.0
15,441,,2.1324644440504166,10.448119540440679,18.34403459019741,-10.805095764374961,-23.802412072568956,2.3217242338844795,-0.3663100520944127,2.1324644440504166,64.23816563670263,57.488974776153185,63.28125863076596,66.92703022382504,29.68583430366791,normal,16.280936646986692,transition,0.0,transition,15.3251875,10.200000000000001,-11.171405816469374,-10.077538571180726,1.35,0.0375,-0.7243552803993225,1.0,0.004764648701674185,0.08823529411764705,17884679670213366366.mp4,13.72487350138823,provisional negative (user-reviewed thread),0.5239371878052391,76b3542ef935998ae3182baaa1ed7647,suspicious,15.977574603631869,0.1,56.63266995329452,-23.47750023280557,-7.499925629173702,3,-27.431449839116787,-26.179578863624336,-23.82098239666329,-19.521172825469215,-11.920546829098452,-9.952322580845244,-8.825232765729064,/b/src/336291305/17884679670213366366.mp4,-0.7214390635490417,15.410660722089244,-23.133108853765187,-9.50614969017442,13.626959163590767,-23.56700393492083,,0.0,transition,-17.002375710535734,3.4421883491571292,3.9872523259074324,7.4317810457516345,0.3355800653594771,1.7634803921568627,4.199346405228758,0.24513776388576006,0.3236638733522744,0.36528404860372554,0.628106101108599,0.6000000000000001,-9.763893254688803,0.0,-25.793042292135954,0.0,2.887487194234135e-06,0.04212961787853958,ok,False,0.24513776388576006,10.457516339869281,0.0,0.0,1.6339869281045754
26,2323,20.0,26.54359302495795,7.024409072661413,23.842445054641452,-12.328207086151536,-23.21271209329788,5.124985837479089,4.855235232983448,7.024409072661413,66.97598719226266,71.53450475154557,71.78387639147104,68.11590108453707,36.16480822345233,normal,11.428729597689497,transition,0.0,transition,26.1065,4.95,-7.472971853168088,-8.416363596680048,0.35000000000000003,0.0,-1.618049144744873,0.8,0.00026053227110683057,0.13829787234042554,17885464539811736506.webm,14.796348496617833,provisional negative (user-reviewed thread),0.5688490637326313,ce5643546607b6d303bfe0d11822d11d,normal,3.8687911986664307,0.1,67.78560992078658,-11.42896069446233,-7.560169495795899,2,-31.14895356096956,-21.8053322516525,-11.745149818965121,-8.90795929627309,-8.30335916976376,-7.987382256232959,-7.519193562432816,/b/src/336291305/17885464539811736506.webm,0.013835896737873554,4.462427292383178,-22.575532548585773,-8.56189572189065,14.013636826695123,-11.39419084639114,,0.0,transition,-11.414893700951623,7.598304002646497,1.9473225197970823,33.609075670498086,0.57602969348659,8.205340038314176,22.970545977011493,0.24440691002964193,0.0557452764311709,0.2688656154920803,0.7870150451436982,0.1,-12.168183366865447,0.0,-19.44790305671208,0.0,8.717583433455312e-05,0.00012128141202681525,ok,False,0.24440691002964193,51.34099616858238,0.0,0.0,26.81992337164751
236,10407,260.0,10.281225014636673,4.476116890531705,15.218131992287947,-10.437785982772056,-30.47469372932614,8.665123751047425,2.951477409748671,4.476116890531705,55.84825182266913,61.834892209791576,50.259599501212705,64.35967018131585,38.34750690634116,normal,15.122165693523765,transition,0.0,transition,236.64,214.9,-7.4863085730233845,-11.739595209285328,0.65,0.0,-1.1752794981002808,0.9,0.03364004583295635,0.13954943679599502,17885471399750490308.webm,18.735098520040815,provisional negative (user-reviewed thread),0.5641404093778397,50cbff35b6d21a024530c897a92be2b8,normal,6.744385087666579,0.1,47.54852052748865,-15.104694062214238,-8.360308974547658,1,-33.0500868853797,-21.600933985308025,-15.191319677370412,-12.786856034902556,-11.482082089406585,-10.815825139247849,-9.72421776682994,/b/src/336291305/17885471399750490308.webm,0.2878010869026184,7.806488493585531,-30.673308574969887,-11.933378492057038,18.73993008291285,-15.265818935273842,,0.0,transition,-14.834364606621147,12.846912473302911,1.4583347212004523,15.186192413355876,0.1684541420118343,2.2775781910397295,7.3276098901098905,0.2426915205649811,0.1417064575626365,0.1701319484019678,0.4370114639657699,0.9500000000000001,-7.84203799151169,0.0,-16.43483925277295,0.0,0.000476766965598994,0.01291447691369993,ok,False,0.2426915205649811,15.278951817413356,0.0,0.0,0.25359256128486896
11,5428,,-0.2920551608349946,0.4136172674620937,3.304208478978534,-5.894018391201162,-8.834172601943894,1.0798642535170795,1.2360172736101065,-0.2920551608349946,8.43605408730007,10.122265715702602,10.360050924810777,9.69255925917801,9.974707461994061,normal,10.55302851996516,transition,0.0,loud-start,11.702875,9.4,-4.658001117591056,-7.405291176089842,0.0,2.8125,1.5355370044708252,0.0,0.11172491984621169,0.18210262828535667,17885475522410027825.mp4,1.428881425854052,provisional negative (user-reviewed thread),0.44835577852950853,3158db85709dbb0105ab6a250eaf5494,normal,3.0503850051082786,11.0,3.8887015949164327,-8.305229881871641,-5.254844876763363,1,-10.502253089595728,-9.660482167808265,-8.755784268703525,-7.682728752614991,-6.634722794973023,-5.9018054941865215,-5.201422316966128,/b/src/336291305/17885475522410027825.mp4,2.526827812194824,3.7502489549283258,-8.654769336765671,-7.990516756319107,0.664252580446564,-8.469771994552229,,0.0,loud-start,-8.026200707770336,2.0,0.714440712927026,52.4596688034188,8.131410256410257,21.21607905982906,37.25747863247863,0.23733475090017828,0.07323875980206204,0.11081836708240735,0.2103987167844075,0.55,-4.368003694664726,0.55,-7.427510213486526,3.35625,0.23733475090017828,0.15930661430400045,ok,False,0.0019631104643611495,99.14529914529915,0.0,5.555555555555555,59.82905982905983
59,17761,240.0,11.453418398048964,14.406398483308324,0.9110412803294675,-9.046085392553238,-25.43297256781874,3.175626136241526,-6.8806698346279465,0.9110412803294675,39.61450078577614,37.310993861063515,30.230036110142365,31.8210829881789,28.1662398050546,normal,16.955110232192524,transition,0.0,transition,59.0715625,7.050000000000001,-15.926755227181184,-10.612997166061064,0.30000000000000004,0.0375,-0.663771390914917,0.7,0.0017226666481084956,0.05193992490613267,17885052070291446710.mp4,14.819975401757677,provisional negative (user-reviewed thread),0.47314428837054334,33efab23143d4a93a3542f7161e7234e,normal,10.95554573034759,0.1,20.939200244968276,-18.462685007957145,-7.507139277609555,2,-24.58703210333425,-20.433441863301816,-18.56581755682732,-16.679754055059032,-15.366533149057142,-14.630211318911387,-10.253575391374262,/b/src/336291305/17885052070291446710.mp4,-0.663771390914917,10.621137849084128,-26.46871521904764,-10.109842492276282,16.358872726771356,-18.475917997994543,,0.0,transition,-17.61888162310744,4.708183309591686,3.1477056918250983,6.071443691786622,0.0678450465707028,0.39489839119390346,1.656117696867062,0.23495635230130887,0.38708878838805355,0.38708878838805355,0.7213459978064796,0.9,-6.636849035558287,0.0,-32.80580022999901,0.0,5.861108769746865e-08,0.003541995400018893,ok,False,0.23495635230130887,2.6248941574936495,0.0,0.0,0.42337002540220153
149,10538,,-2.408756584233336,13.996343351176657,-0.6071894560063056,-12.605479576800061,-18.940637987882063,1.5726786603614737,-8.855619740454792,-2.408756584233336,63.30277030293136,33.21722604631825,50.54464259432183,59.11708473197352,19.639189128662558,normal,13.995056555123796,transition,0.0,transition,149.7455,75.9,-21.461099317254853,-6.367243341830701,0.30000000000000004,6.8062499999999995,0.182695209980011,0.6,0.0007690855448589011,0.02127659574468085,17885401011270015215.mp4,12.573394646051362,provisional negative (user-reviewed thread),0.5278904501954812,c8f57944ecfff13992fc831835a1c721,normal,10.583684969018337,0.1,38.93103829604069,-14.04658860566089,-3.4629036366425527,2,-21.38090019769636,-18.995105169963146,-16.087229077819472,-14.248587235974016,-12.455060588219686,-10.20010664970528,-7.299751390214937,/b/src/336291305/17885401011270015215.mp4,0.7982454299926758,12.21188261361956,-17.55535120206581,-5.445279683828767,12.110071518237044,-14.28050764176204,,0.0,transition,-13.19681112513112,2.331653381851921,5.392480179049991,21.61065881763527,0.7130511022044088,3.2700192050768204,10.154266867067468,0.2315696187377546,0.23225142070538274,0.30356503039599364,0.5334420382134488,0.5,-6.127364341634333,0.0,-30.32989288504632,0.0,2.3232857533420414e-07,0.011507467680042904,ok,False,0.2315696187377546,8.11623246492986,0.0,0.46760187040748163,2.7054108216432864
99,9518,30.0,27.23404281294222,12.409862791064269,19.40599389675444,-14.096860747763168,-29.44877424534058,10.093048917997876,-1.3634512454944225,12.409862791064269,76.47065122695057,51.79883081758177,60.8287353932981,77.63650506475578,28.785191932924562,normal,16.863988062965102,transition,0.0,transition,99.52075,11.600000000000001,-15.46031199325759,-11.008099130614877,0.30000000000000004,0.0,-1.0931271314620972,0.5,0.00193307061435312,0.04505632040050063,17885405816171108968.mp4,18.440675114725703,provisional negative (user-reviewed thread),0.5401223956141822,c5660961752c8fef802db56493e5b12f,suspicious,14.599421324172434,0.7000000000000001,56.57586716552561,-21.3787128469006,-6.779291522728167,4,-33.85242484050466,-28.859686594846465,-23.345885771589707,-16.80088073579434,-13.376235517234257,-11.783805663089915,-9.139628229188629,/b/src/336291305/17885405816171108968.mp4,-0.7523513436317444,16.593213502252713,-28.987147803541017,-10.420623109213645,18.56652469432737,-23.520832538673098,,0.0,transition,-17.616339406596847,14.96395432582365,1.232339708689313,7.483071608040201,0.13121859296482413,1.0562500000000001,3.4034233668341707,0.22760907042691222,0.09119898313709028,0.4284753035807264,0.4662124303029434,0.5,-13.798428445304681,0.0,-12.436233606304805,0.00625,0.003936393993334704,0.0006859887356526502,ok,False,0.22760907042691222,5.376884422110552,0.0,0.0,0.8542713567839196
291,15638,160.0,2.1371427055799277,6.928991240684304,4.468628947727694,-10.292496775798432,-24.316941962736834,4.290067561026417,-1.45511728339965,2.1371427055799277,48.11260540075972,41.56147524655753,52.9203883637908,52.83392426050327,31.270319696492024,normal,16.62952500213475,transition,0.0,transition,291.0156875,18.7,-11.747614059198082,-9.97137801640493,0.30000000000000004,0.14375,-0.7430280447006226,0.6,0.00552568054310386,0.07634543178973717,17885358425010546908.webm,14.345563946331904,provisional negative (user-reviewed thread),0.507985471548649,d1ea4b7b007c53e4353682439f9e9772,suspicious,12.00930807710127,28.8,40.014805966149154,-18.790178207505576,-6.780870130404306,3,-29.484963199498697,-23.650990351033236,-19.229708917186898,-15.356625311238933,-12.195321536681243,-10.821775063452508,-9.101872070094997,/b/src/336291305/17885358425010546908.webm,0.15454672276973724,12.827169599721493,-24.462418162221674,-9.502620227797905,14.959797934423769,-19.19526655564229,,0.0,transition,-16.47497827936501,6.360454165977766,2.255430755726014,9.26960910652921,0.19198883161512026,1.2204789518900343,3.9818298969072163,0.22228476699653565,0.26334369223036513,0.3020756718507597,0.567417035968755,0.30000000000000004,-9.24332531641517,0.05,-14.320019779399345,0.0375,0.0018399974272754974,0.01223841306886099,ok,False,0.22228476699653565,9.226804123711341,0.0,0.0,0.8075601374570448
89,7569,,22.189654123920512,48.9197353719628,54.30558742795041,-10.293725673006893,-64.80303425773977,5.740984976394294,-4.200224092980669,22.189654123920512,57.640519215027254,52.802723878297975,57.87143898049113,58.00409962246381,29.238991512797543,normal,16.66344821027268,transition,0.0,transition,89.8148125,50.95,-14.493949765987562,-12.680660436129648,0.35000000000000003,0.056249999999999994,-0.6284545660018921,0.7,0.0009863605569816203,0.0597622027534418,17885435950413021674.mp4,52.12237382161012,provisional negative (user-reviewed thread),0.5558878313313478,4778281edc6d358db12914bd4dff4c3e,normal,7.734616396066839,50.0,57.77380865229436,-17.322371238495116,-9.587754842428277,1,-48.947270850911096,-29.33713164566695,-16.914744767400173,-12.510415114341605,-10.71322084085591,-9.855303514625248,-8.365650265730299,/b/src/336291305/17885435950413021674.mp4,0.5627539157867432,10.149225921077267,-65.24088333300821,-11.073819180775908,54.16706415223231,-18.14508635260208,,0.0,transition,-16.100694294485937,8.51158432600218,6.123698224122695,11.010753062360802,0.2416829064587973,1.6175528953229399,5.185342427616926,0.21610987010122265,0.11452232199905871,0.17105553212412059,0.3995827935510443,0.05,-3.148702380378624,0.0,-14.537728245766612,0.00625,0.001428345862150661,0.0358367286630463,ok,False,0.21610987010122265,20.378619153674833,0.0,0.0,2.6169265033407574
397,24368,,32.99793952960497,74.2469060038527,42.5513827883058,-4.1530062999368464,-55.175671059078084,2.9565869299822864,-8.282998898298306,32.99793952960497,73.75144142080039,52.888395111324726,66.40708943135725,66.15600827195428,31.76740941496574,normal,23.876725394200893,transition,0.0,transition,397.5720625,366.85,-12.436005198235152,-12.401772449017226,0.30000000000000004,0.0,-3.63277530670166,0.5,7.961124364771313e-06,0.06132665832290363,17885501339300340734.mp4,42.773898610060854,provisional negative (user-reviewed thread),0.7339204906814173,f59ca95a31bd223760eab1208c9b453c,normal,23.780715938925447,0.5,67.9192556075975,-33.24886719023431,-9.468151251308862,2,-71.58978538731425,-56.89601355580017,-35.897213995271066,-25.34134539686024,-20.28477905450942,-18.47828758168678,-13.3401445463359,/b/src/336291305/17885501339300340734.mp4,-0.7414153218269348,27.213067507821936,-57.24350854546779,-11.87449141693888,45.36901712852891,-35.685550273398576,,0.0,transition,-24.618140716027828,4.383435782391738,9.758075795676902,1.0129229027795246,7.860646459564834e-05,0.09212677650609986,0.3453339202616023,0.21604917526695125,0.10556167833878087,0.48897237559948564,0.646765260674917,0.35000000000000003,-8.673975334377452,0.0,-46.967105588851695,0.0,2.589148959316128e-11,0.05456166529351275,ok,False,0.21604917526695125,0.4653502704062383,0.0,0.0,0.025154068670607474
45,4680,30.0,19.95086264341666,27.52167429558899,10.951166661480427,-13.539051841443694,-31.706186071755404,8.731518939016802,0.026118434962707937,10.951166661480427,46.998800371873855,33.81087567259196,42.01590204812626,40.39826770553712,17.916185706680245,normal,18.388750879056843,transition,0.0,transition,45.6286875,12.350000000000001,-13.512933406480986,-12.718959822964898,0.30000000000000004,0.0,-3.806328535079956,0.6,0.0019065630784820316,0.07133917396745933,17885465523270826211.webm,18.987226248790506,provisional negative (user-reviewed thread),0.537554882076477,12e8355027d8e7e619062c3cc7ce9a68,normal,15.536234597422794,30.900000000000002,32.78247349272245,-26.019882458768915,-10.483647861346121,2,-50.74777923056866,-46.27118977365833,-27.14627476101633,-18.46742253520087,-15.459313911080713,-14.247685406483786,-12.336040187969225,/b/src/336291305/17885465523270826211.webm,-0.5281763076782227,18.754782869019966,-30.98246991044333,-13.012744917910126,17.969724992533205,-27.222060323987996,,0.0,transition,-18.916927186735066,12.94534997898631,1.466721740208781,6.642886513157895,0.00932017543859649,0.06798245614035088,2.507469846491228,0.2101822136048317,0.3355017580684634,0.3723188378643245,0.6302265606231015,0.7000000000000001,-15.24854942059445,0.0,-44.23838843767276,0.0,1.0441288510229658e-10,0.0045856872570400765,ok,False,0.2101822136048317,0.6578947368421052,0.0,0.0,0.10964912280701754
137,9117,90.0,9.986987309119186,23.602988543726344,17.423158490021322,-5.23722909045237,-24.094668174729478,4.926868908460337,-6.329794878301826,9.986987309119186,50.78728720128391,41.26351518686677,46.35697439872337,46.6525521096576,21.431673166554333,normal,19.247321958528318,transition,0.0,transition,134.4203125,104.10000000000001,-11.567023968754196,-10.222040309072243,0.30000000000000004,0.01875,-0.9218502044677734,0.6,0.0017721998553201761,0.06007509386733417,17885158574910175978.mp4,13.872627865657234,provisional negative (user-reviewed thread),0.5716730723018021,9f8a9653bf6d4778cf846231735ce883,suspicious,21.76334204145723,0.1,37.90370933972889,-27.125696144447105,-5.362354102989874,4,-42.95616290773086,-39.92565725282507,-28.25139339069967,-19.260429269654498,-14.037661638091604,-11.91502294154233,-8.46564751566648,/b/src/336291305/17885158574910175978.mp4,0.19514694809913635,24.050050075022636,-25.16438694466498,-10.080199718798056,15.084187225866923,-28.648232310864053,,0.0,transition,-19.05217501042918,7.3045758436832955,1.899169529145724,5.169387090773809,0.166015625,0.7538829985119048,2.3499813988095237,0.20876241756398678,0.31358276997650486,0.3706420503586759,0.5646504111486217,0.9500000000000001,-10.019224827610472,0.0,-40.98263427714102,0.0,6.861615070835034e-10,0.05005574711306887,ok,False,0.20876241756398678,5.096726190476191,0.0,0.11160714285714285,1.4136904761904763
16,567,60.0,25.078607205382085,12.628430905761817,17.143363298660088,-9.073312487678123,-24.091844303889786,2.290238334791905,4.881890080835199,12.628430905761817,26.979461950176436,22.188790430707957,26.470057027666073,26.543844261707623,15.635255704756304,normal,15.420641134798599,transition,0.0,transition,16.6951875,11.5,-4.191422406842924,-9.81799132462906,3.0,0.31875,0.8312089443206787,1.0,0.16849631980141827,0.1892991239048811,17885461920871024630.mp4,14.273852979260726,provisional negative (user-reviewed thread),0.38171217617658804,6a33d4bf1746b3f67f4c381cab462b9e,normal,12.789490927479157,11.700000000000001,14.282087865761358,-21.50618168624407,-8.716690758764912,1,-28.42931741328395,-25.360251678793457,-21.533391897910374,-10.680914862157996,-10.061633382831074,-9.723382797907906,-9.07711682334508,/b/src/336291305/17885461920871024630.mp4,0.8312089443206787,13.071334933083985,-24.761636672562357,-9.404532057125767,15.35710461543659,-21.28851293149676,,0.0,transition,-14.58943219047792,3.395507355162478,4.2037467412812335,14.104166666666668,0.674924924924925,3.5193318318318316,8.387575075075075,0.20809830690002754,0.05748103942318573,0.28009129499151514,0.5443037209238715,0.05,-8.823015504304259,0.0,-18.21863358438224,0.0,0.00017716615222074033,0.009712337097964041,ok,False,0.20809830690002754,31.23123123123123,0.0,0.0,0.9009009009009009
100,13035,,18.685243665793795,14.69963875909863,16.091130661479234,-10.848300422622486,-26.484922257495764,4.9629311795619095,0.8636729726863059,14.69963875909863,71.89731368145137,70.39172272434932,74.18503413630859,78.9171172537796,35.977153091169804,normal,15.4336498701993,transition,0.0,transition,100.7281875,26.700000000000003,-9.98462744993618,-11.742562389651301,0.4,0.0,-1.1243056058883667,0.6,0.0045135981392420395,0.08260325406758448,17885511718113833034.mp4,14.742359867844463,provisional negative (user-reviewed thread),0.564951714399635,02a02d62a95bd509509be89b443d4231,normal,7.785114636600987,0.1,69.67731175993725,-17.447639107411625,-9.662524470810638,1,-27.124105774615426,-23.182239436404217,-19.469101982162393,-16.568568961034273,-13.94838707280725,-12.476797631947617,-10.716998703714976,/b/src/336291305/17885511718113833034.mp4,-0.7880496382713318,10.484868858888463,-26.105091783017023,-10.705634695541873,15.39945708747515,-17.93925212846463,,0.0,transition,-16.221699508470632,7.358041766818487,2.003571104247598,10.500558589870904,0.07829568023833168,0.8029729394240318,3.741031529294935,0.2003588705863059,0.35313903354686965,0.35313903354686965,0.5762168568363075,0.35000000000000003,-6.625310226907817,0.0,-13.398985825977952,0.0,0.002492788520925002,0.010821140414480526,ok,False,0.2003588705863059,4.07149950347567,0.0,0.0,0.04965243296921549
207,5321,90.0,10.99042105593143,38.41769828560141,18.597051837066317,-2.7171068135775798,-34.54694964709634,11.08925552006319,-7.558309471270876,10.99042105593143,76.450939519607,69.9207885284928,77.61154959339298,77.67898864088492,38.68345461967066,normal,18.49619513620938,transition,0.0,transition,207.4470625,102.85000000000001,-10.275416284848456,-12.536964029016838,0.25,0.0,-2.8542897701263428,0.6,0.011992127798280582,0.09386733416770963,17884614082320104202.mp4,22.009985618079504,provisional negative (user-reviewed thread),0.7158060670437145,393f91a017b2a6a55c3928fb04ddf4db,normal,15.778932425858862,73.0,74.21694058672102,-24.849629048248,-9.07069662238914,2,-65.29871371589404,-44.44288316066643,-27.33589918208122,-19.351467126374978,-15.552113345413954,-13.89162518391022,-11.608512821189624,/b/src/336291305/17884614082320104202.mp4,-1.9788877964019775,18.94503217556423,-36.666208834004266,-12.249249289923,24.416959544081266,-27.605821990606206,,0.0,transition,-20.475082932611357,16.440930234045684,1.3387311608744308,3.7059275554484086,0.0025614754098360654,0.2190212150433944,1.3082358968177434,0.19411462264652324,0.20057732516426596,0.31501268586412984,0.5895443427874059,1.0,-4.4032202465502275,0.0,-23.803975324265043,0.0,9.021161609381372e-06,0.051043649077453394,ok,False,0.19411462264652324,1.398264223722276,0.0,0.0,0.024108003857280617
95,5478,70.0,15.56276186799846,15.299692103907711,5.170770847629516,-7.39236793640919,-33.21635412173448,4.886450908507246,-0.8571223396333103,5.170770847629516,30.587950604206256,22.165338390076144,25.845108628656327,26.95769158189253,12.614818651326484,normal,14.617213158355547,transition,0.0,transition,95.24825,68.35000000000001,-8.2494902760425,-13.237103677817288,0.30000000000000004,0.0,-4.651793956756592,0.4,0.0008334082472469975,0.14205256570713393,17885471400331492175.mp4,19.979250443917195,provisional negative (user-reviewed thread),0.5430014781081435,97cfb0a707d60fbca763496012a6bff9,normal,8.472508691911212,66.9,21.946701403405314,-19.921392809913208,-11.448884118001995,1,-35.737588209215644,-28.94636457798815,-20.850681992811282,-15.777474269021722,-13.649735388434,-12.814321386004666,-11.594538897416777,/b/src/336291305/17885471400331492175.mp4,-4.198841094970703,11.861143099456184,-33.11135131132724,-13.671890248589579,19.439461062737664,-21.68969174161665,,0.0,transition,-18.81605425332625,7.244652116952843,2.757792937657388,5.863182773109243,0.0,0.17456670168067226,1.9063813025210083,0.19266775818634366,0.33546784226010035,0.44476439346669183,0.6171343957989617,1.0,-3.482734568182333,0.0,-16.59071410900203,0.0,0.00046957345129233405,0.041214654388184314,ok,False,0.19266775818634366,1.7331932773109244,0.0,0.0,0.052521008403361345
14,723,,23.16926711104753,21.386999590379133,5.092321788236774,-11.112847852634193,-29.427182725230956,4.710862154561523,-4.832088376682549,5.092321788236774,26.154467738877223,24.476759204113755,24.417212873282637,26.64918314673968,18.14860031446615,normal,22.271222804977064,transition,0.0,transition,14.8593125,13.700000000000001,-15.944936229316742,-12.255647781418087,0.30000000000000004,0.775,1.115087866783142,0.5,0.000992880069459579,0.049436795994993746,17885438845700327732.webm,17.17153494381287,provisional negative (user-reviewed thread),0.5434155956837572,a409b0b236687fd0c22b0c04dc5653d0,suspicious,20.200877858688166,13.200000000000001,23.662162142698165,-27.71285866793705,-7.511980809248881,3,-37.74376206525498,-34.00610235956338,-28.414765574603077,-25.48206482132831,-23.654337595010265,-15.308068125674533,-9.734929058364802,/b/src/336291305/17885438845700327732.webm,1.459398865699768,22.169973029094898,-29.189620426151308,-11.361766027090734,17.827854399060573,-27.90577708505927,,0.0,transition,-20.811823939277296,6.984324230352914,2.4585821587703127,2.558922558922559,0.23484848484848483,0.7727272727272727,1.5484006734006734,0.19188989526305728,0.24959065658827514,0.5185162008283538,0.5554566659788646,0.0,-10.7987737595154,0.0,-25.51685828553907,0.0,3.125442720071272e-06,0.001245609618938856,ok,False,0.19188989526305728,3.0303030303030303,0.0,0.0,0.6734006734006733
35,6414,30.0,28.131926731274547,24.90599584079403,12.507632906857843,-13.111540412038618,-27.077016515684882,1.3441694924896481,4.016339462821776,12.507632906857843,28.75408952800902,30.37744864535864,30.79491522926378,29.524581059482884,27.842098955808112,normal,15.043987144485161,transition,0.0,transition,35.7224375,26.150000000000002,-9.095200949216842,-11.957997947480475,0.30000000000000004,2.2125,1.1316920518875122,0.7,0.03917066374145076,0.09449311639549438,17885468877902806370.webm,15.119018568204407,provisional negative (user-reviewed thread),0.5651331104188334,b43cd64efb824e56fdaa6956f7e7c62a,suspicious,18.195612092945733,26.200000000000003,22.424393197498237,-22.959130831875115,-4.763518738929381,4,-34.22985772555545,-31.077875821262047,-27.497867782271676,-14.24873615962638,-8.371278476452128,-6.374888969185308,-4.999176860084427,/b/src/336291305/17885468877902806370.webm,2.2358062267303467,23.301366375537075,-23.34318421832043,-8.612594922461861,14.73058929585857,-23.26828444760131,,0.0,transition,-12.808180917754814,2.0,7.559509284102203,15.157212885154062,2.886204481792717,6.829306722689076,11.157212885154062,0.18944079985883056,0.41349172470016926,0.41349172470016926,0.24637968031703547,0.7000000000000001,-20.45317555425972,0.0,-35.211298812127396,0.0,1.4901812324911955e-08,0.004259611799434139,ok,False,0.18944079985883056,20.72829131652661,0.0,3.7815126050420167,12.184873949579831
20,6968,320.0,9.472499568517792,16.465195472681373,21.66928534151817,-4.855320420970518,-25.871338033389183,10.180568444932636,-7.404054194630051,9.472499568517792,41.35396290920982,23.08215106962753,37.45966976286064,38.16597451003926,14.382845049706717,normal,16.07620795656402,transition,0.0,transition,20.50175,7.0,-12.259374615600569,-11.243052328203227,0.30000000000000004,0.35000000000000003,-0.3459985554218292,0.6,0.0007886997317968088,0.07571964956195244,17885162998571230113.mp4,14.628285705185956,provisional negative (user-reviewed thread),0.4751351059153686,2ecf13a2ea5503dfad9bdc282a9134d0,normal,8.945059199570327,5.5,26.744884659658513,-17.960374798182688,-9.01531559861236,1,-35.80764496246223,-28.33664828561071,-20.132822606425748,-14.195745421801789,-11.44492370168313,-10.268170729787286,-8.917764306289948,/b/src/336291305/17885162998571230113.mp4,0.2623921036720276,12.36490664761974,-25.663757569863776,-10.820981710103512,14.842775859760264,-19.87363259058131,,0.0,transition,-15.813815852891992,15.093710776457124,0.9691643043805285,10.75594512195122,0.5403963414634146,2.198780487804878,5.586280487804878,0.18280741252463314,0.2580160443777109,0.3939585147636712,0.48074826655439207,0.9,-12.981620005264656,0.0,-17.552583506349546,0.178125,0.00025000494131497964,0.009297889361891725,ok,False,0.18280741252463314,12.926829268292684,0.0,0.0,1.4634146341463417
34,865,,9.215946247867603,0.8843521280180795,12.586262699118363,-12.054234843818662,-30.52543464995079,18.0023568364249,3.6722611652396964,0.8843521280180795,77.66407764777371,55.67804625406609,70.46458797325359,76.5114602055538,29.830065684539846,normal,13.030138050487796,transition,0.0,transition,34.9226875,12.950000000000001,-8.381973678578966,-12.582498615675707,0.65,0.0,-2.3443782329559326,0.7,0.0330490734100541,0.11576971214017523,17885501843620292269.mp4,17.942936034275082,provisional negative (user-reviewed thread),0.32438182734570115,51a9341b5198f9654a6f40a1194d3746,normal,5.925627381738504,12.0,77.36768356906937,-16.373769846164755,-10.448142464426251,1,-24.302230466364616,-18.618532622531262,-17.23005261214891,-13.949274809763885,-12.388028298334062,-12.00637274491621,-11.164263665726004,/b/src/336291305/17885501843620292269.mp4,-1.9138884544372559,6.953895328838369,-29.092704812591332,-11.996517369991173,17.09618744260016,-16.392585355071432,,0.0,transition,-14.944026504925052,26.690294245683557,0.6722644519805874,14.647743553008596,0.12294054441260745,1.6062858166189111,5.973764326647565,0.18245886531432634,0.10959511171352262,0.19988753869652306,0.43173372161329626,1.0,-14.001132478193608,0.0,-19.16907992178936,0.0,0.00010101482870453969,0.00014978495345461425,ok,False,0.18245886531432634,4.871060171919771,0.0,0.0,0.0
36,24004,,-1.479236281739035,-3.301270180743898,-1.043197984788597,-0.10696538964234123,-22.31617841993024,1.7621693061593522,-3.044311545687444,-3.301270180743898,70.91998912967259,48.16271305891938,62.03911774311801,65.89616989213627,25.77387738155825,normal,19.34323885014968,transition,0.0,transition,36.7571875,33.4,-3.1512769353297854,-9.450878637553338,0.5,0.23124999999999998,-0.2124263346195221,0.9,0.03790062992341791,0.22090112640801002,17884618869060716587.mp4,12.865299782376901,provisional negative (user-reviewed thread),0.48897320989473375,b6abda8b786a8ea6aab0c56700fa3772,normal,13.412347817314885,0.1,47.21936740274326,-22.65089277233188,-9.238544955016994,1,-23.33590950829109,-22.339155095155085,-21.115139484815874,-18.003239291248427,-12.85854439429969,-10.345424759667633,-8.316574255593103,/b/src/336291305/17884618869060716587.mp4,0.5261285305023193,13.796640896002902,-24.20485149984096,-10.975512683645528,13.229338816195432,-22.98382584112939,,0.0,transition,-18.817110319647362,2.6125922133118555,4.924342848770949,4.234183673469388,0.1239795918367347,0.7031462585034014,2.0279761904761906,0.17027186955003246,0.05696736968938023,0.2617388275019395,0.42100466304326933,0.8500000000000001,2.992298260344732,0.0,-19.669774465897728,0.0,9.225659866570457e-05,0.3856676531263019,ok,False,0.17027186955003246,8.979591836734693,0.0,0.0,2.312925170068027
298,21513,50.0,14.359202386269097,27.98540217881827,16.220987066221607,-11.302778796753433,-27.00570480553593,8.193589983396976,-7.357507325442864,14.359202386269097,80.64999129629528,64.56242808586111,80.64999129629528,80.64999129629528,39.80446713012799,normal,15.45935702703391,transition,0.0,transition,298.7479375,225.05,-18.660286122196297,-11.86852208488413,0.35000000000000003,0.1625,-0.5643398761749268,0.6,0.00047176625910604227,0.02753441802252816,17885222578730323268.mp4,15.1371827206518,provisional negative (user-reviewed thread),0.583086701474778,fa08d5ceac7ed059f22081a0ec2eb0ca,normal,12.625437953755785,51.6,80.68331321488407,-17.160114132772087,-4.534676179016301,2,-31.191780281303224,-22.570676673873606,-17.595027083819282,-14.153856187989863,-11.653086876749363,-10.49770728446985,-8.699477725478063,/b/src/336291305/17885222578730323268.mp4,0.12396947294473648,11.17818371237804,-27.1367585261426,-10.581438941303226,16.555319584839374,-17.6691086607671,,0.0,transition,-15.335387554089174,12.147816509384356,1.2460825950867893,13.571455473719451,0.2032662370271175,1.782275276196853,6.260922330097088,0.1665720280347094,0.19229742678716602,0.26694408068422715,0.4767532922571813,0.15000000000000002,-11.964414508108991,0.0,-15.096075615248575,0.0,0.0009488957132143033,0.002382554001852566,ok,False,0.1665720280347094,11.918312688316037,0.0,0.0,1.3558754603280885
30,4738,,1.836483693831315,8.697389353264853,3.2280245580686966,-7.533003161014604,-26.126601537278383,5.852316037537099,-1.208944155304537,1.836483693831315,68.73765557058883,65.49603287870866,67.93857878234918,67.98520283006364,34.28295150844099,normal,16.530081202530383,transition,0.0,transition,30.16275,26.85,-8.741947316319141,-11.499412094602999,0.45,0.05,-0.7532677054405212,0.8,0.05443976843318747,0.12015018773466835,17885459036930837369.mp4,14.627189442675384,provisional negative (user-reviewed thread),0.6101465497879265,c809892da604c3a077095a083735ac65,normal,12.27263423651318,0.1,67.23163016731374,-21.165475273062544,-8.892841036549363,1,-31.73106431035414,-27.322444549912177,-21.99550784173974,-16.890344458203728,-13.289417868252864,-12.06233867774557,-11.056490094671782,/b/src/336291305/17885459036930837369.mp4,-0.5957383513450623,12.205035058959352,-25.413404082018758,-10.805185213810734,14.608218868208024,-21.50505864494346,,0.0,transition,-17.125819553875445,8.676643757252503,1.6858119166698562,7.977197346600332,0.16086235489220566,1.0984660033167495,3.5755597014925375,0.16556029768805333,0.12893011332730173,0.3627044276513082,0.2697721141666094,0.9500000000000001,-7.145384518019963,0.0,-22.113655595575402,0.0,2.18701300059e-05,0.0314598918637838,ok,False,0.16556029768805333,4.975124378109453,0.0,0.0,0.0
97,9934,170.0,29.754811529342174,10.114051866445724,15.993850578585873,-11.985589532670279,-25.200250842978555,6.838141574775614,5.950668975757528,10.114051866445724,35.479445774304025,20.19439132011059,29.935801900978674,27.019001914885024,12.34356111771011,normal,12.881270258686923,transition,0.0,transition,97.0666875,83.80000000000001,-6.03492055691275,-11.520948336307173,0.7000000000000001,0.0,-2.0748348236083984,1.0,0.0719239713308315,0.14455569461827283,17885218470870843176.webm,13.679302506671382,provisional negative (user-reviewed thread),0.5732065477197418,0ae49f52bd7c2bb7c24e6f6870823312,suspicious,14.762126305445435,38.0,19.908850642804744,-20.73330427749213,-5.971177972046696,4,-27.819163529948206,-24.17551766164995,-19.29679359548451,-12.172551571824494,-10.75443251927005,-9.870185553401358,-7.486003721571507,/b/src/336291305/17885218470870843176.webm,-0.543732762336731,12.628581891818044,-25.38597112243502,-10.735977533528914,14.649993588906106,-20.479803804404668,,0.0,transition,-13.425003021023654,10.138228698762324,1.3492793379519394,19.7306800618238,0.7396316331787738,4.8607032457496135,12.384788768675941,0.14941423127270195,0.1432566793752111,0.47066536787140867,0.5907988937014929,0.9500000000000001,-1.761963673045646,0.0,-19.13609067573789,0.0,0.0001116270769597579,0.012790661942398786,ok,False,0.14941423127270195,23.338485316846985,0.0,0.0,1.9577537351880476
177,14828,,2.437179918078774,4.6746692656420965,3.962110018248902,-9.047535731536193,-27.09492959810956,9.8863183032513,-1.9555173380215347,2.437179918078774,75.87080204205199,75.14075705663967,75.87080204205199,75.87080204205199,39.193571929910554,normal,13.518360738287488,transition,0.0,transition,177.9345,155.25,-11.003053069557728,-12.080765890136078,0.35000000000000003,0.13749999999999998,0.595484733581543,0.6,0.021047694847465437,0.08103879849812265,17884828683670917332.mp4,15.01416370797348,provisional negative (user-reviewed thread),0.4912766730272176,8129815fe728c3fbac68fc9ce52eac41,normal,4.3555097523056325,1.4000000000000001,77.43605776175912,-13.068377600741758,-8.712867848436126,1,-18.28776403814858,-16.14856834685144,-14.202490266238822,-12.435328079711782,-10.924326071973038,-10.171008953254972,-9.193462382806867,/b/src/336291305/17884828683670917332.mp4,0.6623786091804504,5.927771392648866,-27.497344741412306,-11.402522780596152,16.094821960816155,-13.266613506334423,,0.0,transition,-12.855982129107037,14.657455516400377,1.0243362970587888,24.443138701517704,0.6175344294547499,3.7343486509274872,11.691452360876898,0.14467600662862967,0.131169479044904,0.21633523236117974,0.3352624927058917,0.0,-90.0,0.0,-90.0,0.0,7.419293235158119e-16,0.9999999999997906,ok,False,0.14467600662862967,20.06745362563238,0.0,0.0,0.47779651489600905
16,1077,,15.24184214626131,0.9447739869232592,11.769715779009159,-10.095920592380217,-22.255314778877125,2.843979322081921,8.293237898186476,0.9447739869232592,73.8232490356423,70.91913190616927,69.6521479102896,72.55724444448407,35.94010189065844,normal,15.88037776044628,transition,0.0,transition,16.1706875,2.25,-1.8026826941937415,-9.855794493438411,0.30000000000000004,0.0,-2.0404880046844482,0.6,0.006871029161292123,0.24311639549436798,17885368797060120626.mp4,12.399520285438713,provisional negative (user-reviewed thread),0.5126522525217179,9fe4027caad43316a6449ff2a2e83184,normal,9.940888026130892,0.1,67.5648188319231,-20.388396087149786,-10.447508061018894,1,-30.360585991173625,-24.635487810877322,-20.784702979104782,-17.07012044736508,-14.102898281926024,-12.915803019378151,-8.703845989785618,/b/src/336291305/17885368797060120626.mp4,-2.0404880046844482,12.958194008636042,-22.17344696436544,-11.925831642953236,10.247615321412203,-20.43724484302043,,0.0,transition,-17.920865765130728,4.216483742918656,2.9407252681248925,6.705495356037152,0.0007739938080495357,0.3221749226006192,2.4885835913312695,0.13785593501840404,0.1377558497752954,0.45388519524073795,0.7370480962446545,1.0,-11.032998979265534,0.0,-16.245839206952137,0.0,0.0005076729199841325,0.0005266275825525272,ok,False,0.13785593501840404,3.4055727554179565,0.0,0.0,1.238390092879257
18,3811,,2.4070024234168255,7.464310177699424,0.19096042611144703,-4.61466295072384,-23.6628793882973,0.6440621514197922,-9.892754385691454,0.19096042611144703,22.544199171245594,22.684658507161366,29.217158797662748,23.958471493533487,21.109960738675735,normal,11.484703499866638,transition,0.0,transition,18.831375,3.1500000000000004,-14.507417336415294,-11.049535087402477,0.30000000000000004,0.6062500000000001,-0.10520665347576141,0.5,0.0020030447003902257,0.05193992490613267,17885173466651663900.mp4,12.613344300894822,provisional negative (user-reviewed thread),0.5625931751543775,1de50a3d88ab80431f9d0b3406b1534a,normal,9.908460349071841,3.3000000000000003,19.583109319929598,-14.160655567692691,-4.252195218620851,2,-24.065958996111913,-21.55355678669162,-14.599654181721784,-11.83028807468693,-10.368267650721084,-9.46354391721108,-8.246727862391253,/b/src/336291305/17885173466651663900.mp4,0.15977242588996887,9.472959316380354,-24.304129166483136,-10.424528944807584,13.879600221675553,-14.53226345156538,,0.0,transition,-11.32493107397667,2.0,6.306672150447411,25.543051861702125,3.080784574468085,10.43999335106383,17.83311170212766,0.1342788834245673,0.24470026661079103,0.36506304822927216,0.6877941627271165,0.25,-4.807052163364294,0.0,-22.830872840208027,0.0,1.4540261463601385e-05,0.014531626826667568,ok,False,0.1342788834245673,26.861702127659576,0.0,0.5319148936170213,3.1914893617021276
63,4661,,20.083672744261854,2.122453702090148,4.583281104132938,-9.832449163097634,-30.99532911572708,1.3307188360223332,11.302464650321046,2.122453702090148,63.91245326537033,45.472048546445706,61.55424700114347,67.52706386377626,25.091819721748244,normal,19.25485880361053,transition,0.0,transition,63.936,61.6,1.4700154872234115,-13.166912549061133,0.30000000000000004,0.05,-0.6022109389305115,0.4,0.18520964641724286,0.32916145181476847,17885222277923146820.mp4,17.82841656666595,provisional negative (user-reviewed thread),0.552087601594894,05f8450bd4dc2eb394fdaaac0a181151,normal,12.414183433339907,11.3,49.87133451953338,-22.742365761198222,-10.328182327858315,1,-39.05023901636626,-31.833373694011247,-24.02636862079076,-18.176504594278057,-15.03369700756628,-13.516303282050893,-11.499562981934105,/b/src/336291305/17885222277923146820.mp4,-0.3130159378051758,16.631976392740317,-30.48792520436161,-13.589984197328413,16.897941007033197,-23.864590225503854,,0.0,transition,-19.567874741415707,2.0,8.914208283332975,4.252200704225352,0.03614045383411581,0.3151408450704225,1.4184761345852896,0.12996139987331118,0.07273748895984296,0.31286625263690016,0.5366653191575804,0.8500000000000001,-3.904410210627928,0.0,-16.740152227375333,0.0,0.00042626063971507803,0.032375611951383505,ok,False,0.12996139987331118,1.9561815336463224,0.0,0.0,0.0782472613458529
12,757,,7.9727023111028075,10.527874751675078,9.787782176948667,-3.5812681342989303,-11.511725761204222,1.3208709200775832,-2.847633675036518,7.9727023111028075,21.400629780925847,18.889853255155735,18.600702483012746,20.684027699818042,9.678512737620833,normal,8.935818269717625,transition,0.0,transition,12.1208125,4.6000000000000005,-6.428901809335448,-1.9242032921744927,0.8,39.331250000000004,3.973705530166626,0.8,0.1286593908798941,0.08886107634543179,17885464539550063156.webm,9.587522469029729,provisional negative (user-reviewed thread),0.47594772977099403,ee5aeaef5718b5cb8b20d65e31ea6156,normal,1.2867065900576637,4.4,10.669149484329484,-1.799323296294959,-0.5126167062372952,1,-13.633028345788961,-10.988269459756904,-2.896594395403044,-1.6627096031799935,-1.2014437399313092,-1.0305857144542652,-0.6067744130186992,/b/src/336291305/17885464539550063156.webm,5.751739025115967,2.4502756466432984,-11.611470420310702,-1.7012473935429684,9.910223026767735,-1.8603386048984625,,0.0,transition,-3.184079244601659,2.0,4.793761234514864,71.34994834710744,44.89488636363637,56.94421487603306,64.47159090909092,0.12852433018569828,0.10291200260945683,0.1596484201325075,0.3990592427122111,0.9,-7.704917441154465,0.0,-12.15974235250663,0.059375,0.004984861388957243,0.03562986006829323,ok,False,0.12852433018569828,83.05785123966942,51.2396694214876,64.0495867768595,65.28925619834712
50,7827,40.0,-25.022050771767535,3.5503479422145663,-3.0630660719036307,-11.738972331876194,-30.525751492116235,3.030929950301436,-1.622340087369345,-25.022050771767535,24.492733842753797,25.666776266524103,25.405371497240367,24.392941226395067,14.317424106265186,normal,19.737490027866514,transition,0.0,transition,50.24,44.0,-13.36131241924554,-13.29564289996532,0.30000000000000004,0.09375,-0.5006829500198364,0.4,0.0013801724584799496,0.06946182728410513,17885215963732945142.mp4,17.230108592150916,provisional negative (user-reviewed thread),0.5808285752931636,ee6a6de3a121551ee878bf7697f29a18,normal,17.865635925183227,35.5,19.62512622616091,-27.10728712972616,-9.241651204542931,2,-35.217770709407105,-32.16853527565034,-28.081727258443507,-23.38920865734551,-15.66465846574085,-12.606887315256584,-9.727631813946648,/b/src/336291305/17885215963732945142.mp4,-0.3631652891635895,20.157522278956797,-28.804301360955442,-12.09480910144832,16.709492259507122,-27.55105957786077,,0.0,transition,-20.100655317030103,4.493656744316909,3.834317922467419,3.522036852589641,0.13502241035856574,0.6584287848605578,1.7330054780876494,0.12815792552247993,0.14236582985455473,0.22992073964847484,0.5225756942924661,0.0,-10.173078272692559,0.0,-20.74053013744494,0.0,4.351781155475279e-05,0.0036288294777898312,ok,False,0.12815792552247993,3.7848605577689245,0.0,0.0,0.29880478087649404
11,3059,40.0,-12.59891645954409,-3.637379924830668,-12.342296452577697,-10.746529202429475,-28.472581841188934,11.073124604433126,-3.3574665324093242,-12.59891645954409,29.552328160218956,21.567943990936687,26.089164614263474,31.714966018283363,13.261365084152363,normal,17.965894094305483,transition,0.0,transition,11.136,7.6000000000000005,-14.103995734838799,-12.889242777914575,0.30000000000000004,0.0,-1.9626781940460205,0.4,0.001667271294576069,0.057259073842302874,17885215962620700271.mp4,15.583339063274359,provisional negative (user-reviewed thread),0.45105191558396973,86cb22266a04776d4ccb8ebc46cb2f2e,normal,19.504150549012046,6.1000000000000005,25.61839372603228,-29.91820969181328,-10.414059142801237,2,-40.06000225667911,-38.043704165071475,-31.259015823342168,-20.159183134693258,-14.025769131785314,-12.246693559172051,-10.317384369452977,/b/src/336291305/17885215962620700271.mp4,-1.1452213525772095,22.487258893233715,-27.76552107858241,-12.196815062672055,15.568706015910355,-30.44736507030722,,0.0,transition,-19.111115446882692,16.417014538532552,0.9492188136094133,5.34740990990991,0.06081081081081081,0.7423986486486486,2.688626126126126,0.12662735904873657,0.17797838399298216,0.2591778933997457,0.38379400869209307,0.30000000000000004,-17.322667847877796,0.0,-38.490175359293666,0.0,2.4906196862487888e-09,0.012426945123725464,ok,False,0.12662735904873657,4.954954954954955,0.0,0.0,0.45045045045045046
20,5352,,15.057602912364942,1.8345358702164702,12.199857281016058,-13.10613739402962,-23.467542103829977,3.187089058310736,1.4809903686175208,1.8345358702164702,34.26068566348581,33.342945451310705,33.87361535357438,34.804749155882995,30.46362113809827,normal,9.840958476053443,transition,0.0,transition,20.9938125,3.4000000000000004,-11.6251470254121,-10.946942582238377,0.5,0.0,-1.4726722240447998,0.9,0.0019097787103906346,0.08322903629536921,17885466136350892935.mp4,12.5205995215916,provisional negative (user-reviewed thread),0.5909981936074165,79c1b59e3e0584c24b9fefc313ea09e6,normal,3.5877267459604294,7.300000000000001,17.346913344145605,-8.9552530616296,-5.367526315669171,2,-27.98254834571447,-21.080320310800804,-13.216735765623978,-11.0801424362393,-9.959080086564827,-9.221830483379346,-8.067840924394794,/b/src/336291305/17885466136350892935.mp4,0.3945479094982147,5.567450873515352,-22.45823545757026,-10.39901080336773,12.05922465420253,-9.397500310346379,,0.0,transition,-9.446410566555228,4.725178237851497,2.649762377489621,39.20226730310262,5.737768496420047,15.869928400954652,27.579057279236274,0.1257463273303197,0.07471900791842935,0.16770374694047144,0.40159474192889,1.0,-7.7657941994407045,0.0,-27.730400897358678,0.0,9.765833952023463e-07,0.022144466555673262,ok,False,0.1257463273303197,41.527446300715994,0.0,0.0,4.05727923627685
123,5690,240.0,8.34486401076281,2.30770023276977,17.762277449246405,-6.536429227787485,-25.076538281583414,3.550213487689396,2.9475705713048663,2.30770023276977,31.99511544550889,37.40286459808892,31.289773262614467,31.312569894661614,34.11746887352644,normal,19.514926287305702,transition,0.0,transition,123.2515,80.60000000000001,-3.5888586564826186,-11.499507853674855,0.30000000000000004,0.0,-1.418908953666687,0.6,0.04278421427427595,0.2074468085106383,17885378463310844317.mp4,13.577030427908559,provisional negative (user-reviewed thread),0.6057757801632869,c569f20b99dac6e00fb7777b5cc73a04,normal,12.70547446804789,106.0,14.932463664194923,-20.969871900769338,-8.264397432721447,1,-28.131492498512305,-26.12456586993191,-22.01960789173772,-17.62080092797862,-14.76841955359084,-13.249858202898256,-11.390002651828837,/b/src/336291305/17885378463310844317.mp4,0.389095276594162,15.220768749494106,-24.440500032615585,-12.484686795170532,11.955813237445053,-21.66743793272964,,0.0,transition,-19.12583101071154,5.263546516848298,2.579445319700186,4.094117647058824,0.028422920892494926,0.2226926977687627,1.1803245436105476,0.12346665762301567,0.11744240320319788,0.14923868898824327,0.6294083096073643,0.65,-9.067963022862383,0.0,-27.488467461464772,0.0,1.1438424405078231e-06,0.04343078614036655,ok,False,0.12346665762301567,1.8255578093306288,0.0,0.0,0.2028397565922921
221,37048,70.0,19.820491792186107,53.3813014322581,24.450839931187552,-3.9567844255508944,-37.95372643499131,13.49579782288384,-11.404007854757268,19.820491792186107,76.86408542398279,43.51826547234135,73.23951759933041,75.71113745013223,40.39645287611311,normal,13.51025814335634,transition,0.0,loud-start,221.797,14.0,-15.360792280308162,-15.107805438128587,0.0,0.10625000000000001,-0.09101289510726929,0.1,0.010845276129987157,0.05319148936170213,17884675106080317958.mp4,22.845920996862723,provisional negative (user-reviewed thread),0.5820621997587567,c009f982c2154c2e4d05f31c354deed8,normal,11.191738393022256,13.8,77.72838384188496,-14.468878625203505,-3.2771402321812504,2,-28.734435700556627,-22.30514411927549,-16.058549888232953,-12.422359429092541,-10.47449452739171,-9.475726590905545,-8.430995876134775,/b/src/336291305/17884675106080317958.mp4,0.6779723763465881,8.44743500280563,-39.034662439147766,-12.726334030168186,26.30832840897958,-15.01708827654911,,0.0,loud-start,-12.832285767009752,20.00886985220758,1.1417896745598617,20.756891206313416,1.5925732807215334,5.576479706877114,12.273971251409245,0.11921269381104044,0.2491605585767607,0.2491605585767607,0.6782096304336263,0.8500000000000001,-6.007168725408086,0.5,-8.880558206945926,0.728125,0.11921269381104044,0.11199994814063303,ok,False,0.03271543330490667,20.992108229988727,0.0,0.0,2.7959413754227733
20,2300,20.0,-5.479674630468363,17.70412164863252,4.69586376833549,-14.789584541770466,-18.98258085632429,4.631880901983575,-8.775201641090447,-5.479674630468363,81.19489647592792,81.99705635173855,81.99705635173855,81.9232795185593,41.62578417019248,normal,15.145222220854775,transition,0.0,transition,20.1549375,16.85,-23.564786182860914,-8.834493837047752,0.35000000000000003,2.6687499999999997,-0.04444114863872528,0.7,0.00021501089516732207,0.017834793491864828,17885459037943849359.mp4,10.148087019276538,provisional negative (user-reviewed thread),0.5654802163351683,448b4f7b17264e6aa4c1657c90cfc48a,suspicious,17.724729427274227,16.5,19.486308969936395,-21.844644993344794,-4.119915566070565,4,-90.0,-25.314646969734913,-22.61979637812001,-16.740396646825758,-14.336622258008756,-12.231709313242927,-8.748674123158786,/b/src/336291305/17885459037943849359.mp4,0.04805922508239746,15.87136471850497,-18.968580580836964,-7.65879745161986,11.309783129217104,-22.039625220859737,,0.0,transition,-15.097162995772377,6.867226625280847,1.4777562432434672,11.915167493796526,0.5397022332506204,3.4373449131513647,7.23929900744417,0.11817093628514766,0.2463305908515316,0.3314191824294402,0.6591646483393313,0.5,-4.0629811814062595,0.0,-19.779788986778687,0.0,8.118114818187002e-05,0.038879614742085226,ok,False,0.11817093628514766,4.714640198511166,0.0,0.0,1.488833746898263
18,2769,280.0,15.401549888804173,-1.3735985606348562,24.44654111317975,-9.548268447031525,-24.304920434193125,5.653226905565324,0.048409763601611644,-1.3735985606348562,27.98944676009056,23.255253525808197,27.17055537941103,28.45428635658236,14.642165461361753,normal,17.47434571018004,transition,0.0,transition,18.3466875,3.2,-9.499858683429913,-12.174381177241276,0.30000000000000004,0.8125,-0.3973575234413147,0.5,0.0010930552108523893,0.107008760951189,17885214204500778909.mp4,12.130539256951849,provisional negative (user-reviewed thread),0.5872743623694286,5c17faf61f10c9241203df35430c6687,suspicious,15.964192045653046,6.300000000000001,18.84291562287947,-23.185990526757614,-7.221798481104567,3,-39.0926860339999,-30.773828347791007,-23.696872320791755,-18.438345136872634,-13.48950033133195,-11.240917773597264,-8.259809120920139,/b/src/336291305/17885214204500778909.mp4,-0.32593414187431335,16.649975177324077,-24.429599956150284,-12.040713275865116,12.388886680285168,-23.49598609395794,,0.0,transition,-17.800279852054352,8.381474210191149,1.447303774102432,6.175887978142076,0.19842896174863386,1.1702527322404372,3.1553961748633883,0.1118965751864096,0.5565626481261302,0.5565626481261302,0.6817613925855893,0.6000000000000001,-8.402693497786995,0.0,-21.788608392592096,0.0,2.468230398421537e-05,0.0013121398251646197,ok,False,0.1118965751864096,6.557377049180328,0.0,0.0,2.459016393442623
228,19478,,19.246198472917257,24.41801922119785,27.212134973300472,-2.447248424351552,-43.59726978945795,23.49634780877725,-5.385937463782052,19.246198472917257,46.07125300568604,26.888527512094683,31.132961553529476,35.99722623338489,17.98303315554996,normal,13.091948718863772,transition,0.0,transition,228.2739375,2.6500000000000004,-7.833185888133604,-13.680726762084184,0.15000000000000002,0.0625,-0.6411981582641602,0.4,0.0007833501316758619,0.11702127659574468,17885521543740987451.webm,29.916543027373763,provisional negative (user-reviewed thread),0.5325226485474026,12e2197b5f9a41446ef1a18b0a848505,normal,4.137199986684808,222.9,32.96969105508062,-11.49080686351561,-7.353606876830802,2,-18.630824440767665,-14.985480818613238,-12.546672793709165,-10.900941195644897,-9.911749186186144,-9.448386167989911,-8.914966397123946,/b/src/336291305/17885521543740987451.webm,1.544827938079834,4.722526553732967,-46.58881442927147,-12.264401319149844,34.324413110121625,-11.531903949948346,,0.0,transition,-11.547120780783938,34.83568526129315,0.8587901401387049,32.29311336254108,1.0843236582694415,6.772275465498358,18.10527108433735,0.10468009305904147,0.14175322546028887,0.1993700792741681,0.5060404484780648,1.0,4.263340109661199,0.0,-48.50743739836501,0.0,1.1947109510698635e-11,0.1749177637837407,ok,False,0.10468009305904147,42.01533406352683,0.0,0.0,1.3362541073384446
7,970,40.0,-0.9871631798853997,23.21634656545919,6.963217570947718,-10.286801041856382,-46.864373004472355,0.899832052800754,3.516657853610761,-0.9871631798853997,37.340495386304056,33.11926168377393,38.54618256290263,38.70215510201643,17.796414067050105,normal,21.62724788643762,transition,0.0,transition,7.0835,3.5,-6.770143188245621,-15.65278367422835,0.25,0.00625,-0.9725935459136963,0.4,0.006136881783350529,0.1386107634543179,17885357165180586773.mp4,31.211589330244003,provisional negative (user-reviewed thread),0.37418264079612423,ecab57b24190c4c235a5356087adabbd,normal,36.85339902086912,3.6,37.57389666715005,-46.11775871176705,-9.264359690897932,2,-47.91888717863725,-47.471908407239034,-46.69496804412963,-32.25613828633183,-16.979620721261572,-15.498313049206033,-10.039308106010708,/b/src/336291305/17885357165180586773.mp4,-0.9725935459136963,38.21377817199884,-46.31559096364275,-15.782246355999666,30.53334460764308,-46.190512556033276,,0.0,transition,-22.599841432351315,2.0,15.605794665122001,2.1218971631205674,0.051861702127659566,0.3342198581560284,1.0159574468085106,0.10235528670715546,0.37418264079612423,0.37418264079612423,0.5776680096497003,0.8500000000000001,-10.471233661261032,0.0,-16.775238143347007,0.0,0.000381288304393038,0.0006315373341992716,ok,False,0.10235528670715546,2.8368794326241136,0.0,0.0,0.7092198581560284
23,4673,70.0,29.757799231910315,-8.10441869955665,31.97725788083259,-9.85303954946852,-31.204994582670125,8.129891425269777,3.7235155140908827,-8.10441869955665,36.12183268778952,33.13817718793168,48.06150282064131,38.17807591083256,20.003263208696,normal,18.948432491977606,transition,0.0,transition,23.9165625,16.5,-6.129524035377637,-14.183304491585504,0.2,0.0,-5.416966438293457,0.3,0.0019416979229867127,0.1530037546933667,17884625466281166714.mp4,17.021690091084622,provisional negative (user-reviewed thread),0.5946791477338618,c2a50ab1d9d48374e15f11eddf7aaa2f,normal,16.205924675774938,13.0,31.557080688203317,-28.012682503048683,-11.806757827273746,2,-47.96398574205598,-40.11932053260664,-29.178243440802422,-22.357358097531588,-18.05921981599209,-16.039010269632897,-12.548394181985504,/b/src/336291305/17884625466281166714.mp4,-4.210138320922852,18.23924688646916,-30.75702877835775,-14.411599491771568,16.34542928658618,-29.599439852034017,,0.0,transition,-23.158570812900457,12.053377027104972,1.412192620608082,1.6510198744769875,0.0,0.023274058577405856,0.5257583682008368,0.10211680845353892,0.4394349970328657,0.44147991768158956,0.8207483136894452,0.65,-2.14868947745536,0.0,-20.856126599436465,0.0,4.6737782582204006e-05,0.06812403420497756,ok,False,0.10211680845353892,1.0460251046025104,0.0,0.0,0.0
38,8044,,9.397751058968794,7.04864146611536,7.74171864649701,-3.6453872153776405,-17.869784086883165,6.5116653925868615,0.8761859290396803,7.04864146611536,73.35537368534035,63.014848117870265,63.54002826518254,74.67922706795892,31.99709388779693,normal,13.210366068779285,transition,0.0,transition,38.9674375,10.5,-2.7692012863379603,-7.989010806389094,0.30000000000000004,0.70625,1.0604581832885742,0.6,0.04126517886094965,0.230287859824781,17885475640110116759.webm,9.880773280494072,provisional negative (user-reviewed thread),0.535121296954909,dc27129245c93eadc9c8b21e3a164adf,normal,6.1415236780959965,0.2,65.4187272526766,-12.073221969630257,-5.931698291534261,2,-22.860599394464643,-16.074682666332258,-12.530451446473423,-9.848226427575392,-8.053330757535376,-7.350622436741462,-6.349228482719218,/b/src/336291305/17885475640110116759.webm,1.682723879814148,7.3100835384796214,-17.737978135268346,-8.991120907495603,8.746857227772743,-12.250617918798415,,0.0,transition,-11.527642188965137,9.65419511104928,1.0234694002802442,29.7086810012837,1.8293485237483955,7.285381899871631,17.253449935815148,0.09356835735628052,0.09514171009056385,0.2143700529272834,0.5331482543655185,0.6000000000000001,-10.581655297833258,0.0,-20.011213483531765,0.0,6.477744949420692e-05,0.003269587929040344,ok,False,0.09356835735628052,45.699614890885755,0.0,0.5134788189987163,18.10012836970475
21,4132,,-1.9481875704120317,2.092955609147598,1.0638602542735178,-6.117758807788176,-10.368316760272242,0.9256806890614033,1.3954234108827102,-1.9481875704120317,10.428661954172386,9.129726605568177,9.920746284511416,9.420229706708579,4.987782638379176,normal,10.576928326751073,transition,0.0,loud-start,20.5845,9.450000000000001,-4.722335396905466,-8.429875145406452,0.0,1.06875,0.9205302596092224,0.0,0.15735004056794816,0.19117647058823528,17885465523621052885.webm,1.9384416148657895,provisional negative (user-reviewed thread),0.4368982721132695,164b1aab21f420a4a59ca5930b6860b9,normal,1.6010807954755464,19.200000000000003,4.374165846472563,-9.017335547716321,-7.416254752240775,1,-11.33753415341974,-10.51564670070633,-9.530618091991176,-8.891009974868338,-8.444260547911131,-8.210813981245506,-7.781446652080595,/b/src/336291305/17885465523621052885.webm,1.425536870956421,2.065048214065018,-9.551850483561209,-8.760499192499044,0.7913512910621652,-9.295489449789287,,0.0,loud-start,-9.151391455794652,2.0,0.9692208074328947,47.16423357664233,4.493004866180049,15.431417274939172,31.080900243309,0.09308367662437315,0.06711334364278443,0.15224874564733584,0.24544455553311284,0.05,-3.8727783206850797,0.25,-8.246857044174714,1.021875,0.09308367662437315,0.20765856154399276,ok,False,0.0021086285133811956,96.35036496350365,0.0,0.0,27.49391727493917
7,1691,140.0,-0.7898869872719629,-7.063141265144679,18.16138023237443,-10.502064192710083,-26.15274894051373,4.221051680589531,-1.9988049542422353,-7.063141265144679,17.57472364666231,12.490080584292214,18.669441854698736,20.059684045021417,6.8692480034272325,normal,11.749248739317853,transition,0.0,transition,7.36075,1.3,-12.500869146952319,-13.223127872642737,0.25,0.0,-5.6867523193359375,0.5,7.699831630788251e-05,0.07509386733416772,17885358426163556747.mp4,12.929621067870995,provisional negative (user-reviewed thread),0.5015048028394283,44a8dcfe962dadcd7be8dbe35f28e59b,normal,8.807571601056827,1.3,11.827035842440464,-20.049138965261044,-11.241567364204217,0,-30.129065337861967,-26.412320956064086,-21.085015656290462,-15.330810087678879,-12.875711859032826,-12.28512752635774,-11.506033344543322,/b/src/336291305/17885358426163556747.mp4,-5.134772777557373,10.029746981881777,-25.623636218001415,-12.623617360241255,13.00001885776016,-20.834300467139354,,0.0,transition,-16.884021516875226,6.258131221642038,2.0660514473006626,11.255527210884354,0.0,0.013180272108843536,2.9064625850340136,0.08987582269225323,0.46910122671934934,0.5015048028394283,0.8619836760801355,0.30000000000000004,-11.23069974291139,0.0,-20.428349902180692,0.0,5.111445395375878e-05,0.00048047829487405476,ok,False,0.08987582269225323,3.4013605442176873,0.0,0.0,0.0
12,4804,240.0,8.623767839337733,1.0823834742137013,10.474478495816443,-8.83543956660963,-25.858692224095364,1.555301115550165,8.337925995733817,1.0823834742137013,33.087918177667746,33.174050671616484,31.704631650469672,29.053220874913187,33.0204681426059,normal,20.028265051416856,transition,0.0,transition,12.074375,2.6500000000000004,-0.49751357087581205,-12.571523886710075,0.30000000000000004,0.00625,-0.837138831615448,0.5,0.056683534335681976,0.30663329161451813,17885405816742562054.mp4,13.287168337385289,provisional negative (user-reviewed thread),0.42333661054271726,b3d743a9ea41692496d0be2a2d24d982,normal,8.44076416466604,2.7,9.008338272769855,-22.20163908686612,-13.76087492220008,0,-27.083811868091555,-25.235084973551466,-23.406560016134595,-20.97457669604365,-17.620806128817776,-15.864898812665826,-11.972106781069977,/b/src/336291305/17885405816742562054.mp4,-0.6519120931625366,12.02525176800462,-24.67849818789395,-15.257386683015543,9.421111504878407,-22.5828491123489,,0.0,transition,-20.680177144579392,2.3058894339146745,5.762274696245023,1.8755186721991703,0.0025933609958506223,0.08117219917012448,0.44683609958506226,0.08950319664135267,0.09142893962166027,0.18670854770059944,0.6070851810453899,0.9,-9.762971697456493,0.0,-26.011766842963226,0.0,2.480539846011997e-06,0.02274368069051775,ok,False,0.08950319664135267,1.2448132780082988,0.0,0.0,0.0
6,2275,20.0,9.024491871266736,3.066450328324848,16.49863420160725,-3.9002162044309365,-21.19040102703775,8.373319195693092,-2.701702727917967,3.066450328324848,38.78853672148806,24.785169117645296,22.98023710416785,27.72318372309496,16.659666214130993,normal,15.792957211581701,transition,0.0,transition,6.0371875,2.9000000000000004,-6.601918932348903,-11.042598779839198,0.30000000000000004,0.025,-0.8326327800750732,0.5,0.009913581372854287,0.1357947434292866,17884826062150743255.mp4,10.147802247198554,provisional negative (user-reviewed thread),0.5347668203754623,e90c749a1f60b932fd57f432fa65cffd,normal,10.254678874046565,0.1,15.170943621946506,-18.610329713417116,-8.35565083937055,1,-36.67699634535019,-26.088704193307287,-18.896347222488263,-13.098126480729265,-10.486620630676022,-9.106084784811427,-7.833625968397197,/b/src/336291305/17884826062150743255.mp4,-0.13518348336219788,11.348870836895383,-21.627087922683618,-11.066820614629055,10.560267308054563,-20.126511204272155,,0.0,transition,-15.928140694943899,12.414283039534578,0.8174295861373404,10.8796875,0.346875,2.0656250000000003,5.575520833333333,0.08836939770016433,0.41256251937663135,0.41256251937663135,0.5253271047459721,0.1,-1.704449142265191,0.0,-14.937446455869193,0.0,0.001142142666700758,0.02951277194216337,ok,False,0.08836939770016433,20.0,0.0,0.0,4.166666666666666
39,1952,20.0,-2.2619347948401938,18.980653092502884,-0.7798757154192089,-14.073515088152549,-42.85352767576639,10.943433785915573,14.132756731533284,-2.2619347948401938,41.63640963228994,27.98733329441319,35.837120263656004,40.77971014631028,18.62803304355436,normal,13.19293666670852,transition,0.0,transition,39.5900625,1.1,0.05924164338073569,-15.338673412112982,0.15000000000000002,0.0,-3.201923131942749,0.2,0.05817522487779908,0.29474342928660824,17885173466260539836.mp4,27.514854263653405,provisional negative (user-reviewed thread),0.5328338025437739,aa3f04a1fb9e9cf74f4d6ca47c3b177e,normal,5.429431231188817,0.9,27.57114049063221,-15.84521397078575,-10.415782739596933,1,-27.015616930090697,-20.205363806396893,-14.93970210252771,-12.596402206163296,-11.631723446706944,-11.048847533460307,-10.415755194991544,/b/src/336291305/17885173466260539836.mp4,-2.5203254222869873,5.283086419917296,-41.19875202388063,-17.746337808814566,23.452414215066064,-15.983869875358721,,0.0,transition,-15.713262088995508,16.224734930998427,1.6958584766204383,12.349794563843236,0.0014222503160556258,1.4838811630847029,5.455199115044248,0.08308179672283508,0.45145343819243805,0.45145343819243805,0.661359311353824,0.9,-6.701680011882123,0.0,-26.020033690144224,0.0,2.456317817717093e-06,0.006134033727049714,ok,False,0.08308179672283508,15.423514538558786,0.0,0.0,0.0
45,8268,,5.778780399635636,2.9550380180027034,2.8253622862389887,-9.948267148638273,-24.562967158352322,2.5369408769014488,-7.20518183503237,2.8253622862389887,19.028099462650903,16.20373116370893,17.493290682453946,17.164542982734126,9.43297343920262,normal,15.135315992908485,transition,0.0,transition,45.5253125,15.350000000000001,-17.153448983670643,-12.334463573408922,0.30000000000000004,0.0,-1.6997994184494019,0.5,0.001858659651502508,0.04130162703379224,17885218951562277856.mp4,12.2285035849434,provisional negative (user-reviewed thread),0.5452005879891603,53cadaa601f4db3776be43674acb7cbb,normal,8.438855176107959,6.2,18.438053567477393,-18.21189686346765,-9.773041687359692,1,-25.862800755357977,-23.190926452477804,-20.30146518964843,-16.34033900476691,-13.418695796665512,-12.092803505353624,-10.925408454935779,/b/src/336291305/17885218951562277856.mp4,-0.9786944389343262,10.659384184147228,-23.97831966547354,-11.270861672180086,12.707457993293453,-18.561870364062095,,0.0,transition,-16.11401043184281,3.761268544094088,3.2511647178568235,10.773008241758241,0.0684065934065934,1.1171016483516483,4.434615384615385,0.08018568442284713,0.1225850993751683,0.2915149839550725,0.3815907356633271,0.05,-21.52094841320735,0.0,-21.40026323353392,0.0,2.957528655953439e-05,0.0028237238979755496,ok,False,0.08018568442284713,4.285714285714286,0.0,0.0,0.0
32,2472,80.0,0.7712991685360642,0.28896595450612494,-1.68012256282326,-6.19072379252664,-23.57431504005139,8.380323149801715,6.626411120311191,-1.68012256282326,41.525111941079544,41.78717983292674,46.58859344524177,46.68238097770218,26.38090892297549,normal,18.43881658414928,transition,0.0,transition,32.159625,1.85,0.4356873277845516,-11.805458518893717,0.30000000000000004,0.0,-2.2768030166625977,0.6,0.04858929044577481,0.32227784730913644,17885110110691097812.mp4,11.768856521157671,provisional negative (user-reviewed thread),0.5889852410450122,7c5ca81dfdf8574514e2bf9639155cc7,normal,21.062592053598486,22.6,22.030764661187607,-31.402700271217018,-10.340108217618534,2,-45.74126591618556,-41.263184290385894,-32.73591191504382,-21.85710319343688,-13.485410173527491,-10.644184456676198,-8.667611703874687,/b/src/336291305/17885110110691097812.mp4,-1.8399946689605713,25.060393274204216,-22.338968390825226,-14.193305373416534,8.145663017408692,-33.30146568331826,,0.0,transition,-20.27881125310985,12.424667101896022,0.9472170501342226,4.140357698289269,0.008845256609642301,0.650952566096423,2.0847589424572317,0.0796299069460079,0.08542615339601177,0.4121891633711649,0.5735347440288548,0.75,-3.694584252985934,0.05,-14.998597055113862,0.0,0.001341274830445827,0.0234526933052215,ok,False,0.0796299069460079,7.153965785381026,0.0,0.0,1.5552099533437014
19,7636,340.0,23.150535178728425,9.108666485067552,6.025113298396951,-14.109677702319065,-23.842000815648966,4.779167467219107,1.1977433029915865,6.025113298396951,38.88424316288285,36.304732706932036,42.9251114688122,35.34746280142193,23.161490649403646,normal,11.685951299805259,transition,0.0,transition,19.9253125,5.5,-12.911934399327478,-12.48297212022209,0.30000000000000004,3.5000000000000004,0.1054811105132103,0.7,0.015121638337961072,0.0425531914893617,17885080811990147289.mp4,11.359028695426876,provisional negative (user-reviewed thread),0.5520840245124132,74074b40cc133341367cdb45f3266e67,normal,6.210243902927911,0.1,31.63179902599962,-10.017042479465994,-3.8067985765380827,2,-27.348803112742193,-20.477746662224934,-14.36587489035217,-11.101241165301648,-6.149462951189953,-4.344556606246413,-3.536656635245911,/b/src/336291305/17885080811990147289.mp4,2.9190025329589844,11.386305549614768,-22.708757152705346,-9.792965662141555,12.915791490563791,-10.657149229332756,,0.0,transition,-8.766948766846275,7.085593686899048,1.6031160122022268,38.55967336683417,8.601915829145728,17.55449120603015,28.296482412060303,0.07153968680847324,0.1954740099866349,0.23720705041183274,0.42412305993929783,0.2,-15.853187744040138,0.0,-22.601582354761447,0.0,1.527058446816268e-05,0.0005215165499382908,ok,False,0.07153968680847324,34.42211055276382,0.25125628140703515,10.050251256281408,17.08542713567839
12,3920,,7.760787005893607,2.9330010170859957,14.799481093058745,-7.020350395758946,-13.77972706960238,3.8720968408800402,-0.0030377728810444538,2.9330010170859957,53.889019189668986,52.28785165949526,49.14317937837997,46.91585842918541,38.465428661363234,normal,9.076162595055157,transition,0.0,loud-start,12.6505625,1.6500000000000001,-7.023388168639991,-6.01135424928439,0.1,2.4875000000000003,0.07539655268192291,0.1,0.05115213566383979,0.10575719649561952,17885466751780833824.webm,7.76837282031799,provisional negative (user-reviewed thread),0.6917840892576324,9f7649472de9a321088bc96be97dc6e7,normal,4.513232422294685,0.1,31.77186801498697,-8.89563706631122,-4.382404644016535,2,-18.617780667512243,-14.2275205978043,-9.943942750472788,-6.575539872108703,-5.662625838730536,-5.167699138631411,-4.678300387483009,/b/src/336291305/17885466751780833824.webm,0.46680834889411926,5.5796690456472415,-12.555551479182176,-5.897172782434385,6.658378696747791,-9.362443045014672,,0.0,loud-start,-8.609354246161038,5.740770776288747,1.3531933468592579,47.19713438735178,6.404891304347826,20.008399209486168,34.087944664031625,0.07100027818660146,0.15852586283188025,0.2554605708955619,0.49374708319380883,0.8,-10.210267426969468,0.25,-8.604150560742404,1.51875,0.07100027818660146,0.02002156799456028,ok,False,0.033461131991506916,60.86956521739131,0.0,19.76284584980237,44.66403162055336
101,6081,,-4.405485362767319,8.899760960950946,1.9795353594608116,-22.219941595547915,-21.957449848869963,2.4801578232515578,-9.81817774183235,-4.405485362767319,73.92374810958977,67.90906252924438,46.814321178204224,55.256296080704345,38.956387726409,normal,9.962382735111577,transition,0.0,transition,101.12,19.25,-32.038119337380266,-11.282193587859922,0.30000000000000004,0.49375,-0.7998886704444885,0.8,9.904130257201766e-06,0.0050062578222778474,17885511419160074439.webm,10.675256261010041,provisional negative (user-reviewed thread),0.7427682454024106,0d6d5ff5214e1ec7ee185700ef382107,normal,4.479439997694892,0.1,30.159271774260546,-7.1406690157913735,-2.6612290180964813,2,-27.735125655187492,-19.03432946384305,-9.748491426009213,-8.641208065456645,-7.939868240990917,-7.119979357118438,-5.8884669724435525,/b/src/336291305/17885511419160074439.webm,2.2839508056640625,4.197215538719137,-20.666301119887702,-3.360282184054859,17.306018935832842,-7.264873627369425,,0.0,transition,-7.678431929447514,3.6770819887527595,2.9031869002820394,47.64011498516321,12.006058358061326,25.92148862512364,37.723015578635014,0.06803746276245312,0.04958635358758396,0.14056318276503318,0.4730897472512285,1.0,-17.42433325381366,0.0,-32.268576356202374,0.0,7.51018360922519e-08,0.002704455535978605,ok,False,0.06803746276245312,63.05637982195845,0.0,1.434223541048467,34.56973293768546
56,2303,140.0,7.470850235284452,12.312610309555053,31.559197697119313,-16.291098189924377,-33.618487894341015,4.154409729543815,5.355882141629092,7.470850235284452,81.93080870369208,79.2133706414503,79.40877566661749,78.58577589442885,39.850387894773334,normal,12.30360047239136,transition,0.0,transition,56.888875,51.5,-10.935216048295285,-13.714304479076729,0.05,0.0,-3.5597715377807617,0.5,0.0023793387760368463,0.07133917396745931,17885479528411600802.mp4,19.904183415264285,provisional negative (user-reviewed thread),0.591795263131332,e8c14dc536eeeb558c5bf5774a342032,normal,9.60859649999286,0.1,68.73859759798884,-17.048290103533493,-7.439693603540633,2,-37.88001878796137,-28.193028405902847,-17.645871261684857,-12.683974731982836,-11.136932109361485,-10.3678819630715,-9.458040571341074,/b/src/336291305/17885479528411600802.mp4,-2.754349946975708,9.758014870893888,-32.169254585629524,-13.489085084915653,18.680169500713873,-17.42862232618464,,0.0,transition,-15.057950419367067,6.15932786502166,3.23155121004332,14.603781882145997,0.00395778364116095,2.343447669305189,7.19415127528584,0.06681065991733527,0.3356291342767607,0.3356291342767607,0.5625326423729123,0.45,-5.166840921452879,0.0,-17.510986288500376,0.0,0.0002665846071490394,0.006781102222349223,ok,False,0.06681065991733527,18.733509234828496,0.0,0.0,0.5277044854881267
53,4714,340.0,17.320108106430418,14.091858741521953,26.736826683609348,-10.764638463647282,-28.582210287430016,7.488475025553235,4.580594811631684,14.091858741521953,65.72908111064592,62.22451578878581,74.42814993819262,69.59676367422153,36.538087085304554,normal,15.684570459840245,transition,0.0,transition,53.12725,10.0,-6.184043652015598,-12.768190880439622,0.05,0.0,-2.4521548748016357,0.5,0.008613210827711309,0.12640801001251564,17885537977792046629.mp4,15.814019406990393,provisional negative (user-reviewed thread),0.5216483892101653,b4461162e6ac90e84d0d34493cac7a80,normal,9.428661432444994,0.1,70.52174387534056,-19.76734690326239,-10.338685470817396,1,-37.612312051763,-29.129829440508654,-20.76315762845818,-15.432329352155705,-12.970372323002946,-11.849374323952743,-10.418291294416296,/b/src/336291305/17885537977792046629.mp4,-2.189260482788086,11.525161101306763,-28.492438859814996,-13.868645445344177,14.62379341447082,-21.237936277637314,,0.0,transition,-17.87383094262833,11.102413072885225,1.4243767821620732,7.229048964218456,0.010181261770244822,0.6811440677966102,2.9636887947269304,0.0651588843840438,0.37361916620228175,0.38450821194636925,0.5965632131760511,0.15000000000000002,-10.029169904207965,0.0,-15.946014630185253,0.0,0.0006020604923837591,0.0010014506374663623,ok,False,0.0651588843840438,5.649717514124294,0.0,0.0,0.0
22,4905,80.0,13.153418132099208,5.234888885300013,10.774296572418827,-5.134812231274049,-21.346227801727427,15.02486196610554,0.993519482918467,5.234888885300013,84.04053187980242,53.35011335405639,68.98350834210797,79.14916599231844,33.06096563978197,normal,18.269588605794297,transition,0.0,transition,22.2215,1.9500000000000002,-4.141292748355582,-11.443168575300337,0.30000000000000004,0.0,-1.574151635169983,0.6,0.0023763247137033403,0.1964956195244055,17885113964192536167.mp4,9.90305922642709,provisional negative (user-reviewed thread),0.48003356046433854,decf102f5a791619b2d90ef5cd186b52,normal,12.936371636438418,0.6000000000000001,74.36564301258944,-21.12476101524134,-8.188389378802922,1,-29.59075946049105,-24.54050351843552,-22.159123239239605,-19.77577023939915,-17.403662249889575,-15.660111995058921,-9.61424734686785,/b/src/336291305/17885113964192536167.mp4,-0.9438502788543701,16.46619716486836,-21.949511450760568,-12.436479329004628,9.51303212175594,-21.727679346688014,,0.0,transition,-19.213438884648667,22.275860350948072,0.44456461256301644,3.5996621621621623,0.05546171171171171,0.39329954954954954,1.3123592342342343,0.06484072518513036,0.21773188692556394,0.4282536427554741,0.5403757291966516,1.1,-2.7615056040977235,0.15000000000000002,-12.076180504627466,0.00625,0.009224520954557499,0.0011531823939748848,ok,False,0.06484072518513036,3.3783783783783785,0.0,0.22522522522522523,0.9009009009009009
45,3257,20.0,31.14112716244439,20.85795326022338,48.400763721071236,-27.047995869007373,-42.26599166793817,0.8948485178568895,13.787095592987205,20.85795326022338,44.892730809607556,54.924517616925414,55.1974703075264,53.761512951495774,40.39544534662801,normal,13.394393567977248,transition,0.0,transition,45.116375,44.300000000000004,-13.260900276020168,-15.18568356571742,0.1,0.0,-1.2287653684616089,0.4,0.0007263198774484807,0.06195244055068836,17885358425591814043.mp4,27.080308102220748,provisional negative (user-reviewed thread),0.5315504905806562,71d3b3bf8ff127f2c116ece7e9d961fb,normal,8.001025311162403,44.300000000000004,21.937943533656767,-15.121192521708762,-7.120167210546359,2,-36.813773602784,-25.528787750030112,-16.702264853081026,-12.960185215218367,-10.76979652232448,-9.908571690303633,-8.652555609463395,/b/src/336291305/17885358425591814043.mp4,-0.993215799331665,9.86605480993249,-33.30237753229664,-14.547897695178712,18.754479837117927,-16.186509664130966,,0.0,transition,-14.387609367308913,2.0,13.540154051110374,16.345759423503324,0.4266906873614191,3.002910199556541,8.639689578713968,0.06362669422841238,0.3020772624305896,0.31862783762537056,0.8089448201922453,0.5,-11.950429648932406,0.0,-13.556056870178635,0.0,0.002178655421285544,0.0005752248150366192,ok,False,0.06362669422841238,17.073170731707318,0.0,0.0,1.7738359201773837
68,11496,140.0,8.918671754173287,11.082365708938159,14.744244703462423,-6.535241798862618,-19.71383388081068,3.6126388152317253,2.1550523317873838,8.918671754173287,26.152715797799495,17.669371309718493,23.510712077802694,25.52665822107744,11.59171339233438,normal,15.64396337123906,transition,0.0,transition,68.059125,41.150000000000006,-4.380189467075234,-10.715731073377547,0.30000000000000004,0.0,-1.0034462213516235,0.4,0.005494209905175364,0.1764705882352941,17884715113270643878.mp4,8.998102807433131,provisional negative (user-reviewed thread),0.5909871532333065,ebef9d1d2517bf7748510b5d87ac740d,suspicious,12.958856422114243,0.7000000000000001,21.111615918843597,-19.297519158470287,-6.338662736356044,3,-29.25087791922515,-24.77671619897661,-20.199239829802245,-16.8329157507277,-13.75740589476398,-12.37092913895786,-10.247992515793886,/b/src/336291305/17884715113270643878.mp4,-0.9490346312522888,12.159943273139868,-19.054962755418934,-12.225136722657137,6.8298260327617974,-19.621787711538666,,0.0,transition,-16.59299800249135,5.356098307462555,1.6799734229852048,8.99214731814842,0.11250918442321821,1.37169360764144,4.091844232182218,0.05927269314058087,0.22351112193367553,0.43424164399256676,0.6357530959130357,0.65,-8.856484924603556,0.0,-22.938445591530293,0.0,1.3384756353929047e-05,0.01641722972219787,ok,False,0.05927269314058087,3.8207200587803087,0.0,0.0,0.07347538574577515
102,9966,30.0,8.839215087203282,-59.607902876459676,14.931954449352034,-13.452926113674902,-20.472377095801654,5.69513499147175,5.430272648788954,-59.607902876459676,39.329468433660786,32.49606063026663,37.52148538045016,35.6535131052738,19.158981066115697,normal,16.375437087146615,transition,0.0,transition,102.0009375,3.5,-8.022653464885948,-10.889275568985255,0.35000000000000003,0.2875,0.13546691834926605,0.8,9.749461704298332e-09,0.1251564455569462,17884609966682350346.webm,9.5831015268164,provisional negative (user-reviewed thread),0.6103683617183656,1045cb56e8a6c5cd04ec2dc8c21a8fca,normal,7.893999392449395,71.3,11.28957330378614,-16.806353728522083,-8.912354336072688,0,-29.45715867622014,-23.53304235749113,-17.841025609140715,-14.607734512723331,-12.058953608675527,-10.885062042866872,-10.505850962424244,/b/src/336291305/17884609966682350346.webm,0.6211817264556885,9.945632917279404,-19.896612289622077,-10.857733611057405,9.038878678564672,-17.279804594376024,,0.0,transition,-15.754255360690927,8.443607138356017,1.13495350621941,14.38002450980392,0.07040441176470588,0.503216911764706,6.118198529411765,0.05798028847299095,0.004493508323250934,0.6056077191400577,0.8189867299844454,0.15000000000000002,-9.515335765205453,0.0,-16.02519614037742,0.0,0.0005782530787163297,0.0006166064487023959,ok,False,0.05798028847299095,9.803921568627452,0.0,0.0,0.3431372549019608
17,13169,,23.603297520525626,2.1355686742292708,9.184611956662486,-6.236239344046456,-24.61786305302584,5.435783499315434,5.540037615371693,2.1355686742292708,65.51678800138848,59.46403343397756,69.4658006033863,73.18231606509455,30.918188569285945,normal,16.052113270647236,transition,0.0,transition,17.298875,2.0500000000000003,-0.696201728674763,-13.020006741266865,0.25,0.0,-1.556377649307251,0.4,0.05276263618242043,0.2906758448060075,17885459254810136654.mp4,11.597856311758974,provisional negative (user-reviewed thread),0.3670976148375723,067ceae9e03f1f829784dad10521356b,normal,5.010220206213628,0.30000000000000004,61.239138979992525,-16.68115291142025,-11.67093270520662,1,-19.3730483445118,-17.75472131788974,-16.1063034702358,-14.557742266827145,-13.438471928613467,-12.821830141512333,-11.60706019098296,/b/src/336291305/17885459254810136654.mp4,-0.4757455587387085,5.1678669794252965,-24.81894622255637,-15.605099024078843,9.213847198477527,-16.817691195251506,,0.0,transition,-16.527858829385945,8.059092616085062,1.4391020012117655,9.496557971014493,0.007246376811594203,0.30742753623188407,2.560144927536232,0.05712099270543784,0.17165012452600048,0.17165012452600048,0.43894447328134384,0.4,-6.52594889577666,0.0,-17.66080188267067,0.003125,0.00024331671754584364,0.006174115221279066,ok,False,0.05712099270543784,2.0289855072463765,0.0,0.0,0.0
12,789,60.0,10.036588003425473,23.60967311995227,14.284257316540712,-4.388625927255716,-26.714120809704077,9.721997182467387,-1.108099591020733,10.036588003425473,64.86750610946899,50.27165768534557,52.87607590296143,62.14050430659584,26.944500102628368,normal,18.603670367148315,transition,0.0,transition,12.0525625,9.65,-5.496725518276449,-12.994507364839404,0.1,0.0,-2.58947491645813,0.7,0.0012261622575077333,0.14455569461827283,17884675106871339085.mp4,13.719613444864674,provisional negative (user-reviewed thread),0.5377074469191787,7ae02ce802bd1149ecff5d7a974b82ca,normal,17.18091419419587,0.4,50.77859077391611,-28.892912813150033,-11.71199861895416,2,-48.80730868422459,-41.189293560007556,-30.734705489282,-21.231136738065896,-13.131743765375173,-11.848484629365286,-11.085979682112898,/b/src/336291305/17884675106871339085.mp4,-1.618334174156189,20.891906502340024,-27.00017892822015,-13.711545982641377,13.288632945578774,-30.148962916285758,,0.0,transition,-20.222004541304504,14.413833022726147,0.9518365741599126,4.324429460580912,0.010892116182572614,0.3324688796680498,1.6524896265560165,0.05664598153386618,0.2818942567113312,0.370643765675028,0.5407900692490771,0.8,-1.3329501409985511,0.0,-25.251294186719317,0.0,4.137386488425969e-06,0.05801530986795968,ok,False,0.05664598153386618,6.224066390041494,0.0,0.0,0.0
19,1629,,2.9730305772696424,5.0826116938674275,1.7726281680074685,-14.818550642489555,-12.141760444468302,1.8398499468387177,-0.612527197670893,1.7726281680074685,10.905258220562299,9.54532362822992,6.709600758172259,9.891568271893593,5.75068932922855,normal,12.52310521075502,transition,0.0,loud-start,19.9691875,1.1,-15.431077840160448,-9.337025094273004,0.0,1.525,1.9933784008026123,0.0,0.005643732152828263,0.04630788485607008,17885226180220621336.mp4,2.8047353501952976,provisional negative (user-reviewed thread),0.4904897253393353,de097fa7d57a58c563f7a6751bcc0d31,normal,4.460240564617466,0.1,9.31830226014349,-8.595149805275483,-4.134909240658017,1,-14.68722399910359,-12.12082912670807,-10.66936990369449,-9.067429220733807,-6.281120790777054,-4.669465800491298,-3.983955484154056,/b/src/336291305/17885226180220621336.mp4,4.451212406158447,6.784031137996217,-8.936562577514625,-7.099232197754947,1.8373303797596776,-8.739739365933834,,0.0,loud-start,-8.071892804596573,2.727761531183083,1.0282186760581045,49.49013157894736,8.029605263157896,19.968358395989974,35.09899749373434,0.056356386344500554,0.4252023530627527,0.4252023530627527,0.45410489521498976,1.05,-15.431077840160448,0.30000000000000004,-9.337025094273004,1.01875,0.056356386344500554,0.005643732152828263,ok,False,0.003590768517769738,73.1829573934837,0.0,9.523809523809524,23.55889724310777
7,1145,490.0,-7.82178588084,5.7698220343973325,-5.07225595331436,-8.22671325602908,-23.619340885081225,3.992845935391667,8.051551502830831,-7.82178588084,68.45628367274026,64.74754374799309,74.8820552580644,75.11417168563328,33.467628433472534,normal,18.302961695231783,transition,0.0,transition,7.04,5.8500000000000005,-0.1751617531982494,-12.643409113978235,0.30000000000000004,0.01875,-0.03220066800713539,0.6,0.35376007002037324,0.34605757196495623,17885491924000419150.mp4,10.97593177110299,provisional negative (user-reviewed thread),0.5258014122494152,1a7bd21ffcfcb73194fe0133043f009d,normal,6.687736282082621,0.1,66.24621642635145,-19.081631681492247,-12.393895399409626,1,-28.804777223686763,-25.66941814758713,-20.457063269678102,-16.91898073324672,-15.06019379866504,-14.472938728811524,-10.789013909123765,/b/src/336291305/17885491924000419150.mp4,-0.03220066800713539,9.782380329766712,-23.01586434568017,-14.307229930594069,8.708634415086102,-19.491493588829854,,0.0,transition,-18.33516236323892,5.919793383811686,1.8541072398097307,6.057589285714285,0.020089285714285712,0.16741071428571427,0.6285714285714286,0.052740887237425337,0.02737403304393841,0.24690488570687985,0.36690222066369377,0.45,-11.326408079345162,0.0,-16.318902820176326,0.0,0.0004916194592421536,0.00679083040354741,ok,False,0.052740887237425337,3.571428571428571,0.0,0.0,0.0
87,22391,440.0,22.2383102954444,25.87041453954189,23.5995286749924,-10.614206459522155,-34.614449425993996,3.867906836766398,-0.2834525456153827,22.2383102954444,60.310704257683135,43.295750409807624,39.76960806181272,45.56578507413967,23.097932236501563,normal,23.661057316425108,transition,0.0,transition,86.9333125,39.0,-10.897659005137537,-13.255527949616692,0.0,0.4875,0.4126134216785431,0.4,0.022817280969923092,0.09918648310387984,17885206402110299264.mp4,21.358921476377304,provisional negative (user-reviewed thread),0.5695609132607492,e542a8c739807886bdaed177f542ff10,normal,18.06762855599646,0.2,46.69230623818077,-27.115349289904152,-9.047720733907692,2,-42.331303673898525,-36.13819683077075,-29.294319747950965,-24.736454040393483,-21.567160377601002,-19.03535149879165,-13.008115547160838,/b/src/336291305/17885206402110299264.mp4,0.4126134216785431,19.96791591122662,-32.72655619113452,-12.864424811884474,19.862131379250044,-27.56378974317072,,0.0,transition,-23.248443894746565,5.734558676189861,3.7245972501877924,1.0636147871116226,0.026035673187571922,0.1183831990794016,0.3867592059838895,0.05097849111440686,0.20170607889742773,0.21325285737974695,0.5375585875695038,0.7000000000000001,-14.119979159698744,0.0,-29.909633926909017,0.0,2.8652452872650504e-07,0.025036513350069137,ok,False,0.05097849111440686,0.7479861910241657,0.0,0.0,0.0
28,2296,50.0,19.203750049644484,21.393241834627574,41.5501144732721,-11.385353589511457,-39.27592081632793,8.96297043783618,4.938317484356439,19.203750049644484,76.04087852580945,60.57938870118779,67.00131037632408,54.858426252458585,31.779054535497416,normal,11.629912853269337,transition,0.0,transition,28.8624375,1.1,-6.447036105155018,-14.681188325285417,0.05,0.0,-2.8060600757598877,0.2,0.0017081120921207493,0.14330413016270338,17885520657940823473.mp4,24.594732491042514,provisional negative (user-reviewed thread),0.5646732864786482,603fd36fecd8c8bc0994af2ce0b8ee9d,normal,7.31516637019333,0.30000000000000004,68.39165745179554,-10.954908137048413,-3.639741766855083,2,-26.548625862983144,-16.98445495590988,-13.395636484447065,-10.269265022445481,-8.918456070310766,-8.00487587412948,-6.541086805179376,/b/src/336291305/17885520657940823473.mp4,0.9785637855529785,7.51917116030323,-39.63062404192922,-15.171377536146736,24.45924650578248,-11.191134464176857,,0.0,transition,-10.651349067716358,13.28849997113592,1.8508283511656674,33.6421143847487,2.5736568457538995,11.542352686308492,22.357560658578855,0.05045941732521317,0.2246784424337923,0.25680907881639414,0.7337613346119185,1.0,-7.287527395394127,0.0,-17.87563296693851,0.0,0.00021363711213076144,0.001471100812481273,ok,False,0.05045941732521317,39.68804159445407,0.0,0.34662045060658575,10.74523396880416
88,8128,,42.29799514872823,43.94246169441699,40.644179191342346,2.784306654525781,-52.09507687706331,37.90492312293669,-0.41217965898399456,40.644179191342346,77.99561360056133,76.18182477401712,76.38834167344099,76.38834167344099,38.136571270779214,normal,12.309514094757127,transition,0.0,transition,88.7466875,1.1,2.3721269955417865,-13.195559816864726,0.0,0.0,-3.7522172927856445,0.4,0.4861478292435834,0.46245306633291616,17885461921352060244.webm,38.89951706019859,provisional negative (user-reviewed thread),0.4147097478448417,1d47792c0c7665abb4388f9b3d84a2f6,normal,1.884864662328635,0.6000000000000001,73.967601169063,-14.362479465766366,-12.477614803437731,1,-15.769254036347471,-14.418765676623757,-13.524724753799738,-12.845756594513798,-12.310222908213433,-12.058565675229048,-11.417079730417619,/b/src/336291305/17885461921352060244.webm,-2.1892311573028564,3.1363879853000824,-53.46625456912636,-15.771030912944608,37.69522365618175,-14.437194128804864,,0.0,transition,-14.498745252059983,56.19783902206593,0.692188841014417,18.34251691093574,0.0015501691093573844,0.8053480834272829,6.2810738444193905,0.050008476856839054,0.07216637180748531,0.09711531252146313,0.19643700946763865,0.55,3.447208579464186,0.0,-13.766068356740515,0.0,0.0023227486422611587,0.34224461358443076,ok,False,0.050008476856839054,4.509582863585118,0.0,0.0,0.0
7,411,,72.74515329515746,44.04218105280287,69.4958037032959,-8.395439487497214,-49.720735096430715,26.84486801131262,5.511150082906174,44.04218105280287,80.74421304309946,76.89483622585136,80.74421304309946,77.32114476295489,39.74659022819917,normal,21.104811159459672,transition,0.0,transition,7.6379375,3.45,-2.8842894045910397,-14.409679281622852,0.05,0.0125,-0.8624590635299683,0.4,5.2740666257265666e-05,0.19524405506883605,17885459772583063565.mp4,35.311055814807865,provisional negative (user-reviewed thread),0.4669259759799019,c05f55e847ca63a6fd9a068d73f3418a,normal,14.764114491527568,2.8000000000000003,65.34472624078214,-26.122692684316505,-11.358578192788936,2,-89.95266443669205,-50.16002683598667,-25.49291223557188,-21.63970546929977,-15.892573883223887,-12.595398931187287,-9.617686505084343,/b/src/336291305/17885459772583063565.mp4,-0.601193904876709,17.179176988479462,-51.197636469975464,-16.34401169946001,34.85362477051545,-26.624899324292393,,0.0,transition,-21.70600506433638,39.80020131357209,0.8872079700452822,2.0308388157894735,0.07195723684210525,0.3519736842105263,0.9523026315789473,0.04952808617347609,0.10782764313241612,0.3175816803470689,0.6225034959805947,0.9,-1.2664841530529363,0.0,-28.16589134303985,0.00625,7.653810463800046e-07,5.0771465762485674e-05,ok,False,0.04952808617347609,4.605263157894736,0.0,0.0,0.6578947368421052
86,9180,,7.083887931437186,-6.801972337490614,14.441601634268114,-17.990097156259225,-21.02158106993358,5.118831528286248,11.169163641432178,-6.801972337490614,24.80895496020649,21.22377798417764,25.782586760500624,22.696444969114467,12.192833430800484,normal,17.039977373344538,transition,0.0,transition,86.36,51.35,-6.820933514827048,-12.192165975698522,0.30000000000000004,0.0,-3.0642101764678955,0.4,0.0007883524569622337,0.15456821026282852,17885473264710653619.webm,8.829415094235056,provisional negative (user-reviewed thread),0.5475451211357891,cb00de527ac3ab939c21b47a5cdfb5fc,normal,7.185254481388792,24.900000000000002,15.673230518979192,-17.35329941048471,-10.168044929095917,1,-26.40078385185844,-22.71382244855657,-19.48176999624645,-17.037262296452106,-15.089610228770518,-14.1356502763583,-12.577839810929484,/b/src/336291305/17885473264710653619.webm,-0.021599162369966507,10.156173612432326,-19.890015558301627,-11.317084654959613,8.572930903342014,-17.925839343511427,,0.0,transition,-17.061576535714504,7.5891796238371905,1.1634215464478341,8.209648233931674,0.0055370584829183556,0.2350897510133179,2.25445136074117,0.04762304555021759,0.3651273475906632,0.4263575069517628,0.7469725852331369,0.4,-16.282330539697146,0.0,-22.261383253706068,0.0,1.849061434932964e-05,0.003741119047789954,ok,False,0.04762304555021759,0.5211349160393747,0.0,0.0,0.0
33,4287,50.0,13.596000058810503,-0.7007960881708697,10.17725972697823,-16.966903158329195,-33.833452941465815,1.7181602953771815,8.762772723826552,-0.7007960881708697,38.82947316693366,38.80189923427436,37.27897969023816,40.479051013320515,29.02030882150136,normal,26.475095846242226,transition,0.0,transition,33.0188125,1.4500000000000002,-8.204130434502643,-16.65048997485842,0.25,0.0,-1.3667820692062378,0.4,0.0004179276945492966,0.12828535669586982,17885511716131873259.mp4,17.182962966607395,provisional negative (user-reviewed thread),0.4923984138958954,2a9d0d152cdc9b2a1a5a580bea6e60f3,normal,23.740889628946373,0.1,24.623094995878134,-34.342395743240544,-10.601506114294171,2,-39.49206456337609,-38.049244173644844,-36.11730860484404,-33.17706889364807,-28.282813500045535,-23.106174026337133,-12.529623044607176,/b/src/336291305/17885511716131873259.mp4,-0.3845665156841278,26.217192857724708,-31.550947405243285,-16.49788872002101,15.053058685222275,-34.53206891669334,,0.0,transition,-26.859662361926354,2.5473444539262093,6.745441489125422,0.6230113636363636,0.017708333333333333,0.11950757575757576,0.3117424242424242,0.046930859248825486,0.23375714144293488,0.3914407234558021,0.658444529121669,0.45,-16.48275030113639,0.0,-32.36167737322283,0.0,7.129121169668573e-08,0.001596767775760976,ok,False,0.046930859248825486,0.7575757575757576,0.0,0.0,0.0
12,437,400.0,26.71631688088653,11.271181273597007,14.863075983850965,-15.74693055216873,-20.6609393432683,2.1088409507064156,-0.8924470981376285,11.271181273597007,16.012703114538976,11.183873590585733,11.252355826706815,17.046461691581985,5.978416493575256,normal,10.100076714697105,transition,0.0,transition,12.8,3.5,-16.639377650306358,-11.35097160986793,0.25,2.7375,0.16366297006607056,0.6,0.00950113029813923,0.04224030037546934,17885455058860161934.webm,9.30996773340037,provisional negative (user-reviewed thread),0.5835860875821558,e02e234a716741dbaf1f6b2c0f536e44,normal,4.094358230538096,3.5,16.172001252308675,-9.99538539041436,-5.901027159876263,2,-21.561191519896038,-18.321684839539248,-14.381796626458183,-12.430405173737714,-11.186835970475201,-10.81018304438712,-10.097176060590606,/b/src/336291305/17885455058860161934.webm,0.2207379937171936,5.497563098888261,-18.785614443771724,-6.532878118447531,12.252736325324193,-10.142879039007033,,0.0,transition,-9.879338720979911,3.126567593517332,2.9776959732787436,37.7373046875,4.27587890625,13.139648437500002,25.020507812499996,0.046627487655611574,0.12755840443378552,0.5835860875821558,0.4309932870787354,0.55,-20.457789920888118,0.0,-19.13479062156933,0.0,0.00010261417389610007,0.0020804910606544665,ok,False,0.046627487655611574,21.09375,0.0,0.0,0.390625
28,2233,,-6.084201214278281,7.262289338946292,-1.756012995352534,-14.661660446714263,-24.07642182671004,3.928186824903964,-2.5720063561555495,-6.084201214278281,52.27117482675059,36.43524177495553,42.330076707997506,45.70207074474405,27.873250743804604,normal,16.7188729231095,transition,0.0,transition,28.027875,9.1,-17.233666802869813,-13.233937692584473,0.30000000000000004,0.0625,-0.6249310970306396,0.4,8.360385244627646e-06,0.052565707133917394,17884625466652193696.mp4,10.842484134125566,provisional negative (user-reviewed thread),0.4319740473212623,81453974a5c259262dc89186b8187866,normal,8.331495726548749,0.1,16.835806312136526,-16.513408378611583,-8.181912652062834,1,-27.984913222940513,-23.074477305555256,-17.515056093636694,-14.967870415293978,-12.613564997649018,-11.575449129307696,-10.308162645432038,/b/src/336291305/17884625466652193696.mp4,1.1624609231948853,8.414705048775673,-23.300176555190703,-12.320279452574612,10.979897102616091,-16.479345694352464,,0.0,transition,-15.556411999914616,5.8239297866026165,1.8617127148523744,11.720089285714286,0.3464285714285714,1.641517857142857,5.160825892857143,0.04531298079041938,0.07826244965299806,0.15471089354801068,0.5958584061091687,1.0,-15.701845827657102,0.0,-14.538087186861068,0.003125,0.0012681748303075364,1.039666678258824e-05,ok,False,0.04531298079041938,5.892857142857142,0.0,0.0,0.0
490,20283,30.0,-14.35977280224673,-9.031832676214709,-11.295099542607808,-9.622633342058688,-21.796652814590434,6.263235309681524,-7.637703971545687,-14.35977280224673,58.05562859476443,28.250080774840832,30.761027610749935,57.70912837941426,22.918664495457605,normal,17.55908128577504,transition,0.0,transition,489.8481875,358.15000000000003,-17.260337313604374,-12.139807449550567,0.30000000000000004,0.0,-3.172344207763672,0.6,0.00014307202346114798,0.038172715894868585,17884848346090309488.mp4,9.656845365039867,provisional negative (user-reviewed thread),0.590479759922412,f2f4462de60bcf80004321be73f3cc38,normal,9.473921140842814,0.5,26.335234868920395,-18.82162808980126,-9.347706948958445,1,-30.54602580191279,-25.58827688436682,-20.214211848997646,-15.831344448755893,-13.379080919817984,-12.403353013841874,-10.863314850843812,/b/src/336291305/17884848346090309488.mp4,0.3326221704483032,11.358887729908794,-22.826932477929823,-11.449781267682697,11.377151210247126,-19.9409957752908,,0.0,transition,-17.226459115326737,9.285872670133827,1.0399502241829355,8.565849581461821,0.017022253981216824,0.5405331257656186,3.1614179256839527,0.04418814986697479,0.07153347177885133,0.4900734352123154,0.4250002281076825,0.5,-16.24318279927933,0.0,-14.020368902448093,0.0,0.0016785619828064825,0.0005475883826492261,ok,False,0.04418814986697479,3.5728868926092283,0.0,0.0,0.02041649652919559
78,12549,100.0,17.956347422775224,25.628902606875485,32.897203074657796,-12.151110448880242,-47.25852233935168,1.138465466246906,1.8473405888090593,17.956347422775224,41.86805580069813,34.698532817979896,41.92211414774458,43.10445829994609,17.999344011813175,normal,18.029979568555383,transition,0.0,transition,78.8245,61.650000000000006,-10.303769860071183,-14.132327633699182,0.0,0.0,-3.8928415775299072,0.3,0.0011317397183397602,0.09073842302878599,17885537975770678938.webm,33.126194705652495,provisional negative (user-reviewed thread),0.569981633355225,65c216ca09490cbe4d8861f4ca65067c,normal,20.78966957436795,56.900000000000006,42.28296006332795,-32.29071167779776,-11.501042103429809,2,-52.99521819102908,-50.012645094547906,-33.305913191608305,-19.170468453312594,-15.262254553101208,-13.931718932846877,-12.355199145820295,/b/src/336291305/17885537975770678938.webm,-2.8012633323669434,22.207955359620577,-46.72289599950654,-13.760121370288008,32.96277462921853,-35.0793568273584,,0.0,transition,-20.831242900922327,2.0,16.563097352826247,3.4948048857868024,0.00023794416243654823,0.17016973350253808,1.166640228426396,0.043630314417820074,0.1916076604613733,0.3459678129999258,0.6158011368063366,1.0,-4.683795411428271,0.0,-47.16781013125253,0.0,2.278842827260803e-11,0.025668918932525875,ok,False,0.043630314417820074,0.6345177664974619,0.0,0.0,0.0
143,6619,,1.1874020743442824,1.3390969194317925,-3.8121199872899325,-8.5209218944442,-22.618997745858795,7.183918335330888,-6.001791168780279,-3.8121199872899325,25.513569338354852,25.511967029177224,24.93089546538602,24.763318701873605,14.07612619173392,normal,15.99119539089211,transition,0.0,transition,143.638625,21.85,-14.52271306322448,-12.930467526874345,0.30000000000000004,0.0,-1.5175288915634155,0.7,0.013155118404575915,0.058823529411764705,17885226675441443326.webm,9.68853021898445,provisional negative (user-reviewed thread),0.6805691224665888,e3b46fb88709d2a67ea8c479263d3cc8,normal,7.600276766136454,19.700000000000003,13.211291445902605,-15.216768501034514,-7.61649173489806,2,-24.049829091023913,-20.377643667531757,-16.903783755839463,-13.769808246188973,-11.33896635897605,-10.396728807919049,-9.00836761731352,/b/src/336291305/17885226675441443326.webm,1.886286735534668,10.696317870197067,-20.449361801324983,-11.608919095037354,8.840442706287629,-15.900896078136363,,0.0,transition,-14.104908655357441,10.650877323961573,0.909646212635263,17.015994951253482,0.35349930362116994,3.1217574860724233,8.552293697771587,0.04242460790458799,0.203135223417114,0.3491858896798578,0.40737093356829046,0.5,-14.385282340439405,0.0,-18.98909987513345,0.0,0.00011413997845445597,0.015387378050755171,ok,False,0.04242460790458799,13.33565459610028,0.0,0.0,0.9749303621169917
114,11670,20.0,23.203715492845056,23.992259091614237,39.703367917117205,-6.9225296042429445,-43.198154355569386,4.977807683217577,-0.5513507502172299,23.203715492845056,75.80453087349466,70.21147057987467,76.7684230338501,75.92410130736675,38.90765688092091,normal,19.44858702683873,transition,0.0,transition,114.5905,41.800000000000004,-7.473880354460174,-16.937474988761725,0.15000000000000002,0.0375,-0.524751603603363,0.2,0.005514407565795932,0.12578222778473092,17885435949542471250.mp4,26.26067936680766,provisional negative (user-reviewed thread),0.7197249466274831,b391b74a08e60921f82ec623aa3837e9,normal,11.152295991318773,67.5,43.1603774557923,-22.045388321165667,-10.893092329846894,1,-52.98896362953637,-36.550006387448185,-23.65633164781385,-17.872800712319318,-15.29153253096749,-14.001349694200325,-12.284872348663077,/b/src/336291305/17885435949542471250.mp4,-0.524751603603363,13.624736219700567,-43.340351133758475,-18.02462513219451,25.315726001563963,-23.67305641392703,,0.0,transition,-19.973338630442093,7.38009767113838,3.558310545063146,4.177187909209952,0.004610432125709297,0.13697621126145787,1.1683762549105194,0.0424085430884229,0.24290833745217824,0.4695780310615365,0.549379781250682,0.2,-8.39693653311846,0.0,-21.324459056871763,0.0,3.1979590871951946e-05,0.00393835919940941,ok,False,0.0424085430884229,0.6983849847228284,0.0,0.0,0.0
64,4754,,16.384775709308702,-0.15475837984884855,7.8581431564218365,-8.514199443014796,-22.683889956663315,1.0549805397473353,3.0760610706035454,-0.15475837984884855,56.650441462735955,22.232809375682365,50.03513587664445,56.650441462735955,11.708252912650167,normal,18.640350892974247,transition,0.0,transition,64.8881875,23.950000000000003,-5.438138372411251,-12.796411869093461,0.25,0.01875,-0.9311513900756836,0.6,0.017347310665456292,0.1702127659574468,17885420203270448531.webm,9.887478087569853,provisional negative (user-reviewed thread),0.4505357530635616,5d768116592edc0e812d5808d2ec8526,normal,9.116116394153732,1.0,56.58444008469734,-19.792531148220206,-10.676414754066474,1,-37.5810604581202,-24.32905556531705,-19.929946916877935,-17.507143667422927,-15.580435207084337,-14.390528093730563,-12.361490793642504,/b/src/336291305/17885420203270448531.webm,-0.596453070640564,10.624315826029024,-22.35349780173101,-12.919129002415856,9.434368799315154,-20.04558224113625,,0.0,transition,-19.23680396361481,2.0,4.943739043784927,3.8537490362374713,0.01079414032382421,0.15449113338473403,0.966991133384734,0.04198399443076534,0.2011749806739015,0.2011749806739015,0.6229641266125795,0.9,-7.321326763268884,0.0,-34.14352240531201,0.0,2.8324971225083506e-08,0.012288702855205665,ok,False,0.04198399443076534,0.6939090208172706,0.0,0.0,0.0
61,11556,,-0.3933627274951972,14.137281313412586,1.4856836528094663,-1.0847804418373752,-22.240118002441484,0.4430708385554283,-9.977898561316914,-0.3933627274951972,26.848615609865423,26.247515046546443,26.10659809748939,23.752073757458398,24.87996762370117,normal,16.6449448863847,transition,0.0,transition,61.9044375,24.150000000000002,-11.06267900315429,-12.598783748669625,0.30000000000000004,0.0,-1.1911430358886719,0.6,0.03725927095426089,0.07759699624530664,17885339096862476900.mp4,9.64133425377186,provisional negative (user-reviewed thread),0.4118942189965992,ffe7eab16a8bd33e62a329827d239a00,normal,11.420261909827467,24.200000000000003,11.446240890008166,-18.942029789695535,-7.521767879868068,1,-21.857714781946424,-20.61838266666124,-18.797724051502946,-17.15801168108811,-14.984040800733123,-13.543654422572054,-11.97051851828027,/b/src/336291305/17885339096862476900.mp4,-0.9991800785064697,9.905447982066322,-23.100197366201584,-11.320997856641263,11.779199509560321,-19.019232532513612,,0.0,transition,-17.64412496489117,2.0,4.82066712688593,6.016357027463651,0.02655492730210016,0.3225969305331179,1.723798465266559,0.04138225243240658,0.1257420457938386,0.226284202118766,0.4197525007592815,0.8,-5.161122525131875,0.0,-18.17998874471217,0.0,0.00020556173883535972,0.13469449774154568,ok,False,0.04138225243240658,1.050080775444265,0.0,0.0,0.08077544426494346
14,1799,,-0.6911809003832543,-0.6504318453087166,-0.8100977115455059,-5.865824047659249,-10.02435993623117,1.0491595088353085,0.2823480976984314,-0.8100977115455059,3.2186195494816836,3.9049559427932277,3.5250021456273846,3.846254247487419,2.1107291744355265,normal,9.88886096709771,transition,0.0,loud-start,14.976,8.1,-5.5834759499608175,-8.584477773122497,0.0,0.42500000000000004,0.15577742457389832,0.0,0.09609351858291101,0.1573842302878598,17885507814280833660.webm,1.4398821631086722,provisional negative (user-reviewed thread),0.48871058646682053,fa6fb80818b67216ea6b56a15d523ed3,normal,1.8242776473101454,8.200000000000001,1.8794104044789162,-9.26568074988686,-7.4414031025767144,1,-11.225581043471017,-10.58870211916713,-9.457275738448486,-8.744639127817134,-8.178035843956607,-7.877539141441239,-7.2125817737677735,/b/src/336291305/17885507814280833660.webm,0.6717153787612915,2.7330342471136424,-9.505106048876613,-9.284224234858176,0.22088181401843698,-9.271240449558508,,0.0,loud-start,-9.217145588336418,2.0,0.7199410815543361,49.49414715719064,3.3426003344481607,15.530936454849497,32.921195652173914,0.040650442606367014,0.07118279774736472,0.32998773093009737,0.3692832816201382,0.45,-4.846840902627488,0.15000000000000002,-9.310156225606361,0.234375,0.040650442606367014,0.09616282367890701,ok,False,0.0017411578116604714,100.0,0.0,0.0,35.11705685618729
72,6319,30.0,66.84395259797435,109.00931329151558,92.16669206109407,-90.0,-90.0,0.0,74.14892780387609,66.84395259797435,80.64909372603452,74.22094050714682,77.42669624164074,77.42669624164074,38.391134031857185,normal,9.061840601382691,transition,0.0,transition,72.0050625,1.75,-15.851072196123916,-14.633779280527152,0.0,0.0,-4.427964210510254,0.2,0.0019392930898840554,0.05319148936170212,17884617927560167550.mp4,75.36622071947285,provisional negative (user-reviewed thread),0.31964028459983035,06efe00dceb0f07e39b0b2b26f0573ed,normal,2.5173450581866046,1.9000000000000001,77.63090251900971,-7.947015386942686,-5.429670328756082,2,-18.801094245866143,-10.953784337097366,-8.858960987423096,-7.559755970720003,-6.816761492870577,-6.426172515046526,-5.9525951334788925,/b/src/336291305/17884617927560167550.mp4,0.8683935403823853,3.379838232147084,-90.0,-13.892608489342209,76.10739151065779,-7.854624747992251,,0.0,transition,-8.193447061000306,2.0,37.683110359736425,48.82682291666667,8.434201388888889,21.27677951388889,35.57269965277778,0.04045975853818523,0.2442703592165885,0.2442703592165885,0.803148285102947,0.0,-90.0,0.0,-90.0,0.0,7.419293235158119e-16,0.9999999999997906,ok,False,0.04045975853818523,78.81944444444444,0.0,1.25,51.388888888888886
9,1525,170.0,4.984287628206122,13.158386390475076,11.374738487500837,-14.440600819951806,-23.362885711558224,2.2232081325945785,-2.321859947050397,4.984287628206122,34.51318158871539,34.31345800952697,33.89336463761593,36.39647932740968,35.414274065183,normal,15.119920551698698,transition,0.0,transition,9.4040625,8.65,-16.762460767002203,-13.661958108113058,0.25,0.0,-2.061344623565674,0.3,0.0008227060366437736,0.0506883604505632,17885113263011972056.mp4,9.700927603445166,provisional negative (user-reviewed thread),0.41859171480801294,a8ddb5c4047746909da83654d0551618,normal,10.526157393387496,8.8,14.027548867802667,-18.595949509679734,-8.069792116292238,1,-25.109462356650763,-22.70754997507337,-19.786433598471085,-15.915722119000186,-12.81547014227585,-10.81829343329724,-9.071667928801144,/b/src/336291305/17885113263011972056.mp4,-0.9686499238014221,12.441915646835614,-22.89899346638969,-12.943437748122037,9.955555718267654,-18.940192570075023,,0.0,transition,-16.08857047550012,3.296128377384722,2.9431279649193347,9.47406914893617,0.2845744680851064,1.5332446808510638,4.232712765957447,0.0376765283797069,0.37144958596871336,0.37144958596871336,0.614880946215084,0.35000000000000003,-15.414764524242964,0.0,-17.682506368125292,0.0,0.0002291787340317827,0.004168837061856218,ok,False,0.0376765283797069,7.9787234042553195,0.0,0.0,1.0638297872340425
47,9064,430.0,15.168003584848963,24.143003470915055,17.75124799457031,-5.668323504251898,-37.95240708199833,4.33745464933147,-0.4064169640167883,15.168003584848963,31.665464928395032,20.856246644912073,26.682690016340125,29.956989959313038,12.773046091716495,normal,16.53325891026186,transition,0.0,transition,47.36,1.2000000000000002,-6.074740468268686,-16.073550295603024,0.1,0.0,-1.7213929891586304,0.1,0.09229550610627468,0.12922403003754693,17885217404301969426.mp4,21.878856786395307,provisional negative (user-reviewed thread),0.5255909334952749,610751424eeb87ce34b0c19b27575810,normal,7.940049325361272,0.8,21.280892549973444,-18.284552931371927,-10.344503606010655,1,-33.84782724734416,-21.575085970375895,-18.459813631920703,-16.120412093831447,-14.62718074203185,-13.725604636323094,-12.511584739932385,/b/src/336291305/17885217404301969426.mp4,-1.2069517374038696,7.352986581444322,-38.60293591422804,-15.852838190672298,22.750097723555744,-18.470313191926518,,0.0,transition,-17.74021064766573,6.430710263098836,3.4022457693269335,6.626187961985217,0.013133579725448786,0.2759371700105597,1.900277191129884,0.036714186273195774,0.14468044939299582,0.2881340188700544,0.32785797113403503,0.8,-11.22308432218036,0.0,-20.327434532955113,0.0,5.7641646484157215e-05,0.039991267505434636,ok,False,0.036714186273195774,0.31678986272439286,0.0,0.0,0.0
278,10226,90.0,29.70361653678894,28.289001748560867,36.585427790518445,-13.296468811781802,-49.47696422390264,4.096247687591735,6.334291859807255,28.289001748560867,47.05415887491244,32.448279019558385,39.22212951601954,45.67788080908504,19.354030821647314,normal,15.27514761319518,transition,0.0,transition,278.5,120.0,-6.962176951974547,-14.65245074711256,0.0,0.0,-5.970442295074463,0.2,0.010015240008314125,0.1451814768460576,17885467483830414362.webm,34.82451347679008,provisional negative (user-reviewed thread),0.7226546496140268,a5d9c3f8b49e3dc679c88ab46197ff16,normal,8.102492536788713,120.2,36.835238455268644,-18.147880284021337,-10.045387747232624,1,-42.52400471035146,-25.352558139620573,-18.657654810286473,-15.75133716962532,-13.929638928206439,-12.825442823551773,-10.775050339902519,/b/src/336291305/17885467483830414362.webm,-2.303389072418213,10.531101181734112,-47.153020158308486,-15.113634704052682,32.03938545425581,-18.750220461433855,,0.0,transition,-17.578536685613393,6.073096821623506,5.7342266227003,8.244860861759426,0.00022441651705565528,0.07237432675044883,2.085637342908438,0.03587884879108397,0.15881958299417287,0.433571252597182,0.6863332176624871,0.15000000000000002,-11.212705513292503,0.0,-15.699675933155609,0.0,0.00069188608800537,0.008592574643886672,ok,False,0.03587884879108397,2.872531418312388,0.0,0.0,0.05385996409335727
32,2934,50.0,14.508903249940683,11.03827396104104,7.940263103948522,-12.693606974220305,-24.16298098055517,1.6210117636927688,-9.38174096445577,7.940263103948522,15.767808347182866,16.56360936466647,17.957467003661627,17.58618806405761,9.891178012212734,normal,14.723707195300005,transition,0.0,transition,32.390375,14.200000000000001,-22.075347938676074,-13.744440467559464,0.25,0.05,-0.7922501564025879,0.4,0.00158668344194904,0.024405506883604506,17884668857320031307.mp4,10.418540512995705,provisional negative (user-reviewed thread),0.46684462538778165,feb1e77fcedded832c892f045deddc35,suspicious,14.46121771396983,32.2,19.145395187475085,-21.033999275202184,-6.572781561232355,4,-26.978424904837897,-24.790918553481642,-22.73299055969383,-16.914567631075855,-14.00999080110697,-13.334497917026827,-12.595869983278638,/b/src/336291305/17884668857320031307.mp4,-0.5905860662460327,11.204378631158209,-23.042844085681956,-8.943269425507403,14.099574660174554,-21.45848746901909,,0.0,transition,-15.314293261546037,2.403312040850899,4.335076068319033,10.034969088098917,0.8958655332302936,3.1599690880989186,6.1022024729520865,0.03480670564242526,0.14956159775791153,0.20646427525905536,0.5272594689437039,0.0,-14.108676605042348,0.0,-15.752777020832353,0.0,0.0006574738607692134,0.001023518903672724,ok,False,0.03480670564242526,0.3091190108191654,0.0,0.0,0.0
62,4806,120.0,23.70886600678066,21.62058726592086,16.3929810801875,-5.091015739964436,-33.70079271163632,6.353528898171312,-0.42861813928233605,16.3929810801875,50.64998897546042,49.602490060510064,50.49626839857277,49.94249453350482,26.767980148251475,normal,20.0120367897213,transition,0.0,transition,62.322375,38.6,-5.519633879246772,-13.953754684097316,0.0,0.0,-1.7940888404846191,0.2,0.060989043374861676,0.13391739674593242,17885018579501220485.mp4,19.747038027539002,provisional negative (user-reviewed thread),0.5653618146725818,78a37a7a62a587db3d7d67f7ecbf3f87,normal,19.313955277291804,31.400000000000002,34.222451116815684,-28.82820435374279,-9.514249076450987,2,-52.519450579432274,-38.6297660599202,-28.65908729656477,-18.435538605998083,-14.316520223459829,-13.21774185499832,-11.353853885839408,/b/src/336291305/17885018579501220485.mp4,-0.17944398522377014,19.69924025280716,-34.421689857337114,-14.284989467741337,20.136700389595777,-29.25707355801228,,0.0,transition,-20.19148077494507,9.419741944428788,2.096345966167172,3.8927568218298556,0.033707865168539325,0.365569823434992,1.4779293739967896,0.03418524971765977,0.07488519882699443,0.38081287938728997,0.3517307583202929,0.0,-5.8887057538777325,0.0,-39.49410763726286,0.0,1.4974762874765396e-09,0.00793718800759491,ok,False,0.03418524971765977,2.0064205457463884,0.0,0.0,0.08025682182985554
6,662,,26.77545289174808,58.14457678327597,39.25033818935892,1.9007810559924658,-44.202069367988486,21.263300091425585,-5.646343838187258,26.77545289174808,61.599085808407715,38.47004038261235,38.921401910214215,48.51766582410718,22.16713245772045,normal,16.97113955742388,transition,0.0,transition,6.6598125,2.2,-3.745562782194792,-17.034710216163194,0.1,0.05,0.7139014005661011,0.3,0.04932095361803345,0.1821026282853567,17885473266092224172.webm,27.16735915182529,provisional negative (user-reviewed thread),0.5468822575303071,6114b32fd20cbdcaec1984b1a2c4740d,normal,8.184218727443373,0.9,49.29465032806622,-17.200747984095806,-9.016529256652433,1,-56.09527409950957,-25.562949281974802,-19.9209257268311,-15.610470668744808,-11.17897277694164,-10.223932336634963,-8.746165274408215,/b/src/336291305/17885473266092224172.webm,1.289526343345642,11.398883760373847,-47.385106155968394,-17.081189116614244,30.30391703935415,-18.042631223797827,,0.0,transition,-15.681613214078236,31.52496871554757,0.8617727553343081,10.756109022556391,0.3505639097744361,2.2203947368421053,5.417293233082707,0.03191835316592438,0.22409365941268644,0.2590709054154292,0.443203053970522,0.8500000000000001,3.1278456316188867,0.0,-31.51141909872807,0.028124999999999997,1.304187675824866e-07,0.043265871789084975,ok,False,0.03191835316592438,13.533834586466165,0.0,0.0,3.007518796992481
26,3141,,-5.925984254097537,1.8563864583476217,0.5833122835382518,-7.910999486612028,-10.045253413880737,1.1730343074462777,-2.000238667117922,-5.925984254097537,8.038852960112802,7.609153186251454,8.023166355978578,8.925341418877059,4.221615888973302,normal,8.085551440976671,transition,0.0,loud-start,26.495375,4.4,-9.91123815372995,-7.6150275390894695,0.0,18.41875,3.0471060276031494,0.0,0.0516802589938919,0.09856070087609511,17885471776740219101.mp4,2.430225874791267,provisional negative (user-reviewed thread),0.5466172663515353,2553c56480cf40337f44ff41040e03fd,normal,1.146873130388344,23.6,6.991357888764152,-3.688039451910445,-2.541166321522101,1,-12.895986804245407,-11.156247352470603,-9.829886084640146,-8.611797082774997,-6.893932505566006,-6.035174589000123,-5.371158300587823,/b/src/336291305/17885471776740219101.mp4,3.5981485843658447,4.791469550862548,-8.163275843247138,-5.056210148456277,3.1070656947908617,-3.8397346359104874,,0.0,loud-start,-4.487402856610826,2.0,1.2151129373956335,70.98676748582231,31.623700378071835,46.76784026465028,60.16446124763705,0.027686501213211034,0.3461295288291063,0.3461295288291063,0.2708885599207862,0.6000000000000001,-8.61379894095367,0.15000000000000002,-10.046685906584727,1.9625,0.027686501213211034,0.051965001319692256,ok,False,0.0036932877178156606,83.1758034026465,0.0,4.725897920604915,31.001890359168243
65,8177,380.0,27.684353650462683,8.338884190476918,25.016284668147975,-15.2191064408421,-32.181742625203114,3.9800083476336674,12.159451995053292,8.338884190476918,30.604286785703685,23.15736098622585,30.5753540428518,29.618726763277323,12.21931586612471,normal,18.296312065856437,transition,0.0,transition,65.3226875,35.300000000000004,-3.0596544457888077,-14.467197898701773,0.0,0.0,-6.481196880340576,0.1,0.03561682975702839,0.20901126408010012,17885215964433324636.mp4,17.71454472650134,provisional negative (user-reviewed thread),0.4718134509187428,cb06feb5e2c789724f23c54ab22721c3,suspicious,19.0170839122361,3.7,27.723670142347615,-26.627118347852274,-7.610034435616175,3,-40.50849794932876,-36.661357002279125,-28.38705196036343,-20.035300233347645,-14.424838612466322,-12.755250140933352,-10.138483358001174,/b/src/336291305/17885215964433324636.mp4,-0.3500499129295349,19.81428336380388,-30.023390366518054,-16.015964414561466,14.007425951956588,-26.767929571831928,,0.0,transition,-18.646361978785972,5.900760376201675,3.002078308067851,5.751579249617151,0.14026607963246557,0.8149406584992342,2.4510432618683002,0.027647241875258077,0.13637238914234617,0.33249018268311387,0.6995267081855453,0.1,-6.67647398353362,0.0,-20.074254159785045,0.0,6.71622708953595e-05,0.030090711885495343,ok,False,0.027647241875258077,3.2924961715160794,0.0,0.0,0.3062787136294028
9,2011,20.0,16.179534635287276,19.512791421982474,29.702218667211515,-9.854237112755595,-40.32552838872459,11.585153092194078,3.8400479487655117,16.179534635287276,53.19527807475683,37.84575084552371,38.469136836797176,54.87415503214028,21.283906453832174,normal,23.971002725891434,transition,0.0,transition,9.498375,6.3500000000000005,-6.014189163990083,-15.165558751628426,0.0,0.0,-1.2001303434371948,0.0,0.04998171548650264,0.15394242803504382,17884615349990296115.mp4,25.159969637096168,provisional negative (user-reviewed thread),0.474858614085918,39fc7f3ddd365d8e45752ba233a86705,normal,31.247128503515157,0.4,34.71148094579421,-44.85336211375597,-13.606233610240814,2,-70.1639234402682,-64.54375670078298,-46.509594820466106,-36.997004639560906,-19.495243138411,-15.095110132312167,-13.337336743879593,/b/src/336291305/17884615349990296115.mp4,-0.7910053730010986,34.13084611513547,-39.24733662195656,-15.746606856299245,23.50072976565732,-45.55503196213023,,0.0,transition,-24.762008098892533,17.176147974486938,1.4648202655489588,1.2056878306878307,0.05257936507936509,0.25330687830687826,0.6431878306878307,0.026879137597756078,0.061140796188158236,0.09456308098540757,0.4548744691115356,0.45,-14.329635351785106,0.0,-36.64578518207185,0.0,6.880917082965124e-09,0.011206881098120257,ok,False,0.026879137597756078,0.0,0.0,0.0,0.0
44,3783,,21.34527444766929,29.361972824374305,15.322629486417801,-7.496823111422305,-39.53770170052361,4.14454730652248,0.05863868434377473,15.322629486417801,35.14747190847927,28.97860833381928,31.476035594020686,32.52353145445966,14.52900527825858,normal,16.690372872274125,transition,0.0,transition,44.8,17.55,-7.4381844270785304,-15.200879033663881,0.0,0.0125,-0.6749206185340881,0.1,0.03766438069807592,0.10043804755944932,17885435948611916236.mp4,24.33682266685973,provisional negative (user-reviewed thread),0.5282260430955066,9e27631d1b8e289c0215d89499aac6c6,normal,7.211057146015259,17.1,31.338278774647556,-16.481589349246498,-9.27053220323124,1,-50.601355091603835,-39.72996872657876,-17.97653158456069,-15.086201557844884,-13.969094049288422,-13.488302678575671,-12.25203505423195,/b/src/336291305/17885435948611916236.mp4,-0.050687894225120544,8.16121480766647,-40.31624528577896,-14.921398811744707,25.394846474034253,-16.998278263327883,,0.0,transition,-16.741060766499245,6.144705836650228,3.960616393009774,9.335309709821429,0.1875,1.3416573660714286,4.373046875,0.026241634065278574,0.05653358343194294,0.19944191802564884,0.5934057956421207,0.65,-4.973904211441492,0.0,-40.075235027428704,0.0,1.1018402407458709e-09,0.01284373436863771,ok,False,0.026241634065278574,0.78125,0.0,0.0,0.0
17,4712,750.0,21.6998179701303,36.24066261806997,30.662061951932216,-11.135933759073033,-40.90712657152715,23.22518731858815,9.877497265338546,21.6998179701303,79.196403559607,49.09287342847285,69.10621766002048,72.1574305794345,24.78626053054655,normal,14.229175428234587,transition,0.0,transition,17.7865,1.1,-1.258436493734487,-15.427045277929043,0.0,0.0,-1.248544692993164,0.3,0.15036675563540314,0.28911138923654567,17885470414800274705.mp4,25.480081293598108,provisional negative (user-reviewed thread),0.4409667943274012,8b2e2d6ea21787218c51c5ef4f509551,normal,5.65083950767321,0.7000000000000001,71.46620478785242,-13.293863159276716,-7.643023651603507,2,-24.021228646041624,-18.029016281071193,-14.315266716667017,-11.452430599588528,-9.73165758516101,-9.191643659349067,-7.994223586407804,/b/src/336291305/17885470414800274705.mp4,1.337345838546753,7.099364075706155,-42.88409879139913,-14.885047621577154,27.99905116982198,-13.7421697035757,,0.0,transition,-12.891829589687834,34.43366271853879,0.7399759212916913,21.295598591549293,1.2383802816901408,4.703169014084507,11.33855633802817,0.025798530881734335,0.10742336967212521,0.29794651593818033,0.42481424450953925,1.0,-4.546609932910204,0.0,-15.75699547612998,0.0,0.0007775813986716432,0.15036675563540314,ok,False,0.025798530881734335,30.422535211267604,0.0,0.0,3.3802816901408446
17,2817,120.0,2.0767389243710497,22.612687591419878,11.110187390094879,-7.088098106612398,-28.82248669901082,6.731272969815166,-5.123101642707459,2.0767389243710497,37.468709141573825,25.931617304801556,39.44417499224083,42.06783137383047,14.549911913141088,normal,17.346653442594032,transition,0.0,transition,17.216,7.95,-12.211199749319857,-14.486768968590738,0.0,0.0,-6.4525604248046875,0.2,0.0005785299336461132,0.05006257822277847,17885438822740485636.webm,14.335717730420082,provisional negative (user-reviewed thread),0.5899672789781563,3ef85048492a6c83290aa32a0d89e49e,suspicious,16.105748490379565,3.1,18.36013514198983,-22.919460740075635,-6.813712249696071,4,-39.944619689184464,-34.57475092723707,-25.97228285319948,-18.7275100381475,-13.150257474711173,-11.082247223375497,-6.8722558781212175,/b/src/336291305/17885438822740485636.webm,-0.16797569394111633,20.417147586228964,-29.212573190416315,-13.940189285074116,15.272383905342199,-25.718629613363397,,0.0,transition,-17.51462913653515,9.979785305047963,1.436475564576405,6.691315406976744,0.47347383720930236,1.5583212209302326,3.5474200581395348,0.02455902526470782,0.3697465059953336,0.40716442806356906,0.6080405556728072,0.5,-5.607382187169617,0.05,-24.408739584592475,0.0,7.768724587247564e-06,0.0365258453775823,ok,False,0.02455902526470782,7.267441860465117,0.0,0.29069767441860467,2.3255813953488373
11,2255,,7.903036558606834,3.862394847916171,6.6698515309849675,-10.014855961437501,-10.545566689656816,1.0115514580555427,1.566124402950848,3.862394847916171,11.206510739022612,8.873925030461365,11.500464952759513,8.103406720822642,5.475526244531025,normal,10.602969700124907,transition,0.0,loud-start,11.79575,11.15,-8.448731558486653,-8.678199975848182,0.0,5.575,1.524806022644043,0.0,0.058351285968367174,0.11576971214017523,17885454343920836682.webm,1.867366713808634,provisional negative (user-reviewed thread),0.42277403206001307,376b748c17a2b4b82e865958efb5343a,normal,2.7109640631127903,3.9000000000000004,7.196459304877477,-8.248659000353067,-5.537694937240277,1,-13.326327118617852,-12.104529108790526,-10.871519596954252,-9.428796449696286,-7.480146953148377,-6.7616656140777245,-5.997892900775345,/b/src/336291305/17885454343920836682.webm,2.0062758922576904,5.1263430553036144,-7.944813536778954,-6.832578476306713,1.1122350604722406,-8.576410755714388,,0.0,loud-start,-8.596693807867217,2.0,0.933683356904317,45.765159574468086,7.297872340425532,18.554787234042553,31.87393617021276,0.02396315882962165,0.0813043134295569,0.1994876439995468,0.298303228314393,0.4,-8.195763183773138,0.05,-9.555830299359783,2.2875,0.02396315882962165,0.0574016323452071,ok,False,0.0020482449390756227,72.76595744680851,0.0,1.276595744680851,20.425531914893615
18,4993,,-2.9785815370754296,-0.16613160492922674,-1.8707900913531716,-5.0624960404145405,-9.764138845272978,0.4358020519806347,0.5523050794622177,-2.9785815370754296,6.282819239247381,6.770659775249577,6.2518229128832825,6.0324408384019,6.375316104067217,normal,10.330461050804812,transition,0.0,loud-start,18.854625,14.0,-4.510190960952323,-8.612136785753469,0.0,1.0625,0.3206824064254761,0.0,0.09312650357503219,0.18710888610763454,17885478185680465521.mp4,1.1520020595195088,provisional negative (user-reviewed thread),0.7018171953921513,ccdab2694c4606874dd02a5eb5164ffd,normal,1.3289096313193305,0.1,3.449287354030682,-9.384120479430338,-8.055210848111008,0,-10.52549744500248,-10.101250580798457,-9.674827750338558,-9.080793646170113,-8.661039214910426,-8.508484516496626,-8.135538295815337,/b/src/336291305/17885478185680465521.mp4,0.9602605700492859,1.7235912331408114,-9.022679318488798,-8.156954946054398,0.8657243724343999,-9.243348074362192,,0.0,loud-start,-9.370200480755527,2.0,0.5760010297597544,46.505802387267906,3.738063660477454,14.575431034482758,30.28431697612732,0.023560064198744138,0.12731142322292888,0.2763718089626484,0.2663071764621087,0.1,-2.9230738560480187,0.05,-9.676759331891002,0.496875,0.023560064198744138,0.22610964374273224,ok,False,0.0016590872291285597,99.46949602122017,0.0,0.0,22.546419098143236
36,1644,60.0,14.249805870230063,20.298406907153467,17.739710678878684,-14.989225898458628,-29.82641938282373,5.002650062461338,0.988115071108659,14.249805870230063,75.798380382478,60.94725362837154,69.2314289884138,73.06744697967977,30.9639845012903,normal,18.454513450125905,transition,0.0,transition,36.7804375,21.450000000000003,-14.001110827349969,-14.68004810560661,0.0,0.0,-4.8397321701049805,0.0,0.0022700629386225124,0.05944931163954943,17885218950821068291.mp4,15.146371277217119,provisional negative (user-reviewed thread),0.5445513769889359,a66e726c8831355535333e575f178dff,normal,14.423548614659733,0.1,64.84046506652246,-24.76492161969137,-10.341373005031638,2,-38.165689847899955,-33.5943279730206,-27.753258255743216,-22.63134103971479,-17.94441808332025,-15.818234982678865,-13.430863199548353,/b/src/336291305/17885218950821068291.mp4,-2.172423839569092,15.699327983182874,-27.393796788312876,-14.194721657039237,13.19907513127364,-25.126235518706174,,0.0,transition,-20.626937289694997,7.41692898260518,2.042135136083909,2.788095238095238,0.0017006802721088435,0.1386904761904762,0.7899659863945578,0.02338957371005798,0.2539892524986713,0.41709284144470443,0.7117385420685913,0.8,-11.01101405828714,0.0,-15.413500755387625,0.0,0.0008271071030105804,0.02136546651759292,ok,False,0.02338957371005798,0.0,0.0,0.0,0.0
14,1935,20.0,-8.408987001241156,-10.552325837038376,-9.229841764918323,-4.328981182715681,-35.23871771588365,8.737704597939189,-8.599990218472358,-10.552325837038376,31.061470371286926,44.05620916878271,48.895023991454636,31.507480328203556,24.365804609464767,normal,12.844366267219469,transition,0.0,transition,14.912,3.2,-12.92897140118804,-15.635685153088929,0.0,0.0,-9.06966781616211,0.0,0.0015363644290668768,0.05506883604505632,17885220110993862397.mp4,19.603032562794724,provisional negative (user-reviewed thread),0.5474680739796419,2fbf57ca72fecd390cf72e2da9d7994b,normal,8.44024836860056,3.3000000000000003,28.22697394185417,-17.611551617721023,-9.171303249120463,1,-42.92010846014356,-25.99978748149151,-19.385399105801987,-16.482716174744795,-15.374404896410008,-14.827736130768734,-11.672647034640205,/b/src/336291305/17885220110993862397.mp4,-2.9542078971862793,8.618574533788214,-35.499048603877135,-15.030335895473094,20.46871270840404,-17.864225007022586,,0.0,transition,-15.798574164405748,12.95452083690464,1.5132194242916268,12.824244966442953,0.0004194630872483221,0.8569630872483222,6.1875,0.021318894596684904,0.12538625277179352,0.47675236114135744,0.7367402057397741,1.0,-9.971113516558642,0.0,-25.880968849381127,0.0,2.66592543066651e-06,0.023604533556157336,ok,False,0.021318894596684904,1.342281879194631,0.0,0.0,0.0
7,996,,7.12773047559261,-4.0836040817281045,-2.28534968487914,-11.56566154731128,-11.79425370291202,0.9639555046555328,2.7237813988877146,-4.0836040817281045,4.84152773059111,7.845730357189753,6.007238057763871,8.45757139074873,4.896869357879828,normal,8.630102374487985,transition,0.0,loud-start,7.3839375,4.7,-8.841880148423565,-10.589422826444217,0.0,0.1875,-0.09368200600147247,0.0,0.0350147269173558,0.09011264080100126,17885458991550521977.mp4,1.2048308764678026,provisional negative (user-reviewed thread),0.5621356603119199,3fd583e5ebd8a09d4a4c9ca4ba02f546,normal,3.0826590273036105,0.4,7.722410618055304,-8.567107716373322,-5.484448689069711,1,-14.289128438809415,-12.875969986105087,-11.752523518177957,-10.49326236441725,-9.380582138009487,-8.573561760318059,-7.819190889545459,/b/src/336291305/17885458991550521977.mp4,0.3436577618122101,4.3558088242909365,-8.989885954570937,-9.589522831467558,-0.5996368768966214,-8.674530188530028,,0.0,loud-start,-8.286444612675774,2.0,0.6024154382339013,57.25850340136054,5.612670068027211,20.80824829931973,40.44982993197279,0.020849509061480295,0.04973821121867919,0.16407070978917304,0.25882486402259997,1.1500000000000001,-12.532214472986551,0.1,-10.033827799629481,0.30312500000000003,0.020849509061480295,0.01466797582607517,ok,False,0.001184396456383072,57.82312925170068,0.0,0.0,8.16326530612245
30,1113,90.0,5.37312668855575,-3.8686370577654046,38.58320358000078,-5.563315054186286,-32.87083130005323,11.745506966583568,4.55156988122116,-3.8686370577654046,64.41387403799536,47.53467145461916,60.645660448385755,60.391826051232286,27.957615680531774,normal,19.353938648564167,transition,0.0,transition,30.001625,17.75,-1.0117451729651261,-16.07191063915146,0.0,0.0,-13.920600891113281,0.0,0.00022134750251291875,0.29349186483103884,17885468876990021960.webm,16.79892066090177,provisional negative (user-reviewed thread),0.5974306376422359,d12a8af8d3961d0612ed37bef209bad3,normal,9.73096688540583,0.30000000000000004,52.03616801978596,-21.719731872265957,-11.988764986860126,1,-51.79001667006253,-34.19254117832592,-22.929297921979988,-19.070363863315773,-16.7952460280148,-15.475687530832664,-13.01620418144397,/b/src/336291305/17885468876990021960.webm,-0.9671092629432678,11.301434870261156,-32.768293148263325,-18.88695350341657,13.881339644846754,-22.089059988112783,,0.0,transition,-20.321047911507435,17.413888628656796,0.9646852015153574,2.6483333333333334,0.008854166666666666,0.0990625,0.5490625,0.020829157919542585,0.5414016124013536,0.5546423606251625,0.9661751486129706,0.8,-9.10620089011406,0.0,-20.003885545029302,0.0,6.540307677199668e-05,0.00036263089928291036,ok,False,0.020829157919542585,0.33333333333333337,0.0,0.0,0.0
24,4131,,7.94677817783108,-9.153915586888298,11.742476308011017,-10.151033518897298,-18.93567716060621,3.70053961220405,8.94037129839189,-9.153915586888298,37.209667369446485,39.720880751173496,37.024010178207284,45.155954606966056,35.91113221141319,normal,12.47296965076811,transition,0.0,transition,24.172,1.1500000000000001,-1.210662220505408,-11.66305985234144,0.15000000000000002,0.10625000000000001,-0.12115803360939026,0.3,0.025807473284523333,0.2634543178973717,17885471777221916271.mp4,7.2726173082647705,provisional negative (user-reviewed thread),0.5446307541722344,b48ee589b62e24c3e9d6f2104d9b8326,normal,5.025185419018655,1.7000000000000002,10.908968275998529,-13.087275773688223,-8.062090354669568,0,-19.951091514036506,-18.29574697433734,-16.98562240049198,-15.54684321127062,-12.899865424279145,-10.680998096203048,-8.49994644791432,/b/src/336291305/17885471777221916271.mp4,0.009930390864610672,12.497490671254912,-19.16362949296699,-14.037020188503783,5.126609304463207,-13.238167073784945,,0.0,transition,-12.4630392599035,5.486420029053725,1.3255669944612538,28.252976190476193,0.28493788819875776,4.059265010351966,13.936982401656314,0.020512934079155495,0.2583108304359771,0.37743602478260624,0.6006754520181146,0.55,-10.520233307430246,0.1,-13.518645010551381,0.15625,0.0033919809751083814,0.002581224904226223,ok,False,0.020512934079155495,6.211180124223603,0.0,0.4140786749482402,2.484472049689441
9,1063,20.0,16.48408604273265,20.369809068739475,29.92016152418863,-10.191955566510346,-29.039552612063822,7.499264649074217,4.103796864157745,16.48408604273265,72.48271139845016,66.1299061283791,67.60252096415249,64.61689950897889,34.28821339957539,normal,19.062808606252034,transition,0.0,transition,9.009375,7.300000000000001,-6.088158702352601,-15.54390049302479,0.05,0.00625,-0.9724094867706299,0.4,0.0057798896861020865,0.1520650813516896,17885223918740906786.mp4,13.495652119039033,provisional negative (user-reviewed thread),0.7081754090764837,643f3ee085814537bed1ced326aa4be0,normal,26.84876098347376,0.1,48.00057001094914,-35.09984715088429,-8.251086167410529,2,-71.66272174268488,-52.15084925654892,-36.8138771906918,-22.218221547260846,-17.3082962230883,-12.152771615173016,-8.870454891692713,/b/src/336291305/17885223918740906786.mp4,-0.9724094867706299,29.10851853750577,-28.270185975548465,-15.514633552136866,12.755552423411599,-35.558632668366286,,0.0,transition,-20.035218093022664,11.118409768717433,1.2138113632949712,4.088541666666667,0.04756944444444444,0.7822916666666667,1.9788194444444445,0.020317742712481268,0.31367931871059007,0.3146041455738068,0.6047305606255755,0.9,-21.510083882440142,0.0,-49.88935689325126,0.0,4.619338787142438e-12,0.00031129343143170446,ok,False,0.020317742712481268,5.0,0.0,0.0,1.1111111111111112
14,904,110.0,17.86723846834481,7.866780992485044,12.144875868132491,-7.0297004880013745,-32.25074461450332,14.297155368075092,6.624668743549635,7.866780992485044,49.661333035572795,33.28245050551155,38.922530087446894,47.86245040857668,21.26733813867379,normal,14.979555443998525,transition,0.0,transition,14.88,2.95,-0.4050317444517399,-15.928045855747522,0.0,0.0,-6.103329181671143,0.0,0.0024345964794062333,0.25594493116395495,17885052069130757984.webm,16.3226987587558,provisional negative (user-reviewed thread),0.589486506715983,0bb03ed1c18b56fbd352967298b6bff1,normal,12.467123389518793,1.1,46.35733340332681,-22.400409849004035,-9.933286459485242,1,-65.25925741916916,-51.59920339029031,-23.44349395078312,-16.807979877779186,-14.51620029080777,-13.931407240132163,-11.017254620738246,/b/src/336291305/17885052069130757984.webm,-4.323831081390381,12.941519593206399,-34.56728933332296,-17.417334904673165,17.149954428649796,-24.03373371085914,,0.0,transition,-19.303386525388905,21.196962548708132,0.7700489502327587,4.962962962962963,0.0,0.0808080808080808,0.8783670033670035,0.019969220068789425,0.3666394194766098,0.3666394194766098,0.7203238969755212,1.0,0.6394163814602933,0.0,-37.28951568163241,0.0,5.500721298695712e-09,0.0540667325524604,ok,False,0.019969220068789425,2.0202020202020203,0.0,0.0,0.0
18,1290,20.0,80.711718675827,92.17152415632097,86.46375342160871,-90.0,-90.0,0.0,85.68140629299123,80.711718675827,76.72020468131684,73.26005736373395,76.72020468131684,76.72020468131684,38.17114624596941,normal,16.598904144609474,transition,0.0,transition,18.5693125,16.7,-4.3185937070087785,-16.478730564775056,0.0,0.0,-2.7616329193115234,0.1,0.16070514726788504,0.18523153942428033,17885422719970033634.webm,73.52126943522495,provisional negative (user-reviewed thread),0.5637812536009276,10eb910a36d5b19c87d5417cf016c7e9,normal,7.317941869519014,16.8,76.08697604049748,-18.672265569004175,-11.35432369948516,1,-90.0,-25.951707900728753,-17.600325358823085,-15.247647064084433,-13.648532257975903,-12.432563137367605,-10.71769531521831,/b/src/336291305/17885422719970033634.webm,-0.911162793636322,7.694063561632168,-90.0,-16.773635908401012,73.22636409159898,-18.927146734103296,,0.0,transition,-17.510066938245796,2.0,36.760634717612476,7.619777628032345,0.021900269541778976,0.505222371967655,2.5572776280323453,0.018586781903509306,0.0808402003143297,0.13614892641160523,0.5207476343169624,0.8500000000000001,-5.1402630930853155,0.0,-14.896293827211414,0.0,0.001232535691252389,0.10246229530848522,ok,False,0.018586781903509306,3.5040431266846364,0.0,0.0,0.0
114,8845,,9.859297940639438,20.62268945843745,17.66059074366327,-4.10902013515723,-32.58023484043836,5.480275576640164,0.1608326134690441,9.859297940639438,41.10888885650319,32.72073450895469,40.85024518789224,36.671833191289124,20.69397401839238,normal,19.723713563079222,transition,0.0,transition,114.5440625,67.8,-3.9481875216881863,-15.547808288294894,0.0,0.0,-3.398237466812134,0.0,0.0844076506689811,0.1858573216520651,17885273830843423961.mp4,17.032426552143463,provisional negative (user-reviewed thread),0.5581140924176438,bfe7a8c0e669d469ba560579c6f0a9b9,normal,8.686390894792652,49.900000000000006,31.182050752793458,-20.985233615031778,-12.298842720239126,1,-39.1518595995012,-30.78706309312999,-21.88904487389579,-17.153553632798676,-15.39848396222187,-14.768061458040249,-13.541008845783486,/b/src/336291305/17885273830843423961.mp4,0.30869027972221375,9.88129961559587,-32.61215452424953,-16.320123088128746,16.292031436120787,-21.93424452799729,,0.0,transition,-19.41502328335701,8.125056569926706,2.096284057293291,4.337036026200873,0.006877729257641921,0.09961790393013101,0.9255731441048034,0.01754704111931388,0.0630023518492692,0.31494123811444896,0.4380602246470455,1.0,-9.994491324760377,0.0,-33.020085125237394,0.0,5.175979472125101e-08,0.01472930363213389,ok,False,0.01754704111931388,0.0,0.0,0.0,0.0
29,14019,,-6.908484257313401,3.1103482346555573,-2.947365837261348,-12.4917708464222,-12.956628742831988,2.3763420227317846,-0.887183299867246,-6.908484257313401,21.86311144994485,25.52517042222665,23.940261115834055,26.160277626824925,19.828567572536848,normal,11.416436205056552,transition,0.0,loud-start,29.9305625,15.450000000000001,-13.378954146289447,-9.282348502761746,0.0,0.3,0.3677973449230194,0.0,0.0137476912365733,0.05694618272841051,17885086320260726052.mp4,3.6742802400702423,provisional negative (user-reviewed thread),0.4829064130643165,20b1612406e5e128e9be71d5ae38cc12,normal,3.7675575466407185,17.400000000000002,7.894400398675575,-10.60167768188258,-6.834120135241861,1,-18.527333803585435,-16.114203550974572,-12.490508837750614,-10.529370816971774,-9.520417019937087,-9.071736680326323,-8.243287698819552,/b/src/336291305/17885086320260726052.mp4,0.5282772183418274,5.199855768842166,-10.616878137168998,-8.775117893928881,1.8417602432401168,-10.750093371231529,,0.0,loud-start,-10.888158986714725,3.5231646829021437,1.0428919936389747,32.565739966555185,2.407504180602007,9.76013795986622,20.308214882943144,0.01694267981210772,0.036108668482772374,0.288489971910852,0.4254006266700957,0.45,-11.582141700218646,0.05,-10.055669252184238,0.4,0.01694267981210772,0.014107233302550802,ok,False,0.0033776794895195405,44.98327759197324,0.0,0.0,4.51505016722408
90,5504,650.0,10.32036494278281,15.479726617882555,4.200532776277013,-6.221780281344127,-22.74084758639327,4.315394408817575,-0.8117628014651999,4.200532776277013,69.55382030730965,70.21337029584382,72.30692971562863,72.30692971562863,35.84894817307779,normal,16.800914001315142,transition,0.0,transition,90.5810625,62.550000000000004,-7.033543082809327,-13.109778570868995,0.05,0.11875,0.1778210997581482,0.4,0.008768157566432098,0.12265331664580725,17885068541210663016.mp4,9.631069015524274,provisional negative (user-reviewed thread),0.5250558063525328,b2e8693f00f0f43e231bef98a9a5b1dc,normal,8.508931956899376,0.7000000000000001,71.94890021677989,-17.426161112098974,-8.917229155199598,1,-25.557602465335226,-21.43096315866897,-17.719744821041715,-14.878218466500378,-12.625001380883058,-11.167774748711844,-9.432651308535409,/b/src/336291305/17885068541210663016.mp4,0.7695299386978149,10.338132563374785,-22.32085367345456,-13.377273455773766,8.943580217680795,-17.86238338022881,,0.0,transition,-16.031384062617327,6.398003750512936,1.5053240652996083,9.754659028161237,0.3203340695748205,1.397846493649917,4.1606156819436775,0.01665623400505221,0.24154392260866864,0.24154392260866864,0.6229342786007631,0.55,-2.3794034247304907,0.0,-20.85362037742985,0.0,4.773442700476471e-05,0.12310199889886558,ok,False,0.01665623400505221,8.172280508006628,0.0,0.0,0.44174489232468256
423,28868,70.0,11.734499574994103,11.581395266073809,5.446221192425735,-0.811451043738801,-37.38484577783201,9.855042511519276,-1.6817468508717681,5.446221192425735,70.80230666158924,37.985155097206174,53.13049483003842,68.42448251227223,21.014366965296368,normal,22.342325377481796,transition,0.0,transition,423.996375,323.3,-2.493197894610569,-16.41405324471782,0.0,0.0,-3.0080819129943848,0.1,0.07076610054672287,0.2596996245306633,17885385268370711467.mp4,20.970792533114192,provisional negative (user-reviewed thread),0.6727455053878428,accce859a64fc0e0cdbcecc55a33b694,normal,14.04023852765373,377.1,43.39227332625138,-25.40926323971628,-11.369024712062552,2,-41.112246838824916,-32.684855692008036,-25.473179889969416,-20.1465857098589,-16.337996121291827,-14.711881654616482,-12.27346777254964,/b/src/336291305/17885385268370711467.mp4,0.21240699291229248,16.320461369590625,-38.061984006042124,-18.93274322943408,19.129240776608043,-26.616268598328688,,0.0,transition,-22.129918384569503,14.611086027578478,1.4352658312689244,1.9171777332232576,0.024995577308644885,0.1668386602193655,0.6566001297322798,0.016614964284254755,0.067118829133217,0.3010491963981871,0.4845214549680602,0.35000000000000003,-6.052818318553404,0.0,-19.907329043737406,0.025,7.193371019089855e-05,0.013521054222395856,ok,False,0.016614964284254755,0.7076306168180211,0.0,0.0,0.0
20,618,70.0,9.034256676238606,11.111467071169027,16.192584424032987,-6.596350993184956,-26.26742724753465,3.211374720708905,-3.96079071205218,9.034256676238606,50.347838460824235,34.49764822031163,48.46055269794223,42.03913827344793,20.184561521495233,normal,13.383058016775028,transition,0.0,transition,20.6425625,4.1000000000000005,-10.557141705237136,-14.451966981887974,0.0,0.0,-6.508747100830078,0.0,0.0010337739746859313,0.09073842302878599,17885223919683814995.mp4,11.815460265646674,provisional negative (user-reviewed thread),0.5375282963823319,f1a450b6d859a3419c93ad3481f8c752,normal,7.360163420556923,0.2,29.872799288151306,-19.317526506086416,-11.957363085529494,1,-30.813716742391062,-25.60846633563965,-19.672084231512308,-14.744065298457436,-12.761727244118516,-12.425027377319823,-12.024968895546223,/b/src/336291305/17885223919683814995.mp4,-4.028313159942627,8.377189594215315,-26.52148430070894,-14.057778276367163,12.463706024341779,-19.74981978314908,,0.0,transition,-17.411371176717655,4.7611841609230225,2.4816221902569886,8.663228155339805,0.0,0.15898058252427186,2.678398058252427,0.01611447682824018,0.40885186935992796,0.40885186935992796,0.6863176377987884,1.0,-6.117740909959199,0.0,-23.807151993034648,0.0,8.25845830927372e-06,0.00034142322335235656,ok,False,0.01611447682824018,0.9708737864077669,0.0,0.0,0.0
31,6161,,48.772884957284006,73.67507405554579,1.944899735709047,-8.172000960516344,-19.983405588743807,0.1628240011582598,-2.5978429962392315,1.944899735709047,44.45471041248894,36.952680607677806,36.76991015237906,42.51092287991608,36.360450076529204,normal,12.558852317193486,transition,0.0,loud-start,31.48625,23.0,-10.769843956755576,-13.383332825116675,0.0,0.0375,-0.5646647214889526,0.0,0.021367088904224327,0.09042553191489361,17885018579000912581.mp4,6.600072763627132,provisional negative (user-reviewed thread),0.6065670913635638,6b04e8df7f6809943ada5eb9b7d39139,normal,8.447736909952264,23.0,9.769586294541636,-13.316622423284514,-4.86888551333225,1,-20.101649296542412,-17.55394970506117,-14.661347286181858,-12.56565471081909,-10.26457656270395,-8.785406441367934,-7.775548629030939,/b/src/336291305/17885018579000912581.mp4,0.9945350885391235,8.450874399117993,-19.934797472024222,-10.878659360544752,9.05613811147947,-13.457881116060138,,0.0,loud-start,-11.564317228654362,2.0,3.300036381813566,27.124205087440384,2.3209459459459456,7.319058028616852,15.796005564387915,0.015702162992904528,0.3341953942704882,0.3341953942704882,0.6475908782491039,1.1,-8.567300180959577,0.1,-10.658658929141179,0.284375,0.015702162992904528,0.016220138251569316,ok,False,0.005220087743790015,20.66772655007949,0.0,0.0,5.723370429252783
175,35471,90.0,3.0765237175784925,14.195224289339539,3.106134837016549,-11.218971534224707,-23.730943480691586,7.185915203324541,-6.289179239218427,3.0765237175784925,24.312625879481878,24.955941381791227,24.701241331867003,24.22742606802566,13.441887230945994,normal,14.237765533118427,transition,0.0,transition,175.169875,111.5,-17.508150773443134,-13.9750621926944,0.05,0.0,-3.388272762298584,0.2,0.0007180308510394241,0.0362953692115144,17885395383850694207.mp4,9.755881287997186,provisional negative (user-reviewed thread),0.5490627091711512,a244802c4eb95c70b0e69c04a55b2980,normal,8.510423894970373,137.9,16.719868399153114,-17.94310853059316,-9.432684635622788,1,-32.81810608630615,-26.99877379152634,-19.012551759104454,-15.369170572956758,-13.6924194652205,-12.936430840754177,-11.935082096713332,/b/src/336291305/17885395383850694207.mp4,-2.7969393730163574,8.936405067783765,-23.726154591534232,-13.205993874401743,10.52016071713249,-18.541186283769,,0.0,transition,-17.034704906134785,10.653837880448963,0.9157152002378756,9.270607336568656,0.0001605766485869255,0.678918070225521,3.3892199543248647,0.015652084455198317,0.44302875760752836,0.512358582163369,0.5637065775597603,0.4,-13.65164149075179,0.0,-17.779663479729482,0.0,0.00021703518430962713,0.0010246870793718574,ok,False,0.015652084455198317,1.2275192691978303,0.0,0.0,0.0
40,11966,,6.185452875372924,14.231727744579977,2.82852508246272,-4.488349132941696,-14.4498959697103,1.1197218657886552,-2.0242965181054506,2.82852508246272,26.676149418950043,26.22448446824092,26.774886309815727,28.190422527560802,25.87616192088996,normal,13.692659757946014,transition,0.0,transition,40.6116875,3.9000000000000004,-6.512645651047147,-7.346659697800129,0.0,3.45,0.9878081679344177,0.0,0.10218144790680277,0.13923654568210264,17885518563240018212.mp4,7.103236271910171,provisional negative (user-reviewed thread),0.37652871498392776,f0686aefc1abc917c4e3ba0a98df120f,normal,7.392528210487393,3.9000000000000004,6.931029180025372,-13.461889119559409,-6.0693609090720155,1,-15.779828084613829,-14.61236594145423,-13.630677440459422,-12.451308975469306,-10.65128914335865,-9.306288153650828,-7.075993417563698,/b/src/336291305/17885518563240018212.mp4,1.4250807762145996,7.592879824469326,-14.58772677717844,-6.834245484165401,7.7534812930130395,-13.550159259214055,,0.0,transition,-12.267578981731415,2.0,3.5516181359550854,26.769781403940883,1.1485529556650247,4.6734144088669956,13.324045566502463,0.015458620717848433,0.2238769156568209,0.2892798492071076,0.30181390201960595,0.30000000000000004,-9.063863635322997,0.0,-13.504123118503426,0.00625,0.0025194944595940427,0.07249988301560631,ok,False,0.015458620717848433,18.34975369458128,0.0,0.0,4.064039408866995
38,4192,20.0,-30.41216117445409,-13.600506041557198,-28.109606138663487,-2.4543701848328183,-17.728247727676983,1.6782037906739538,-27.565353021858357,-30.41216117445409,7.751993911863224,18.691322741770435,17.312896067791886,15.27601785081623,14.513276426847428,normal,16.426528474341836,transition,0.0,transition,38.4986875,34.45,-30.019723206691175,-10.961938860792822,0.1,5.48125,0.046780213713645935,0.1,1.4242793585427067e-08,0.005632040050062579,17885221915380492698.mp4,6.766308866884161,provisional negative (user-reviewed thread),0.5543469664587432,4b2ed452028cd90caeee6c4b6a7cce39,normal,10.221120570633774,34.5,12.849866613229128,-14.6648414083944,-4.443720837760626,2,-21.482772581150407,-17.912536960588806,-16.005615655912887,-14.369117529558503,-12.851796203342884,-12.133844585195131,-10.53908421084866,/b/src/336291305/17885221915380492698.mp4,2.1480891704559326,9.221929963684342,-18.28256949704579,-5.651145482514696,12.631424014531095,-14.698344958491678,,0.0,transition,-14.278439303885905,2.4881049400532036,2.719462816041624,17.46952210663199,0.42189531859557866,1.7501625487646295,6.84834200260078,0.015367268593035992,0.2110562225794062,0.2996253629506896,0.8014915849459869,1.0,-16.427255378514715,0.0,-15.739078195198559,0.0,0.0006636841163885917,0.004730519424277992,ok,False,0.015367268593035992,4.291287386215865,0.0,0.0,0.26007802340702213
57,4220,,3.0291357720348873,4.161847937025804,1.8885685835630923,-6.611498081367776,-19.180037995719097,0.9338757492720902,1.2999125030474232,1.8885685835630923,72.80836744123036,69.79122003669534,74.78538648085024,72.13086234066895,37.058302107727,normal,14.847241287899227,transition,0.0,transition,57.3653125,56.300000000000004,-5.3115855783203525,-10.664243670033683,0.0,0.0,-1.1668270826339722,0.3,0.0059825434568712525,0.15519399249061328,17885337835810968570.mp4,8.515794325685414,provisional negative (user-reviewed thread),0.5348407876979139,278d551bff113caef9a975122f1edda9,normal,7.635629722120443,0.1,63.473723292515004,-16.58280291067784,-8.947173188557398,1,-21.396497657572922,-19.732238264670073,-17.90918839007565,-15.834868059315923,-14.15684931043135,-13.056242265274317,-11.800655262286272,/b/src/336291305/17885337835810968570.mp4,-0.713623046875,8.86496149443611,-19.458315903590854,-10.837110525821483,8.621205377769371,-16.72821414086752,,0.0,transition,-15.560864334774227,2.0,4.257897162842707,12.953574542284219,0.027353966870095902,0.6710440278988666,4.268581081081082,0.014366773411951196,0.17742826152646476,0.26937580426359237,0.5068310396111432,0.75,-6.761400446720282,0.0,-20.170521048266757,0.0,6.17245235448702e-05,0.011353116323818701,ok,False,0.014366773411951196,1.3077593722755012,0.0,0.0,0.0
5,473,,6.0492611727200005,4.892940788683109,10.405553048799394,-16.453557062833948,-11.688544435697938,3.228523910000848,-1.6768031948420763,4.892940788683109,35.2589103384152,27.81415897048595,37.3752530771581,28.739417295757118,17.475375550570128,normal,11.500248789703065,transition,0.0,loud-start,5.9443125,2.1,-18.130360257676024,-8.022862832960442,0.0,0.65,-0.28847333788871765,0.0,9.96001443218613e-05,0.035669586983729656,17885380684691184279.mp4,3.6656816027374965,provisional negative (user-reviewed thread),0.4323492242588299,2310a4949c1b2d6c537018f0198f58c5,normal,5.310211883559187,0.2,15.848246475011681,-12.107261506286138,-6.79704962272695,2,-28.503881492097477,-18.750513593458056,-14.391720223796774,-9.924021137880581,-8.331615841573088,-7.76391643160727,-7.558810713259983,/b/src/336291305/17885380684691184279.mp4,-0.0560808889567852,6.978986787855808,-11.031753021874545,-7.285331645090906,3.7464213767836387,-13.23151458363549,,0.0,loud-start,-11.55632967865985,4.786609548967257,0.7658200580676968,26.348516949152547,2.675847457627119,8.80084745762712,16.703389830508474,0.014341576423341598,0.30959269104917464,0.30959269104917464,0.3728076833632855,0.7000000000000001,-13.509155767721168,0.05,-10.334009976557358,0.2625,0.014341576423341598,0.0003319168909021589,ok,False,0.005206939459541943,39.83050847457627,0.0,0.0,15.254237288135593
43,4618,,2.7375170961931463,4.3734670619286184,-0.31404260658580974,-9.557915396179583,-11.050457182823873,1.260193872909129,-1.2426391669048549,-0.31404260658580974,77.93757945780044,70.87240968670267,81.61980580064298,78.97475359018748,39.97947166540887,normal,10.046691167402937,transition,0.0,loud-start,43.1426875,42.650000000000006,-10.800554563084438,-9.824803541927881,0.0,1.5208333333333335,-0.04661502689123154,0.0,0.029071948671808477,0.08917396745932415,17885223919392557309.mp4,1.2256536408959917,provisional negative (user-reviewed thread),0.551146465136589,9b1da97878550d18f18df1b337b070b5,normal,5.780301817625144,0.30000000000000004,82.68396447978992,-10.716229544019022,-4.935927726393878,2,-14.187974834078723,-12.533855857726127,-11.113705262700552,-10.158323700073003,-8.37612491836057,-7.842786111586653,-7.21902088806789,/b/src/336291305/17885223919392557309.mp4,0.2019893229007721,5.252143133830892,-10.537258046312784,-8.992845077897066,1.5444129684157186,-10.780809592516711,,0.0,loud-start,-9.844701844502165,2.0,0.6128268204479959,42.47389791183295,2.986658932714617,12.965922273781901,27.26928654292343,0.013973169546709786,0.10628143250075088,0.3020587982398243,0.3018423858120689,0.30000000000000004,-7.535091317694716,0.1,-11.034763691956602,0.1625,0.013973169546709786,0.06321855165017987,ok,False,0.0014261442400561567,67.74941995359629,0.0,0.11600928074245939,14.385150812064964
139,19204,,-0.267954082779492,-9.392606820562332,12.284076339924304,-8.853041831655775,-12.859788003935499,2.0459546461253026,0.7975225745480596,-9.392606820562332,23.867463777032384,25.94857528216492,23.242309188094406,21.905035430766265,20.44220326553368,normal,13.730250824991522,transition,0.0,transition,139.48225,123.95,-8.055519257107715,-6.348074922144184,0.0,8.7875,0.7443095445632935,0.0,0.011679412086252616,0.1195244055068836,17884679668210643775.mp4,6.511713081791315,provisional negative (user-reviewed thread),0.5901582702502374,ae63382d31d8a0483a021a7cbcda069b,normal,8.347634971605657,123.2,9.392941068949375,-12.772954412430508,-4.4253194408248495,1,-17.64875690476826,-15.105130166834321,-13.211748141021783,-11.456582743191964,-9.178898200046845,-7.830912482554076,-6.379991283917292,/b/src/336291305/17884679668210643775.mp4,2.1771187782287598,8.244647147243594,-12.914090656570743,-6.124039312028715,6.790051344542028,-12.803908109467812,,0.0,transition,-11.553132046762762,3.0333323583453735,2.1467192884011346,29.86708945858731,1.6552079598422376,6.7794236285406955,16.814449623520975,0.01395295567698145,0.23605507896162883,0.4032325206949773,0.638634124470793,0.05,-5.022792401827038,0.0,-16.3202078182137,0.0,0.0005708500740987411,0.1876694305871641,ok,False,0.01395295567698145,32.34134098243098,0.0,0.5378271782000718,9.358192900681248
28,1879,100.0,10.385917462639853,13.773660920929363,32.55600694751518,-8.054754303127147,-27.49026222615015,11.291169376325392,1.6932157909435794,10.385917462639853,33.2187987111867,32.03106603257187,33.20425835508958,31.611078176280163,16.726914094649107,normal,22.103979252301674,transition,0.0,transition,27.6680625,26.6,-6.361538512183568,-15.290153014842684,0.0,0.0,-4.613861560821533,0.2,0.004204542368874678,0.1357947434292866,17884609967063652209.webm,12.200109211307467,provisional negative (user-reviewed thread),0.5352855220972758,80efa002fa068d708a1825a7523dc3bd,normal,17.004581156008808,20.0,24.73501823995008,-26.660664920121526,-9.656083764112719,2,-41.86413677595605,-39.07047243036962,-29.62684600795496,-20.489584547720742,-15.727363076762218,-14.00578282144648,-10.658223981369781,/b/src/336291305/17884609967063652209.webm,0.6279269456863403,23.243111326653988,-27.073485225591135,-15.331553746030234,11.7419314795609,-29.542437592873352,,0.0,transition,-21.476052306615333,16.740287717340024,0.7287873074409753,2.5456600361663653,0.04792043399638336,0.23191681735985534,0.9226943942133815,0.013807946806950371,0.515410425309945,0.515410425309945,0.8326573663960966,0.30000000000000004,-3.6991478356535485,0.0,-21.314685873471692,0.0,3.578584642880063e-05,0.05672429054814437,ok,False,0.013807946806950371,1.8083182640144666,0.0,0.0,0.3616636528028933
75,5869,200.0,11.643095646559473,10.507041493162152,37.164276832904996,-4.6158603142800105,-53.46459245154935,6.3404662097766575,-7.139658661346668,10.507041493162152,42.76517618562951,29.60455953029362,35.31098347499416,36.60079444066747,16.305900385687153,normal,24.65968840619062,transition,0.0,transition,75.172,1.85,-11.755518975626678,-18.420976511219415,0.0,0.0,-9.41472339630127,0.0,7.404118177834875e-05,0.08166458072590738,17884625466983317553.webm,35.043615940329936,provisional negative (user-reviewed thread),0.5622336823740556,6529d3f1c799226c6d6c35c53bd1a934,normal,11.87902512176925,1.9000000000000001,36.123642004760214,-28.732617695707084,-16.853592573937835,1,-47.39372671418375,-38.56770481171376,-29.69054454616454,-23.307797491037405,-20.37357495899037,-19.065553413945977,-17.722863293905224,/b/src/336291305/17884625466983317553.webm,-0.7227960228919983,14.40720730616151,-54.37372275390369,-17.862774375157898,36.510948378745795,-29.563514056519445,,0.0,transition,-25.38248442908262,9.400375202614873,3.7278954493839738,0.24135063206919494,0.0004990019960079841,0.0023702594810379243,0.02174817032601464,0.013130930149336495,0.3833206379212133,0.4234893149663641,0.87953677004053,0.0,-9.236025135613435,0.0,-33.68993498734991,0.0,3.518691379514377e-08,8.339190333235593e-05,ok,False,0.013130930149336495,0.0,0.0,0.0,0.0
10,542,30.0,5.809573886626072,24.75071586639573,32.52914631798919,-7.472857998125951,-28.339911963735776,13.060698551562568,-1.5707077038876722,5.809573886626072,71.0833783636447,69.40571284492233,72.46073184772862,44.5563186333091,38.84168605870835,normal,17.081639014256865,transition,0.0,transition,10.368,2.85,-9.043565702013623,-16.232743830567298,0.05,0.0,-3.4232614040374756,0.2,0.004282870591046151,0.09449311639549438,17884675107313809502.mp4,12.107168133168479,provisional negative (user-reviewed thread),0.5379099003753629,f61713432114fbbd6cc73b52e56398c5,normal,9.1247495585654,0.1,75.3406070617589,-20.877712704893625,-11.752963146328225,1,-43.64460572205189,-41.02881358476699,-23.24212938954592,-17.53527441909472,-14.102572584192929,-13.083421161843912,-11.873123042570873,/b/src/336291305/17884675107313809502.mp4,-1.1271793842315674,12.244782799365172,-29.555944723287993,-16.126940649264665,13.429004074023329,-21.28458357603076,,0.0,transition,-18.208818398488432,19.363791672546665,0.6252477994965013,6.506642512077295,0.0232487922705314,0.4278381642512077,2.0794082125603865,0.013008424138848096,0.35800323761283837,0.40719408068228813,0.6006323241074365,0.65,-9.776318725812395,0.0,-19.916271404639932,0.0,6.853178520678524e-05,0.002644374131830291,ok,False,0.013008424138848096,1.4492753623188406,0.0,0.0,0.0
15,4498,,2.76746876323514,1.7418246650328442,1.0613740548692814,-6.486772237932527,-10.634557679676952,0.9563896192113583,1.3135702312756763,1.0613740548692814,47.54887871348642,41.44990542761097,42.014374486441284,45.79644368509814,35.069530451552616,normal,10.6642777413179,transition,0.0,loud-start,15.1161875,10.850000000000001,-5.173202006656851,-9.81244942442894,0.0,0.35000000000000003,0.20475268363952637,0.0,0.04238306121094529,0.16864831038798497,17885465524152586597.mp4,0.8221082552480112,provisional negative (user-reviewed thread),0.4393087182507695,7a551d7a52de29c71f8962c5be112097,normal,3.919465957007361,0.1,14.116688782334444,-10.289962469845463,-6.370496512838102,2,-12.769811077604265,-11.903260845155664,-10.606709311781273,-9.940738549202168,-9.052239393825323,-8.78636523549076,-8.082662909530228,/b/src/336291305/17885465524152586597.mp4,0.7913817167282104,2.823385931208553,-10.269906372785943,-10.430482664052452,-0.16057629126650852,-10.386917947825758,,0.0,loud-start,-9.87289602458969,2.0,0.4110541276240056,44.264900662251655,2.650455298013245,11.878104304635762,27.426117549668877,0.012471099214652736,0.06555636393039485,0.18616563464370847,0.40935738093451585,0.75,-6.5053454387629,0.0,-10.4507561646981,0.25,0.012471099214652736,0.058378917612182835,ok,False,0.0011903684846526182,77.48344370860927,0.0,0.0,9.933774834437086
826,23850,10.0,29.872496582256474,6.093662808621062,20.446785639590004,-11.052933892071692,-31.276044464906533,1.202721949683328,5.412964706959471,6.093662808621062,60.01363793099102,48.05010396701758,61.29122768101269,58.997296993095496,28.769666392235976,normal,24.899078598789455,transition,0.0,transition,826.1891875,655.0500000000001,-5.639969185112221,-16.155728378788226,0.0,0.0,-6.583925247192383,0.0,0.06220484853288766,0.16958698372966208,17885463466060813227.mp4,15.120316086118308,provisional negative (user-reviewed thread),0.6235109923307104,6e8bf830e56994d14583a3b14f75d2f4,normal,17.492232430301776,661.3000000000001,54.86612631081477,-32.67561077867336,-15.183378348371583,2,-54.74848401704252,-43.6306160819235,-34.75515815455996,-28.731120810073453,-25.159461971561466,-23.216980654020194,-19.18078288172883,/b/src/336291305/17885463466060813227.mp4,-2.8965353965759277,19.609605572305163,-31.01786805752919,-16.603476457228624,14.414391600300565,-33.06264900117209,,0.0,transition,-27.795613995365382,2.0,7.560158043059154,0.05327422380923562,3.7826060642740422e-06,2.6478242449918296e-05,0.00264782424499183,0.012342727991557367,0.11696733361618636,0.13655483780748112,0.7834369564770617,1.0,-11.256179242680311,0.0,-41.975636307979826,0.0,3.862272944915178e-10,0.03524577120849478,ok,False,0.012342727991557367,0.0,0.0,0.0,0.0
49,5796,,1.4240961466952788,-5.337793798211457,5.703893365936871,-7.490729765476232,-8.134384966917258,1.9741977906638732,0.07764965196050433,-5.337793798211457,80.59168029717758,76.63541042246467,77.84994809293093,78.79695221268939,38.90926657751503,normal,11.649208923105162,transition,0.0,loud-start,49.3090625,38.6,-7.413080113515727,-6.296694127383178,0.0,10.40625,2.534104347229004,0.0,0.01740413933079715,0.13297872340425532,17885461920580129537.webm,1.8376908395340799,provisional negative (user-reviewed thread),0.434846675750261,9af1b6f50eae934712a87b83592e8066,normal,4.270742076458812,0.4,77.60536496105189,-7.979067487578878,-3.7083254111200663,2,-16.29538651462054,-10.630063257772088,-8.365136791632583,-6.752255023703428,-5.126522756170067,-4.584525823725179,-3.7641037494952134,/b/src/336291305/17885461920580129537.webm,3.633920192718506,5.5900032707301985,-7.883593093352004,-6.115755199928238,1.7678378934237662,-8.219529440358377,,0.0,loud-start,-8.015288730386656,2.926945644438258,0.6278527389212145,47.684203853955374,9.115808823529411,20.581262677484787,34.33119929006085,0.01207614768150598,0.26018055977161086,0.32167123524353114,0.5346908135442233,0.9500000000000001,-7.883363645415686,0.0,-10.381400815264596,0.559375,0.01207614768150598,0.017071955924699414,ok,False,0.0030341964141009027,80.8316430020284,0.2028397565922921,17.038539553752535,60.85192697768763
27,2501,,0.06428472514603678,-3.7338683905386603,4.813772569094208,-6.208562013438353,-11.906015241159896,1.3301691638293747,0.898816675677697,-3.7338683905386603,9.322655032436304,10.695951761576271,10.883599699459179,8.896128725725374,6.305655998973439,normal,11.958916977915452,transition,0.0,loud-start,27.8186875,9.950000000000001,-5.309745337760656,-9.816116623938587,0.0,0.05,-0.38832026720046997,0.0,0.0468962748360818,0.1630162703379224,17885433278950313315.webm,2.0898986172213085,provisional negative (user-reviewed thread),0.4960548035784602,8732085e94137f8c5a90e4e79518fa13,normal,2.693267861039672,0.30000000000000004,3.9994272450186514,-11.166643077564677,-8.473375216525005,0,-14.942890218835721,-13.51241350210012,-11.941982742420361,-10.49510688122557,-9.70099688860292,-9.176165050999805,-8.813311530259531,/b/src/336291305/17885433278950313315.webm,0.6991726756095886,3.7736407366797167,-10.704887806893435,-10.918336510212379,-0.21344870331894406,-11.27723749127264,,0.0,loud-start,-11.259744302305863,2.0,1.0449493086106543,35.12117805755396,1.003821942446043,7.2349370503597115,19.69019784172662,0.012052614030325539,0.2825049285789242,0.2848667735509644,0.5790231909284308,0.8,-6.521380617177946,0.05,-10.944626472765059,0.0625,0.012052614030325539,0.0653385296496458,ok,False,0.0023694578026917175,50.719424460431654,0.0,0.0,2.877697841726619
16,9798,,2.363882991741649,4.027543069040579,0.19062072909836303,-4.630051748817365,-11.177367210799519,1.3453196540790557,2.8379951041619735,0.19062072909836303,7.313295363040858,8.843923926093256,7.722827539584653,9.026231936625884,6.154135408646022,normal,12.109513586120492,transition,0.0,loud-start,16.02175,14.950000000000001,-1.7920566446553918,-9.253331939167996,0.0,0.15625,-0.08237646520137787,0.0,0.20804924500192717,0.26846057571964954,17885472904690175269.mp4,1.9240352716315225,provisional negative (user-reviewed thread),0.4760255215588772,1c5f492b588509ba991b59ffceba3951,normal,3.219106255316161,3.1,4.730037046737181,-11.302373953706642,-8.08326769839048,0,-15.622465500582209,-13.28991432136587,-11.25517004260384,-10.41227929739623,-9.721909251897372,-9.40163534609299,-9.055756200774661,/b/src/336291305/17885472904690175269.mp4,0.8093676567077637,2.4414916796047414,-11.5627904109344,-10.659816065630537,0.9029743453038641,-11.266399042517858,,0.0,loud-start,-11.300145929412729,2.0,0.9620176358157613,33.69765625,1.1986328124999999,7.458984375,19.073046875,0.01196134546497634,0.13541118811032474,0.13797230470473887,0.32953590468360144,0.05,-4.523701872148074,0.0,-10.611167671407522,0.034374999999999996,0.01196134546497634,0.13038341499851103,ok,False,0.002015165032786715,61.5625,0.0,0.0,0.3125
34,2546,,-1.3991478796726053,-3.131310566635939,-5.147203105734178,-0.04707598784790172,-15.255097766523065,2.3341335488169372,1.1218753619206754,-5.147203105734178,75.899876380387,62.05089798046838,65.62681225551862,60.06116619812131,32.14309071683151,normal,18.521980783316945,transition,0.0,transition,34.2494375,7.9,1.0747993740727737,-8.710086206480419,0.0,0.0,-2.862234592437744,0.0,1.0349055312593022e-05,0.38673341677096373,17885113263392885454.mp4,6.545011560042646,provisional negative (user-reviewed thread),0.5348324651213946,45ab47adfd7fdd9bf1b48fbb53ae4cfb,normal,14.135873643566548,0.1,63.189793185219784,-24.732045064134347,-10.5961714205678,2,-36.41319633972256,-31.08545683209514,-24.744852966841655,-17.252840155033176,-13.573745506332079,-11.980832655485468,-9.03991121452748,/b/src/336291305/17885113263392885454.mp4,-2.0544826984405518,18.584694582766616,-17.80695587064489,-11.887059550460336,5.919896320184556,-25.487976946413966,,0.0,transition,-20.576463481757497,3.460586399475991,1.8913013011418252,2.982638888888889,0.0027412280701754384,0.12719298245614036,0.7945906432748537,0.011511080897612333,0.2404179521228932,0.27651904890705803,0.4074309651447305,0.9,-3.6324794075576397,0.0,-26.655637169879267,0.0,1.7452507048572896e-06,1.0500923559461119e-05,ok,False,0.011511080897612333,5.116959064327485,0.0,0.0,1.023391812865497
46,12406,,8.246920760208393,16.511855445410944,6.0766992056045,-7.347538737628591,-18.77172670146157,1.985535020759995,-5.852444359624522,6.0766992056045,22.072233490605488,14.101324672175437,21.17702694494801,23.830386009035653,8.445084839851436,normal,14.654056911212148,transition,0.0,transition,46.656,40.550000000000004,-13.199983097253114,-11.014194558955591,0.0,0.0,-2.5529096126556396,0.0,0.004690767553255642,0.06132665832290363,17885222276540890320.mp4,7.75753214250598,provisional negative (user-reviewed thread),0.5309458977316305,b4bec5f8f6cf63d682fcd0b8315fcf41,normal,8.232963268175585,8.0,18.910708710373815,-17.83582242562798,-9.602859157452396,1,-25.26600367636923,-21.37807782306867,-18.758215172978854,-16.273374222700042,-14.349115169055127,-12.913436955348043,-10.748315335529389,/b/src/336291305/17885222276540890320.mp4,-2.0485150814056396,9.36436037854057,-18.031250817485926,-10.174514016726029,7.856736800759897,-18.156416757887953,,0.0,transition,-16.702571992617788,2.9437542217787684,2.6352513009114182,9.183547695605574,0.0015407288317256164,0.4541130760986067,2.892483922829582,0.011486535804615118,0.22405946785313308,0.2561113197252253,0.5936147837335103,0.4,-2.942746063270999,0.0,-20.138911299305782,0.0,6.509200157462667e-05,0.02174271150953081,ok,False,0.011486535804615118,3.0010718113612005,0.0,0.0,0.0
5,1000,20.0,17.538060452441748,7.975983352935145,7.251793814473224,-9.341667251397862,-16.959273160193376,4.9685755392629405,6.627922643548886,7.251793814473224,66.92390988602753,75.21784829047327,66.29798375844061,73.23578300260836,38.364502250987194,normal,10.6590999831429,transition,0.0,transition,5.641,3.2,-2.7137446078489758,-9.752913668288533,0.0,0.0,-1.9957504272460938,0.0,0.015514233248645305,0.2290362953692115,17885464540293632059.webm,7.206359491904843,provisional negative (user-reviewed thread),0.5247582694659979,58282e0d4825f8736cb83d81f05c753a,normal,2.8427407826324878,0.1,74.38161993741498,-12.002113157429068,-9.15937237479658,1,-29.287768458474904,-17.840869706395118,-11.75297950592127,-10.07035341540429,-9.492331420810128,-9.251380490607392,-8.94402835897653,/b/src/336291305/17885464540293632059.webm,-1.8544678688049316,3.03377738095973,-16.73927362522967,-11.393268636635707,5.346004988593965,-11.837556709758733,,0.0,transition,-12.513567851947831,7.366410094511235,0.9782729171261254,27.861607142857142,0.3683035714285714,4.657366071428572,15.421874999999998,0.010810121115644,0.13826304866179287,0.19985997361944327,0.6601116894270294,0.55,-8.136769182602468,0.0,-16.884563637352233,0.0,0.00036603874304846147,0.0025573640237151725,ok,False,0.010810121115644,52.67857142857143,0.0,0.0,3.571428571428571
30,12032,,11.031195864051675,-1.6788125706362784,-0.7313676594122835,-13.525258605066657,-13.156616248802234,1.6323655090920575,6.31197749884711,-1.6788125706362784,49.80696332294356,48.64511461088733,38.2295075546951,40.34653881474759,25.180654452330252,normal,9.319844956911108,transition,0.0,loud-start,30.72,8.4,-7.213281106219547,-11.357223875825623,0.0,0.10625000000000001,-0.025086041539907455,0.0,0.035002366970076436,0.11451814768460575,17885487855900097445.mp4,1.7993923729766106,provisional negative (user-reviewed thread),0.5766318405725808,15771bec50df459b0eadc8f80a8ed34a,normal,3.8070314971686976,0.1,52.49308651751668,-8.760588141389999,-4.953556644221301,2,-16.80052387203202,-14.201968272718048,-12.376652556167045,-10.698296267517259,-9.688568992351511,-9.130346132906256,-8.197536335673433,/b/src/336291305/17885487855900097445.mp4,0.6216174364089966,4.627938653020836,-9.174860400534858,-9.84942152354019,-0.6745611230053328,-8.86012213603492,,0.0,loud-start,-8.698227520502112,2.4201451037798845,0.7435059865485932,48.18230863192182,5.868688925081433,20.171824104234528,34.77931596091205,0.010680565346340596,0.1363727443464663,0.38236693011966594,0.3487999000338088,0.8,-8.845974413501684,0.05,-11.00878953329989,0.153125,0.010680565346340596,0.013852601552159609,ok,False,0.0013559020671684572,45.11400651465798,0.0,0.0,4.723127035830619
341,37159,,-2.2762082228394505,2.009778757471839,8.07693098875469,-9.355531454458518,-24.56448190274054,7.973713414694446,-1.4342209871590175,-2.2762082228394505,61.545822285925674,42.74838382789345,49.58089953378061,54.97903487211773,23.466571260222132,normal,15.055075896528306,transition,0.0,transition,341.12,161.8,-10.789752441617535,-14.126338409228236,0.0,0.0,-3.340632438659668,0.3,0.0048988530522115995,0.08823529411764706,17885380683940740188.mp4,10.438143493512303,provisional negative (user-reviewed thread),0.5619138216178081,ef88a4eb6664be6e0cf3c6df0c0f7509,normal,7.275075906423588,2.2,52.353204846723,-16.805671920887725,-9.530596014464138,1,-25.92972426016667,-20.825573647327303,-16.894496922607033,-14.180121792049823,-12.582693495919065,-11.848224125505519,-10.837423559783485,/b/src/336291305/17885380683940740188.mp4,-0.9069790840148926,8.131556752223561,-24.03222306136596,-13.665553005609684,10.366670055756277,-16.95169931084635,,0.0,transition,-15.962054980543199,11.821827508625985,0.8829551510454662,11.80419964819701,0.01811235708003518,0.7868843447669305,4.370290970389915,0.010534169030793503,0.1855947079562426,0.43604176702444325,0.535468223651127,0.0,-90.0,0.0,-90.0,0.0,7.419293235158119e-16,0.9999999999997906,ok,False,0.010534169030793503,5.775432424508942,0.0,0.0,0.01465845793022574
4,733,210.0,13.83654896087767,19.179906801414273,6.658076499406621,-6.73296058476811,-24.383922307035114,6.9092226024394385,-9.307039871814647,6.658076499406621,49.76135402472099,40.160145545678645,48.62548446937803,44.975321629051805,20.821626757443973,normal,13.314245539181591,transition,0.0,transition,4.6904375,1.6,-16.040000456582757,-15.493062065924702,0.15000000000000002,0.025,-0.3554772734642029,0.2,0.004775649795533951,0.039424280350438046,17885292350130219920.mp4,8.890860241110412,provisional negative (user-reviewed thread),0.6820586527897716,c780e36e4384726acc1a2c1048fd4587,normal,5.856317710383886,1.6,18.837087220850712,-14.466212282921953,-8.609894572538067,1,-39.013715408023295,-24.2857894280303,-18.059903272131653,-14.767341337159166,-12.571960088869,-11.274819818782492,-10.681625008289727,/b/src/336291305/17885292350130219920.mp4,-0.3554772734642029,7.850646565865706,-23.302251556238346,-12.395782781756791,10.906468774481555,-14.72163479626623,,0.0,transition,-13.669722812645794,10.24361343037671,0.8679417962752475,19.574596774193548,0.3615591397849462,3.6424731182795695,10.265456989247312,0.010299846269118668,0.16918741862647255,0.4148099657818258,0.5927325841145755,0.0,-7.052892584700064,0.0,-19.234251926496245,0.0,0.00010968741508739755,0.0516456875671468,ok,False,0.010299846269118668,7.526881720430108,0.0,0.0,0.0
72,7880,,-3.428555845569713,-7.294688403235569,7.9756213213421585,-5.6895703740835115,-20.293599345716785,2.130490416563461,-2.2240905711297936,-7.294688403235569,68.61438760567493,47.582334294852,61.40726702922778,72.142039559957,27.05157368669729,normal,11.634219855489519,transition,0.0,transition,72.5855625,10.100000000000001,-7.913660945213305,-12.467026772801471,0.0,0.0,-6.618800163269043,0.0,0.0025248274099784872,0.1251564455569462,17885113569161248915.mp4,7.826572572915314,provisional negative (user-reviewed thread),0.5772506235736155,57cea4db49f89cb4bd473fcc8aaf954e,normal,7.388685149305726,0.1,50.589290136263095,-19.33415018975593,-11.945465040450205,1,-22.997384030393402,-21.398245667933544,-18.990025486752742,-16.219171446714,-13.084810915712396,-12.662734642412481,-12.333218893002874,/b/src/336291305/17885113569161248915.mp4,-5.8341145515441895,7.433905715617893,-20.56737622699542,-12.481658799265402,8.08571742773002,-19.519795644596773,,0.0,transition,-17.46833440703371,3.1586650915969874,2.47781019701531,8.46381805651275,0.0,8.614748449345279e-05,1.4418935217091662,0.010238651480523608,0.5772506235736155,0.5772506235736155,0.7899492879829317,0.65,-4.768586838074796,0.0,-17.697617678821075,0.0,0.000252932162299979,0.036462629048372844,ok,False,0.010238651480523608,0.2756719503790489,0.0,0.0,0.0
32,3092,70.0,11.731376686232142,8.651922605777449,15.001722232692124,-22.410419482289917,-22.752307402366796,1.604156741383612,15.396270898970855,8.651922605777449,72.45011717043027,61.43671136192069,68.43509909684005,72.51716985896493,32.062697123409464,normal,16.82665637707226,transition,0.0,transition,32.175625,24.75,-7.014148583319064,-13.72396985162555,0.0,0.0,-2.8749589920043945,0.4,0.0044465325425302755,0.11232790988735919,17885466752111702650.webm,9.028337550741245,provisional negative (user-reviewed thread),0.5053111999996444,dc9639672598b9ffba6b3bebe81c4280,normal,10.760921436718098,0.1,63.86385270079437,-19.815876243865773,-9.054954807147675,1,-26.43142684980469,-24.453591201299442,-21.437584315652163,-16.999668916890997,-13.593325650754647,-12.42764539967031,-9.935300436947898,/b/src/336291305/17885466752111702650.webm,-0.47554925084114075,13.495161360868764,-21.12924517063044,-13.47476910385394,7.6544760667765,-20.28781457680401,,0.0,transition,-17.302205627913402,2.3783227847753428,3.796094293228606,7.291407465007777,0.08446734059097978,0.801807931570762,2.9815318818040435,0.009956606847011759,0.3765002141397916,0.4003856158881307,0.6504046882476021,0.9500000000000001,-14.60449905047114,0.0,-17.16776661675643,0.0,0.00030376263121082537,0.002989243033636442,ok,False,0.009956606847011759,3.7325038880248838,0.0,0.0,0.15552099533437014
15,4135,460.0,-11.203570042199683,1.1902935682653997,13.34915977818021,-8.688329755255069,-25.25428474708079,1.8252973422895717,-1.977139540463046,-11.203570042199683,32.187919653628185,32.62374177895912,33.72737182044655,32.18987219584495,29.04554930025691,normal,19.440229277220617,transition,0.0,transition,15.743125,14.0,-10.665469295718115,-14.925727550619278,0.0,0.0,-3.073883533477783,0.2,0.002554753490481327,0.08823529411764706,17885485227360423236.mp4,10.32855719646151,provisional negative (user-reviewed thread),0.4046994089905462,c6826cd899ed8a4cdd6cc93392e1e238,normal,12.532933601318287,14.100000000000001,12.811118429093543,-24.504698515044424,-11.971764913726137,1,-30.35848053154872,-27.139416809819245,-24.79813900804484,-22.448469785961805,-20.182056262970278,-19.028475049266614,-13.763415194219315,/b/src/336291305/17885485227360423236.mp4,-3.073883533477783,13.611111092603114,-25.043970120668977,-14.44325659000875,10.600713530660228,-24.781145978740575,,0.0,transition,-22.5141128106984,2.706185839678519,3.816647417565562,0.9709394904458598,0.0,0.05015923566878981,0.2864251592356688,0.009623536729268673,0.34293487245164855,0.35573251993548327,0.7382613758890932,1.0,-11.39797093082956,0.0,-31.557881612449755,0.0,1.1604307146357896e-07,0.02121819449797237,ok,False,0.009623536729268673,0.3184713375796179,0.0,0.0,0.0
30,1800,20.0,1.621628744008273,16.472411417636724,19.76892795872278,-16.915396379983655,-26.474029076443962,4.722530375252557,-5.012057092063344,1.621628744008273,69.09598711761696,61.351216092669816,62.092903345185434,64.03530792402663,31.614003583142,normal,12.906182382889908,transition,0.0,transition,30.069875,11.600000000000001,-21.927453472047,-15.724252716287069,0.0,0.56875,-0.060346391052007675,0.1,0.000464175166354924,0.006257822277847309,17885504671870239147.mp4,10.749776360156893,provisional negative (user-reviewed thread),0.592566248852884,5ae9596a1c718ad0b2256e852b96ab6a,normal,6.822218720750762,0.30000000000000004,61.71535596739402,-13.690638568840384,-6.868419848089623,2,-34.96982532071233,-22.269236614915272,-18.2917447297303,-15.449610815769466,-13.475513753103513,-10.811543786350233,-9.161128960521644,/b/src/336291305/17885504671870239147.mp4,0.0811142772436142,11.163506518504605,-23.0188043941616,-12.58941605979448,10.429388334367118,-14.208968725850248,,0.0,transition,-12.825068105646293,7.001623534349441,1.535326243608971,20.444051580698837,1.7478161397670549,5.866576539101497,11.880823627287853,0.008509856539463408,0.3801631454928555,0.3801631454928555,0.26112806755485973,1.0,-3.4091510015234987,0.0,-21.640838647659194,0.0,3.010371048513889e-05,0.06211388288933309,ok,False,0.008509856539463408,7.9866888519134775,0.0,0.0,0.8319467554076538
40,4013,,12.117370075373259,6.36337585532789,2.7476807241288945,-7.912766223180186,-20.102197632646842,1.9942125201045506,2.0934748971641746,2.7476807241288945,11.696884154904469,13.571251028804667,17.672988074745597,14.521061155462142,7.836106297826394,normal,15.860773519116389,transition,0.0,loud-start,40.3413125,9.15,-5.819291326016011,-14.828222166510322,0.0,0.0,-2.4223268032073975,0.0,0.05865686385126212,0.14142678347934917,17885217403500766977.mp4,5.27397546613652,provisional negative (user-reviewed thread),0.5197317039343944,991e5096e77231c1afe8bda58fd5ae23,normal,9.78446304711415,0.2,14.592036721206647,-18.247349245866214,-8.462886198752065,1,-21.81288994779707,-20.04939777732435,-18.523523392982952,-17.141011089188666,-14.889829024475999,-13.498964230942965,-10.712829738922892,/b/src/336291305/17885217403500766977.mp4,-0.5850834846496582,9.59189908491794,-19.15105440227213,-12.928065884454483,6.222988517817647,-18.402031036895675,,0.0,loud-start,-16.445857003766047,2.9566194823070067,1.7837856706610464,8.645083746898264,0.10344292803970223,0.9191997518610422,3.229450992555831,0.008489128047390769,0.3344048451646594,0.3344048451646594,0.5218546479375746,0.45,-10.396522435637074,0.05,-11.425633416496215,0.009375,0.008489128047390769,0.011403121895115966,ok,False,0.0022593579913493074,2.109181141439206,0.0,0.0,0.12406947890818859
57,3358,,14.237214010576771,12.935425364889108,8.831555323268109,-26.45392280241054,-32.67792449748082,8.025354774278647,5.42843569137769,8.831555323268109,19.815815975209286,12.405218281130555,23.39787030810726,23.19867933290426,8.062470715702702,normal,11.637026028188371,transition,0.0,transition,57.121125,8.05,-21.02548711103285,-17.351664743650147,0.0,0.0,-5.033177375793457,0.0,0.0001587891555456385,0.02409261576971214,17885113570183984998.mp4,15.32625975383067,provisional negative (user-reviewed thread),0.7096890538099918,caa27d6378fda373ccea631e21fa28c2,normal,6.874823538587899,6.4,27.35495901965515,-15.33472532352719,-8.45990178493929,1,-27.346903955246287,-22.30048298071802,-18.227516641490418,-15.73720661946126,-14.80081760192071,-14.157108883532999,-12.908653242463696,/b/src/336291305/17885113570183984998.mp4,-3.4469494819641113,6.350541057242678,-14.53063627762368,-13.491551029284864,1.0390852483388162,-15.333246442714932,,0.0,transition,-15.083975510152483,11.89839098834552,1.2880951524321858,15.334610332749563,0.0,0.8977123467600702,5.714919001751313,0.008442646689532934,0.1084565200409057,0.2007504077106859,0.4388256477553944,0.8500000000000001,-9.457369325147896,0.0,-15.699810623400193,0.0,0.0007300607806730491,0.03441381863087155,ok,False,0.008442646689532934,0.08756567425569177,0.0,0.0,0.0
25,963,20.0,13.285681416130366,29.75244437152803,10.670430704701161,-3.016009250723331,-90.0,0.0,-8.925109478924833,10.670430704701161,73.4081595138797,72.63911971017788,74.13552380342932,73.45960978801402,37.53537734855891,normal,18.34579288625745,transition,0.0,transition,25.633375,6.800000000000001,-11.941118729648164,-19.32046970092094,0.0,0.0,-6.555109977722168,0.0,0.0015941505077712464,0.0625782227784731,17885465524393740275.webm,70.67953029907906,provisional negative (user-reviewed thread),0.7140885269482599,b825fae0afeb171350b96bb9709b148a,normal,17.27982418694055,5.6000000000000005,72.77777124549212,-32.0903691539776,-14.810544967037044,2,-90.0,-90.0,-37.17864039607177,-22.433375363964117,-18.845818398287793,-17.45513885921382,-16.358647492915352,/b/src/336291305/17885465524393740275.webm,-5.616311550140381,22.546737343516646,-90.0,-18.94823442970858,71.05176557029142,-36.78857993005052,,0.0,transition,-23.96210443639783,2.0,35.33976514953953,1.1884765625,0.0,0.001953125,0.194580078125,0.00842999400561711,0.23417719548465887,0.3097283388834258,0.505734640476254,0.0,-1.5047490108438428,0.0,-90.0,0.0,7.894753218309804e-16,0.21010322407902382,ok,False,0.00842999400561711,0.0,0.0,0.0,0.0
30,7163,,3.0946089192225665,-0.7331917345568044,3.154040526017889,-7.810309158064062,-11.656374064342863,1.5885817800614896,1.5185854900379745,-0.7331917345568044,6.4765022786700435,6.6439520103064105,6.122235449974667,5.540547683578286,4.0692919961232565,normal,9.753791012289133,transition,0.0,loud-start,30.3949375,19.35,-6.291723668026087,-9.192103277637658,0.0,0.1625,-0.5014880895614624,0.0,0.05462331915313528,0.1414267834793492,17885466138093210278.mp4,2.464270786705205,provisional negative (user-reviewed thread),0.5362006583408344,5ec0f4a12ae5d8b0e4f0dc127590ebaa,normal,2.4225042554871523,4.4,3.5134492750654314,-9.69425047887897,-7.271746223391818,1,-14.596031366514914,-13.27856761813931,-11.69236092342481,-10.47537000757259,-9.857532783635786,-9.416287969831483,-8.684928675641858,/b/src/336291305/17885466138093210278.mp4,0.028128691017627716,3.724847146922615,-9.89272184106639,-9.845901221625766,0.046820619440623545,-9.801410784388821,,0.0,loud-start,-9.725662321271505,2.3552313471191644,1.0462967002028967,45.164538714991764,2.6345757825370675,13.173084843492585,28.939456342668862,0.008220885629392298,0.2633580806403107,0.2633580806403107,0.3415291236725644,0.9,-8.105504880947969,0.0,-11.174492192711513,0.146875,0.008220885629392298,0.029813879236628215,ok,False,0.0028830348435859477,58.48434925864909,0.0,0.0,2.14168039538715
44,4948,160.0,1.5560371021078367,19.223180448501914,-0.317741537840325,-10.299818031672366,-35.95035592306708,0.8987090586823072,-11.003567338880394,-0.317741537840325,29.482527560426504,13.528816184931642,24.246843016693198,25.304154269890795,7.050393176499938,normal,20.98470868110461,transition,0.0,transition,44.8,21.5,-21.30338537055276,-18.126504546746254,0.0,0.0,-6.577720642089844,0.0,0.0012968152498298291,0.025657071339173967,17885384363030065726.webm,17.823851376320825,provisional negative (user-reviewed thread),0.416432160007936,21f876e313ce06cfd39e9794d07850f9,normal,18.728668879442324,5.300000000000001,31.23267337261788,-30.30339044952676,-11.574721570084435,2,-46.79042316054781,-37.597048252676785,-34.90738027744834,-30.34304445117722,-24.01063201970851,-20.372265932845664,-18.41834890600465,/b/src/336291305/17885384363030065726.webm,-3.7269675731658936,17.829503533570293,-34.44744536688646,-16.881659973522513,17.56578539336395,-30.394008591141546,,0.0,transition,-24.711676254270504,2.0,8.911925688160412,0.7401646205357143,0.0,0.016462053571428572,0.11579241071428571,0.008118592928679613,0.09312281436095783,0.21257012271927547,0.6050964013997739,0.0,-1.2150445421460943,0.0,-51.34031624474099,0.0,2.507096729402578e-12,0.20536490174671218,ok,False,0.008118592928679613,0.0,0.0,0.0,0.0
44,7387,160.0,1.5645670155365252,19.217533237194576,-0.31282229609579026,-10.234203729688689,-35.91580278470441,0.8864642280382427,-11.037250365365635,-0.31282229609579026,29.478089030189782,13.515675496853387,24.220629474380335,25.26489794063855,7.040033005477049,normal,20.976116772766275,transition,0.0,transition,44.789,21.5,-21.271454095054324,-18.12148273096388,0.0,0.0,-6.575706481933594,0.0,0.0013260453740061946,0.02690863579474343,17885367359960420427.webm,17.79432005374053,provisional negative (user-reviewed thread),0.4170483350079349,ac1c987a9982f7d9afaa9ec37afdefaa,normal,18.726496139437128,5.300000000000001,31.198129544468284,-30.29838781429258,-11.571891674855454,2,-46.72268875121632,-37.56777299571985,-34.89915335234118,-30.332765520262758,-24.002280310711736,-20.366032751524056,-18.41537900616458,/b/src/336291305/17885367359960420427.webm,-3.726623296737671,17.825222686136804,-34.42530155806088,-16.881242854857987,17.544058703202893,-30.368374730871956,,0.0,transition,-24.702740069503946,2.0,8.897160026870266,0.7422486033519553,0.0,0.0164804469273743,0.11606145251396648,0.008113653836543909,0.09289953412691353,0.21228201855095202,0.6049096585583572,0.0,-1.2196798132942794,0.0,-51.26102120885911,0.0,2.6188280915746818e-12,0.2045365519594034,ok,False,0.008113653836543909,0.0,0.0,0.0,0.0
6,935,20.0,36.814147004301695,13.602954234761686,33.869927173828735,-7.347786071294985,-39.04652184290712,10.819852320030733,7.42953728626557,13.602954234761686,68.26889545565507,40.45575804386435,43.785273814756444,47.12432167371345,23.556101786863806,normal,23.24473764244298,transition,0.0,transition,6.757,3.8000000000000003,0.08175121497058531,-18.580538613133022,0.0,0.0,-4.297677516937256,0.0,0.13649758131630307,0.3191489361702128,17885469530210265856.mp4,20.465983229774096,provisional negative (user-reviewed thread),0.48738759476872584,472c57fd29016f90bc8250ed37b46432,normal,20.209606282391615,0.1,44.764975072028356,-37.273022247366924,-17.06341596497531,2,-51.1895091111435,-46.16442644901794,-37.72362995025034,-24.022732928951747,-17.639942432949855,-16.279696315771133,-14.323328309700099,/b/src/336291305/17885469530210265856.mp4,-2.7399744987487793,24.701111598569046,-40.836319411078236,-21.13466569880446,19.701653712273774,-38.41654259693999,,0.0,transition,-25.98471214119176,16.041513049677565,1.2758137693367686,0.700925925925926,0.000925925925925926,0.024074074074074074,0.2074074074074074,0.008077276917512284,0.10403106784789425,0.11353640387965078,0.6742081757282642,1.0,1.109884920689736,0.0,-20.43326455763958,0.0,6.057124078030394e-05,0.17664863060152977,ok,False,0.008077276917512284,0.0,0.0,0.0,0.0
32,2863,10.0,19.478328223819226,17.025343990863245,32.30858833293123,-15.312460849951844,-37.638173017256484,11.942739865025747,-1.3989808159350936,17.025343990863245,73.45850484373656,74.46896104088519,74.26975459730733,70.61553100950634,38.286364872370505,normal,16.59581762890364,transition,0.0,transition,32.4906875,2.85,-16.711441665886937,-18.86839068148008,0.0,0.0,-6.727937698364258,0.0,0.0004118934489663075,0.039424280350438046,17885480050590005483.mp4,18.769782335776405,provisional negative (user-reviewed thread),0.5861158735396798,7df4ead27b7df8caf8b6653bf149adda,normal,8.24288516710561,0.1,66.18902554852083,-22.75905708483981,-14.5161719177342,1,-88.27363163261816,-41.705313950069474,-23.682346072992726,-19.542822955697776,-17.254266828876357,-16.33798317092634,-14.791744808319287,/b/src/336291305/17885480050590005483.mp4,-4.970428466796875,11.33000038924476,-37.2504793497844,-18.39101307334469,18.859466276439708,-23.480827066488217,,0.0,transition,-21.566246095700514,17.70630612388717,1.0600620030201853,1.4329738058551618,0.0,0.0036594761171032356,0.1332819722650231,0.008025253231074014,0.2452634928967804,0.40747437168823886,0.6798167878812056,0.65,-16.958514225328642,0.0,-32.21709634980823,0.0,7.735139974940116e-08,0.003271095863181788,ok,False,0.008025253231074014,0.0,0.0,0.0,0.0
39,2907,,3.5421935831856075,-6.056807161817568,-3.8829508745453976,-11.81856527784046,-23.681936711710428,2.7635154484073468,-0.10173910793706398,-6.056807161817568,17.310218393329002,13.072001135686257,14.429932448355604,15.515283186169619,6.711209352495008,normal,13.127102118185114,transition,0.0,transition,39.5093125,2.85,-11.920304385777523,-14.248454166066104,0.0,0.0,-4.858872413635254,0.3,0.004600709700890575,0.07697121401752191,17885214204891585257.mp4,9.433482545644324,provisional negative (user-reviewed thread),0.5440219394983427,e8f2364441ba9f137c1e22ef5a1676b4,normal,6.534063271667973,3.0,10.918318022878108,-17.974173976756155,-11.440110705088182,0,-25.55138247314025,-23.425482480381724,-18.426899268945956,-15.589243821819988,-14.509788830284071,-14.021022426948953,-12.683418520993714,/b/src/336291305/17885214204891585257.mp4,-4.5427565574646,6.578092692489996,-22.50499743489631,-13.635934416785563,8.869063018110747,-18.389029407886877,,0.0,transition,-17.669858675649714,4.097188003808732,2.3024285282674337,7.279825949367089,0.0,0.029193037974683547,1.7269778481012659,0.007889910096818826,0.18716929192669082,0.47307620504813264,0.5642935272807684,1.0,-14.797148323312658,0.0,-15.774614019515477,0.0,0.0006504758848093039,0.002802443389200255,ok,False,0.007889910096818826,0.12658227848101267,0.0,0.0,0.0
30,8155,,11.61499646257344,5.6960869452864,12.026663573951891,-9.035824634170961,-21.71050800217261,2.389497704288205,-0.23763168502268073,5.6960869452864,40.629790190318744,34.762522711761534,39.99326658322757,36.84831792438821,32.83948887318759,normal,12.734927731846971,transition,0.0,transition,30.1653125,25.75,-9.273456319193642,-14.130334140954695,0.1,0.0,-2.3492329120635986,0.2,0.012207595929535464,0.10575719649561952,17885488451940507770.mp4,7.580173861217915,provisional negative (user-reviewed thread),0.49050895707268205,6ab379f478eb100543d9be7d5fc5041e,normal,4.805910412400294,23.900000000000002,11.674062011031415,-13.76617476395765,-8.960264351557356,0,-23.394713660154807,-20.220229083209873,-16.36318920126667,-13.679639371695242,-11.752922096557882,-10.780329953145685,-9.555931955901633,/b/src/336291305/17885488451940507770.mp4,-0.7224568128585815,7.526493383472189,-20.12995375323303,-12.728267213167635,7.401686540065393,-14.284690550470119,,0.0,transition,-13.457384544705553,3.5426692963776927,2.1396786510579715,19.98237976782753,0.3326077943615257,4.105099502487562,10.359038142620232,0.007883659532270134,0.10859391835007985,0.2994595743130851,0.41953065985876375,0.75,-15.989627900322905,0.0,-14.834823450589965,0.0,0.0010947634833982822,0.009433394453546124,ok,False,0.007883659532270134,12.769485903814262,0.0,0.0,0.4975124378109453
39,2021,190.0,10.2187603880735,12.57527841133773,2.370864777417305,3.6577749099215993,-36.40974807565186,3.3610384423965307,-11.74085975100058,2.370864777417305,62.470669483550516,56.891509096283045,66.74145914060357,65.59469787719284,28.521992205400323,normal,21.187333882638768,transition,0.0,transition,39.61325,27.150000000000002,-8.08308484107898,-18.237079646534827,0.0,0.0,-4.237691402435303,0.0,0.0037499509298578957,0.1132665832290363,17885405817083468861.mp4,18.172668429117035,provisional negative (user-reviewed thread),0.5637485896563109,b2756935712eb7f58fbe1f289ffd5f70,normal,18.266841605958298,0.1,56.77117170096078,-31.910966164581758,-13.644124558623458,2,-50.46217481489593,-46.65624161184017,-33.61378916902914,-24.682197480253482,-20.219325354181212,-18.59276019224916,-15.711169057944803,/b/src/336291305/17885405817083468861.mp4,-4.237691402435303,20.484614760061007,-38.945460526626064,-18.226096357387938,20.719364169238126,-33.74119798893108,,0.0,transition,-25.42502528507407,4.983075594697096,3.64687793387202,0.5512152777777778,0.0,0.009232954545454546,0.1263415404040404,0.007878237851707394,0.07297112843499055,0.36021228168170527,0.6455900235072691,0.2,-10.183875240800742,0.0,-24.514976381539277,0.0,5.437651259913604e-06,0.0005985494688479372,ok,False,0.007878237851707394,0.0,0.0,0.0,0.0
118,5529,30.0,21.495526860064217,15.340013110826796,11.25431828765555,-8.197592240289861,-48.60030324229281,8.427986658141222,1.3542518351372959,11.25431828765555,65.60374746854615,64.40848329062243,69.77206844081732,66.28295811854545,34.38191029669608,normal,18.975759442080005,transition,0.0,transition,118.05025,48.800000000000004,-6.843340405152565,-19.70806704689712,0.0,0.0,-5.4210615158081055,0.0,0.009910534946880673,0.1451814768460576,17885469531592492108.mp4,28.89223619539569,provisional negative (user-reviewed thread),0.5483221165777241,d6bb2a88a798e2bde5091082e5b2bf94,normal,10.896229033022237,0.30000000000000004,69.80191948413326,-25.726195752605964,-14.829966719583727,1,-50.552068808414916,-40.027478542648765,-27.8218217402906,-21.400652230732,-19.169297923276066,-18.267733947846104,-16.522347770557193,/b/src/336291305/17885469531592492108.mp4,-4.464445114135742,13.675216561313341,-48.115819001110914,-20.027656483030785,28.08816251808013,-27.428064279765,,0.0,transition,-23.440204556215747,12.495333019360176,2.312242190794777,0.662007623888183,0.0,0.0014294790343074967,0.05847628123676408,0.007537133755039532,0.2644293253004408,0.35166520533486473,0.4993285230582507,0.65,-12.751401242344667,0.0,-23.7498095595484,0.0,8.182086078118882e-06,0.0009048320403090386,ok,False,0.007537133755039532,0.0,0.0,0.0,0.0
122,16664,,13.696151191556357,2.4499724743872626,4.43574456594994,-2.194194926912475,-23.617842106503673,2.0482007491071084,5.072208845090232,2.4499724743872626,33.82272596005281,34.77569716761194,32.31455697084969,32.487696929421595,33.35124202334883,normal,14.877540628034577,transition,0.0,transition,122.2196875,2.5,2.878013918177757,-14.073723834713707,0.0,0.0,-5.255837917327881,0.0,0.5086314883018943,0.48685857321652065,17884715114691033660.webm,9.544118271789966,provisional negative (user-reviewed thread),0.5453996403193816,6027cab92e0c8d244c6e541dc5b63a33,normal,6.045614232985438,0.1,5.40897353733525,-17.911084364251536,-11.865470131266099,0,-21.537561665775886,-19.76726102817647,-18.141127127446786,-16.544717779141642,-15.29381914467352,-14.504570907769443,-13.313941057963483,/b/src/336291305/17884715114691033660.webm,-2.8243327140808105,7.061425004610934,-23.731156663322302,-16.5349515685406,7.196205094781703,-18.13062944332851,,0.0,transition,-17.701873342115388,3.036662430626199,3.142963200497016,5.803575081833061,0.00010229132569558102,0.05454684942716858,1.0699928396072014,0.007401853110259917,0.04141279516147851,0.07792303096983996,0.398560435764361,1.0,-2.194194926912475,0.0,-24.26739580571396,0.0,7.329825117686982e-06,0.29978969353422524,ok,False,0.007401853110259917,0.20458265139116205,0.0,0.0,0.0
9,417,10.0,9.085400577850674,15.473828837255349,6.254358106939514,-8.34579687147701,-25.95519737246299,3.982693740185841,-1.3028875336890096,6.254358106939514,43.57048963715686,33.517544117149505,38.38922577100219,41.89670718148855,28.190922328682568,normal,16.19950860894921,transition,0.0,transition,9.6130625,7.6000000000000005,-9.64868440516602,-15.798204975369107,0.0,0.0,-3.88596773147583,0.1,0.025387388357585194,0.0932415519399249,17885226675782563370.mp4,10.156992397093884,provisional negative (user-reviewed thread),0.3972035863358188,9cdf0c2efcd9d9fe9ee61763ba85ddc0,normal,9.765733296650778,7.800000000000001,12.168793408585879,-22.92433958119759,-13.158606284546812,1,-31.220368324124117,-28.18570987850773,-23.4080432798061,-18.100609203830736,-15.565858526095484,-14.962417141415125,-13.881949055558044,/b/src/336291305/17885226675782563370.mp4,-3.88596773147583,10.711487043769253,-26.001940292415522,-15.490609579161994,10.511330713253528,-23.55046336041407,,0.0,transition,-20.08547634042504,5.904741739199527,1.7201416837022936,3.6360677083333335,0.0,0.06705729166666667,0.9130859375,0.006968032781201059,0.33241361580813206,0.33241361580813206,0.48740727379084026,0.8,0.15171659524391146,0.0,-21.32623451658285,0.0,3.6957928152199925e-05,0.1241900541445326,ok,False,0.006968032781201059,0.0,0.0,0.0,0.0
7,1062,,-8.765988587660186,3.3764716975130877,-5.453794749898419,-6.166349599207276,-21.476532946190645,5.136586365955518,3.537936041645536,-8.765988587660186,30.167253473198194,26.581574237804226,27.74096672428764,27.771759033364845,27.168039655283195,normal,18.764588871041504,transition,0.0,transition,7.848375,5.15,-2.62841355756174,-13.424724627049347,0.0,0.0,-1.4730347394943237,0.2,0.10173514572573338,0.24687108886107634,17885459037291218582.mp4,8.051808319141298,provisional negative (user-reviewed thread),0.29464995774903674,a9254f0de900ac2668b5e6239f67bdd6,normal,11.78900080512766,3.7,7.243125751336027,-25.28975090310157,-13.50075009797391,0,-31.491177648949993,-30.17314825312885,-25.335105965385072,-18.78763173832014,-14.827377967362114,-13.267844289358132,-11.964248639576738,/b/src/336291305/17885459037291218582.mp4,-1.4730347394943237,14.651067224913197,-21.095315399175696,-14.65015009912571,6.445165300049986,-25.174129068442124,,0.0,transition,-20.237623610535827,7.61550294616565,1.0572917345131254,3.2431891025641026,0.00641025641025641,0.14262820512820515,0.9306891025641025,0.006783629586157189,0.18824803837391368,0.18824803837391368,0.3300940591656034,0.75,-12.417961216417272,0.0,-30.30597232843661,0.0,2.322817253546854e-07,0.026878357081085533,ok,False,0.006783629586157189,1.282051282051282,0.0,0.0,0.0
50,9841,,6.440026131261328,8.345352039679117,4.81973836663377,-10.151457064071804,-17.934651892112882,2.4177722445131007,-0.8519830400041482,4.81973836663377,22.622050132911916,18.40907776189747,21.298162342153354,21.22253887209719,18.377540525895284,normal,15.017545696242964,transition,0.0,transition,50.7399375,1.9000000000000001,-11.003440104075953,-11.404448105571113,0.0,0.21250000000000002,-0.0018878099508583546,0.0,0.023592013148506133,0.09386733416770963,17885461482950826126.webm,6.530203786541769,provisional negative (user-reviewed thread),0.3530029504003244,b4352976bf9c99ef3c8e21364ba6e746,normal,5.43801785946604,7.7,5.211436713234528,-14.712508005664501,-9.274490146198461,0,-18.623343691279704,-17.053738905342243,-15.17616853129735,-13.546619157922603,-11.959588117847053,-11.197386958044827,-10.054233114751549,/b/src/336291305/17885461482950826126.webm,0.6476390957832336,6.570401548850562,-17.645828116417455,-10.967133060647726,6.6786950557697295,-14.852738757179173,,0.0,transition,-14.36990660045973,3.584589129715123,1.8217440131167117,17.560712524654832,0.16925542406311636,1.5316198224852071,6.70642258382643,0.006430678220313234,0.1219363168323721,0.156266960548254,0.26153835803629233,1.0,-10.477731878696897,0.0,-17.950516233306896,0.046875,0.00020453265950334633,0.014010143988702844,ok,False,0.006430678220313234,10.256410256410255,0.0,0.0,0.19723865877712032
6,806,20.0,15.451387975292464,8.732044039547393,3.453896308025353,-9.657669156021878,-31.466227936371695,3.429890320536739,-10.721697248833756,3.453896308025353,58.058461982168865,42.73995575707885,53.27315283062036,59.356414888572004,23.514288924277388,normal,8.326325865831503,transition,0.0,transition,6.6176875,2.4000000000000004,-20.379366404855634,-17.46553589304368,0.0,0.0,-6.635560035705566,0.0,0.0026984610463385945,0.018147684605757195,17885458991821322128.mp4,14.000692043328016,provisional negative (user-reviewed thread),0.5624212649322047,deeb720c9e96379d056e510751b516cf,normal,5.456551769301942,0.1,44.582561309412284,-14.880040316728088,-9.423488547426146,1,-35.758726591248795,-31.153994755161072,-21.26790760447088,-17.47478977640518,-15.322578033449165,-14.572484069848874,-13.58510757838443,/b/src/336291305/17885458991821322128.mp4,-5.875060081481934,8.282487644485027,-31.050954505618158,-12.652022583235729,18.39893192238243,-15.925403992673926,,0.0,transition,-14.201385947313437,5.0851553892277686,2.753247633884824,24.919507575757578,0.0,0.006155303030303031,9.37784090909091,0.0063600933516504195,0.018544724921966096,0.5624212649322047,0.7333964926880555,0.35000000000000003,-9.015475620371479,0.0,-30.70962360597879,0.0,1.8532112928370721e-07,0.013570226229782009,ok,False,0.0063600933516504195,0.0,0.0,0.0,0.0
24,5393,30.0,29.945535321985865,0.605069127884601,29.758436598739884,-6.678169720590969,-34.21657358422996,13.230764250078781,0.9049135354888787,0.605069127884601,40.19836877823308,40.06956441662264,41.43267016495436,39.36242782487765,20.76095153397895,normal,22.230341741250886,transition,0.0,transition,24.4738125,14.200000000000001,-5.77325618510209,-19.010462846649435,0.0,0.0,-11.673179626464844,0.0,0.0011840535162652827,0.15269086357947434,17885489472920606215.mp4,15.206110737580527,provisional negative (user-reviewed thread),0.5373140871915711,89f364569c96542e8459a82a16c1e3bb,normal,18.900323090923123,14.100000000000001,36.966166759120206,-29.63990928019436,-10.739586189271236,2,-57.2398196573427,-44.79238347276981,-30.10561753903345,-20.84758307365534,-17.943706677285977,-13.887056866306676,-10.861761393045017,/b/src/336291305/17885489472920606215.mp4,0.6840438842773438,20.77341596654779,-36.06919414962029,-19.393549103224306,16.67564504639598,-30.21226224634637,,0.0,transition,-21.546297856973542,19.6159310771668,0.7751918926387664,2.047418200408998,0.04447852760736196,0.2551124744376278,0.903118609406953,0.006334069734510033,0.40464662687157177,0.4626602415865845,0.7613692443455894,0.30000000000000004,-3.6613924419654724,0.0,-41.7621488728177,0.0,4.807837403384326e-10,0.10439310038200939,ok,False,0.006334069734510033,2.658486707566462,0.0,0.0,0.0
3,1461,140.0,72.90358152902806,69.60156780508592,86.66436763923844,-90.0,-90.0,0.0,82.56911123310755,69.60156780508592,80.48701738945226,64.6366410894895,80.48701738945226,80.48701738945226,34.741131540169256,normal,19.974373045157037,transition,0.0,transition,3.8936875,3.2,-7.430888766892447,-19.759199456104227,0.0,0.35625,0.15554247796535492,0.2,0.006550676713391972,0.12640801001251564,17885462938622440032.webm,70.24080054389577,provisional negative (user-reviewed thread),0.7074761898068735,21bdc2cd68ae0f959be825ea12f4f69d,normal,81.33213297663026,3.3000000000000003,81.33213297663026,-90.0,-8.667867023369736,2,-90.0,-90.0,-90.0,-27.819840883310412,-19.079992772502628,-16.504688348308047,-10.226295821022596,/b/src/336291305/17885462938622440032.webm,0.15554247796535492,82.7129955601296,-90.0,-21.098213871996478,68.90178612800352,-90.0,,0.0,transition,-19.818830567191682,2.0,35.12040027194789,3.4326298701298703,0.2426948051948052,0.7280844155844156,1.5625,0.006170840970732177,0.10314314837255507,0.23279100847099715,0.6861906680891628,0.0,-90.0,0.0,-90.0,0.0,7.419293235158119e-16,0.9999999999997906,ok,False,0.006170840970732177,3.896103896103896,0.0,0.0,1.2987012987012987
47,9821,,23.55981701952617,3.2324891120720913,14.531433617415018,-16.439087769162917,-16.80647450188542,1.045432783621993,15.693992322292006,3.2324891120720913,68.66773718102874,50.0323425594206,63.08382463317263,62.505773105974534,25.035709644634707,normal,14.528456331831423,transition,0.0,transition,47.5080625,16.0,-0.7450954468709103,-11.287711749214738,0.05,0.17500000000000002,1.532121181488037,0.1,0.33300240152048655,0.30381727158948685,17885500262920224128.mp4,5.51876275267068,provisional negative (user-reviewed thread),0.4494838285444607,2e95d39c59bb0e0522c1ec05fd53712f,normal,3.703793280013855,0.30000000000000004,62.714757720737765,-12.805646029455584,-9.10185274944173,1,-22.376934527549952,-16.85802494901473,-13.825125143311574,-12.647307410245146,-11.403624426615472,-10.325832424354955,-9.136680694804035,/b/src/336291305/17885500262920224128.mp4,1.532121181488037,6.674071850781396,-14.436453996784635,-12.448482547077987,1.9879714497066487,-13.014057159111188,,0.0,transition,-12.996335150343386,2.0,2.75938137633534,24.30296052631579,0.4431578947368421,3.4890131578947368,11.831315789473685,0.00615756270914387,0.06423878332622299,0.17733434485333657,0.45420637840541866,0.9500000000000001,-10.300913887470395,0.0,-22.973901363333706,0.0,1.333391021519066e-05,0.03130260118137442,ok,False,0.00615756270914387,15.578947368421053,0.0,0.0,0.631578947368421
14,5216,,0.2051472523878788,1.5924892591936342,3.2790990550165215,-5.481961110470975,-12.47696928846019,1.7449955179119998,-1.3124092854933167,0.2051472523878788,41.57194813852905,41.381196116162755,40.381115473703886,38.68170433864188,40.194384448426405,normal,11.822685421665128,transition,0.0,loud-start,14.419625,8.35,-6.794370395964291,-11.164552574991774,0.0,0.0375,-0.2770264744758606,0.0,0.06924594122666053,0.1276595744680851,17885490269470847796.mp4,1.3124167134684157,provisional negative (user-reviewed thread),0.4759195422230156,5cef0536bb84f117696df802193dcfb4,normal,3.0011054547565674,0.1,6.600673726881444,-11.605784176447377,-8.60467872169081,0,-15.321319399459817,-13.72202697472408,-11.98914463194197,-10.649263189973919,-9.773880431413401,-9.147849379139293,-8.601827062385993,/b/src/336291305/17885490269470847796.mp4,0.31868135929107666,3.5798889816833857,-12.317190926586186,-11.039239859475062,1.2779510671111236,-11.863260516684313,,0.0,loud-start,-11.504004062374051,2.5871303548563307,0.5072866587510227,33.13715277777778,0.966796875,6.718967013888889,18.10177951388889,0.006108928654416028,0.06098383364933573,0.12422810994379056,0.32622531251836145,1.2000000000000002,-5.432102949941849,0.05,-12.311404479493135,0.01875,0.006108928654416028,0.12691219985979016,ok,False,0.0011103247666986971,50.69444444444444,0.0,0.0,3.125
126,8945,,3.213414493357977,8.287237055502985,15.480498168837595,-1.720003173325499,-34.83484915145384,3.0154198105543237,-1.0172967438037626,3.213414493357977,42.20701601849625,33.64418034361424,32.96389941174462,34.32750840651165,32.978034661962695,normal,20.30681957688806,transition,0.0,transition,126.0379375,94.55000000000001,-2.7372999171292616,-18.541462528719016,0.0,0.0,-10.518381118774414,0.0,0.03943426124496069,0.24718397997496871,17884715115742969024.mp4,16.293386622734822,provisional negative (user-reviewed thread),0.531735408445468,1eb3c71ce7438578d48881f9a436a6af,normal,14.531672319902,52.2,32.77199086044561,-34.25191565308373,-19.720243333181728,2,-42.99879483916799,-38.48963806652955,-34.91289289019702,-30.089612351941344,-24.96823364130011,-22.455892670754977,-19.218645326181967,/b/src/336291305/17884715115742969024.mp4,-9.579595565795898,17.725705472246236,-35.53107552507497,-20.350424146734053,15.180651378340915,-34.6675572670054,,0.0,transition,-29.88641514268396,4.47066141112784,3.6445136690913915,0.006448412698412699,0.0,0.0,0.0,0.0061046807944891935,0.08023633658880218,0.14739870932639554,0.46076280379231216,0.05,-6.62301059350049,0.0,-25.1031319598144,0.0,4.357628625818872e-06,0.050021974070905945,ok,False,0.0061046807944891935,0.0,0.0,0.0,0.0
26,12123,,8.450376114214059,-0.041305242227366534,4.649340795607486,-11.802039099875833,-9.881569988353924,0.6118566340956644,3.6910798891338654,-0.041305242227366534,77.54818895890901,72.28199792276138,77.85399300183848,79.16589030489683,36.95298168588363,normal,8.769745122664505,transition,0.0,loud-start,26.752,24.25,-8.110959210741967,-6.114982127259218,0.0,8.70625,0.43873530626296997,0.0,0.030287877700127572,0.126720901126408,17885476065580861138.mp4,3.766587861094706,provisional negative (user-reviewed thread),0.3129679492230624,d5647d94d95b6ad51fd3863ed3c0e31a,normal,3.461278921309333,0.1,73.21507735927943,-8.351677127333925,-4.890398206024592,2,-12.527271730309206,-11.573504677407358,-10.66609551404125,-9.780293659347834,-7.904256293161737,-6.469135950853286,-5.756746257150751,/b/src/336291305/17885476065580861138.mp4,0.5584585070610046,5.638348990700883,-7.765820618807398,-5.828165454186614,1.937655164620784,-8.414116874039259,,0.0,loud-start,-8.2112866156035,2.0,1.883293930547353,52.214135514018686,7.360747663551402,20.541121495327104,36.84345794392524,0.00603139054883836,0.06557346366221517,0.19776675574017466,0.4615486060563334,0.30000000000000004,-16.492888543987256,0.0,-11.643040873945806,0.40625,0.00603139054883836,0.007435167232797486,ok,False,0.004741658785388795,83.17757009345794,0.0,2.4299065420560746,13.831775700934578
10,1075,,-2.1693500764633917,-8.595739369709543,4.329675925430397,-6.509045651293143,-13.493525552232889,2.7932374225794083,-1.066343320764715,-8.595739369709543,77.61545357101042,73.57722839841642,76.83954575979284,77.15675389613267,38.0982797347441,normal,12.38758612599473,transition,0.0,transition,10.356125,4.1000000000000005,-7.575388972057858,-8.906371398270853,0.0,0.3,-0.25036072731018066,0.0,0.00162821120813078,0.13454317897371715,17885517869590056996.mp4,4.587154153962036,provisional negative (user-reviewed thread),0.45680294562352164,0058b5a30074c6e1e457cf4378ccd66f,normal,6.649424382815326,0.1,75.23537604661968,-13.200798117481984,-6.551373734666658,2,-21.330337000535224,-16.723513399396705,-14.685595593290039,-11.824810074105176,-10.670069923396978,-9.18724116092088,-6.442977544294914,/b/src/336291305/17885517869590056996.mp4,-0.0411909744143486,8.720316918015648,-13.106207410208718,-8.360681073018094,4.745526337190624,-13.302934213392192,,0.0,transition,-12.428777100409079,4.14125380271623,1.1076727900505257,26.607487922705314,0.7445652173913043,4.711050724637681,13.609299516908212,0.005904743239516386,0.23076463387307833,0.291406872845144,0.6861630223274855,1.0,-9.825924901255409,0.0,-11.75941256421917,0.025,0.005798870554649883,0.009769910865514174,ok,False,0.005904743239516386,28.019323671497588,0.0,0.966183574879227,3.864734299516908
40,6872,,0.9865599126517366,4.614548742200924,4.461688214637627,-8.548568299988077,-13.76193472074459,1.6922637704534447,-0.8620568001814952,0.9865599126517366,16.50665235861228,12.76321139355412,13.093061790385416,14.158297752153182,9.859454422456178,normal,12.643488790533516,transition,0.0,loud-start,40.488375,26.8,-9.410625100169572,-11.724125415889919,0.0,0.15,0.1552780419588089,0.0,0.0380623017037294,0.09386733416770963,17885466752672627743.webm,2.0378093048546706,provisional negative (user-reviewed thread),0.5845155420523073,e923230300d26925a0a52c07e57e8698,normal,6.296054812580732,16.7,9.677756691987746,-13.120793904667103,-6.824739092086371,1,-19.27971022778381,-16.450769526016465,-14.433826001146947,-12.57353478364862,-10.880956244138744,-9.106986136119184,-8.201926953730004,/b/src/336291305/17885466752672627743.webm,0.6042832732200623,6.521869393225926,-12.182796019739015,-11.167094321136272,1.0157016986027436,-13.476306762994438,,0.0,loud-start,-12.039205517313453,2.508950266074277,0.8122159025667756,27.122605067985166,1.2494592088998764,6.2337762669962915,15.207509270704572,0.005816402836520351,0.25859776180059246,0.4130524614664759,0.37119266524880307,0.75,-10.43562940410453,0.05,-12.301723237150997,0.171875,0.005816402836520351,0.06414644266302001,ok,False,0.0015942023567115467,19.03584672435105,0.0,0.0,4.326328800988875
13,1506,20.0,3.375449664050743,3.470189653640535,12.511569168549523,-8.293849250108892,-21.493590317769808,2.5911955316785367,0.6873017713246474,3.375449664050743,17.891499579315564,16.74047992333346,17.658783149392942,19.7264079242634,9.922161346633287,normal,15.977748840670536,transition,0.0,transition,13.191,8.75,-7.606547478784244,-14.671127077216724,0.05,0.0,-3.0389413833618164,0.3,0.005912768849868655,0.12015018773466833,17885222276971308112.mp4,6.822463240553084,provisional negative (user-reviewed thread),0.542186960733486,be95318cf8d1de557d7768902c263b85,normal,10.05711869171687,2.3000000000000003,10.545713968680786,-20.036913024033964,-9.979794332317095,0,-27.944320278067902,-23.967360389885222,-20.464224158126413,-16.260132159629464,-12.775260325076829,-11.848611307485038,-9.700383123044585,/b/src/336291305/17885222276971308112.mp4,-1.699268102645874,11.267586827216538,-21.25610996517578,-14.824722093996971,6.43138787117881,-20.27227054027207,,0.0,transition,-17.67701694331641,3.8417064952665982,1.7758939286379902,6.754990494296578,0.015922053231939164,0.47124524714828897,2.454610266159696,0.005509221049701979,0.4310751913137175,0.4310751913137175,0.5102495413643577,0.7000000000000001,-5.5367824251807285,0.0,-13.854048837305088,0.0,0.001983762876392566,0.01679297743221997,ok,False,0.005509221049701979,6.083650190114068,0.0,0.0,0.0
143,5443,,8.197742837901535,9.28693955219553,12.100560217043132,-2.6017820469789212,-34.61117135837252,1.960970089123844,-3.1014764645007284,8.197742837901535,37.64394402206759,13.500876445878173,20.39796966715801,30.805025766109587,8.630887526586765,normal,18.06423199307767,transition,0.0,transition,143.8940625,13.25,-5.70325851147965,-19.028857065666628,0.0,0.0,-7.993332862854004,0.0,0.030544047704264735,0.13892365456821026,17885514670580034248.mp4,15.582314292705895,provisional negative (user-reviewed thread),0.5698976517764457,7737ccbf1b63e12d9ab5cc01fe243be4,normal,8.237096528366875,1.2000000000000002,28.567878725615948,-20.880647968397575,-12.6435514400307,1,-34.66927927923863,-25.173637390553804,-21.888165000575714,-19.09438485405639,-16.538580485279777,-15.255694530349567,-14.160349495019078,/b/src/336291305/17885514670580034248.mp4,-1.3313136100769043,8.777602422276466,-36.22410991457211,-19.745748829125084,16.478361085447027,-21.479143841495517,,0.0,transition,-19.395545603154574,2.907334254135011,5.3596569677338115,4.025699513381995,0.00028241223496697947,0.0443169968717414,0.8459115397984012,0.005329215652406033,0.18151943481685137,0.2872155096066305,0.5269947477730887,1.0,-13.576911954940964,0.0,-51.91498914224273,0.0,1.5267329759196245e-12,0.000154317433642969,ok,False,0.005329215652406033,0.0,0.0,0.0,0.0
21,5580,,-0.8855671407528263,10.152325312630168,4.233053055916356,-11.359459699931069,-14.60337711663439,3.545751115616823,-5.674725639116339,-0.8855671407528263,39.4684679687076,22.983179453083558,21.762557124311044,33.87240265225299,17.59140019468839,normal,10.296881095378792,transition,0.0,transition,21.2448125,5.0,-17.034185339047408,-9.719908196818366,0.0,1.0625,0.4561099410057068,0.0,0.0055229755408628635,0.030037546933667083,17885482817610259288.webm,4.883468919816023,provisional negative (user-reviewed thread),0.5720069396396227,0b507ea83f65ff3245cea49b8ace99cb,normal,3.115568546293183,0.4,20.74539454973812,-8.908505471624355,-5.792936925331173,2,-26.664043387052992,-17.45296931435236,-11.5662539637677,-9.579023817241403,-8.29429282188533,-7.595499957099705,-6.403723219365446,/b/src/336291305/17885482817610259288.webm,0.8411171436309814,5.4062653655192,-13.354710883859502,-7.400978712963282,5.95373217089622,-8.942145411985319,,0.0,transition,-9.45576395174781,5.256930604013501,0.9289582244223745,41.28360849056604,4.4643278301886795,16.07827240566038,29.466391509433965,0.005214858094272644,0.13809627142795908,0.41505872572337243,0.3966812098615311,0.9,-13.030828879345286,0.05,-15.066230149038796,0.6437499999999999,0.0012287576362104403,0.020166018729778325,ok,False,0.005214858094272644,52.12264150943396,0.0,0.0,17.452830188679243
46,30677,60.0,-1.4758014806369246,12.740111871225036,-3.2400512585943524,-8.175335170348031,-28.351743829594508,3.9741439692838227,0.18786465047618606,-3.2400512585943524,64.85159494068486,51.050209611576584,57.60093359167883,62.34817141375987,26.986320513158105,normal,24.42903951552924,transition,0.0,transition,46.848,15.100000000000001,-7.987470519871845,-16.875998370339417,0.0,0.0,-4.134892463684082,0.3,0.004976177773005727,0.11889862327909888,17885459771491540851.mp4,11.47574545925509,provisional negative (user-reviewed thread),0.6124275456584768,d1aa5773c150fa16cb2deedfb36c7499,normal,14.821967455664293,0.1,52.05417937938358,-26.899529570721207,-12.077562115056914,2,-41.9820989638025,-36.1700154796123,-27.9478198111342,-25.17384702452648,-25.086968199884563,-21.934461644143358,-14.703916680777237,/b/src/336291305/17885459771491540851.mp4,-1.19566011428833,17.08879037629375,-28.26662453343505,-17.43501287434877,10.831611659086278,-27.408886876943672,,0.0,transition,-25.62469962981757,5.892065848860195,1.947660761713151,0.4885817307692308,0.001669337606837607,0.020165598290598292,0.16306089743589744,0.005066462416649626,0.08903137807014432,0.2554436885600332,0.5933674913275034,1.0,-8.175362612347186,0.0,-25.160399933192878,0.0,3.864398923706198e-06,5.537693503347124e-09,ok,False,0.005066462416649626,0.10683760683760685,0.0,0.0,0.0
42,12142,60.0,-7.004283095389077,-17.405866069840183,-12.494838882797865,-11.547156168747879,-19.93934988426792,6.161745267928839,0.10037708928502731,-17.405866069840183,25.957920015599615,27.014874231454783,31.018604038976473,27.266581632749094,15.644065155121588,normal,14.942261085533243,transition,0.0,transition,42.331375,11.55,-11.446779079462852,-13.059805111372052,0.0,0.0,-3.2537004947662354,0.1,0.000794996676238447,0.08260325406758448,17885396446850110587.mp4,6.879544772895867,provisional negative (user-reviewed thread),0.4695504058762813,50fe710bb0aa7dc03ee1bd8799cda7c1,normal,7.64224640204249,0.1,26.103479899714742,-17.91926843744549,-10.277022035402998,1,-32.83801993898001,-25.157795306360057,-19.30947299086587,-15.072539068837663,-12.798741696565667,-12.084019048456037,-10.943919532883546,/b/src/336291305/17885396446850110587.mp4,-1.550069808959961,9.834412902770334,-19.40892590015886,-12.668541261907917,6.7403846382509425,-18.705074370318258,,0.0,transition,-16.492330894493204,9.135403534231296,0.7530641363698392,10.343897754137116,0.03634751773049645,1.2457890070921986,4.7638150118203315,0.0050445508900044764,0.1558769306052067,0.2670504609187868,0.4587507638749177,0.15000000000000002,-15.143528060337808,0.0,-13.592281973113643,0.0,0.0021172577551418392,0.0005140396560162285,ok,False,0.0050445508900044764,4.609929078014184,0.0,0.0,0.0
177,7047,,3.3562871223688138,-6.691757087615949,3.7440656389828177,-5.936673564685501,-16.94014651663712,4.35966502801827,0.34118223276875526,-6.691757087615949,71.44478306865167,45.55935206139299,74.56999179952692,74.59385813854907,26.24978916525621,normal,13.271752532445268,transition,0.0,transition,177.46575,160.15,-5.595491331916746,-11.605691925859526,0.0,0.0125,-0.8799601197242737,0.0,0.02270363982637917,0.16020025031289112,17885460222692762882.webm,5.334454590777595,provisional negative (user-reviewed thread),0.555372989980606,f11c1916c64ceb90484624f0938fd50b,normal,5.391300428480355,0.5,78.86779808076825,-13.190975328122395,-7.7996748996420395,2,-21.096499933673613,-17.334985161363306,-14.731998245447457,-12.902191595440568,-11.657185409449427,-10.986260649497488,-9.823772124380895,/b/src/336291305/17885460222692762882.webm,0.24859966337680817,7.487962478588623,-17.042670707391153,-11.6477097579075,5.394960949483654,-13.276602588741502,,0.0,transition,-13.02315286906846,6.4636393705398865,0.8253020140775622,26.228814454775996,0.12318610876303185,2.685298675683291,12.079969709777401,0.005000576892122888,0.2610101010173043,0.26764748351134027,0.44642494574438085,0.4,-30.295368156144477,0.0,-18.115729839654644,0.0,0.0001789172099214062,3.103508236661389e-05,ok,False,0.005000576892122888,13.609467455621301,0.0,0.0,0.22541561003099464
24,7144,,3.40214347034583,1.674214922728865,6.3946788163805035,-9.888306854976399,-13.37433206589263,2.069290246695579,-0.5012253689976376,1.674214922728865,12.713641331153276,11.811684159962729,10.838888074671804,12.016245123970274,10.431529707724689,normal,13.737680071964887,transition,0.0,loud-start,24.2,9.200000000000001,-10.389532223974037,-11.206551452014386,0.0,0.08750000000000001,0.04827752336859703,0.0,0.061643584246334704,0.08197747183979975,17885506073250865262.webm,2.1677806138782447,provisional negative (user-reviewed thread),0.7417871401817814,874aa53efed79402df22711eff2e8609,normal,9.043613129085397,6.800000000000001,6.200660638771472,-16.661771763507282,-7.618158634421884,1,-21.99678762125599,-19.760408635829467,-16.35329576680219,-13.043704184360246,-10.872277845999674,-9.609670553367332,-8.398995448506257,/b/src/336291305/17885506073250865262.webm,0.5334922671318054,8.213291438803841,-12.201513665697444,-10.048839419323382,2.152674246374062,-16.521094144945387,,0.0,loud-start,-13.204187804833081,3.0679297197508655,0.7065939613682811,20.436079545454543,0.7986828512396694,4.363119834710743,11.097882231404958,0.0048587478078615225,0.0850533683104421,0.3816172203069697,0.3109638810710001,1.0,-8.40079853234222,0.05,-12.63492531007261,0.11875,0.0048587478078615225,0.0497483305918288,ok,False,0.001510784500204442,18.388429752066116,0.0,0.0,3.71900826446281
13,3159,60.0,6.377076240844058,13.32176563623551,6.07369505770585,-13.351686281865355,-23.044410944237843,6.090478460445729,-3.6693993863693812,6.07369505770585,33.29114681961085,24.026053591306223,30.84544957998153,31.59919986470824,15.411392177615078,normal,18.120113732995698,transition,0.0,transition,13.9093125,3.1500000000000004,-17.021085668234736,-15.101953939873797,0.0,0.025,-0.7425516247749329,0.3,0.001053109107844498,0.04130162703379224,17885222277422752534.mp4,7.942457004364046,provisional negative (user-reviewed thread),0.5005933131778818,05d84acdb056201fd72f9086e0414fdf,normal,13.853754282380198,10.0,31.52682951701424,-21.953211023404435,-8.099456741024238,1,-38.80964569329697,-31.134296141053213,-22.718629427718092,-17.310043742270512,-14.477149792279477,-12.93359109272153,-9.378916526567487,/b/src/336291305/17885222277422752534.mp4,0.11538979411125183,14.425443481882654,-22.44865736908276,-14.310892226830454,8.137765142252306,-22.264040471242247,,0.0,transition,-18.004723938884446,9.029743365456836,0.8795883429807995,6.349145683453237,0.23178956834532374,1.0033723021582734,2.833408273381295,0.004849609617430916,0.36383927822757073,0.36383927822757073,0.5342871985183154,0.05,-13.427855084378422,0.0,-17.081342226189456,0.078125,0.00032132012666009153,0.006320058859358524,ok,False,0.004849609617430916,3.9568345323741005,0.0,0.0,1.079136690647482
27,4596,,18.162427519152693,-0.632905920233334,4.433522501299601,-12.837956578028562,-14.265129543536734,0.762955311622628,9.445754667168828,-0.632905920233334,37.41035215421043,20.223538552700184,29.701978949349076,35.880629479580904,15.293423741512775,normal,11.590854721207407,transition,0.0,loud-start,27.42275,18.95,-3.3922019108597343,-10.056866290375304,0.0,0.35000000000000003,0.13707640767097473,0.0,0.08245844793525892,0.21871088861076343,17885471777732116862.mp4,4.20826325316143,provisional negative (user-reviewed thread),0.5146658938158477,96f5d671e9960d7ef04cb91d21976573,normal,5.162696669909337,0.30000000000000004,12.934017397043286,-11.59340227502151,-6.430705605112173,2,-16.189299980385407,-14.73448855330908,-13.679619811647871,-12.463743254490467,-10.735505791398769,-9.919214669197109,-8.809153328977189,/b/src/336291305/17885471777732116862.mp4,0.43403035402297974,5.8323736768662116,-12.14489650857626,-10.626834248738952,1.5180622598373077,-11.699899955023959,,0.0,loud-start,-11.156824367184427,2.0,2.104131626580715,34.346943430656935,1.6125684306569343,7.5427691605839415,19.26596715328467,0.0048004214381955805,0.08689209266057707,0.13364543901014367,0.42494594279966297,0.65,-14.597531514254458,0.0,-12.090569292648219,0.396875,0.0048004214381955805,0.009250070221198406,ok,False,0.003741928602503114,20.255474452554743,0.0,0.0,2.0072992700729926
14,2020,,1.7611307367372362,-9.744971395686134,8.31018723304487,-3.6535354041444448,-12.405034695943087,2.3566647089218273,-0.11374638198040632,-9.744971395686134,9.53161501736577,9.61855769802846,10.136379440387836,10.431953265888048,8.305436094667549,normal,13.632511043993873,transition,0.0,loud-start,14.7413125,11.850000000000001,-3.767281786124851,-10.668422500809033,0.0,0.025,-0.04588999226689339,0.0,0.04199329727465811,0.21151439299123903,17885474463930286743.mp4,1.7366121951340538,provisional negative (user-reviewed thread),0.46678063046215873,c8b450d33e1876022ceb03ae1413c421,normal,2.309040502831632,0.1,4.811387182909979,-12.325347403178979,-10.016306900347347,0,-17.398405367742726,-14.604780148329223,-12.263247796765427,-10.478994102127334,-9.539865958263839,-9.177621164438015,-8.626498047696494,/b/src/336291305/17885474463930286743.mp4,1.105054497718811,4.873764524248546,-12.115153109928226,-10.958415701390672,1.1567374085375537,-12.247151648279939,,0.0,loud-start,-12.527456546275062,3.493991097447501,0.4970282255162922,26.491071428571427,0.6258503401360545,4.477891156462585,13.623299319727892,0.004735670897911598,0.24705339058337628,0.24705339058337628,0.40057252645510083,0.45,-4.128098202790661,0.0,-12.296978329847537,0.040625,0.004735670897911598,0.03595404432543786,ok,False,0.001746081266282196,47.27891156462585,0.0,0.0,4.421768707482993
83,3388,10.0,37.52922743796557,22.869693208414226,27.112835054084893,-25.21673254428436,-37.029017340814505,5.587086439446088,17.151117884026124,22.869693208414226,67.26238379091012,64.23907620775924,68.86136974982583,69.99937268402118,32.52992594476711,normal,16.885555889096402,transition,0.0,transition,83.6383125,81.35000000000001,-8.065614660258234,-20.403889527685017,0.0,0.0,-9.736078262329102,0.0,0.0027413763794331423,0.10450563204005006,17885471400782353622.mp4,16.625127813129488,provisional negative (user-reviewed thread),0.6275644229200548,63cf5eb9b7016ccfef3fa98d5c4e2ad4,normal,7.99805469064853,47.400000000000006,50.986947101798606,-25.654098739105663,-17.656044048457133,1,-43.58240069659807,-34.6821488579274,-27.045052102963822,-22.034835234998955,-20.341253329307197,-19.5580871889311,-18.203705551758166,/b/src/336291305/17885471400782353622.mp4,-7.714460372924805,9.67706998669539,-34.54488081990304,-21.593266679436987,12.951614140466056,-27.228190464201905,,0.0,transition,-24.600016262021207,8.283414355122769,2.007038052231191,0.3004635167464115,0.0,0.0,0.0033642344497607653,0.004523824877048746,0.3989976774747677,0.3989976774747677,0.8723786269326913,0.5,-11.765888999455765,0.0,-21.95508368543824,0.0,2.2231445895079294e-05,0.006714354591710034,ok,False,0.004523824877048746,0.0,0.0,0.0,0.0
16,580,20.0,0.7910162161175407,-14.601238755151483,5.512165858865398,-12.72304616947066,-21.94070353266037,4.098080948069434,3.643638067662728,-14.601238755151483,39.32038637603244,38.17454697845036,42.09756564684115,42.25544011676169,20.04054589260094,normal,17.239996219771143,transition,0.0,loud-start,16.256,5.9,-9.079408101807932,-16.81388903850418,0.1,0.0,-3.1020615100860596,0.1,0.0020141263705089245,0.10826032540675845,17884675107102346078.mp4,5.126814494156189,provisional negative (user-reviewed thread),0.5756806054387195,65aafe6fe101276448af246878c05a6e,normal,12.739790732284359,0.30000000000000004,29.251518933615614,-21.30754921912385,-8.567758486839491,1,-48.854130996927005,-35.81972890863831,-23.940728104906462,-18.25940524715942,-14.379648864894191,-12.784895245486874,-11.221180035232571,/b/src/336291305/17884675107102346078.mp4,-1.5982657670974731,16.089665652010325,-21.378455622958953,-16.588913800282686,4.7895418226762665,-23.476028083004113,,0.0,loud-start,-18.838261986868616,6.075814813607742,0.8438069051535083,5.5048076923076925,0.023076923076923075,0.4476923076923077,2.0115384615384615,0.004521395794139625,0.11734212996030019,0.3532829101751676,0.5715685453759229,0.9,-11.97885125822243,0.05,-12.583774789498323,0.0,0.004521395794139625,0.0016148961181153348,ok,False,0.001596184515963963,2.1538461538461537,0.0,0.0,0.3076923076923077
14,748,190.0,19.82574855157971,12.805476702841553,8.317453651451292,-16.897354294440746,-31.961356838642132,2.4330761530240608,6.972667486192844,8.317453651451292,19.595730827956046,14.291991995479982,15.231787261163213,17.915587947457162,8.176528982270742,normal,19.023431582508554,transition,0.0,transition,14.675,7.300000000000001,-9.924686808247902,-18.81265244930342,0.0,0.0,-4.671403884887695,0.0,0.00500334957332358,0.07446808510638298,17885467485032020108.webm,13.148704389338711,provisional negative (user-reviewed thread),0.733885730029868,a73c4c318f8b4cba98327efc0994bb94,normal,16.33416635259605,7.5,14.093572250314919,-29.780930271633707,-13.446763919037657,2,-90.0,-90.0,-31.95594282645328,-22.521784390539857,-18.90101129239863,-16.612585022188686,-15.174336802148494,/b/src/336291305/17885467485032020108.webm,-4.0149922370910645,18.559155231942533,-29.320891505140406,-18.28885687061244,11.032034634527964,-29.358515296381267,,0.0,transition,-23.03842381959962,3.6072787044734724,3.6450481003956496,1.5511945392491466,0.0,0.020477815699658702,0.31100682593856654,0.004362858034433084,0.2402340640068654,0.2637999964873616,0.6614798998495693,0.7000000000000001,-12.758230761667702,0.0,-19.44733914877714,0.0,8.791747920766607e-05,0.007052263654561776,ok,False,0.004362858034433084,0.0,0.0,0.0,0.0
34,6202,,16.615446477344165,5.646732283578729,5.840194979810423,-12.169737304845997,-13.884315887912408,1.0621814790701265,10.876845295354123,5.646732283578729,10.987498840952771,8.781185530220128,10.2001992788319,10.36768137671923,8.320684570087463,normal,10.815018994910472,transition,0.0,loud-start,34.38875,21.35,-1.2928920094918737,-9.643095255226381,0.0,0.28125,-0.16317428648471832,0.0,0.12666259207127611,0.2847309136420526,17885471778243051006.mp4,4.2412206326860264,provisional negative (user-reviewed thread),0.4868838219937214,c7c853f09c688193e967b8b2406795ab,normal,5.428477766739518,13.4,7.832458827715121,-10.967783195280756,-5.539305428541238,1,-17.91415719527621,-14.946089287216964,-13.03026474454021,-11.274152754511253,-9.539535719288398,-8.85986735153107,-7.574366320672079,/b/src/336291305/17885471778243051006.mp4,0.11002995073795319,6.114922941884777,-11.924459652742392,-10.29405243811938,1.6304072146230126,-11.205433713876598,,0.0,loud-start,-10.70498904417252,2.0,2.1206103163430132,35.738810043668124,2.5647743813682675,9.029385007278021,20.900018195050947,0.0043593559315856035,0.10607391124229391,0.23444207739305378,0.49073415375468415,0.2,-23.41879583617532,0.05,-12.626501249585262,0.09375,0.0043593559315856035,0.00018595091610582748,ok,False,0.00409574973351576,35.80786026200873,0.0,0.0,5.822416302765648
28,3394,140.0,8.600836682233929,24.827535541013262,25.941747136300975,-6.19582952587587,-32.63062767725698,12.589852150852671,-0.45947055519750624,8.600836682233929,65.52106025112603,58.418601543850286,80.08224348010698,67.35999034818113,33.402464289157834,normal,17.413571520810088,transition,0.0,transition,28.514125,26.1,-6.655300081073376,-19.171282535167208,0.0,0.0,-2.266984462738037,0.2,0.0013532029375752787,0.1530037546933667,17885273830162596646.mp4,13.459345142089774,provisional negative (user-reviewed thread),0.5415906661922655,d6eb50d4bf2b93f6ebda66f4e999f764,normal,11.84726984801514,0.2,54.7352846894723,-20.884533971348127,-9.037264123332987,1,-51.512439145863134,-34.724483593561246,-23.313931415582744,-16.696499496534596,-13.08614593216731,-11.564362177514065,-9.267398057459813,/b/src/336291305/17885273830162596646.mp4,-0.7566018104553223,15.750067644403572,-32.69738746433883,-19.19717770261932,13.50020976171951,-23.247695315794147,,0.0,transition,-18.17017333126541,18.665714798854168,0.721073116520349,6.669846491228071,0.07532894736842105,0.7466008771929824,2.763157894736842,0.0042740611474613825,0.28372484340589676,0.28372484340589676,0.6227822941070944,0.2,-6.385776923526368,0.0,-17.64300745781992,0.0,0.0002452705187518183,0.004373227120311595,ok,False,0.0042740611474613825,6.140350877192982,0.0,0.0,1.0526315789473684
23,2523,40.0,9.69647639005639,-1.256351430805105,17.028974795409898,-7.307658350311734,-23.617688549295735,5.184527397507294,0.8748440798571488,-1.256351430805105,36.13075463368385,30.73693562267133,31.34436180334807,30.673997696454713,18.911465707334422,normal,13.162618221104054,transition,0.0,transition,23.0604375,6.25,-6.432814270454585,-15.605361399871672,0.0,0.0,-7.19066047668457,0.0,0.014766470009185979,0.1332916145181477,17885474800220168543.mp4,8.012327149424063,provisional negative (user-reviewed thread),0.5685772542050339,12b395d72ef809760ed9b1773695150d,normal,7.174159580561971,0.1,23.721484216143413,-20.46256684633971,-13.288407265777737,1,-37.64470199472005,-27.729475992983712,-20.883605473943692,-17.220761395175124,-15.305810497060872,-14.847342837505316,-14.37348226042226,/b/src/336291305/17885474800220168543.mp4,-6.239845275878906,7.937364539170639,-23.723748475451465,-16.347165494438258,7.3765829810132075,-20.780249039238868,,0.0,transition,-19.40246349698296,7.686580319544314,1.0423786412602087,3.697125813449024,0.0,0.0,0.2531182212581345,0.004203324404727178,0.353411764821854,0.5092782997949098,0.5204108449360807,0.4,-10.137268881826838,0.0,-17.935048323627864,0.0,0.00020429438920412663,0.0070944642349227045,ok,False,0.004203324404727178,0.0,0.0,0.0,0.0
13,2758,,0.28794742515669713,2.0974869990733183,10.957143139278417,-10.39967862809792,-13.832239990293207,1.243601645816657,-1.5653388854627721,0.28794742515669713,7.3382980351999585,10.008507963666979,8.385977593402783,9.4115583791779,7.319889212097429,normal,9.263972163789138,transition,0.0,loud-start,13.5836875,8.8,-11.965017513560692,-11.387820056849392,0.0,1.6625,0.007100207265466452,0.0,0.0075494733072364924,0.0688360450563204,17885016836260352008.mp4,2.4444199334438146,provisional negative (user-reviewed thread),0.51621131530899,2cc4f630bb1c22d393ec9247196186cc,normal,4.898589417169345,7.4,5.267815149417371,-9.257209790560653,-4.358620373391308,1,-17.11136186421193,-15.336127940417931,-13.84430030798034,-12.406423150132422,-10.735114194724304,-10.364891312167675,-9.510556077862717,/b/src/336291305/17885016836260352008.mp4,0.3994285464286804,5.322698566434486,-9.770327006085836,-10.119554848348615,-0.3492278422627795,-9.230743483057921,,0.0,loud-start,-8.864543617360457,2.0,1.2222099667219073,49.77559963099631,4.755765682656827,17.16858856088561,33.96955719557195,0.004131106773364974,0.33424775356420094,0.33424775356420094,0.40795339289077576,0.55,-12.261806448784395,0.0,-12.404814809295193,1.84375,0.004131106773364974,0.003155634392949377,ok,False,0.002141591402657237,19.18819188191882,0.0,0.0,0.36900369003690037
70,5296,50.0,34.51482888512166,56.30796243624213,47.65705650219937,-19.00376639351423,-90.0,0.0,8.595229667793195,34.51482888512166,71.79863485618668,54.85201351292792,67.70772482772685,73.50280984281976,34.58072275857265,normal,25.04588381789558,transition,0.0,transition,70.3463125,36.800000000000004,-10.408536725721035,-21.00368779228046,0.0,0.0,-2.975916862487793,0.0,0.003914762847483443,0.07759699624530664,17884609965220478628.webm,68.99631220771954,provisional negative (user-reviewed thread),0.5734111036955104,7fd6532a0e8d1f26f74c771f6cf830f1,normal,16.8092101242033,8.3,72.55714093622079,-33.27331786413914,-16.464107739935837,2,-90.0,-90.0,-35.76092955507066,-27.150181107628928,-22.293476683066345,-20.75250059527077,-18.748371205169867,/b/src/336291305/17884609965220478628.webm,-2.053990125656128,20.614418450028538,-90.0,-20.570821307082703,69.4291786929173,-36.28053553744546,,0.0,transition,-27.099873943551707,2.0,34.49815610385977,0.4634601706970128,0.0019559032716927453,0.02035917496443812,0.10628556187766713,0.004085538314577463,0.1317876612231293,0.255626287209429,0.5298960979384655,0.35000000000000003,-12.872130910922046,0.0,-25.079159506558042,0.0,3.94678825438149e-06,0.0025726369915289745,ok,False,0.004085538314577463,0.0,0.0,0.0,0.0
23,8101,,2.494188264877366,3.7518096070931364,3.9563000140249365,-13.137265501820899,-12.442592164699882,1.258293096211939,0.7343775650756506,2.494188264877366,8.535505579612936,6.905088454211683,7.270417251926528,7.102281947410429,4.954243146032606,normal,10.407704003266218,transition,0.0,loud-start,23.5803125,4.75,-12.402887936745248,-10.098313340778677,0.0,0.17500000000000002,-0.3795557916164398,0.0,0.012772744830675163,0.07133917396745933,17885466137362579781.mp4,2.3442788239212042,provisional negative (user-reviewed thread),0.5031305401490831,29b716c94f81632d7b1fc7d763b2a8d8,normal,3.2164763800841314,0.1,4.5770454980038195,-10.41923155934952,-7.202755179265388,1,-26.34618008581977,-14.271040530489294,-12.077171183289439,-10.987986213476141,-10.125410609096882,-9.66675353478327,-9.11981111635161,/b/src/336291305/17885466137362579781.mp4,-0.11282622069120407,3.297559562011976,-10.396494188146486,-8.985674637798521,1.4108195503479646,-10.36974113248567,,0.0,loud-start,-10.520530223957422,2.0,1.1721394119606021,38.88654458598726,2.0772292993630574,10.079087048832273,23.95063694267516,0.004034225622669749,0.14934817568277786,0.21940374770770607,0.32711579714480266,1.0,-17.69546953380835,0.0,-12.382795035845895,0.11875,0.004034225622669749,0.0008674085559205111,ok,False,0.002095247367986307,48.61995753715499,0.0,0.0,0.6369426751592357
13,5235,140.0,16.24277669114126,32.33823518242508,27.311731427125917,-8.022125780772862,-47.696968181364525,9.661986992628776,-4.753491491752802,16.24277669114126,42.09917193855726,21.296011560737185,36.0960440221974,43.293824789242,11.50509232363683,normal,18.34392899937007,transition,0.0,transition,13.9305625,5.5,-12.775617272525665,-21.24635483530578,0.0,0.0,-10.727890968322754,0.0,0.002948628870271916,0.06320400500625782,17885459772322254538.mp4,26.450613346058745,provisional negative (user-reviewed thread),0.5109264284449574,a7aac3e97ad193a7de21c6dbdedee4df,normal,19.884162070139855,5.0,38.262934849631705,-38.805951519002036,-18.92178944886218,2,-52.6255632858558,-46.04297100335171,-39.44478434149349,-29.217343616119358,-22.902178026289693,-21.36066975082536,-19.841982546642544,/b/src/336291305/17885459772322254538.mp4,-10.118365287780762,20.635755712572124,-46.76004575994694,-20.609252091988598,26.150793667958343,-39.16507069009204,,0.0,transition,-28.462294287150833,14.324861915271423,1.8464829540772272,0.028327338129496404,0.0,0.0,0.0,0.003973937137654667,0.1995075283746613,0.47054902268186716,0.49831688264493135,0.0,-12.276750888267822,0.0,-36.643049619229686,0.0,6.848331783534494e-09,0.0033940671022936767,ok,False,0.003973937137654667,0.0,0.0,0.0,0.0
26,8324,40.0,5.9796193571433385,9.426614487616352,2.337069017300399,-5.2984451008339395,-16.792774857731292,1.5556767435004835,-4.970110369236087,2.337069017300399,67.37641879374965,69.18759217246892,66.78766236071314,58.94042839925815,39.37972137084516,normal,15.109687408025101,transition,0.0,transition,26.176,18.0,-10.268555470070027,-11.850275711420268,0.0,1.4125,0.14141316711902618,0.0,0.015444919271949856,0.09136420525657071,17885226674850094424.mp4,4.9424991463110235,provisional negative (user-reviewed thread),0.5589243509706554,923e3be22574b0fd4532d83f84965674,normal,9.724959189711893,0.1,63.6867704510865,-16.773204833886446,-7.0482456441745525,2,-27.136413438161576,-19.15560495963878,-16.549460328527466,-14.951662394712104,-13.743788957292306,-12.650678429833496,-11.106280987454863,/b/src/336291305/17885226674850094424.mp4,0.27789372205734253,6.631064750658258,-17.18399452970588,-8.292611839600028,8.891382690105853,-16.680270007498493,,0.0,transition,-14.831793685967758,2.306446339913817,2.142906626865512,13.480282026768641,0.5468451242829828,2.1977772466539194,5.980282026768642,0.003938223664878922,0.20953062245775708,0.2351238310740333,0.7121596841898186,0.8500000000000001,-6.142167714883682,0.0,-13.915716849104122,0.0,0.0018797983381182524,0.006075437701033966,ok,False,0.003938223664878922,3.4416826003824093,0.0,0.0,0.0
13,2809,20.0,-5.045354381959118,-13.123451529648424,15.402466795279807,-14.286410607497647,-17.22113980428778,3.790485181597483,1.3834125347891622,-13.123451529648424,23.722993578091433,20.550383986846125,21.465037472792808,22.928987656214034,11.151925837852739,normal,15.917412211059755,transition,0.0,transition,13.6998125,7.5,-12.902998072708485,-12.283718052821104,0.0,0.03125,-0.38499295711517334,0.0,0.00012458315234048685,0.06758448060075094,17885110111493672656.mp4,4.937421751466676,provisional negative (user-reviewed thread),0.44939360601039396,6e9bb0de548176fe3cf3e6161fc6d264,normal,8.883312756492208,1.1,18.61028657619474,-17.534729524095425,-8.651416767603218,1,-31.91089006603543,-26.105227430804206,-18.038416397016064,-15.05723962484572,-11.923467600720185,-10.737874710660334,-9.238384048557243,/b/src/336291305/17885110111493672656.mp4,0.07358153164386749,10.14620414698992,-16.950939217488337,-11.691212302481226,5.259726915007111,-18.057863300280946,,0.0,transition,-15.843830679415888,5.619773330236428,0.8785802311458984,11.095467032967033,0.2632783882783883,1.61996336996337,5.036172161172161,0.003861629704759288,0.2829195089696694,0.2829195089696694,0.5436457581426413,1.1500000000000001,-10.437441959027414,0.05,-24.13479190254294,0.1,8.286355971870727e-06,0.002848560511528804,ok,False,0.003861629704759288,10.622710622710622,0.0,0.0,0.7326007326007326
54,12346,,2.7189729107519263,7.633913306541768,3.281609709656328,-12.1375197839646,-20.83727719882319,3.4384073658036787,-2.1568332753490616,2.7189729107519263,15.576660142349077,13.090527335530197,13.263176979156565,12.74685951668124,8.225821796988814,normal,15.886874549351802,transition,0.0,transition,54.1489375,35.300000000000004,-14.29435305931366,-13.932751640609688,0.0,0.0,-2.519821882247925,0.0,0.0016994785836144288,0.05694618272841051,17885511717102875958.mp4,6.9045255582135034,provisional negative (user-reviewed thread),0.4479146387382723,82b08c7cb1fb258402393a1d5416e34d,normal,7.6443116666921185,21.900000000000002,8.036104192206832,-17.666373750702565,-10.022062084010447,0,-24.28420830229726,-21.691438796873534,-18.506731842010865,-15.69513107896779,-13.67645778637209,-12.945333254864238,-10.860253205656562,/b/src/336291305/17885511717102875958.mp4,-0.7436890602111816,8.85670690144743,-20.025606885107514,-13.18248523040575,6.843121654701765,-17.765099671281128,,0.0,transition,-16.630563609562984,5.097782760540534,1.3544173776211277,9.030845656192236,0.0407231977818854,0.5479436229205176,2.9305106284658042,0.0036998741393758213,0.07697551950017113,0.11589840381952075,0.5279626189537203,0.55,-8.570452339459731,0.0,-16.48047798273761,0.0,0.0004566775329914353,0.0047985313778821205,ok,False,0.0036998741393758213,2.5878003696857674,0.0,0.0,0.0
847,24496,,31.277037760571734,22.784430893259028,21.22660166142198,-6.405462519473144,-39.36252394712449,11.559408032020011,-0.35437353680258,21.22660166142198,63.75744268337622,56.63864142728934,67.02400853675658,62.52651624375501,32.92650559393236,normal,18.720439818420193,transition,0.0,transition,847.8534375,838.7,-6.759836056275724,-20.641749731400346,0.0,0.0,-11.605180740356445,0.0,0.03749564859663469,0.12578222778473092,17885500767120742647.mp4,18.72077421572414,provisional negative (user-reviewed thread),0.6024403659373171,691588cf8f568b3dfd6bb527455ae73b,normal,15.50209369757387,15.700000000000001,55.894639235355875,-32.58182427736914,-17.079730579795267,2,-60.84519139830683,-46.70732849178273,-34.132798271534476,-28.30243937963417,-23.276747433305356,-21.475976878900223,-19.400061069206444,/b/src/336291305/17885500767120742647.mp4,-9.74337100982666,17.470989867975707,-39.28427199588818,-20.842487945222306,18.441784050665877,-34.04616574118915,,0.0,transition,-28.463810828246853,17.137978348272867,1.0923560431275015,0.01658607064928938,0.0,0.0,0.0,0.003686177612299324,0.12482738223022811,0.24532855061940192,0.4448750728004768,1.0,-7.978192035883646,0.0,-26.207385952161506,0.0,2.17601481734128e-06,1.2360214385354335e-05,ok,False,0.003686177612299324,0.0,0.0,0.0,0.0
9,9583,60.0,-3.3697707501706606,10.034387918166813,8.36957041094774,-11.992489104202688,-22.261462333131462,7.35941056366583,1.5628267700675522,-3.3697707501706606,68.59471650172452,58.79878778439574,68.25044357854833,73.53131820247098,30.459392811306458,normal,21.546934600082707,transition,0.0,transition,9.5434375,1.1,-10.429662334135136,-16.04206235882859,0.1,0.0,-1.2075644731521606,0.2,0.0019179891329970033,0.10168961201501878,17885181380740506509.mp4,6.2193999743028705,confirmed visual-only screamer (outside audio detector scope),0.5264772475947944,f19b3493ece19b4adf38afe9547fc790,normal,19.52486560081397,0.1,56.45434224034012,-32.317949066495956,-12.793083465681985,2,-90.0,-41.817601121883506,-34.647381433644796,-23.833414786369055,-20.222609889702117,-15.598477250605267,-11.632732535694423,/b/src/336291305/17885181380740506509.mp4,-0.811190128326416,23.68803695835504,-21.593986428475887,-15.53491571115127,6.059070717324618,-32.2355470859404,,0.0,transition,-22.358124728409123,10.911062101690959,0.5700086679315123,1.8513157894736842,0.03717105263157895,0.26973684210526316,0.874671052631579,0.0036294602785292814,0.2975805677382995,0.2975805677382995,0.506803339066296,0.9,-11.74790013434026,0.0,-18.6148617610816,0.0,0.00013865800004215123,0.003392421724667291,ok,False,0.0036294602785292814,1.5789473684210527,0.0,0.0,0.0
5,2416,360.0,6.333708665261241,-7.125345411550065,19.953562754062858,-3.5873215293410787,-21.540385534074908,6.435447683404346,-2.4793204213646174,-7.125345411550065,76.91301606785322,70.42623420641468,73.42918609477246,75.31229956509839,36.425605147743326,normal,13.24053797056094,transition,0.0,transition,5.4566875,5.0,-6.066641950705696,-14.83664801276382,0.0,0.0,-5.601678371429443,0.1111111111111111,0.0039334801186692615,0.16082603254067585,17885113568530563763.mp4,6.703737521311087,provisional negative (user-reviewed thread),0.7231618964609197,f1af1664a0733d84c7c04c9525bdfbfb,normal,5.0765160841502315,0.1,65.21159980176819,-18.841936488949386,-13.765420404799155,1,-89.72323928060854,-29.825447687488943,-19.161158629557622,-15.108553104409838,-13.591474353232407,-12.525591890257726,-11.975742894274152,/b/src/336291305/17885113568530563763.mp4,-4.588544845581055,7.792198155472734,-22.493263259256423,-15.476813635436297,7.016449623820126,-19.447412262641926,,0.0,transition,-17.829082816141995,9.541194735415283,0.7026098625183658,7.814220183486238,0.0,0.2098623853211009,2.6846330275229358,0.00361280175015888,0.36021482363409685,0.39291788368537195,0.7753421149733178,0.4,-5.793933369734366,0.0,-18.066318828299195,0.0,0.00019520139696089275,0.004434532417660116,ok,False,0.00361280175015888,1.834862385321101,0.0,0.0,0.0
198,9860,,0.06085014763870089,13.68423181558118,1.7599502058345244,-4.979141035234416,-15.977531250828658,0.8487145994347784,-2.7703296407119806,0.06085014763870089,33.784942548127745,25.09881117627114,27.327686148178202,29.631762034413725,13.610526401856475,normal,20.213979615238785,transition,0.0,transition,198.6,191.15,-7.749470675946396,-11.288199815391197,0.0,0.025,-0.22720959782600403,0.0,0.029639964847048873,0.1295369211514393,17885452673640647421.webm,4.689331435437461,provisional negative (user-reviewed thread),0.5523035952881037,8b2299838330329dd06e0ce59c278247,normal,10.908442187611358,1.0,18.888758745065523,-21.378335642777202,-10.469893455165844,1,-30.79510887638149,-25.36762841378676,-20.82097198230604,-18.03983004571866,-16.144503838792087,-15.223019451680244,-13.53007826710371,/b/src/336291305/17885452673640647421.webm,-0.22720959782600403,10.228911469570713,-16.600503645590038,-11.378131467858584,5.2223721777314545,-21.569273876882455,,0.0,transition,-20.44118921306479,2.0,2.3446657177187307,2.169860901309164,0.0017623363544813696,0.036615684793554884,0.3030746475327291,0.0036121006470243235,0.1179425626573884,0.1380946842600466,0.2787534435090466,1.0,-3.959501155044098,0.0,-32.652902599121134,0.0,6.996899552140674e-08,0.05597350599528601,ok,False,0.0036121006470243235,0.5035246727089627,0.0,0.0,0.0
17,11587,,14.306518038783196,9.630003230424776,6.946569178768763,-7.772121186093546,-23.50033644015632,4.470965935888739,4.760802514345322,6.946569178768763,66.49966355984368,60.174405166577955,72.88439972955273,73.09445773068404,31.378440500433904,normal,16.099397411731786,transition,0.0,transition,17.1093125,2.0,-3.0113186717482243,-15.473146884429822,0.0,0.0,-3.5398852825164795,0.0,0.05453613732875584,0.22340425531914893,17885459255981521788.mp4,8.0271895557265,provisional negative (user-reviewed thread),0.6843284966657676,c040add9af0949979ef23f2281cd513c,normal,7.072240210646946,0.30000000000000004,64.69590210269075,-17.554195736565767,-10.48195552591882,1,-21.46227598970083,-19.216413626345265,-17.61866556639059,-16.084481847151824,-14.799618987487406,-14.108100733304832,-12.945096217871047,/b/src/336291305/17885459255981521788.mp4,-1.1585166454315186,7.525525278454435,-23.182808778470083,-17.002089397627017,6.180719380843065,-17.833057033937628,,0.0,transition,-17.257914057163305,6.628654096548644,1.210983321622716,7.17452485380117,0.005299707602339181,0.18877923976608188,1.6644736842105263,0.0035472494272039017,0.15888107444159366,0.17825802468933208,0.47238761125527723,0.4,-7.885907944332049,0.0,-18.140606564834656,0.0,0.00018470832430224894,0.004456295089496973,ok,False,0.0035472494272039017,0.5847953216374269,0.0,0.0,0.0
102,18965,20.0,25.402525434877326,6.425915760416474,16.536738078205815,-5.520125535699859,-43.500576665934766,6.692041158551021,-1.8848062972934425,6.425915760416474,37.16298834224281,38.60182129289406,35.25161944095438,38.0407377925184,19.562237004479968,normal,13.31652371544127,transition,0.0,transition,101.7386875,9.25,-7.404931832993301,-21.056571342338533,0.0,0.0,-12.42651081085205,0.0,0.010114715473143847,0.14643304130162704,17885537977091843289.mp4,22.444005323596233,provisional negative (user-reviewed thread),0.5628438238611833,a5b94972654a3d09372e2a88989db8d4,normal,8.604903540198304,0.9,38.60963958428202,-25.609263173491883,-17.00435963329358,1,-41.3500663759689,-32.65369775698256,-25.51981914194456,-22.369489889336563,-20.950880840832784,-20.48997822592718,-19.7431088402394,/b/src/336291305/17885537977091843289.mp4,-11.975423812866211,8.542623063858674,-43.60350672938539,-22.823493803072836,20.78001292631255,-26.386598616415412,,0.0,transition,-25.29194752830748,9.921620221667743,2.262131065506918,6.145526057030482e-05,0.0,0.0,0.0,0.003491693700517645,0.07035508932544836,0.37281654742439096,0.4806505276826669,0.8500000000000001,-10.317777786963443,0.0,-48.65195152664159,0.0,9.376604127100245e-12,0.004319085903739131,ok,False,0.003491693700517645,0.0,0.0,0.0,0.0
6,1003,,9.998903556961826,6.141209315228771,4.508568045095626,-11.030540180074006,-19.54598432374678,2.3328498095334886,2.908667096970829,4.508568045095626,73.75625258041438,76.21284779739791,77.0215789428879,76.63339678008877,40.086558982339284,normal,14.437273544007041,transition,0.0,transition,6.78025,4.15,-8.121873083103177,-13.73326575990651,0.0,0.0,-2.8371200561523438,0.0,0.02810224862960052,0.10700876095118898,17885110110360419045.mp4,5.812718563840269,provisional negative (user-reviewed thread),0.45594183251640275,b5da7f8d4ad0e5a1e85b7ccec80a54dc,normal,6.863969729433347,0.1,76.788675437558,-17.929661839586963,-11.065692110153616,1,-23.521947842206178,-20.70422987369655,-18.261596501870468,-16.051002149379293,-13.445834227824461,-12.597865255243848,-10.144229947667908,/b/src/336291305/17885110110360419045.mp4,-2.476484775543213,8.455922889183556,-19.064928371289547,-13.420304157482763,5.644624213806784,-18.178901399444193,,0.0,transition,-16.913758319550254,3.45868312761435,1.6806161042713477,8.091666666666667,0.004629629629629629,0.4712962962962963,2.4009259259259257,0.003430257430233916,0.25745598226560873,0.25745598226560873,0.30554337298831596,0.1,-4.574171163217802,0.0,-13.93498451693457,0.0,0.001995991096846315,0.04531498818410714,ok,False,0.003430257430233916,3.7037037037037033,0.0,0.0,0.0
7,1127,50.0,19.970023711835935,3.5088813922522353,14.990387751887644,-8.79641735233172,-37.044961843462175,1.4020513207104415,8.340542614499455,3.5088813922522353,53.785729792567594,50.427869721965024,53.479413081360775,59.74669249243961,25.83735204405987,normal,26.375952679792675,transition,0.0,transition,7.0356875,1.6,-0.4558747378322641,-20.35033184915156,0.0,0.0,-2.0548617839813232,0.0,0.302995379700164,0.30350438047559447,17885110111052465358.mp4,16.694629994310617,provisional negative (user-reviewed thread),0.4408914782741805,f184a0f07c5effa39e1e1894f6ba5993,normal,20.013618397744516,0.5,54.49458591202996,-35.87740726843363,-15.863788870689113,2,-38.3440045996233,-37.506088192351235,-36.33231097089562,-34.424166848336036,-29.50230357059324,-20.115180516055823,-13.98640439929148,/b/src/336291305/17885110111052465358.mp4,-2.0548617839813232,23.29332246820165,-36.6791669387616,-22.135318795054435,14.543848143707162,-35.909360903947814,,0.0,transition,-28.430814463774,2.0786812880853005,8.03135626899699,0.40982142857142856,0.0008928571428571429,0.024107142857142858,0.11785714285714285,0.0033767378482676773,0.08242392914389308,0.12697409517537508,0.3723148893773857,0.45,-6.875174273732656,0.0,-35.7074923477092,0.0,1.3162436817618832e-08,0.08996881930048162,ok,False,0.0033767378482676773,0.0,0.0,0.0,0.0
168,26512,,3.6216213787737583,-1.246750422358165,5.8280833046371825,-6.966337620093144,-11.415079739900202,1.533497439271371,0.6919661301676436,-1.246750422358165,23.21203042934001,18.737046620174514,22.94128092419897,22.30531533329321,12.944373208775627,normal,12.413623401093933,transition,0.0,loud-start,168.2285625,155.70000000000002,-6.2743714899255005,-8.524430361441084,0.0,1.9,0.6796357035636902,0.0,0.07728657423047361,0.15081351689612016,17884680854160440624.mp4,2.890649378459118,provisional negative (user-reviewed thread),0.5806034352209823,9dcf43596005962d3fe73b32c2931224,normal,4.931086256709395,0.1,15.260789897631053,-11.242009101535075,-6.31092284482568,2,-14.372552980629774,-12.90560207124564,-11.646213780263613,-10.652353876419845,-9.81364456694533,-9.37664913119505,-8.415950998283224,/b/src/336291305/17884680854160440624.mp4,1.3947899341583252,5.463073729708119,-9.882690055841792,-8.923898669052074,0.9587913867897182,-11.274808646318569,,0.0,loud-start,-11.018833466935607,2.2735633034637344,1.2714180309188066,37.33813912009513,1.0081562128418549,7.744927913198573,21.306982015457788,0.003360907469093766,0.07164694905620668,0.5067257370130284,0.3234015147181905,0.5,-2.4588099952173685,0.0,-12.96102258866905,0.003125,0.003360907469093766,0.03896116893341951,ok,False,0.0029231773648931984,58.2936979785969,0.0,0.0,2.883472057074911
15,2060,90.0,43.550191045179076,12.456292207048122,36.06535822556793,-9.82409850165564,-50.43490389336365,2.6407329522228835,7.151320330254435,12.456292207048122,60.34321062590578,34.917926616309146,66.24899631715262,32.34871914179749,17.838772073019385,normal,21.389510552495096,transition,0.0,transition,15.5106875,6.1000000000000005,-2.672778171401206,-21.629468436891667,0.0,0.0,-9.939844131469727,0.0,0.08123881880043521,0.2227784730913642,17885464540102399359.webm,28.805435456471987,provisional negative (user-reviewed thread),0.46166422143997715,61d583358192382231c920d0c2f70334,normal,10.850852435045141,0.2,42.37783137090921,-31.023509720406565,-20.172657285361424,1,-54.19829491771684,-50.493052511721366,-31.60319725093685,-22.23292705201628,-20.942858332576222,-20.367872740217955,-19.263043636013673,/b/src/336291305/17885464540102399359.webm,-5.364139080047607,12.98069353305241,-50.2390262590526,-23.15510824443229,27.08391801462031,-32.77775174771848,,0.0,transition,-26.753649632542704,3.915150674965647,7.357427043781588,0.09375,0.0,0.0008064516129032258,0.00564516129032258,0.003301434616563157,0.1514816228080617,0.18445293815977448,0.5034920843674751,0.15000000000000002,-2.7852081292693764,0.0,-32.63847001626943,0.0,6.658702387065489e-08,0.014561853037719334,ok,False,0.003301434616563157,0.0,0.0,0.0,0.0
191,36565,,-10.286068021928834,3.435393255996935,3.64676344080552,-1.8141098977333925,-12.820998022728258,1.0467006390387814,-0.9600904575157234,-10.286068021928834,40.15335851807668,36.949691699378846,40.787167791243235,41.23143126836206,19.917682998219334,normal,12.945133476324749,transition,0.0,loud-start,191.5181875,139.85,-2.774200355249116,-9.758527811423889,0.0,0.28125,0.5639077425003052,0.0,0.006881628652778871,0.2246558197747184,17884684341810783318.mp4,3.062470211304369,provisional negative (user-reviewed thread),0.5178606751323265,1ead2239fbda3554f05570733731ed07,normal,2.8694838930832613,0.1,38.33593072846338,-11.769614855406854,-8.900130962323592,1,-12.67550608338622,-11.122063429124196,-10.3537500845257,-9.726529782132864,-9.182513874831496,-8.85977219661961,-8.159134673008635,/b/src/336291305/17884684341810783318.mp4,1.059678316116333,3.96169659394155,-14.294983460533484,-11.713318212802514,2.581665247730969,-11.791925503580192,,0.0,loud-start,-11.885455160208416,2.0,1.5312351056521845,32.249526762402084,0.5581429503916449,5.086635117493472,16.544043733681463,0.003028914322571092,0.12155316889379546,0.2405051898839325,0.4566029639252585,0.5,0.661563756597165,0.0,-13.266354434720508,0.0,0.003028914322571092,0.13533907852446325,ok,False,0.0027421731270864088,86.16187989556136,0.0,0.0,6.553524804177546
28,1285,,13.481382094799924,-1.7427937205745394,9.950425400763265,-10.792071535170233,-22.002117872771766,0.9311431507904526,7.993697297142955,-1.7427937205745394,66.16850651675331,60.97106683186715,65.9930504486141,65.27523385506234,32.5397229113659,normal,14.409410331558384,transition,0.0,transition,28.736,7.65,-2.7983742380272787,-14.863141546290727,0.0,0.0,-3.5104129314422607,0.0,0.11525820816522109,0.23623279098873592,17885220110371988241.mp4,7.138976326481039,provisional negative (user-reviewed thread),0.4025905463218119,483283d728c95fe95f8acdca4371424a,normal,7.50096560381067,0.2,62.380886320199465,-18.294184110149313,-10.793218506338643,1,-24.68211076672177,-22.69068950148412,-18.07612715984045,-15.375837741611456,-14.109666662561638,-13.519128329904353,-12.641538032092829,/b/src/336291305/17885220110371988241.mp4,-3.2620368003845215,5.756602262125867,-20.773381915117305,-16.167734723467987,4.605647191649318,-18.483677528978518,,0.0,transition,-17.671447131942905,2.0,3.5694881632405195,6.422364982578397,0.0,0.22942073170731705,1.9061411149825784,0.0029923424409782494,0.06216330756877859,0.07242888137311235,0.5014606047638169,0.8,-8.517654147817915,0.0,-24.519766145866594,0.0,5.508548612541761e-06,0.0033307278124664703,ok,False,0.0029923424409782494,0.0,0.0,0.0,0.0
8,881,60.0,30.24843634485196,-2.3292955274109977,23.457251170484426,-9.040983742251493,-40.401132954989436,1.7255354362950506,12.16746617565578,-2.3292955274109977,45.23975691679727,33.29481555017681,40.910626675354976,43.31356721486638,24.360050952626054,normal,23.484332594849327,transition,0.0,transition,8.064,7.1000000000000005,3.1264824334042873,-21.775648099140835,0.0,0.0,-4.719120025634766,0.0,0.026229160931765562,0.4142678347934919,17885388662540425274.mp4,18.6254848558486,provisional negative (user-reviewed thread),0.36475242612101894,c9f06d076129daa4a2b9d8df98b26fe8,normal,15.725854469927494,6.5,18.025365256923028,-30.66607203545491,-14.940217565527416,2,-42.79223668758358,-40.419840984829605,-30.760477499876956,-24.868818404998272,-19.566467747362516,-16.628265759856617,-12.771719542370201,/b/src/336291305/17885388662540425274.mp4,-2.4919228553771973,19.00500484457916,-39.68675104329178,-24.673051049721444,15.013699993570334,-32.33049839393474,,0.0,transition,-25.976255450226525,2.558278837851042,7.280474895963271,0.593944099378882,0.0003881987577639752,0.03299689440993789,0.1875,0.0029232153371122234,0.2646544954548358,0.2646544954548358,0.5521008960616984,1.0,-0.9895915482751052,0.0,-27.76522790440395,0.0,1.071108229697425e-06,0.13786682430299632,ok,False,0.0029232153371122234,0.6211180124223602,0.0,0.0,0.0
34,1101,,1.299305936040791,7.166669342370749,0.3059275190959223,-1.8724132313186361,-13.82797240237738,0.5036534177155971,-0.3817534347720688,0.3059275190959223,44.13093300291872,42.17510022058542,42.49510127463317,42.65028976534647,38.026624433523835,normal,13.623734748980514,transition,0.0,loud-start,33.984,1.3,-2.254166666090705,-11.565929636359987,0.0,0.00625,-0.8785560131072998,0.0,0.1944103282529835,0.2590738423028786,17885503803870313210.mp4,2.2620427660173927,provisional negative (user-reviewed thread),0.5586610152167295,c1d14d549092e67b87c9776b94712ba4,normal,3.313309464123476,0.1,11.41817737697873,-13.69264994789219,-10.379340483768715,0,-17.688827970221602,-16.310394710111783,-14.48544050806579,-13.27035966684964,-12.309734654391361,-11.454229380398674,-10.171282359045172,/b/src/336291305/17885503803870313210.mp4,0.08768726140260696,5.173406795197737,-14.955669229859492,-11.87497188921895,3.0806973406405422,-13.718553471527422,,0.0,loud-start,-13.536047487577907,2.0,1.1310213830086964,23.36588733431517,0.11275773195876287,1.711800441826215,9.046851988217968,0.002797930941833995,0.08427607856362523,0.11668804055951898,0.3593270550737045,0.30000000000000004,-0.9620035641120626,0.0,-13.41445978970992,0.0,0.002797930941833995,0.29431089657524245,ok,False,0.0014477725294710655,7.80559646539028,0.0,0.0,0.0
6,479,,7.857551426934576,2.8794192099104414,6.956393864670122,-8.0118460520977,-20.041194627664378,1.1227078358916316,2.0411075604645106,2.8794192099104414,7.149588940548661,6.978352405474595,5.042721553637904,6.159294397765988,3.781018831493391,normal,14.459183120816533,transition,0.0,transition,6.2475625,3.0,-5.97073849163319,-14.010978144503326,0.0,0.0,-3.0136992931365967,0.0,0.045339781278763945,0.16645807259073842,17885358425902801482.mp4,6.030216483161052,provisional negative (user-reviewed thread),0.38554945200305085,1c9a82985b59ff21300aac653e4ac8f2,normal,4.603050231669123,4.7,5.184295331576173,-18.520462987333865,-13.917412755664742,0,-21.52344007154017,-20.35194655232714,-18.325951381750677,-15.29975345650329,-14.354457284616306,-13.799218707687672,-13.618783086128133,/b/src/336291305/17885358425902801482.mp4,-3.0136992931365967,4.7226393349893545,-20.08338904435435,-14.168782802964646,5.914606241389706,-18.481588488430763,,0.0,transition,-17.47288241395313,2.0,3.015108241580526,6.731350806451612,0.0,0.1003024193548387,1.4763104838709677,0.002794010795101366,0.09540228676767072,0.1746091316898055,0.44810621700581604,0.0,-9.22391350089305,0.0,-20.87298107573887,0.0,4.163951986091802e-05,0.01757403507390089,ok,False,0.002794010795101366,0.0,0.0,0.0,0.0
13,1091,20.0,-3.611087190493315,10.145891973610732,-1.089311221606314,-10.59820263616885,-31.638240204905188,10.678986536514369,-6.8984722200432245,-3.611087190493315,35.63409456165656,41.96964914266161,34.20258537784604,41.03871447180669,21.736939257582506,normal,16.08709677350858,transition,0.0,transition,13.1425,7.75,-17.496674856212074,-19.304338377372858,0.0,0.0,-5.203574180603027,0.0,0.004105709354504605,0.039424280350438046,17885050713311821280.mp4,12.33390182753233,provisional negative (user-reviewed thread),0.5273784044151553,e83b01a12d2dfdee074abbfb95d73edf,normal,17.46786460563724,6.5,23.885064828095796,-28.88129556180585,-11.413430956168613,2,-90.0,-54.67421546543796,-33.25548389207374,-21.880456650955786,-16.76887062605169,-14.581573362903798,-13.009388032042532,/b/src/336291305/17885050713311821280.mp4,-4.558529376983643,20.8623678433652,-31.02303776318233,-17.495143309921115,13.527894453261215,-33.555657628681644,,0.0,transition,-20.645626150492223,15.832665439036203,0.7790161343978442,4.072757633587786,0.0,0.10448473282442748,1.4892652671755724,0.0027374404379852326,0.12741517921947482,0.43100338425838675,0.40807095134895005,0.1,-8.941717233159473,0.0,-17.811879893184205,0.0,0.00023227758979785037,0.03908681505352467,ok,False,0.0027374404379852326,0.0,0.0,0.0,0.0
69,13867,,9.890677031323804,1.715700345368802,3.1605914132141955,-7.461676024368528,-14.414714288263934,2.9307550779722806,3.063975123810877,1.715700345368802,15.186315026746101,16.965313067989264,14.864642465195612,17.02178813288834,11.849487967685846,normal,12.796386119254699,transition,0.0,loud-start,69.8703125,34.0,-4.397700900557651,-10.925290797176217,0.0,0.03125,-0.49624884128570557,0.0,0.03577395757988097,0.18710888610763454,17885462937830525261.webm,3.4894234910877167,provisional negative (user-reviewed thread),0.5788123185342627,c3844b71db055ab6d06ce5f678cf79ed,normal,4.3829511497893545,10.9,7.676915708581493,-11.460422003702073,-7.077470853912718,1,-19.662871641704427,-15.814515650834872,-12.675020846418278,-11.109742140342702,-10.27620877221238,-9.851599188154106,-9.11815635543284,/b/src/336291305/17885462937830525261.webm,1.3227765560150146,4.088206649714447,-12.969002070746788,-12.21518861475345,0.7538134559933383,-11.551347043538778,,0.0,loud-start,-11.473609563239684,4.345137478601703,0.8030640016045334,33.07287938439513,1.1067018611309951,6.83348246241947,18.505950250536866,0.0026608335217108777,0.10216034434074919,0.19329778016825785,0.4356093312312871,0.30000000000000004,-12.115757751848825,0.0,-13.239182609925294,0.015625,0.0026608335217108777,0.01947054888901734,ok,False,0.0025509993088838777,41.088045812455256,0.0,0.0,0.7874015748031495
40,15190,120.0,26.769774858442474,29.067931666077932,33.56058533497692,-7.760282867585037,-41.11117117606851,8.15128028454465,-1.806935684207124,26.769774858442474,42.632886772031036,30.770020943253208,44.01763148428858,45.67011290694608,17.99785192072786,normal,29.844664130392225,transition,0.0,transition,40.4709375,3.0500000000000003,-9.56721855179216,-22.164748239971917,0.0,0.0,-8.49744987487793,0.0,0.0027217704588932278,0.09699624530663328,17884615024080845147.mp4,18.946422936096592,provisional negative (user-reviewed thread),0.49737654638256246,f5fe5d9697746a4cf43b40f8db91dff3,normal,20.892198137435045,22.1,41.73815352205154,-37.072483696883204,-16.18028555944816,2,-65.30438599868133,-52.38512001216409,-37.81945306629481,-33.302392719682366,-27.07881191989567,-24.499947811601682,-19.457801984696268,/b/src/336291305/17884615024080845147.mp4,-0.8599997162818909,21.566486140352513,-41.33268895965897,-21.648149656122126,19.68453930353684,-37.425273553659395,,0.0,transition,-30.704663846674116,12.085088149865898,1.5677521505134269,0.07045735475896167,0.0007725587144622992,0.003553770086526576,0.020550061804697158,0.00258192944274475,0.2612449626687122,0.3545251141731142,0.48746485747864066,0.5,-19.521814128394343,0.0,-26.129359157218488,0.0,2.1906583662080775e-06,0.0010621751680324851,ok,False,0.00258192944274475,0.0,0.0,0.0,0.0
30,6272,,11.46052747041986,-0.5613670226718455,10.716961219485714,-10.721926705902693,-18.859932268903783,2.3295727707255427,1.251045034357686,-0.5613670226718455,8.724692473231734,8.35988946038145,9.477273146668875,9.183487357576595,5.212240800290417,normal,15.00899454115801,transition,0.0,transition,30.08,7.75,-9.470881671545007,-13.711394918483109,0.0,0.0,-2.7057671546936035,0.0,0.018097071213490603,0.10732165206508135,17885217405012832006.mp4,5.148537350420675,provisional negative (user-reviewed thread),0.574207872226097,1b6e8cf40ab7181c7462cb2a69ae14a4,normal,4.770116994488076,3.3000000000000003,8.638704818781028,-16.913719500303383,-12.143602505815307,0,-21.73894111622357,-20.329696237441592,-18.458150413217783,-16.341307583667817,-15.07456246030887,-14.21259327033397,-12.647235298097355,/b/src/336291305/17885217405012832006.mp4,-1.5297526121139526,6.723811505423084,-17.08676658183837,-13.47422381999414,3.612542761844228,-17.06264622298809,,0.0,transition,-16.538747153271963,3.4538245898776894,1.4906771367340923,9.84411397670549,0.001975873544093178,0.1079450915141431,1.2394966722129783,0.002576417575898532,0.1980409732651878,0.1980409732651878,0.5289058182726966,0.2,-6.281610120087993,0.0,-18.982918413198078,0.0,0.00013064627297367393,0.09662204881522062,ok,False,0.002576417575898532,0.16638935108153077,0.0,0.0,0.0
44,6960,,3.2917596124836397,0.08514500166661865,4.8974311828896795,-4.1017039888078575,-17.512521980627056,1.509129377722891,0.5669430311160952,0.08514500166661865,49.803469358235006,34.69784067453706,37.700672282458314,44.64774169011104,25.701398979022542,normal,16.491150088246325,transition,0.0,transition,44.3036875,18.05,-3.5347609576917622,-12.957239799980032,0.0,0.0,-3.5420145988464355,0.0,0.010511829746039158,0.21526908635794745,17885469349090368011.mp4,4.5552821806470245,provisional negative (user-reviewed thread),0.40303997553589405,7421de48b327a740971402ce6a8e5943,normal,5.068846461722938,0.1,21.216650811786323,-17.666273451405893,-12.597426989682955,1,-20.295469350832263,-18.580272301768943,-17.086250894868932,-15.805166082552766,-14.558650450350903,-13.467129082747995,-11.736812524146975,/b/src/336291305/17885469349090368011.mp4,-0.9824182987213135,7.12315034957029,-17.90589467521278,-14.694661807868641,3.2112328673441404,-17.762420856839178,,0.0,transition,-17.47356838696764,2.237435215411958,2.03593925279678,6.719667042889391,0.000564334085778781,0.04147855530474041,1.1896867945823928,0.002565804505061975,0.19059514640552264,0.1912683932241289,0.4601636248687415,0.9500000000000001,-5.462060368602257,0.0,-22.15818910199709,0.0,2.1872478205562195e-05,0.040513897438215735,ok,False,0.002565804505061975,1.3544018058690745,0.0,0.0,0.0
12,885,230.0,0.32583603243581516,16.03942627732715,3.7864159425992696,-5.961182143223964,-22.496568590193043,3.465492909765713,-6.6535545576056245,0.32583603243581516,13.2973330679355,11.505553052809152,13.099441452341466,11.172231590674848,8.681641058164512,normal,15.681774007331219,transition,0.0,transition,12.283375,7.65,-12.614736700829589,-16.644234048549052,0.1,0.0625,-0.2476329356431961,0.2,0.011947781824805279,0.10325406758448061,17885223918971966230.mp4,5.852334541643991,provisional negative (user-reviewed thread),0.6059877208773511,13cf725083cad992f026f774982c0320,normal,11.935920572455647,6.2,8.29940911077668,-20.86365032291471,-8.927729750459065,0,-28.49380140897645,-25.220345545773803,-21.498575873985352,-16.54178119334483,-13.993383667255987,-12.313217169599902,-11.081467023061801,/b/src/336291305/17885223918971966230.mp4,-0.2476329356431961,11.523329841198077,-22.686690369188852,-14.11461782141966,8.572072547769192,-21.08549544875613,,0.0,transition,-15.929406942974415,5.137939788018645,1.1390430373067566,12.019897959183673,0.07397959183673469,1.3627551020408162,6.504081632653061,0.002542992482462984,0.25718951229414944,0.5498647444170531,0.49041448340687216,0.25,-9.870057112773747,0.0,-24.010311331544727,0.0,7.235065524026718e-06,0.004720039978947508,ok,False,0.002542992482462984,3.6734693877551026,0.0,0.0,0.0
27,4423,,7.206040284873903,12.150634443203241,3.409982703218656,-12.863232345336822,-20.682253497898685,2.2755806407722474,1.432662194873025,3.409982703218656,16.12004015173635,12.616813866996036,15.78726750697539,15.873522238663828,7.7466526641268185,normal,11.63387939395312,transition,0.0,transition,27.8613125,4.05,-11.430570150463797,-14.619210357170324,0.0,3.70625,0.46932488679885864,0.2,0.011200095666513699,0.07446808510638298,17885476548760868064.mp4,6.063043140728361,provisional negative (user-reviewed thread),0.5717302967401062,c07db9295b14ebb25247547871328313,normal,10.463922520863592,3.3000000000000003,16.42804030545269,-14.26269895958999,-3.798776438726397,2,-21.77139363036501,-18.380547626231028,-15.51585539407704,-13.399584942796155,-10.824132751913638,-6.095397616761721,-5.7110100038991405,/b/src/336291305/17885476548760868064.mp4,0.8229143619537354,9.971181314590876,-20.10211164852667,-13.387603070809513,6.714508577717156,-14.426653983678852,,0.0,transition,-10.810965031999384,3.373775858008934,1.7971090540396848,25.266719030520647,4.675718132854579,9.03141831238779,15.63027378815081,0.002509341078957758,0.13748014477296236,0.13748014477296236,0.38598099464977165,0.30000000000000004,-18.86138750673194,0.05,-17.92080965245036,3.9531249999999996,0.000257843198573538,0.0006670997680770598,ok,False,0.002509341078957758,16.517055655296232,0.0,3.7701974865350087,6.104129263913824
77,5035,20.0,-4.248989646574671,-4.696132406912017,29.315005288496828,-9.937046506887556,-36.607040537531816,8.424683221928078,1.6979717105002283,-4.696132406912017,37.299674740705036,31.034667341778402,37.2790327516414,38.86225129158988,17.927284940118227,normal,20.2995766991705,transition,0.0,transition,77.2295625,50.650000000000006,-8.239074796387328,-21.653693596605617,0.0,0.0,-11.189631462097168,0.0,0.00012630299594221537,0.1251564455569462,17884622160621166032.mp4,14.953346940926199,provisional negative (user-reviewed thread),0.5412068096344225,a5672e08415ff10e2bb77e565cd65e5e,normal,12.822338792606033,44.900000000000006,32.03111103612565,-32.10191035895751,-19.27957156635148,1,-56.38597471718219,-48.953419613966275,-33.555570001973095,-27.10581386214887,-23.19580511808505,-21.720791340073884,-20.055855657806948,/b/src/336291305/17884622160621166032.mp4,-7.910244464874268,15.622553972821791,-35.87360593404462,-21.597596817043822,14.276009117000797,-34.20390712623222,,0.0,transition,-28.20982116404477,12.490435344830567,1.1971838072973942,0.04987046632124353,0.0,0.0,0.000971502590673575,0.0023671377368151086,0.3609501632851353,0.3609501632851353,0.8259180576018396,0.4,-13.103084284493569,0.0,-32.375401468010146,0.0,7.130655039971108e-08,0.0025307076596115382,ok,False,0.0023671377368151086,0.0,0.0,0.0,0.0
21,3007,,2.294995639822912,-1.870462214390427,7.843294669081734,-9.143923925975741,-18.273748446591622,0.6348333995043944,2.1462557176384474,-1.870462214390427,6.192335600277737,7.9395857664860685,7.60570897756458,7.7749112852759055,5.464666805276536,normal,14.368282364076228,transition,0.0,transition,21.82675,11.3,-6.997668208337294,-13.540175426652699,0.0,0.0,-1.6676698923110962,0.0,0.046550472180716645,0.13829787234042554,17885458602251492303.mp4,4.733573019938923,provisional negative (user-reviewed thread),0.4454108147379312,0debb039f18ae420be52a10c5b601e55,normal,6.504238135966913,13.700000000000001,6.268100666372208,-16.39988188207001,-9.895643746103095,0,-19.729232404355706,-18.81834295616193,-17.92575297171495,-16.87175163326554,-15.883898148530708,-14.677571106314126,-12.429064458609762,/b/src/336291305/17885458602251492303.mp4,-1.6214085817337036,6.390894407714418,-16.896914207322126,-13.280863447622439,3.6160507596996876,-16.531672556973042,,0.0,transition,-15.989690945809931,2.0,2.3667865099694616,11.361525229357799,0.02551605504587156,0.28297018348623854,2.6690080275229358,0.0022242834737563875,0.15375432399297634,0.15375432399297634,0.4723672572687191,0.30000000000000004,-7.128556024422773,0.0,-17.521496124382093,0.0,0.0002859062530202998,0.07034094433110649,ok,False,0.0022242834737563875,0.22935779816513763,0.0,0.0,0.0
3,9912,,6.201907191672801,2.712346799678084,3.0109306564619054,-8.18273310759653,-15.650344626336704,1.4266009874448642,-3.4757370734255364,2.712346799678084,12.008483134094911,10.160329195041648,9.605976152508916,9.284479717135433,6.011485885581411,normal,13.1078516928234,transition,0.0,transition,75.3255625,10.0,-11.658470181022066,-11.918341098484692,0.0,0.23124999999999998,0.02363070845603943,0.0,0.03660330682485694,0.08135168961201503,17885469530961272558.mp4,3.7320035278520116,provisional negative (user-reviewed thread),0.4195200580669085,f2371113d313ccf13ab299a1d4ad43b8,normal,6.23141483729765,50.800000000000004,5.863879102231628,-13.054039236901982,-6.822624399604332,1,-17.716606924051124,-16.66082025190968,-15.301830263935173,-13.630361809752404,-12.646738109267087,-11.97039680245956,-10.740494095491012,/b/src/336291305/17885469530961272558.mp4,0.48279207944869995,5.256779609646577,-14.806894303245635,-9.645469178444925,5.16142512480071,-13.093606770284762,,0.0,transition,-12.6250596133747,2.1150786239857555,1.7644750816966064,26.89824037184595,0.44430610889774236,3.699991699867198,12.67949037184595,0.002196138612386281,0.06857612667074153,0.2269821923857202,0.35766154938656436,0.25,-15.361663573028526,0.0,-15.992476656222204,0.0,0.0005756632729714506,0.0012541993381677344,ok,False,0.002196138612386281,5.378486055776892,0.0,0.0,0.0
16,4409,,1.1140001930655679,1.6476969480491128,10.053172577016545,-8.96075509265804,-13.099780248442922,1.9450148125787923,-2.9552118703514587,1.1140001930655679,19.018329198378616,15.285405391965451,14.623209642576473,19.325608924544774,8.28763381303722,normal,12.731252487086632,transition,0.0,transition,16.81125,15.15,-11.915966963009499,-10.701491966176375,0.0,0.36874999999999997,0.4667239785194397,0.0,0.005285073305112628,0.07697121401752191,17884619430670901154.webm,2.398288282266547,provisional negative (user-reviewed thread),0.4283547919360958,d45830c9527452991c694fecf40d155d,normal,4.092755955462664,0.5,14.041743829261598,-12.549744584806636,-8.456988629343972,1,-22.365183969042917,-16.38806898488807,-13.224514316242214,-11.42543776285005,-10.349177102460509,-9.700594475279635,-8.804911131760733,/b/src/336291305/17884619430670901154.webm,0.4667239785194397,4.792903697152974,-12.823763704245255,-10.207176596549136,2.6165871076961196,-12.771964383277641,,0.0,transition,-12.264528508567192,2.883678961129317,0.8316765890358753,26.985863095238095,1.0052083333333333,5.181361607142857,14.27139136904762,0.0021105924945419036,0.2188446105432853,0.22485589283174792,0.5699289663692432,0.8500000000000001,-10.155903884931138,0.0,-14.726575589041722,0.5375,0.0012632033025343063,0.04522674943320887,ok,False,0.0021105924945419036,33.035714285714285,0.0,0.0,1.488095238095238
14,4684,,3.3272569694907297,21.68638395173616,5.13693916217707,-7.709670578242159,-30.238820955784906,3.4012355115245185,-11.338828539306855,3.3272569694907297,13.582832611305736,12.525010561969406,12.96096130900711,10.718297102592373,7.593599330066333,normal,11.437297010441448,transition,0.0,transition,14.513875,1.75,-19.048499117549014,-19.67717316221097,0.0,0.0,-6.265430450439453,0.0,0.008113609165528297,0.043178973717146435,17885501934560234533.mp4,10.561647793573936,provisional negative (user-reviewed thread),0.5179872774332744,e70cfb08d11a92734b9b44cc5131c493,normal,5.480227083121555,1.8,14.823316150409498,-17.455566441920794,-11.97533935879924,1,-28.2392180096313,-22.945879216928397,-20.38601647333128,-18.4020137324424,-16.401180634403214,-15.524936136254253,-14.17596742941294,/b/src/336291305/17885501934560234533.mp4,-5.3000640869140625,6.757833244778805,-30.390118721190184,-15.893539638328447,14.496579082861738,-17.644992904509763,,0.0,transition,-16.73736109735551,5.042671769386251,2.094454740777111,10.107758620689655,0.0,0.007112068965517242,2.3704741379310343,0.002042271648871749,0.31456505096185067,0.45931907013351997,0.8499030859549023,0.9,-7.357052871539175,0.0,-30.59984004109616,0.0,1.971888458229097e-07,0.0069654665599917535,ok,False,0.002042271648871749,0.0,0.0,0.0,0.0
6,270,110.0,14.79412361289264,18.00540041248749,15.634414448057422,-10.624355178355938,-40.62446952968095,3.4120609104398625,1.881442145941481,14.79412361289264,46.70296099830509,38.67007794579199,43.91947610984583,59.219287228439384,20.64372932486907,normal,18.1188048160447,transition,0.0,transition,6.966,3.5,-8.742913032414457,-22.909331287419036,0.0,0.0,-11.182601928710938,0.0,0.011532581255514896,0.09167709637046309,17885339538322182068.mp4,17.715138242261915,provisional negative (user-reviewed thread),0.5059629194673074,d2cd4dc841264ce19e66b6ec4d21b3c4,normal,14.325622631104018,0.7000000000000001,59.758375376946844,-34.0084746798711,-19.68285204876708,2,-46.09913345584237,-42.50556414312744,-36.76458886408393,-28.276275221889513,-22.960917803444215,-21.533449579371563,-19.412555933815717,/b/src/336291305/17885339538322182068.mp4,-9.98775863647461,18.01223133313351,-38.26425178750726,-22.518187716600423,15.74606407090684,-34.21282407993011,,0.0,transition,-28.10656345251931,5.05872150581814,3.5019002769548333,0.03821942446043165,0.0,0.0,0.0,0.0020305003134840805,0.3957600945325514,0.49826974333874513,0.7216027075954619,0.55,-12.203760026160715,0.0,-42.336046604882085,0.0,2.9889669913535535e-10,0.0028515808644720034,ok,False,0.0020305003134840805,0.0,0.0,0.0,0.0
21,5079,,8.095002197557488,3.4153681946959153,8.706095698880773,-10.89839341517406,-18.14755187563174,1.7564286732654821,2.63029716706553,3.4153681946959153,8.368954439269597,12.595711828390206,11.046046799285552,9.65586445168239,8.009093881590582,normal,15.590983584626162,transition,0.0,transition,20.9493125,6.8500000000000005,-8.26809624810853,-13.684111897539289,0.0,0.00625,-0.8697801828384399,0.0,0.05528562897344788,0.13423028785982477,17885217405643049662.mp4,4.4634399780924525,provisional negative (user-reviewed thread),0.4135549035019369,55aa58a11e2dc0671b149617c190dfce,normal,4.807848619486432,12.9,6.566901190638905,-17.133976538382335,-12.326127918895903,0,-22.167841270213255,-20.09840063562737,-18.050495370270312,-15.6575666432507,-14.051113086794018,-13.360381131427529,-12.629317750099112,/b/src/336291305/17885217405643049662.mp4,-0.8697801828384399,6.935988172741764,-17.591231994903474,-13.66418362743146,3.9270483674720147,-17.438404158682992,,0.0,transition,-16.460763767464602,2.604081150983404,1.7140172365238624,9.322966507177032,0.03588516746411483,1.0574162679425836,4.412081339712919,0.0020144921958085518,0.17751505919255037,0.33707496946847026,0.3400995387236465,0.65,-12.369655927465487,0.0,-17.754963163773304,0.0,0.00022412448532989067,0.01037911352032413,ok,False,0.0020144921958085518,0.4784688995215311,0.0,0.0,0.0
25,1950,100.0,13.753204984957554,19.742811950479435,22.38465791554581,-10.153111641966856,-35.48456047607316,12.215763988447215,-3.739004233607801,13.753204984957554,48.81154385649042,39.6701399492493,38.384112092649445,51.37174870177566,21.696661883242108,normal,19.698290485281575,transition,0.0,transition,25.6348125,10.100000000000001,-13.892115875574657,-21.70753415282348,0.0,0.0,-7.771751403808594,0.0,0.0010301519185482101,0.0688360450563204,17884828686033410908.mp4,13.777026323249682,provisional negative (user-reviewed thread),0.5502397458802454,8a08c079111cf8577e9a3869593629f5,normal,13.407629738590288,12.4,42.35805813569508,-29.799418045127318,-16.39178830653703,1,-60.68054252401057,-47.45045803080751,-32.355765721991126,-24.315758884827424,-20.423202588486742,-19.034256829185303,-16.990256425036524,/b/src/336291305/17884828686033410908.mp4,-5.4059553146362305,17.85608770048377,-35.05369511952331,-21.105719694020692,13.94797542550262,-32.14695698394388,,0.0,transition,-25.104245799917805,18.111091689271838,0.7606955207128981,0.45617675781249994,0.0,0.000244140625,0.0216064453125,0.001953078468155199,0.3557287193456212,0.40341282935640593,0.6318901841641997,0.30000000000000004,-12.9940926883197,0.0,-24.992714977930166,0.0,4.130845312103491e-06,0.001512229605795597,ok,False,0.001953078468155199,0.0,0.0,0.0,0.0
14,7229,,-2.4792684050495217,11.696238965351185,7.264033266507641,-0.05879336706996649,-19.5805756971509,3.830399093345571,-9.823827612795814,-2.4792684050495217,15.157626202312718,12.023577472483982,14.192421532569515,14.828507348137379,6.773842769567111,normal,18.95513971227937,transition,0.0,transition,14.3745625,2.6,-9.88262097986578,-14.657306984447237,0.0,0.00625,-0.7998495101928711,0.0,0.028603074673441288,0.10794743429286607,17884617441290384547.mp4,4.923268712703662,provisional negative (user-reviewed thread),0.3898507693899637,f69508bac331ee9a2a18bbe109907875,normal,14.665973606510718,6.800000000000001,15.64241804195019,-25.479788831747342,-10.813815225236624,2,-30.309503798986903,-25.999324535107895,-24.066561705796683,-19.42129102093466,-14.557762215435142,-12.664972770355563,-11.038511881454024,/b/src/336291305/17884617441290384547.mp4,-0.3375113308429718,14.503167242146711,-20.91120159083743,-14.122966777943065,6.788234812894364,-25.75374247002085,,0.0,transition,-19.29265104312234,5.678949695794143,0.866932967613687,4.320775261324042,0.13850174216027875,0.7338850174216028,2.0672909407665507,0.0019468746793988218,0.24879341021776968,0.24879341021776968,0.5064811763209085,0.1,-7.923263490647375,0.0,-15.68651826612495,0.015625,0.000782377124029345,0.0825213836770363,ok,False,0.0019468746793988218,4.181184668989547,0.0,0.0,0.0
323,10460,,1.1934858945900917,2.198186331047097,4.816870094259688,-7.598988844871072,-17.121533787246317,1.9493819391207419,-0.979104389736194,1.1934858945900917,64.85310565781083,57.82002376405999,62.29963079991604,60.18747813582628,29.323852597370227,normal,17.58562935745714,transition,0.0,transition,323.7790625,218.15,-8.578093234607266,-13.43609031702833,0.0,0.0,-3.760359287261963,0.0,0.008096638719165643,0.1195244055068836,17884679669121709448.mp4,3.6854434702179866,provisional negative (user-reviewed thread),0.5036741801487615,71400cbf147a68382172a3c5dde23022,normal,8.366256647398615,0.1,59.72000021433994,-20.36176162827421,-11.995504980875594,1,-23.95280249785437,-22.117986221151313,-20.38390598039543,-17.955884309249406,-16.00156741177696,-15.010732324212263,-13.30178529178359,/b/src/336291305/17884679669121709448.mp4,-1.600650668144226,8.908453204655368,-17.80052199139564,-13.172341316217112,4.628180675178529,-20.720585057126133,,0.0,transition,-19.186280025601366,2.8901536629404116,1.2751721534655205,3.79773166023166,0.0005019305019305019,0.04306949806949807,0.8227992277992279,0.0019399415433865104,0.3064373170034656,0.3064373170034656,0.452746248466021,0.15000000000000002,-9.37802926780253,0.0,-26.801311407240803,0.0,1.6377656076956168e-06,0.032549755971889804,ok,False,0.0019399415433865104,0.07722007722007722,0.0,0.0,0.0
107,14745,10.0,28.80690096774813,24.84274667011866,42.05545677949891,-3.4498728045435487,-54.39594183251842,3.984832737241163,-1.2471342355646304,24.84274667011866,69.90734355187175,43.17827784723491,55.81472252132893,63.00173478201135,22.735779481337886,normal,18.150866018574323,transition,0.0,transition,107.81025,24.5,-4.697007040108179,-23.362504433582604,0.0,0.0,-10.171947479248047,0.0,0.011602760278421415,0.1764705882352941,17884828684851535616.mp4,31.033437398935813,provisional negative (user-reviewed thread),0.5636187617522771,51bc13f9e4cce4354ae4913e55969190,normal,7.914062377068198,88.5,64.75996499040761,-28.209234433181244,-20.295172056113046,1,-46.625172636014995,-39.24686832519241,-29.573215662766543,-25.225538002395737,-23.093520373130893,-22.039617211115857,-20.423349632561283,/b/src/336291305/17884828684851535616.mp4,-9.14321517944336,11.153560315313896,-54.42184887557735,-24.207842466559697,30.214006409017657,-29.62095001238618,,0.0,transition,-27.294081198017683,5.907913016233748,5.252859565410359,0.015567022263450836,0.0,0.0,0.0,0.0019185425831571563,0.20495574829384006,0.45312088570774567,0.629458109282324,0.75,-8.068997637539095,0.0,-28.80094312580148,0.0,5.423845035227197e-07,0.023862636986851465,ok,False,0.0019185425831571563,0.0,0.0,0.0,0.0
10,896,,0.8963067135959868,7.822688275198342,-3.0958043033468483,-10.33954445602932,-23.418895452011757,4.744378651359003,-4.685020180030648,-3.0958043033468483,16.515145088802527,14.77500159451876,14.549511207011172,15.191289141306704,7.602258341284816,normal,10.542932812422375,transition,0.0,transition,10.0078125,4.800000000000001,-15.024564636059967,-16.621136592615386,0.0,0.0,-4.96137809753418,0.1,0.003193804458902838,0.043178973717146435,17885226675993964072.mp4,6.797758859396371,provisional negative (user-reviewed thread),0.5448199083274747,07975483c1901f596c9163594d765c3c,normal,2.9751225651229767,3.8000000000000003,14.568156276369386,-14.899092859978643,-11.923970294855666,1,-27.57065406229651,-23.526998986427998,-17.944830225110522,-15.973938762027245,-13.632117271902086,-13.390928319689666,-12.985877172104436,/b/src/336291305/17885226675993964072.mp4,-4.96137809753418,5.2057574895087235,-23.957228164674696,-15.113362685724805,8.84386547894989,-15.532989993527714,,0.0,transition,-15.504310909956555,7.034015788504858,0.9664122264987544,15.4575,0.0,0.02625,6.264687500000001,0.0019045697978247078,0.24731168317294094,0.26885142580293,0.31958220664446285,0.9,-3.8943953408446257,0.0,-22.375925232139238,0.0,1.8415573939093417e-05,0.0027222156431542842,ok,False,0.0019045697978247078,0.0,0.0,0.0,0.0
224,10117,,8.730762907345003,7.983019975636116,6.12913161728925,-3.2026548551256564,-24.199575189695608,2.5917299893980736,2.0210571836107674,6.12913161728925,38.16316447428357,38.474565540570566,42.194158436910826,40.56204299537306,20.478760611026786,normal,22.779086635691943,transition,0.0,transition,224.5546875,199.5,-1.181597671514889,-16.71755947881873,0.0,0.0,-6.325843334197998,0.0,0.2710214509659284,0.28285356695869834,17885479529282252426.mp4,7.48201571087688,provisional negative (user-reviewed thread),0.6033860203114569,99b1fe6f7215f3502ece4627c0eec030,normal,13.54091966305883,89.5,30.683188252411803,-30.24310568042202,-16.70218601736319,1,-51.02507037391147,-39.91266206946323,-30.870765986310143,-27.454014804539092,-26.07704265038593,-25.04626678849319,-21.84390423576706,/b/src/336291305/17885479529282252426.mp4,-6.325843334197998,15.621434435467085,-24.44675804292236,-17.401816859696254,7.044941183226108,-30.634021307344614,,0.0,transition,-29.10492996988994,3.8424988822815838,1.947174466433218,0.020554998886662214,0.0,0.0,0.0016421732353596081,0.0018798342258252037,0.08988761436220975,0.13589327754677233,0.3973952371463366,0.9500000000000001,-10.35256098041646,0.0,-27.764989945924214,0.0,9.112190629046731e-07,0.002103359305787238,ok,False,0.0018798342258252037,0.0,0.0,0.0,0.0
131,5216,,0.07877034035070452,0.8887644282087379,1.461410666596052,-8.855754088094079,-14.766983264195368,1.7940835355178706,0.11702428298301193,0.07877034035070452,54.167474671155304,37.21807474423794,53.34572619517648,44.14812462075933,19.85789168366213,normal,13.118502723206571,transition,0.0,transition,131.52,66.4,-8.738729805111067,-12.171277513892655,0.0,0.0,-1.1356889009475708,0.0,0.026427623183551997,0.1167083854818523,17884680855382834278.mp4,2.595705750302713,provisional negative (user-reviewed thread),0.626222928537083,adc2d745002afd115b1740c70f2b0f0b,normal,4.399106403047348,0.1,33.727320904922976,-13.951436086128226,-9.552329683080877,1,-19.142776022800184,-16.620852987700356,-14.521146631146074,-13.157578811762699,-12.084192835717017,-11.495535933340138,-10.66131310176224,/b/src/336291305/17884680855382834278.mp4,-0.6519495248794556,4.584157938600635,-14.014236679902684,-12.181942496916143,1.8322941829865407,-13.95855772560684,,0.0,transition,-13.770452248086027,2.6599082497587947,0.9758628894579715,21.146577946768062,0.11107414448669202,1.9047528517110266,8.451354562737642,0.0018595712196912988,0.32028044044515197,0.32028044044515197,0.3915556349846946,0.8,-10.350593505135267,0.0,-16.493668000658506,0.0,0.00044580587767131244,0.0016688929862362857,ok,False,0.0018595712196912988,9.315589353612168,0.0,0.0,0.0
36,4833,30.0,6.86736810241284,7.531881408507049,7.65870942336724,-6.9453693051318215,-24.632812799302524,3.2946938079932266,1.912342990186775,6.86736810241284,24.33784675478705,20.001535370849297,24.282971103253793,18.460710663772062,20.535777916439503,normal,16.260708793360227,transition,0.0,transition,36.9066875,1.1500000000000001,-5.0330263149450465,-17.036326332853246,0.0,0.0,-5.652492523193359,0.0,0.06295193505465141,0.16896120150187735,17884680855873105716.mp4,7.596486466449278,provisional negative (user-reviewed thread),0.5146760402405753,1f9a0206848ad03a2b6796f3274aaae0,normal,10.73564133354202,10.100000000000001,11.030745032086264,-24.43680031723374,-13.70115898369172,0,-30.397898938486588,-27.60329542170533,-24.503301600040096,-20.714914538272325,-16.573758068078295,-15.390635226288103,-13.921830458770016,/b/src/336291305/17884680855873105716.mp4,-5.003643035888672,12.115247732188445,-24.204516631811217,-19.15377434681852,5.0507422849926975,-24.819852993078662,,0.0,transition,-21.2643518292489,4.884713039730758,1.5551551144687081,2.287940379403794,0.0,0.019817073170731708,0.5299796747967479,0.0018528447435225807,0.1457358787984504,0.24921283145998532,0.5294923218147571,0.9500000000000001,-6.859796278908714,0.0,-22.145839814000173,0.0,2.195227336008046e-05,0.04421083628279196,ok,False,0.0018528447435225807,0.0,0.0,0.0,0.0
24,28307,30.0,3.538320630286883,16.23155183108799,15.418896329408767,-11.458620148329999,-33.89283821080528,7.446498734292447,-1.7563552743045232,3.538320630286883,29.742063343132223,20.26943319392381,23.441273371217967,35.3105086739542,11.621659400062278,normal,25.64350199381467,transition,0.0,transition,24.1135,18.95,-13.214975422634522,-20.94976949474019,0.0,0.0,-4.11075496673584,0.0,0.0012465580694528394,0.06570713391739674,17884617443742622847.webm,12.943068716065092,provisional negative (user-reviewed thread),0.49438334392780797,d5626a058a7824ab2eb1a5c9cb42d9cc,normal,24.3540726606647,3.0,25.869546921026107,-37.835046147451564,-13.480973486786866,2,-53.251840893423925,-46.39417595122518,-37.65724161922435,-29.656144492570988,-24.489368022983513,-21.59422713486845,-15.666144744450033,/b/src/336291305/17884617443742622847.webm,-2.177720069885254,25.065461068860273,-33.31835118115457,-20.333377584538773,12.984973596615795,-38.56044606831749,,0.0,transition,-27.821222063699924,11.040179023461981,1.1723604018158758,0.35762448132780084,0.0007780082987551867,0.01867219917012448,0.10282676348547719,0.001834162469868273,0.17985308032893252,0.4760840860889137,0.6794776069474405,0.65,-12.927084914773008,0.0,-28.28941187646304,0.0,6.884777312706561e-07,0.014816717893439172,ok,False,0.001834162469868273,0.0,0.0,0.0,0.0
123,7930,,5.717485714462441,12.653397622267024,5.4020462128528095,-3.1558010878414504,-20.09043227274634,2.1802557775355957,-0.8627985540221981,5.4020462128528095,15.349239476144234,16.285262858210995,20.03060191661253,14.819410178987614,9.278356692578747,normal,15.537784422614465,transition,0.0,transition,123.5413125,54.650000000000006,-4.0185996418636485,-15.71997770113654,0.05,0.0125,-0.9111472964286804,0.1,0.17258371951895016,0.23654568210262827,17885220110000308671.mp4,4.370454571609802,provisional negative (user-reviewed thread),0.502725356978768,da6e76e66dfad989bd874b278e3cfbcb,normal,8.025334188693906,0.30000000000000004,13.432901220091573,-17.42902316462972,-9.403688975935813,1,-21.857096246824607,-19.838622825368596,-17.4518401061135,-14.851596525463616,-12.153558137780372,-11.388223000945185,-10.711767030003909,/b/src/336291305/17885220110000308671.mp4,0.3030704855918884,7.173508914924181,-20.890820193739085,-17.05713471427145,3.8336854794676363,-18.085812362905042,,0.0,transition,-15.234713937022576,3.232447215774274,1.352057521707416,12.392358299595143,0.2200151821862348,2.0485323886639675,6.122646761133603,0.0018048342016328371,0.41997112288333144,0.41997112288333144,0.31517558924142747,0.2,-4.51273292605089,0.0,-19.398572685217655,0.0,0.00010184404620669056,0.053190127002152116,ok,False,0.0018048342016328371,9.31174089068826,0.0,0.0,0.0
72,4835,,2.3438424114761283,-3.6032491268354345,5.071962644166604,-9.762429927902705,-16.79465905576749,0.6503606358469778,2.449634330989465,-3.6032491268354345,30.919842921359763,31.86590482973248,31.581365449121012,32.15951688319683,18.86905553840131,normal,12.244218048059437,transition,0.0,loud-start,72.28375,5.300000000000001,-7.31279559691324,-13.831700938573471,0.0,0.0,-4.11768102645874,0.0,0.009056261591122331,0.11764705882352941,17885490682320317847.mp4,2.9629581171940185,provisional negative (user-reviewed thread),0.5327636802020832,2ba038f2524bc47fe862b317082f9102,normal,4.781630751486757,5.9,4.682415876530024,-15.399464213164922,-10.617833461678165,0,-16.9694851911898,-16.216693513332995,-15.501436283011467,-14.894941718909026,-14.30105716945923,-13.866649321789508,-12.73070252506546,/b/src/336291305/17885490682320317847.mp4,-3.058486223220825,4.861215637749243,-15.446494165547524,-13.538825273532778,1.9076688920147458,-15.5106433727575,,0.0,loud-start,-15.302704271280263,2.0,1.4814790585970092,14.742171280276818,0.0,0.21730103806228374,3.86310553633218,0.0015984642450635111,0.15641187489990432,0.25110221171313657,0.6211121356649685,0.35000000000000003,-9.707049318352261,0.0,-14.153478329568742,0.0,0.0015984642450635111,0.0005217010269528876,ok,False,0.0011325635363021653,0.34602076124567477,0.0,0.0,0.0
26,4895,,7.054457204744567,0.9302859736498732,7.8203299070872125,-10.96206699822187,-19.404060493798518,2.373585262471167,0.3992706020043624,0.9302859736498732,72.53814137952553,65.96749109519888,73.70614736157913,74.28890305396922,34.06554525193081,normal,11.161305777034396,transition,0.0,transition,26.3546875,8.1,-10.562796396217507,-14.735777307981765,0.0,0.0,-5.74380350112915,0.0,0.011590449937034411,0.08635794743429287,17885113963541639318.mp4,4.668283185816753,provisional negative (user-reviewed thread),0.4741451690344851,ea6a095ec02d381a7eaebb716b3f3a88,normal,4.2716183257709,0.1,61.4926327636216,-16.546545273955992,-12.274926948185092,1,-23.61202653764193,-20.76702574693728,-18.032697842024135,-15.950734391205856,-14.809887085875312,-14.29287863859286,-13.841491384876381,/b/src/336291305/17885113963541639318.mp4,-5.100550174713135,4.450447837474375,-18.673923208378298,-13.479510257564717,5.194412950813581,-16.88066477640457,,0.0,transition,-16.26185595174753,3.519077510139752,1.3265644682067155,11.652870018975332,0.0,0.014231499051233396,3.5168406072106264,0.0015773025422406827,0.17048700357359178,0.23437256372128581,0.3894206127382339,0.8500000000000001,-16.519944211630996,0.0,-18.368898717577157,0.0,0.00015876892811951724,0.010973228016383707,ok,False,0.0015773025422406827,0.0,0.0,0.0,0.0
2,137,20.0,15.249853515107633,14.175157348785916,5.693462604409376,-10.492260133069022,-23.129240906962156,8.469228199783018,-3.879737232486127,5.693462604409376,51.804464585828455,43.75415026856311,50.734303648122136,51.28974501700227,25.302504248030104,normal,12.591878234414473,transition,0.0,transition,2.92575,1.75,-14.37199736555515,-16.967181677537145,0.0,0.0,-5.592980861663818,0.0,0.00588438819736097,0.07196495619524405,17885050713060735879.mp4,6.162059229425012,provisional negative (user-reviewed thread),0.4097989370525838,904ab1ff4ae916f361fa368aff44aa92,normal,3.956359019896146,0.30000000000000004,41.61563102280273,-17.520230015272414,-13.563870995376268,1,-60.53704642927939,-37.56533615806171,-19.63058588355909,-16.323237808606695,-14.965795432428683,-14.264107824686212,-13.789730818435206,/b/src/336291305/17885050713060735879.mp4,-5.55485725402832,5.960221591236433,-21.956103267483602,-16.214370821483914,5.741732445999688,-20.703638672511914,,0.0,transition,-18.146735488442793,12.556477728998301,0.49074743430589374,7.448275862068964,0.0,0.023706896551724137,2.31573275862069,0.0015770466664457772,0.4017709086805538,0.4017709086805538,0.3647567797445889,0.35000000000000003,-16.677285789104353,0.0,-16.936707147611806,0.0,0.0003436431615448475,0.002719632068253203,ok,False,0.0015770466664457772,0.0,0.0,0.0,0.0
9,1387,,1.5223368224639668,5.506484002514661,1.1761996414419773,-5.5606213155305415,-14.855892730697217,0.40590223139262616,-1.6199228860752477,1.1761996414419773,4.477991999891106,3.2620989377910483,3.9608343866665514,4.147623400410353,1.7647920295801143,normal,13.571044220210341,transition,0.0,transition,9.9671875,8.9,-7.180544201605789,-12.074725091150201,0.0,0.025,-0.4103996753692627,0.0,0.07607257703418147,0.14080100125156447,17885469772330046756.webm,2.781167639547016,provisional negative (user-reviewed thread),0.3428606915438936,5b1b71691356b7c9e89e4035e3b9ac22,normal,3.4919418807025284,9.0,3.5685246190429503,-14.398200727092046,-10.906258846389518,0,-16.636592551259113,-15.589499314956928,-14.724748156468484,-13.975276768733032,-12.911366420483656,-12.522093465399138,-11.518384216608041,/b/src/336291305/17885469772330046756.webm,-0.4103996753692627,3.7849058445609494,-14.875705603715584,-11.83272854127051,3.0429770624450736,-14.279440045864103,,0.0,transition,-13.981443895579604,2.0,1.390583819773508,20.4839824120603,0.08542713567839195,1.4789572864321607,7.8658919597989945,0.001569820167658979,0.10041525514718815,0.12090986161057395,0.5060029888093251,0.0,-6.76324699210598,0.0,-15.261525934696888,0.0,0.00099744501322105,0.09063666912131638,ok,False,0.001569820167658979,3.015075376884422,0.0,0.0,0.0
86,8577,50.0,19.18451775468916,3.0545129904457147,6.01786531145162,-16.4380401955168,-27.606843468096983,2.094491561106059,3.6107582015758,3.0545129904457147,19.51684860046214,15.368635113834152,17.00267060790822,19.728371873661082,10.831735529656125,normal,19.975354656416688,transition,0.0,transition,86.8411875,30.200000000000003,-12.827281993940998,-18.641315561133688,0.0,0.0,-4.563645362854004,0.0,0.006097625684311809,0.06821026282853568,17885433826850473800.webm,8.965527906963295,provisional negative (user-reviewed thread),0.5102225644396229,9af0727846b99148218e00fb4ff163d7,normal,7.545948549472156,42.7,12.236418263282864,-21.67219716518237,-14.126248615710216,1,-34.484543528058346,-29.27303906105594,-24.116018289084657,-20.316552395113497,-18.49651294921142,-17.50595143046575,-15.704587506290551,/b/src/336291305/17885433826850473800.webm,-0.971651554107666,10.360456234539377,-25.631472929499317,-17.861845532335256,7.7696273971640615,-22.251851958105668,,0.0,transition,-20.947006210524354,3.105293188495843,2.887175980734386,1.8466301843317972,0.0016921082949308758,0.03387816820276498,0.3372335829493088,0.0014577475072105205,0.05200309326009477,0.17007720004365878,0.37696581338347646,0.9500000000000001,-24.07956688415794,0.0,-24.761665462503544,0.0,4.641375165506721e-06,0.0005580131087120506,ok,False,0.0014577475072105205,0.0,0.0,0.0,0.0
123,2599,,8.29589249607117,10.68166546919013,5.292973690723393,-10.019289316405622,-21.841828093338762,1.7925511527243359,1.7504254950760867,5.292973690723393,53.31213488793263,53.47424651130733,52.46907372795548,55.067118505121,29.356575960122193,normal,12.438965060154565,transition,0.0,transition,121.835125,60.300000000000004,-8.268863821329536,-16.442045153177865,0.0,0.0,-7.255616664886475,0.0,0.061322152319921774,0.09699624530663328,17884715116133007095.mp4,5.399782940160897,provisional negative (user-reviewed thread),0.565138959091059,2ee1050b6b60bd9047ebd723f5bccbff,normal,5.704937520814553,0.1,35.75131174062083,-18.61884728217587,-12.913909761361317,1,-27.236940895392628,-23.02512967637189,-19.912313684971267,-17.476611194944272,-16.08305345133907,-15.520727912802569,-14.515693431760353,/b/src/336291305/17884715116133007095.mp4,-5.573714256286621,6.830844428458155,-20.988151436866005,-15.417032248021624,5.571119188844381,-18.986072151499854,,0.0,transition,-18.012679316441186,2.6576363390291,2.0317990316664507,6.426493226600985,0.0,0.0001282840722495895,0.8247639573070608,0.0014297399690250542,0.3484913705479848,0.3484913705479848,0.45842351979723245,1.0,-6.9370304624455885,0.0,-27.458308941258487,0.0,1.193270514879641e-06,0.05171199598520061,ok,False,0.0014297399690250542,0.0,0.0,0.0,0.0
10,1488,,1.4395440893788214,-4.112589201300535,-2.619519861472832,-4.599824319764728,-17.733760453354485,1.6192320781486345,3.50633935507934,-4.112589201300535,46.17418382952186,39.038840914304714,44.45626414163575,39.41970428192231,33.79275743018675,normal,15.576493385129389,transition,0.0,transition,10.944,10.200000000000001,-1.0934849646853886,-13.847197745783784,0.0,0.0,-1.2276030778884888,0.0,0.41149284885480936,0.2856695869837297,17885458129210039636.mp4,3.8865627075707003,provisional negative (user-reviewed thread),0.492333582588065,cbe769a35531af31b63fbf0ad4b14e56,normal,4.947088577620413,0.1,13.84561277767667,-17.05222655582472,-12.105137978204308,1,-21.893709707669725,-19.003779613994592,-16.709774541609328,-15.16216499294086,-14.262749455423188,-13.296813005614574,-10.756650763075701,/b/src/336291305/17885458129210039636.mp4,-1.2276030778884888,7.069473361446541,-18.06369953409572,-15.07838582169991,2.985313712395808,-17.15798298000614,,0.0,transition,-16.804096463017878,2.4006734790631654,1.6189468253247774,8.79329128440367,0.010034403669724771,0.2545871559633027,2.2531536697247705,0.0013926224958675753,0.042667655227123465,0.24701286198725453,0.3495412759104625,1.0,-5.289213314958191,0.0,-17.260767057344456,0.0,0.00030923024821425803,0.014409359979614766,ok,False,0.0013926224958675753,2.293577981651376,0.0,0.0,0.0
43,1577,10.0,-12.246796978309101,5.0534365241129,-6.436498417679026,-7.144521673341536,-17.7807503075475,1.8781074303442304,-9.114106640215432,-12.246796978309101,67.31758687836592,71.3964575624617,74.43748653859825,73.8018903248635,37.2022474446612,normal,11.136806582082698,transition,0.0,transition,43.282,32.6,-16.25862831355697,-14.50081019211359,0.0,0.0,-7.339186668395996,0.0,0.0010602236689622982,0.033166458072590735,17885486475850191208.mp4,3.2799401154339094,provisional negative (user-reviewed thread),0.5300329970686661,f5f0abef2a478834d46afeaa1ec3cef3,normal,5.169535574766048,0.30000000000000004,74.30111289019911,-18.576279062890993,-13.406743488124945,1,-36.69862803557011,-22.830433662738205,-18.070558676631045,-16.292114434680702,-15.139230879029343,-14.701746767083261,-14.038117610010387,/b/src/336291305/17885486475850191208.mp4,-6.891312599182129,4.966637565592855,-18.032613861200595,-13.85957051282568,4.1730433483749145,-18.63251993051731,,0.0,transition,-18.028119181264827,2.7844820762283558,1.17793543849155,7.347543352601156,0.0,0.0,1.3770231213872832,0.0013626036045060166,0.5300329970686661,0.5300329970686661,0.6966084665228098,0.30000000000000004,-6.505838677909473,0.0,-17.019978175684937,0.0,0.0003529338796883635,0.019073202782027364,ok,False,0.0013626036045060166,0.0,0.0,0.0,0.0
38,6224,,6.670188504329797,-1.961742442284308,0.4411661321884548,-7.199978364830762,-12.687838392150507,0.617353298158215,3.01205680390267,-1.961742442284308,7.802467642994525,15.284381695021931,7.201680871517079,6.559600532681147,9.499561661495324,normal,11.402038553426772,transition,0.0,transition,38.336125,25.1,-4.187921560928092,-10.985049912989668,0.0,0.06874999999999999,-0.18036843836307526,0.0,0.09020704729627921,0.1645807259073842,17884609965861503397.mp4,1.702788479160839,provisional negative (user-reviewed thread),0.3771887594823631,c3747d9ac9acbe6e71b1202b20754506,normal,2.6272258131222994,0.1,4.665212701600817,-10.743961234999443,-8.116735421877143,0,-16.259948500580713,-15.178498813084108,-14.169545161877515,-12.748677739206569,-11.626264698829768,-11.084565529569838,-10.2403761703845,/b/src/336291305/17884609965861503397.mp4,0.650091290473938,4.440192011689229,-10.173755071854096,-9.757210960666107,0.4165441111879886,-10.720706402278898,,0.0,transition,-10.751947262952834,2.0,0.8513942395804195,42.8322454308094,0.6442558746736293,7.397274804177546,23.90176240208877,0.0013401110602360728,0.08325772937572319,0.11983623108347717,0.2387283215715167,0.1,-15.896417742089202,0.0,-15.22275292500662,0.0125,0.0008843208195983335,0.007764710023500796,ok,False,0.0013401110602360728,14.621409921671018,0.0,0.0,0.0
34,5244,30.0,1.719093385695249,4.303332893515105,3.5804056278105936,-10.61248876773762,-17.811872715262602,0.5808137752749865,0.9147227905336432,1.719093385695249,7.489434508909348,6.758313301810691,7.494418035243186,7.182992767122478,6.323389745806949,normal,14.721125906071414,transition,0.0,transition,34.5513125,30.1,-9.697765977203977,-14.03769415528458,0.0,0.0,-2.1467068195343018,0.0,0.01626288378258075,0.10325406758448061,17885339095650912801.mp4,3.774178559978022,provisional negative (user-reviewed thread),0.4530286506928556,5581671992888690419b06068f6c76bb,normal,3.762254997472695,13.8,3.694153448697424,-16.9213399385505,-13.159084941077804,0,-18.921864364815097,-18.328526405707265,-17.58401258614363,-16.774273198451855,-16.002151945525984,-15.440848263508371,-14.194094764016974,/b/src/336291305/17885339095650912801.mp4,-2.0129683017730713,5.03184160971429,-17.19539154446593,-13.554151042694263,3.6412405017716676,-16.939505934771546,,0.0,transition,-16.734094207844485,2.0,1.887089279989011,8.43967076700434,0.0020803183791606368,0.1120658465991317,1.6164073806078145,0.0013230058138248308,0.09820230255130012,0.16593213850269586,0.3309607238393827,0.15000000000000002,-12.073808817064094,0.0,-17.839570436415933,0.0,0.00021662273111912707,0.017059381359098527,ok,False,0.0013230058138248308,0.0,0.0,0.0,0.0
7,860,290.0,12.890830142302642,4.168287935613435,-3.1987666850257472,-2.5464512210624863,-29.9347459756033,3.9395941954864107,6.475074748812498,-3.1987666850257472,21.549091311674836,20.958861507843057,18.539642569112246,19.914819114712756,11.475045938097246,normal,16.905422576923712,transition,0.0,transition,7.9644375,2.2,3.9286235277500117,-19.880129469817348,0.0,0.0,-9.802621841430664,0.0,0.15522024874318366,0.5713391739674594,17885495792700063049.mp4,10.054616505785951,provisional negative (user-reviewed thread),0.5345542796141893,70f95ba359238cbb5b450d86a12665fe,normal,5.677627837267828,0.6000000000000001,7.648562368576222,-22.642184015757426,-16.964556178489598,0,-34.71748473733694,-28.606546263997018,-23.289391396979877,-20.86589280116976,-19.223323349628682,-18.625106119373516,-17.9426336869987,/b/src/336291305/17885495792700063049.mp4,-5.419974327087402,6.465202729716456,-30.802989911040072,-22.42548596018616,8.377503950853914,-23.3454922400097,,0.0,transition,-22.325396904011114,5.840842354228152,1.7214326112581129,0.9650157232704402,0.0,0.04874213836477987,0.3828616352201258,0.0012824143092014786,0.07792205301957841,0.11192476574474368,0.549213016625598,1.0,-5.813180128779489,0.0,-30.69163610242279,0.0,1.9652637943950554e-07,0.02955149978235171,ok,False,0.0012824143092014786,0.0,0.0,0.0,0.0
11,2188,20.0,-1.2943002358046414,34.64916021075743,25.447173793964048,-2.452883666046853,-31.0374057672164,11.399357847941626,-11.727360191517953,-1.2943002358046414,31.59130083198091,26.081350045645628,32.49930273338451,32.397090289866945,15.16425911462536,normal,16.36249211392966,transition,0.0,transition,11.4735625,6.65,-14.180243857564806,-20.392121742376737,0.0,0.0,-9.597488403320312,0.0,0.0009474939557524632,0.04130162703379224,17885432655380224636.webm,10.645284024839661,provisional negative (user-reviewed thread),0.4474467218880401,02a4ee72c4cad6a6915eed12d6a31b54,normal,7.037530502127019,6.0,30.984325124267045,-23.110930896560873,-16.073400394433854,1,-46.510167682714545,-34.22213240440866,-24.80779876119573,-20.40848571181914,-18.247639762924617,-17.533244860428724,-16.259435946377145,/b/src/336291305/17885432655380224636.webm,-5.546348571777344,9.73693196972544,-31.400181346162384,-19.4625672266647,11.937614119497685,-24.161907050803258,,0.0,transition,-21.908840685707005,16.900687945358253,0.6298728228849034,1.4265829694323144,0.0,0.007914847161572052,0.15201965065502185,0.001240252276809108,0.0811639244251412,0.40865753763290674,0.4758815514094598,0.8500000000000001,-11.758533713372952,0.0,-23.076738200584312,0.0,1.1934151029557056e-05,0.0031820621497497476,ok,False,0.001240252276809108,0.0,0.0,0.0,0.0
15,2441,70.0,-3.4986944560828857,8.71858574154883,5.156552653252572,-1.46809439755253,-34.68647664398318,3.079197913585274,-5.2764378776463765,-3.4986944560828857,17.505629188064894,17.06993846360716,18.517711258905656,21.54092628932091,10.042396039192667,normal,21.201108850009046,transition,0.0,transition,15.183,5.5,-6.744532275198907,-22.107839384245345,0.0,0.0,-9.792313575744629,0.0,0.018931519804202226,0.13078848560700876,17885466136681496703.webm,12.578637259737832,provisional negative (user-reviewed thread),0.5080845383888768,c4a63ddd8a050c9cf17ac8c0e222ca0f,normal,16.41145322137766,5.6000000000000005,16.49141356331666,-34.81918479826113,-18.407731576883474,2,-43.56775897061033,-39.13563063183574,-34.525465556964754,-29.303175691964142,-27.287722242181566,-25.38339917588967,-20.443162904128993,/b/src/336291305/17885466136681496703.webm,-9.792313575744629,17.221195441506676,-35.392130976464685,-22.285175679934362,13.106955296530323,-35.18399600767884,,0.0,transition,-30.993422425753675,4.565218826681527,2.755319676292776,0.019801980198019802,0.0,0.0,0.0,0.0012344618017606527,0.2426053758358241,0.5009513067183783,0.5910812802209303,0.8,-13.630820503421267,0.0,-35.76343131933246,0.0,1.1209187314421249e-08,0.011839697801324767,ok,False,0.0012344618017606527,0.0,0.0,0.0,0.0
77,3779,,5.752706369313531,6.770633321998144,3.2846071063433087,-4.179397685772477,-16.12037438141543,1.3764587403027315,-9.209838311646669,3.2846071063433087,42.55283430940673,42.66531257449221,38.60217238048664,41.72055816034769,34.217027829036596,normal,11.911806726458316,transition,0.0,transition,77.949375,61.150000000000006,-13.389235997419146,-13.25600815702558,0.0,0.0,-3.8381261825561523,0.0,0.009386880043421851,0.04849812265331664,17884618574670496473.mp4,2.864366224389851,provisional negative (user-reviewed thread),0.561790888768173,e219f949caf8979f5333f7931011fccc,normal,6.794301426168932,0.1,27.805809441619733,-14.870800938488182,-8.07649951231925,1,-21.818118931682164,-18.823344380474985,-16.249958545892127,-14.254034161974877,-12.985767647493297,-12.607307682832253,-11.279785010484202,/b/src/336291305/17884618574670496473.mp4,-1.713161587715149,5.750462955531912,-15.669299318947033,-12.251323198556175,3.4179761203908576,-14.849602959348207,,0.0,transition,-13.624968314173465,2.0407377283728296,1.4035935066843386,21.895860077021823,0.0014842747111681643,2.4352134146341466,10.646983311938381,0.001172885171833694,0.06678680976808708,0.182555160772709,0.4034595846405489,0.35000000000000003,-20.83659859614133,0.0,-25.696927467139275,0.0,2.773717961614499e-06,6.612539383375965e-06,ok,False,0.001172885171833694,1.797175866495507,0.0,0.0,0.0
20,2202,,2.5362699871633794,7.053588391252344,-2.993435683207789,-12.441063226313378,-18.519910002708865,0.9722045837001989,-5.419716643685472,-2.993435683207789,72.99446162292848,49.02634250233427,64.7147473023436,67.67233263738017,29.97727055556419,normal,14.294155869461083,transition,0.0,transition,20.8296875,10.350000000000001,-17.86077986999885,-14.735660732977673,0.0,0.0,-2.897148370742798,0.0,0.004944343412555248,0.035982478097622034,17885226181273636443.mp4,3.784249269731193,provisional negative (user-reviewed thread),0.5149684908992372,a997347fd728a6a3515a4ebabace1d15,normal,4.527446585891662,0.2,45.249834599496666,-15.487776669192153,-10.96033008330049,1,-20.446118685379062,-19.058935015169247,-17.536647183438696,-16.536269558014347,-15.784433719812519,-14.892343112632444,-14.017458596111684,/b/src/336291305/17885226181273636443.mp4,-1.1162152290344238,4.269238771205668,-16.883122810408786,-13.218633081150157,3.6644897292586283,-15.676941761120165,,0.0,transition,-15.410371098495506,2.0,1.8921246348655965,13.80213341346154,0.06790865384615384,0.5109675480769231,3.5135216346153846,0.0011720950013281801,0.16963679801422257,0.16963679801422257,0.4177891945640111,1.0,-14.430567501459471,0.0,-17.323883608185902,0.0,0.0002821463804701513,0.010238798200652599,ok,False,0.0011720950013281801,0.0,0.0,0.0,0.0
221,8507,,7.199168850379777,-2.9562086388125834,3.8196321596560363,-6.929537586507124,-17.422758727488226,1.0129536441708975,6.931135634526023,-2.9562086388125834,68.16751090692475,69.38055523484735,69.38055523484735,64.97426059604324,36.54617146377356,normal,17.244785464498605,transition,0.0,transition,221.98275,180.25,0.001598048018899595,-14.14123594212305,0.0,0.0,-4.068971633911133,0.0,0.18034165222992313,0.3166458072590739,17884828685642441876.mp4,3.2815227853651763,provisional negative (user-reviewed thread),0.582389411980203,317e0a040c036bb3951bcf3316d9ddeb,normal,4.828957974643314,0.4,70.09365676193755,-15.563536285491718,-10.734578310848404,1,-22.8834106113357,-19.113703351652013,-17.38145132892625,-15.898044469265272,-14.746569664396848,-14.110089958956278,-13.202901672610318,/b/src/336291305/17884828685642441876.mp4,2.0226070880889893,5.319749793065723,-15.129303127167642,-16.29042257665293,-1.1611194494852874,-15.784653475020669,,0.0,transition,-15.222178376409616,2.0,1.6407613926825881,15.914155778328453,0.006378125703987385,0.38401103852218965,4.82044097769768,0.0011330370529034988,0.13894221769488055,0.15308297121739342,0.6224683873272749,1.0,-15.863977433542349,0.0,-22.605304353612514,0.0,1.5256085281135236e-05,0.0012863280345879586,ok,False,0.0011330370529034988,0.0,0.0,0.0,0.0
59,2125,,7.7861784212694785,2.410006976579071,7.368770988621632,-10.403776181797218,-18.75369471768731,1.9226043041081553,2.0720391057846506,2.410006976579071,65.24568668912758,66.64932375820189,63.87178049342886,55.017170607952494,33.89699565885169,normal,11.60151691506443,transition,0.0,transition,59.008,51.25,-8.331737076012567,-14.763837976411072,0.0,0.0,-3.6544225215911865,0.0,0.03051956890643706,0.13454317897371715,17885162998942740869.mp4,3.9898567412762382,provisional negative (user-reviewed thread),0.5638438430878753,465bbba24a226352c72bdedd8f8a1992,normal,5.323696543064756,0.1,59.31536097527066,-14.6536894473663,-9.329992904301545,1,-22.81348794152724,-19.632437431107874,-17.882057401185556,-16.100330849910634,-14.37135551731304,-13.325587324177537,-11.725351540553417,/b/src/336291305/17885162998942740869.mp4,-3.04178524017334,7.824741784118613,-15.073598902630083,-14.070523199113946,1.0030757035161368,-14.828161631270344,,0.0,transition,-14.64330215523777,2.850453141270751,1.3997271814465027,18.58707627118644,0.0,0.5742584745762712,6.432944915254238,0.0011253404503038258,0.07116243570270878,0.268939703216106,0.33010016124004726,0.6000000000000001,-2.5625618087513935,0.0,-25.888095229532574,0.0,2.9526676428204783e-06,0.07678748163883443,ok,False,0.0011253404503038258,1.3559322033898304,0.0,0.0,0.0
5,3053,,0.5979379252542907,-4.054809793458894,2.858828374231398,-8.40733484353401,-15.719061023720954,1.0168209883308226,-3.8622376664025655,-4.054809793458894,9.30882475169054,8.661820173475343,8.010651146398942,7.491631584915403,6.492277003403721,normal,15.015798209843185,transition,0.0,transition,5.834,2.75,-12.269572509936575,-13.258430720219666,0.0,2.2624999999999997,0.2976251244544983,0.1,0.02169486454646946,0.07759699624530664,17885431658360745708.webm,2.460630303501288,provisional negative (user-reviewed thread),0.3685171170620437,98091deeeabf4387657c56f44bf57a5a,normal,8.878110430475441,2.8000000000000003,7.804878067732189,-15.288598024806973,-6.410487594331532,1,-17.858600417313763,-16.39964390112918,-15.703120009746721,-15.161940703021957,-14.330068272259929,-13.580061484783352,-8.443030597256792,/b/src/336291305/17885431658360745708.webm,0.2976251244544983,9.545103207436721,-15.394100864255362,-12.198727813027968,3.195373051227394,-15.250474280070598,,0.0,transition,-14.718173085388687,2.0,1.230315151750644,15.936961206896552,0.39762931034482757,0.8480603448275862,4.571659482758621,0.0011109317325619051,0.1433700048626589,0.310967445693313,0.3164884151654785,1.0,-8.30104755105166,0.0,-15.496179717772973,0.0,0.000848169890741001,0.05685732792768767,ok,False,0.0011109317325619051,2.586206896551724,0.0,0.0,2.586206896551724
28,2959,470.0,-1.6129444181305352,5.208632128388274,2.0166703859319686,-7.318191588595657,-19.288599040782046,2.0756970370364574,3.136229426669746,-1.6129444181305352,65.92310213572519,71.52506799451544,73.34030588310861,73.71266355475751,36.93833229324137,normal,13.047850497369305,transition,0.0,transition,28.9493125,2.8000000000000003,-4.181962161925911,-15.380335163870381,0.0,0.0,-2.9770750999450684,0.0,0.1472686731071263,0.18773466833541927,17885499451680609552.mp4,3.908263876911665,provisional negative (user-reviewed thread),0.44551085484080677,8cfcb0ac508fa2a862daf0f20628c859,normal,2.983243474808628,0.1,66.37826675221874,-15.258909244942116,-12.275665770133488,1,-18.82806621709349,-17.221949003269152,-15.467215445256237,-14.55388782167535,-13.696684368226682,-13.239188278671636,-12.528031220257757,/b/src/336291305/17885499451680609552.mp4,-2.2437551021575928,3.3544438791778273,-19.01129697621446,-15.18884761420812,3.8224493620063402,-15.259373689653192,,0.0,transition,-15.291605599526898,3.0774284271102514,1.2699771804543898,14.267301038062282,0.0017301038062283738,0.5958044982698962,4.573313148788928,0.0010994366162029746,0.23853766750880753,0.268248002690277,0.5116190260747259,0.15000000000000002,-8.87413061493078,0.0,-16.894332451543693,0.0,0.00037070970856466803,0.017410707574604764,ok,False,0.0010994366162029746,0.0,0.0,0.0,0.0
11,4287,,-1.2285017834801146,-1.8809770546978797,-0.6271367740109337,-4.140072162376818,-18.00930752094331,1.1766531726968115,3.018193733791259,-1.8809770546978797,10.236604121520095,11.189552292712925,9.697696541573212,11.468918370531942,5.786420652863622,normal,16.284673929144187,transition,0.0,transition,11.61,3.5,-1.121878428585559,-14.39263005224894,0.0,0.0,-2.0209741592407227,0.0,0.1563272752276621,0.29224030037546933,17885403120420587567.mp4,3.6166774686943697,provisional negative (user-reviewed thread),0.38855007617652415,381dd4cb0de826cc55bac39ceb51d339,normal,6.00596242156351,0.4,7.883012723716583,-18.10018543662732,-12.094223015063811,0,-23.197294580689153,-20.004630490491444,-17.872063449995554,-16.17260530573858,-14.249483267201882,-13.7539710480244,-12.16619840296075,/b/src/336291305/17885403120420587567.mp4,-1.296950340270996,6.13015585501897,-18.524287165320807,-15.750100114269312,2.774187051051495,-18.3513003538447,,0.0,transition,-17.581624269415183,2.0,1.8083387343471848,6.439116379310344,0.013469827586206896,0.24676724137931033,1.7408405172413794,0.0010927355785414787,0.05128271586820105,0.19965822336217132,0.43982451269197625,0.35000000000000003,-7.398135174284948,0.0,-20.168035982991494,0.0,6.242726668007512e-05,0.020153273726358324,ok,False,0.0010927355785414787,0.8620689655172413,0.0,0.0,0.0
53,5199,,-0.1438030898242708,9.768818775301638,-6.464171363633882,-9.076340574659833,-19.48786883198685,1.8045740288874725,0.13808662873919708,-6.464171363633882,6.6078273448411124,6.373874183561423,6.8243821722402345,7.832940834465354,4.454415487437675,normal,11.709383645775151,transition,0.0,transition,53.0773125,20.150000000000002,-8.938253945920636,-15.747856920183892,0.0,0.0,-6.851471900939941,0.0,0.007250821200598764,0.09699624530663328,17885218950440974642.mp4,3.7400119118029593,provisional negative (user-reviewed thread),0.5239165109568106,4f14ae6b88137899758173ca407f0a03,normal,3.0313935328677424,20.1,6.681896103459948,-17.15117328189426,-14.119779749026517,0,-19.728659486733456,-18.084362414818894,-17.121947642093687,-16.475574005531094,-15.968554185849456,-15.640129145204183,-15.131803118373892,/b/src/336291305/17885218950440974642.mp4,-5.563930988311768,3.3833264168548443,-19.604551829924432,-15.689591038242279,3.9149607916821534,-17.19161910916569,,0.0,transition,-17.27331463408692,2.6754614552285667,1.3978941481268499,6.653864278982093,0.0,0.0005890669180018851,0.7699104618284637,0.001050636304412273,0.3822043897059074,0.43550018404219737,0.5190189945046696,0.25,-5.254955750556908,0.0,-18.426238372204196,0.0,0.00016143121785146814,0.007432487250173456,ok,False,0.001050636304412273,0.0,0.0,0.0,0.0
26,2352,10.0,-9.877822010292277,6.759204822447456,3.047535858485219,-5.831352690771077,-28.90110044248142,7.055038368338394,-8.867627198716889,-9.877822010292277,64.46556373567012,30.788302062343348,45.05154807128088,46.2666312216316,18.710950196378736,normal,20.310221094984172,transition,0.0,transition,26.17325,2.9000000000000004,-14.698979889487966,-19.98531002190405,0.0,0.0,-4.761225700378418,0.0,0.000723856988399559,0.058823529411764705,17885484371350624763.webm,8.915790420577373,provisional negative (user-reviewed thread),0.5449086382042465,f3254f07eef327eaf27d0a8a45360447,normal,5.1410924627581025,0.1,33.28153744986813,-21.915040872690426,-16.773948409932324,1,-50.34581703612277,-28.960207244414143,-22.369828307545035,-20.83275101906728,-19.37299608087311,-18.346074826153295,-17.051962663698923,/b/src/336291305/17885484371350624763.webm,-1.945198655128479,7.963456464720489,-28.666780497335687,-19.290576004235632,9.376204493100055,-21.94750758358676,,0.0,transition,-22.25541975011265,10.459799884898503,0.8523863284850872,0.42029158699808794,0.0005975143403441683,0.0057361376673040155,0.028800191204588908,0.0010406201639794814,0.19257725545849907,0.2546583411462801,0.5413028933010051,0.65,-3.386178605340464,0.0,-21.841668698296324,0.0,2.625818823051238e-05,0.0403601542151497,ok,False,0.0010406201639794814,0.0,0.0,0.0,0.0
30,7925,,6.7372712846552565,3.3650618598534354,8.506008193300328,-6.273328358704786,-16.903548886641644,2.6860900079420356,0.8672067967929387,3.3650618598534354,38.5846874809414,35.12355112364348,42.382196977022794,33.333954622907996,35.47652493271933,normal,16.81860107044884,transition,0.0,loud-start,30.1351875,7.15,-5.4061215619118475,-14.72196642682431,0.0,0.01875,0.33575770258903503,0.0,0.07833109117239866,0.16082603254067585,17885456918870528865.webm,2.181582459817335,provisional negative (user-reviewed thread),0.5302263056269947,e0d5b984dd7161583e6708f656feb417,normal,4.537485164172352,0.2,7.463514721898427,-16.8323169655294,-12.294831801357049,0,-22.50860307338393,-19.740529539947037,-17.145441015368235,-15.396350146734829,-13.792183370182881,-13.16233820510794,-11.951568639787785,/b/src/336291305/17885456918870528865.webm,0.33575770258903503,6.4247513884772935,-16.054539129833437,-15.199215221651992,0.855323908181445,-16.85711111423167,,0.0,loud-start,-16.482843367859804,3.982397045774862,0.5478063675574218,9.754568106312291,0.02491694352159468,0.4287790697674419,2.8730274086378738,0.0010398051082692035,0.22344439405745994,0.23580065267493552,0.4331704838979341,0.65,-6.067183059582527,0.0,-15.136308190165902,0.00625,0.0010398051082692035,0.050728476577443095,ok,False,0.0007300198496512365,1.1627906976744187,0.0,0.0,0.0
22,1443,,2.7535627102622477,5.427879347190501,0.006051048713013429,-10.970863789865216,-17.445756042053848,0.7287815028575206,-2.10623733199526,0.006051048713013429,69.06293745958362,57.88845283376419,67.44555322906922,69.57196657611203,31.143050137990514,normal,14.456625009540119,transition,0.0,transition,22.0586875,17.3,-13.077101121860476,-14.398603612190065,0.0,0.0,-2.9228358268737793,0.0,0.0009541578116221707,0.06539424280350438,17885134668860553779.mp4,3.0471524298637824,provisional negative (user-reviewed thread),0.2913869388082304,f4fd87e53f9e9fe606e47d271bb98221,normal,5.15828702907708,0.1,51.412989254903806,-16.90978536569499,-11.75149833661791,1,-20.26240076884238,-18.948430931564367,-17.67824145765793,-16.56762704475771,-15.409327769668021,-14.907646975423848,-13.714252327826799,/b/src/336291305/17885134668860553779.mp4,-2.0236408710479736,5.002056766330975,-16.49905705006318,-13.162956700944656,3.3361003491185226,-16.853043486567504,,0.0,transition,-16.480265880588092,2.0,1.5235762149318912,9.444586167800454,0.001417233560090703,0.25085034013605445,2.324404761904762,0.0010344073588504988,0.18950275036037798,0.2073116054820603,0.39286339000134485,0.35000000000000003,-10.867865698317114,0.0,-20.996696520418034,0.0,3.7576369926107874e-05,0.002380524138586481,ok,False,0.0010344073588504988,0.0,0.0,0.0,0.0
6,1200,,21.96563279992416,10.31987266437741,18.31402951551237,-13.960195393027945,-22.807245852422895,5.240691756508488,5.312757237021792,10.31987266437741,22.81332068860742,25.25826082685869,22.272051009555984,18.62469749757605,12.751526706600583,normal,12.984154188845842,transition,0.0,transition,6.687375,1.5,-8.647438156006153,-17.279845195344365,0.0,0.0,-2.8066248893737793,0.2,0.00546899677981174,0.1013767209011264,17885113963030661466.mp4,5.52740065707853,provisional negative (user-reviewed thread),0.5918102800449472,3e0da074a5405e04259fdc7514867070,normal,11.360273691527306,0.8,18.755616346221792,-18.600595240125696,-7.24032154859839,2,-31.97887735906981,-23.606667451307473,-19.377849363684685,-16.73118628016325,-15.120681316816905,-11.605826158528037,-9.162652641641696,/b/src/336291305/17885113963030661466.mp4,-2.611356019973755,10.750673906599145,-22.92465128837103,-17.01775183343786,5.906899454933171,-19.20179075474674,,0.0,transition,-15.595510208819597,7.7698495981994835,0.7113909461464224,10.218045112781954,0.011748120300751879,3.0239661654135337,5.800751879699248,0.0010313510494387014,0.2521098683113781,0.4102395320590066,0.4363624344754636,0.8500000000000001,-19.442470245647467,0.0,-19.574905131501147,0.0,8.037096293335147e-05,0.00014317444632548266,ok,False,0.0010313510494387014,6.015037593984962,0.0,0.0,0.7518796992481203
92,10347,,-1.307600215817395,1.974939595953149,9.223517262679108,-15.706444609210774,-18.61945581707853,1.8690690182936827,1.1741838988602211,-1.307600215817395,14.045331539327293,16.10401330615994,13.78105054738402,14.379655512958289,9.835113371585816,normal,11.731893674737332,transition,0.0,transition,92.1135625,46.45,-14.532260710350553,-14.902454476733132,0.0,0.0,-4.1266326904296875,0.0,0.002418932272269498,0.055381727158948686,17885458131003407381.mp4,3.7170013403453996,provisional negative (user-reviewed thread),0.534817775364986,5181017c1f2ecd41b0fac12d2cdc504b,normal,5.043508214843662,81.4,9.11743588518802,-15.583599180864523,-10.54009096602086,0,-20.95424385743473,-18.91809176808873,-17.03600967752961,-15.521525046219375,-14.26591031498634,-13.64922316896469,-12.594872773629895,/b/src/336291305/17885458131003407381.mp4,-3.4509336948394775,5.204886884692778,-16.99877991114574,-13.454412470697706,3.544367440448033,-15.72648906239674,,0.0,transition,-15.18282736957681,2.7710817265222136,1.3413539213837413,14.822814875135723,0.0,0.6273072747014115,4.902110477741585,0.0010079277461610993,0.0999189458479091,0.3285237093673987,0.47379208916405,0.45,-15.546251203278818,0.0,-18.784445507108387,0.0,0.00012503587862589877,0.0035098521514250443,ok,False,0.0010079277461610993,0.21715526601520088,0.0,0.0,0.0
79,11177,,15.295337614483836,3.7646469066704196,12.064101432090471,-6.915029001771519,-19.043709795672555,2.1724680088639,2.6981423718702047,3.7646469066704196,40.97254800335077,40.09995765338327,43.66574498628384,46.183756207399895,24.105110626710328,normal,18.769561749011817,transition,0.0,transition,79.923125,36.800000000000004,-4.216886629901314,-15.163664911482691,0.0,0.0,-1.1857516765594482,0.0,0.1008030608041161,0.18429286608260326,17885460223613910320.mp4,3.8800448841898643,provisional negative (user-reviewed thread),0.4595803557688351,447ddf51cf5b8f561ed3dc96cf11f35f,normal,6.391499681079697,0.5,7.271201724408449,-19.017232577098145,-12.625732896018448,0,-26.11106930090053,-23.210263945965337,-20.471261676851057,-17.564049489141464,-15.59137452988024,-14.637865024069225,-12.926012146022765,/b/src/336291305/17885460223613910320.mp4,0.29210126399993896,9.615281028459991,-18.147525014465078,-16.036310738720644,2.111214275744434,-19.492046871804888,,0.0,transition,-18.47746048501188,3.2209010699416183,1.204645780772209,4.7426861702127665,0.010168961201501878,0.19610450563204004,1.2857869211514394,0.0009807113478434693,0.09684816025318092,0.16240906985070683,0.40677919406200824,0.75,-9.263679845307305,0.0,-20.403550317187282,0.0,5.800696385246306e-05,0.07264342545177933,ok,False,0.0009807113478434693,0.5006257822277848,0.0,0.0,0.0
69,2774,,4.292248925599405,5.854385956343467,3.010883280626807,-10.67828776506108,-20.563269137355455,1.664967775437404,-4.312245257824836,3.010883280626807,38.538522663509774,40.472801910062465,41.41366564297428,34.875415824480356,36.47129761284291,normal,14.743849465137655,transition,0.0,transition,69.384,57.85,-14.990533022885916,-15.920127006229572,0.0,0.0,-1.2854998111724854,0.0,0.003520857523757884,0.03660826032540676,17885491154090399418.webm,4.643142131125883,provisional negative (user-reviewed thread),0.5754529045960188,0c3b0ee85e131c6917346010f43d41a5,normal,7.284095968055915,0.1,14.66263476792766,-16.287128302966096,-9.00303233491018,1,-24.919464728284364,-22.083443137434188,-19.60941662498441,-17.31135970820714,-15.712895816475697,-14.681393966854644,-13.511059836051023,/b/src/336291305/17885491154090399418.webm,-1.2247036695480347,7.210980473269672,-19.776341216478073,-9.420096619726724,10.356244596751349,-16.848811647691385,,0.0,transition,-15.96855313468569,2.468481223863495,1.880971216730083,11.692952415284786,0.017078226387887526,0.5131578947368421,3.6356795241528483,0.0009691733360215466,0.058372882487594174,0.09602287435725643,0.3861495451460698,0.1,-15.265527319165479,0.0,-19.152313873270923,0.0,0.00010244164208335345,0.005019335819794752,ok,False,0.0009691733360215466,0.0,0.0,0.0,0.0
12,614,50.0,13.706234768099556,15.405839934488974,13.363583355169524,-3.334660415735203,-27.574230940277694,5.580089971018792,-4.531517009954768,13.363583355169524,38.23660432800984,36.88985853724926,36.80666464450308,36.93234734445573,28.61395899128093,normal,17.072374643624272,transition,0.0,transition,12.1440625,7.1000000000000005,-7.866177425689971,-19.452858489838906,0.0,0.0,-6.486626148223877,0.0,0.015116367437927061,0.10638297872340426,17885501169750839910.mp4,8.121372450438788,provisional negative (user-reviewed thread),0.49194990201988803,a56beb0794025e57933bca908870b074,normal,6.706093212341351,0.1,29.18699796952854,-20.289827626338308,-13.583734413996957,1,-45.30301928839678,-28.072906093465654,-20.66552197919122,-17.660801110273272,-16.148939832861583,-15.2731349858771,-12.26404724858641,/b/src/336291305/17885501169750839910.mp4,-3.3216092586517334,9.142120392059285,-28.531689312102774,-18.990405164430666,9.541284147672108,-20.920983648252754,,0.0,transition,-20.393983902276005,8.27304139103246,0.9816670879033587,2.6355888429752063,0.0,0.05036157024793388,0.550103305785124,0.00095383929661572,0.1535025083174126,0.24660562549281578,0.510044179107632,0.30000000000000004,-1.9297980763245663,0.0,-16.803873640035544,0.0,0.00039417996266479953,0.0010671037756019687,ok,False,0.00095383929661572,0.8264462809917356,0.0,0.0,0.0
77,18401,,5.606616894852807,3.844069326281577,7.565558035884705,-10.670366946507025,-18.800213999597627,1.4249280279427392,2.9063480923450165,3.844069326281577,69.88551347947678,48.61016801564636,71.62826375355758,67.67030211278512,28.359374213828232,normal,10.919896151357367,transition,0.0,transition,77.932,18.3,-7.764018854162009,-15.06487914963451,0.0,0.0,-6.1928935050964355,0.0,0.023219659185011447,0.12390488110137673,17885472160340669030.webm,3.7353348499631167,provisional negative (user-reviewed thread),0.5219239022164298,627b9e4357a41db43a649ea71a419d88,normal,3.189195723477617,0.30000000000000004,66.19954606444445,-16.748605244263082,-13.559409520785465,1,-21.132084812497425,-19.37174586589085,-17.776481053191432,-16.533794923549966,-15.575099135034344,-15.042062786880676,-14.245326645680999,/b/src/336291305/17885472160340669030.webm,-5.772338390350342,4.558187838287834,-17.49999867491389,-15.074955414824728,2.4250432600891614,-16.72565677787586,,0.0,transition,-16.69223454170771,2.112598294227905,1.7681235756787717,8.9530648267009,0.0,0.0003610397946084724,1.882862644415918,0.0009323350563819219,0.05482037899543139,0.14174958126262896,0.3881665604969298,1.0,-17.4065584386424,0.0,-20.3301954087868,0.0,5.334621336057504e-05,0.0029976475328064066,ok,False,0.0009323350563819219,0.0,0.0,0.0,0.0
38,4139,,-1.63873067193758,4.105521446649245,-0.01100293806828212,-22.751503399888353,-17.654171589870774,1.1322394988344797,-1.2201556916512466,-1.63873067193758,8.810565733699963,7.601933497119386,9.820612834395721,11.631448496428202,10.16932539431302,normal,14.610619517335879,transition,0.0,transition,38.2200625,13.25,-23.9716590915396,-14.725074005056772,0.0,0.0,-2.957749366760254,0.0,0.0001910894816387262,0.02002503128911139,17884680854921225495.mp4,2.929097584814002,provisional negative (user-reviewed thread),0.3827266050943485,474d7cb5a98a376af614a561572e88b4,normal,4.409925054863606,11.8,2.997388014006008,-16.041293419538114,-11.631368364674508,0,-20.237020725521575,-18.8295933695336,-17.359828086602306,-15.90848643141025,-14.77583913526814,-14.160220244848128,-13.08582343743065,/b/src/336291305/17884680854921225495.mp4,-1.1212526559829712,5.2474667601533405,-16.44960439027671,-13.479714121085287,2.969890269191424,-16.028637018917173,,0.0,transition,-15.73187217331885,2.0,1.464548792407001,12.51374345549738,0.01668848167539267,0.6071662303664922,4.148642015706806,0.0008662434786357772,0.1583156928650375,0.1583156928650375,0.20716557122168572,0.5,-23.609164105301424,0.0,-18.246959477585683,0.0,0.0001665991702905687,0.00040607136785568464,ok,False,0.0008662434786357772,0.0,0.0,0.0,0.0
39,3184,,8.247623890008349,3.4039471497874896,5.216228812026718,-9.797143623685187,-26.880195162561172,1.3045076471726222,2.1199519714783124,3.4039471497874896,53.87879426963752,51.32258660030087,53.81151323849696,44.86772573190324,25.868763107503362,normal,19.768461022467733,transition,0.0,transition,39.86725,37.5,-7.677191652206875,-19.382157466864403,0.0,0.0,-7.672524452209473,0.0,0.06268806072496436,0.12202753441802253,17885474979310246727.webm,7.49803769569677,provisional negative (user-reviewed thread),0.5278709882592065,12edb44610337b9cfc4b70d44ba4e18c,normal,11.134692652211346,0.1,48.816335971825424,-28.735135497638176,-17.60044284542683,1,-41.24825590299241,-35.68709511910555,-29.437302028176116,-25.5811367933706,-24.318948336031884,-23.545182055576994,-21.759355071169605,/b/src/336291305/17885474979310246727.webm,-7.672524452209473,12.059178815041093,-26.411880425884362,-18.66193457366662,7.749945852217742,-28.809116739502095,,0.0,transition,-27.440985474677206,2.0,3.749018847848385,0.019134253450439145,0.0,0.0,0.0012547051442910915,0.000815463878102488,0.15429138155788952,0.22181631206741428,0.5026040631518569,0.9,-11.350534170573571,0.0,-37.08245642497357,0.0,5.479469744319297e-09,0.012578589153560756,ok,False,0.000815463878102488,0.0,0.0,0.0,0.0
8,1230,,5.7973775440678,1.514022607838399,9.070538685788575,-13.14903715375178,-20.361533076232913,3.5926791581641737,4.632817110890064,1.514022607838399,14.487343808590744,12.033875565841324,16.190866910563447,12.568357683136075,10.914805629945736,normal,12.649904540683117,transition,0.0,transition,8.89325,1.35,-8.516220042861715,-16.252345646985304,0.0,0.0,-4.472109794616699,0.0,0.0017005464128673738,0.10012515644555695,17885458601810904310.mp4,4.1091874292476085,provisional negative (user-reviewed thread),0.4947153756826824,833aac9b5a68e8b90dc8032027a538cc,normal,4.041500247197057,4.0,9.79042684254777,-16.66787959347328,-12.626379346276224,0,-25.64809221113361,-20.14302215789705,-17.502343288405445,-16.152233494091902,-14.248209712740376,-14.00027837000152,-13.532821843104479,/b/src/336291305/17885458601810904310.mp4,-3.7100160121917725,4.692181223198872,-19.56001202919085,-15.923232820332274,3.6367792088585773,-16.998764296193237,,0.0,transition,-16.35992055287489,5.326506119894204,0.7714601911185311,10.198093220338983,0.0,0.3329802259887006,3.067090395480226,0.0008102937140520951,0.165779087731998,0.25382871794992956,0.5572145836914899,0.9,-9.294254348465017,0.0,-17.03403855979868,0.0,0.00033496974785072076,0.003703357957866054,ok,False,0.0008102937140520951,0.0,0.0,0.0,0.0
83,7431,20.0,17.74343403418375,16.70764193292839,17.551204457824102,-16.821412073642072,-37.665771302342975,4.600141003416251,5.4675506082075,16.70764193292839,60.39354213326688,36.0756379827003,45.13663024119097,48.27557162749857,21.115107675516853,normal,22.535403469922358,transition,0.0,transition,83.7546875,58.6,-11.353861465434573,-24.19460398799953,0.0,0.0,-9.775564193725586,0.0,0.006452243881484359,0.09324155193992491,17885385269341824690.mp4,13.471167314343447,provisional negative (user-reviewed thread),0.589061990012319,0ec3bf59406639b822cceaf80ff8cd1e,normal,16.60079980838556,0.1,40.67335959974113,-35.4573568290286,-18.856557020643038,2,-45.0809083621318,-41.737721045073,-37.26122668764425,-31.717011408087714,-26.132084569956138,-23.82327252436265,-21.337246522872736,/b/src/336291305/17885385269341824690.mp4,-6.966938018798828,19.133158485392155,-36.02883211455274,-23.694455763273503,12.33437635127924,-35.67904080044552,,0.0,transition,-29.502341488721186,6.820169051664934,1.975195513820127,0.019328358208955225,0.0,0.0,0.0004850746268656716,0.0007862833973328205,0.4183801038579141,0.4183801038579141,0.5060436212504994,0.9,-15.033787603599144,0.0,-32.07813094698511,0.0,8.371709206567713e-08,0.003510940354988298,ok,False,0.0007862833973328205,0.0,0.0,0.0,0.0
16,2637,,0.38338842553464847,-2.1462823782411586,5.661921518436067,-7.887280887493422,-17.748816636383317,0.8449993420601931,-1.6827910552593393,-2.1462823782411586,73.18145762945775,56.522709672395884,71.25095796441254,73.1715963538617,34.623932359050684,normal,12.312301291336563,transition,0.0,transition,16.3626875,13.05,-9.570071942752762,-15.400761452988464,0.0,0.0,-5.11763334274292,0.0,0.0076701757322644075,0.10043804755944932,17885215963011969692.mp4,2.3480551833948535,provisional negative (user-reviewed thread),0.376723066200088,9d9bed93b598f8b3f82c84d61bdda352,normal,3.063847199338703,0.30000000000000004,71.34474325792432,-16.749439810827703,-13.685592611489,1,-19.807904252847358,-18.677882903604903,-17.578812470442884,-16.670315057554326,-15.861089486658067,-15.338931337715744,-14.766275580114197,/b/src/336291305/17885215963011969692.mp4,-4.3606109619140625,3.305261006306436,-16.799135995607415,-14.892010732091405,1.9071252635160096,-16.717231225950798,,0.0,transition,-16.672912253250626,2.0,1.1740275916974268,8.775420489296636,0.0,0.013761467889908258,1.275420489296636,0.0006544605198651702,0.2550488321704962,0.2888177441103096,0.5574059001165315,0.55,-6.690934388109316,0.0,-16.853552825328855,0.0,0.0004071509440375555,0.05429331435454737,ok,False,0.0006544605198651702,0.0,0.0,0.0,0.0
194,7909,30.0,1.0874207594550471,27.56350920714745,15.262193820058101,0.24148671086988927,-24.222440618664727,5.077402830556862,-13.020370307954899,1.0874207594550471,65.71095302845998,73.11498052988992,73.11498052988992,68.0417635763892,37.14660404151085,normal,12.63180138130178,transition,0.0,transition,194.6296875,15.4,-12.77888359708501,-18.482340975960685,0.0,0.0,-5.222933292388916,0.0,0.019084080211147495,0.08667083854818523,17885468878433004869.webm,5.740099642704042,provisional negative (user-reviewed thread),0.5939964414382847,7a23ae02d1911c3323542378feea6301,normal,6.193567192409347,0.4,76.18508331402238,-17.192165752466984,-10.998598560057637,1,-23.429227282552876,-19.646382309847525,-17.69751351929866,-16.710901315811434,-15.592381952814431,-14.467897414465352,-13.568163281488134,/b/src/336291305/17885468878433004869.webm,-3.7226390838623047,5.02839645518352,-24.734018933405764,-15.94261279216826,8.791406141237504,-17.535418818804153,,0.0,transition,-16.354440465164085,7.527757436583602,0.7625245222180178,11.664536228160328,0.0,0.030896711202466596,2.6762911099691675,0.0006472519512813747,0.15518729288826077,0.5911254538680815,0.4598664841076986,0.4,-29.858231179147445,0.0,-22.84377349530337,0.0,1.3315791296018538e-05,0.00011538879284494292,ok,False,0.0006472519512813747,0.0,0.0,0.0,0.0
8,4702,30.0,2.4388847810730727,4.6987110857272185,10.603162680153993,-6.416518682810377,-19.518576706971153,3.195968299003148,2.315629134703329,2.4388847810730727,13.363978491898838,16.78125007317855,12.394027937982294,12.518213126906513,18.091234434252954,normal,15.992384040448005,transition,0.0,transition,8.0,3.5,-4.100889548107048,-16.470930441265686,0.0,0.0,-5.847275257110596,0.0,0.02510769868776964,0.20650813516896122,17885447167730968950.mp4,3.047646265705467,provisional negative (user-reviewed thread),0.42310586325764626,6637f6dda4c54f13560ab9467e2079d2,normal,3.3069987728494183,0.30000000000000004,4.9157727461857945,-19.024474777102732,-15.717476004253314,0,-26.85674099519524,-23.2151491829401,-19.18755001921817,-16.85148716464081,-15.86253761508046,-15.170139696452882,-14.798917971871008,/b/src/336291305/17885447167730968950.mp4,-3.0155887603759766,4.569323929822609,-19.602384729372453,-17.334884268492036,2.2675004608804166,-19.212838035624806,,0.0,transition,-19.007972800823982,4.738342600102067,0.643188245957525,4.08984375,0.0,0.0390625,0.721875,0.0005903402709910655,0.2526580808063232,0.2526580808063232,0.4720087902565741,0.30000000000000004,-5.715434442583111,0.0,-20.848538025358337,0.0,4.395032342215244e-05,0.027358844098164116,ok,False,0.0005903402709910655,0.0,0.0,0.0,0.0
98,18242,,-8.516311737086834,3.706134133975347,-10.772605292240423,-6.555005656043835,-17.07569798002259,1.0186179198593592,-10.081866565476926,-10.772605292240423,8.221886986125835,8.366304624985489,8.325222143483206,9.73490319290709,5.2748525818450425,normal,11.224777983683708,transition,0.0,transition,98.1521875,23.900000000000002,-16.63687222152076,-15.167548545483443,0.0,0.0,-6.751407623291016,0.0,0.008580073253960662,0.024405506883604506,17885325765450612629.mp4,1.9081494345391459,provisional negative (user-reviewed thread),0.5432609228313338,8318f3adf9cc9cd4fc5593ff4bd6117a,normal,4.970429036143637,0.1,7.966494903228654,-17.058345971492482,-12.087916935348845,0,-20.373430220007478,-18.820832781004974,-17.222711121713953,-15.972020498809961,-15.177126516087334,-14.825860554969662,-14.174568785992294,/b/src/336291305/17885325765450612629.mp4,-5.708590507507324,4.401131234755647,-16.962926960513546,-14.388675750547225,2.57425120996632,-17.08738996076774,,0.0,transition,-16.933368491191032,2.0,0.9540747172695729,8.195236882322975,0.0,0.0005094243504839531,1.5077687213448803,0.0005838957019289019,0.2285125673219275,0.2454584493818578,0.44156993141382456,0.6000000000000001,-3.6458379713898683,0.0,-17.647225457104717,0.0,0.00027060329469082443,0.06556110487336544,ok,False,0.0005838957019289019,0.0,0.0,0.0,0.0
55,9411,,13.19656956612451,3.1446707482080285,6.551757021470539,-8.960552487025883,-19.277477442332316,1.5954043219445921,-0.39576466313691405,3.1446707482080285,73.17842131679716,63.48332911393368,66.3197901215848,67.20043290916063,33.77008530796129,normal,10.684625510042022,transition,0.0,transition,55.5189375,29.150000000000002,-9.356317150162797,-16.398618605656303,0.0,0.0,-7.2956414222717285,0.0,0.020007305376544306,0.09261576971214017,17885339537981261656.mp4,2.878858836676013,provisional negative (user-reviewed thread),0.5941659757914637,4125361b325d0464c7eaf9b6f8fb9317,normal,5.963178730507433,0.1,57.825955289642,-18.015610282332297,-12.052431551824863,1,-24.380052688503948,-21.65009883362284,-19.40373366691346,-17.663932177439328,-15.761486735269205,-15.062562873073238,-14.000670972143995,/b/src/336291305/17885339537981261656.mp4,-6.505613803863525,6.289987170816234,-18.630473407152717,-15.98675341108798,2.6437199960647373,-18.269688827201865,,0.0,transition,-17.190239313905547,2.3653464477150523,1.2170981715837097,9.153885135135136,0.0,0.0,0.914527027027027,0.0005311451888708864,0.19788142379949997,0.4390659059726762,0.4659625093583371,0.9500000000000001,-10.18711939794817,0.0,-20.739878597902624,0.0,4.638672916035465e-05,0.04254427634348235,ok,False,0.0005311451888708864,0.0,0.0,0.0,0.0
4,160,,3.5680314331697707,-0.775816508773481,3.2341542627493567,-8.811479037778657,-17.73884301356459,0.6708250620292198,3.20815444004759,-0.775816508773481,71.65894869086141,63.65255317536419,69.89407436787525,70.78353593017275,33.969553455405034,normal,13.783755476886899,transition,0.0,loud-start,4.2725,3.8000000000000003,-5.603324597731067,-15.64138039416615,0.0,0.0,-4.6425933837890625,0.0,0.008281547749649669,0.17021276595744683,17885497088290627471.mp4,2.0974626193984403,provisional negative (user-reviewed thread),0.2876340611321326,468b5c4bb0156abe4b3744571353c8c6,normal,1.7765617841160548,0.1,64.81474689353465,-17.38432334887655,-15.607761564760494,1,-19.27188236944442,-18.353824092609667,-17.567984363464806,-16.785727499538062,-15.710278815835238,-15.498268747257551,-14.892215361853216,/b/src/336291305/17885497088290627471.mp4,-3.7961130142211914,2.796002394595426,-17.80044271529741,-16.330470974799795,1.4699717404976163,-17.702785840410876,,0.0,loud-start,-17.57986849110809,2.0,1.0487313096992201,6.303676470588234,0.0,0.027941176470588237,0.9786764705882353,0.0005240702126227547,0.14685149469829903,0.17906425785664257,0.42965890587777306,1.0,-6.819660571636215,0.0,-16.270384263754266,0.0,0.0005240702126227547,0.01123157388850523,ok,False,0.00048395041819770685,0.0,0.0,0.0,0.0
10,4954,,10.132047252424453,9.527411867994653,8.7183996848049,-11.741085462059486,-29.4980294156785,3.750785881501777,0.4206963856487711,8.7183996848049,13.968246764274905,15.551148755186887,15.123136693377816,14.565228828261095,8.779960496590896,normal,15.16559771806319,transition,0.0,transition,10.1006875,3.45,-11.320389076410715,-21.60873123939657,0.0,0.0,-9.207645416259766,0.0,0.002029205000463558,0.08322903629536921,17885462938391441705.webm,7.88929817628193,provisional negative (user-reviewed thread),0.5572703451966621,5009560778f65adc34674ef71ad8d200,normal,6.457592148631882,7.6000000000000005,10.219149855947872,-26.370273936819004,-19.912681788187122,0,-33.694317095955356,-30.95632213961199,-27.46302656752611,-22.35754132425959,-20.900178618326564,-20.451340989779116,-19.472708172463467,/b/src/336291305/17885462938391441705.webm,-9.207645416259766,8.259605373356038,-28.976367786673663,-21.09632550974242,7.880042276931242,-26.73445259022546,,0.0,transition,-24.373243134322955,5.5609151479145345,1.418705009235861,0.18069306930693071,0.0,0.0,0.0,0.0005193037672986411,0.3473103460196348,0.3473103460196348,0.6696749384390691,0.2,-13.035336919898302,0.0,-22.020185245166527,0.0,2.1162042663044733e-05,0.0009964307445265773,ok,False,0.0005193037672986411,0.0,0.0,0.0,0.0
24,1908,50.0,-8.380826139420979,2.2462895952754476,7.605563253603673,0.25402951904486837,-17.41372912561817,0.9518820578231271,-7.696431779928027,-8.380826139420979,21.69699661988676,20.267368398155785,21.915101441511542,23.476621047868008,14.434004157504155,normal,13.55210413351043,transition,0.0,loud-start,24.5203125,2.3000000000000003,-7.442402260883158,-16.252011696728594,0.0,0.0,-5.7538628578186035,0.0,0.014144788145424582,0.11576971214017523,17885516489290239976.mp4,1.161717428889574,provisional negative (user-reviewed thread),0.4648991797130542,212c4ad8c9b1e737dd727370f95d0f79,normal,4.576620513369113,0.2,5.8536923408330175,-17.67050421616269,-13.093883702793578,0,-28.488376171571456,-18.158378717605615,-17.193551952982745,-16.395585077870038,-15.693917591001973,-15.354242729312086,-14.44685182621031,/b/src/336291305/17885516489290239976.mp4,-4.38287878036499,4.282205780662,-18.526462884477734,-16.230005099547938,2.296457784929796,-17.792143189391634,,0.0,loud-start,-17.93498291387542,2.0,0.580858714444787,5.706377551020409,0.0,0.017346938775510204,0.9318877551020408,0.0004904971060038566,0.3438275368119794,0.3438275368119794,0.38506169335238266,0.8500000000000001,0.9983230991158291,0.0,-16.446431828449793,0.0,0.0004904971060038566,0.013916019629983817,ok,False,0.0003597494313715915,0.0,0.0,0.0,0.0
15,2396,,-5.827247379161509,-2.526362816532994,-0.5386387779647819,-16.28253902830439,-21.057077233098866,2.3273553223590575,-0.8353833824812291,-5.827247379161509,44.03842253540132,47.75939447463481,43.81625812272661,43.27110896642995,38.55543991472439,normal,9.548331770166538,transition,0.0,transition,15.39625,7.800000000000001,-17.11792241078562,-17.206090654366786,0.0,0.0,-5.418700218200684,0.1,0.009071574864374484,0.04755944931163955,17885226180641055962.mp4,3.85098657873208,provisional negative (user-reviewed thread),0.5605216744218009,4f66ba748b728553cf210e595cef270b,normal,7.0990423171630805,0.1,21.354051208545457,-15.58062434015977,-8.48158202299669,1,-25.371793670141315,-22.908207935566526,-20.314885573899527,-17.378966555368674,-13.64842786971646,-12.373181193110828,-11.158575211517993,/b/src/336291305/17885226180641055962.mp4,-4.520478248596191,9.40146539653768,-17.38886348756881,-14.381333352217927,3.0075301353508817,-16.45757583904041,,0.0,transition,-14.06881001876273,3.4505370009295384,1.1160542772602249,19.127239413680783,0.0,0.23961726384364823,10.722109120521173,0.0004898956967031729,0.06185563578981689,0.41252547746377555,0.23384477553584404,0.55,-13.591729685699356,0.0,-17.63143020273087,0.0,0.0002425430888760264,0.019344151767519642,ok,False,0.0004898956967031729,4.5602605863192185,0.0,0.0,0.0
13,17446,,0.39726634081622336,2.4910806845707825,8.445979857998188,-13.89392321986237,-19.58304180280699,1.726991523061244,-1.140358458719124,0.39726634081622336,17.032607269285954,14.665956667047162,11.120014645477013,18.217770568342274,7.697290508514222,normal,17.873396208725417,transition,0.0,transition,13.7215625,8.75,-15.034281678581493,-16.73429294862828,0.0,0.0,-3.468837261199951,0.0,0.00734928748861573,0.05193992490613267,17884621871080417912.mp4,2.8487488541787087,provisional negative (user-reviewed thread),0.5664413142045821,34b8a17ad191971caeaa6af09cc8717c,normal,10.277894068429799,0.1,14.339186056575588,-19.254296932967165,-8.976402864537366,1,-26.022353387943483,-22.773837013626643,-20.028739504318725,-18.20325168185717,-16.904116407109136,-14.953303459081308,-12.375829348509619,/b/src/336291305/17884621871080417912.mp4,-0.08816520869731903,9.687748174113379,-18.852701543937854,-14.774087462007621,4.078614081930233,-19.314792543075928,,0.0,transition,-17.961561417422736,2.5604376320906,1.112602321757278,5.743385036496351,0.007299270072992701,0.3601733576642336,1.8517335766423357,0.00048434562064877094,0.21855701783856518,0.21855701783856518,0.42019215114982933,0.9500000000000001,-18.673331862583737,0.0,-18.049304626175438,0.0,0.00018679974635696698,0.0038191803514160587,ok,False,0.00048434562064877094,1.094890510948905,0.0,0.0,0.0
3,4474,250.0,8.969332428357337,4.21281033962801,6.888599811111035,-7.3255868367084656,-19.860954584851974,2.9585260609204607,-3.4747233093746104,4.21281033962801,40.98073139127287,39.76596364563241,34.492350040066924,38.3300823412901,36.0815462560775,normal,11.641260940868374,transition,0.0,loud-start,15.06975,7.65,-10.800310146083076,-17.76048424614648,0.0,0.0,-6.395091533660889,0.0,0.03961437337292365,0.0669586983729662,17885475523222028943.mp4,2.1004703387054953,provisional negative (user-reviewed thread),0.5788845643536196,a81f297f47d491a6e2ce53685c53ffa6,normal,4.59691733954989,0.1,8.20255017369879,-17.8534865389356,-13.256569199385709,0,-25.320459472141433,-21.636269200018955,-19.188515501819698,-16.6892774183621,-15.31472826568944,-14.736576697084205,-13.841477253605108,/b/src/336291305/17885475523222028943.mp4,-5.808399200439453,5.593943004809509,-18.450086442712937,-15.549035281715351,2.9010511609975858,-18.055398779675734,,0.0,loud-start,-17.449660141307827,4.386310737920675,0.47886947920639583,7.3903654485049834,0.0,0.0016611295681063123,1.2547757475083057,0.0004768953574554194,0.1098661363696893,0.26519546235337516,0.24012797113988188,0.8,-7.007387977687455,0.0,-16.53809204325453,0.0,0.0004768953574554194,0.044533558837027164,ok,False,0.00023272641337806428,0.0,0.0,0.0,0.0
10,595,,4.256262905686005,5.869574654058411,4.457142367185575,-3.8829443895801186,-17.77175439779176,2.868563322470937,0.7497870380619949,4.256262905686005,45.39784605052165,39.26917601835095,38.753627123922605,44.32613460348373,28.344496219183853,normal,18.222616161934454,transition,0.0,transition,10.2269375,7.0,-3.1331573515181237,-15.640019075460513,0.0,0.0125,-0.19491028785705566,0.0,0.07840892762947997,0.20775969962453067,17885438845871586615.webm,2.131735322331247,provisional negative (user-reviewed thread),0.5105386207162802,24ce214f541d2df5a1415a03dc1ec741,normal,5.080431581498003,0.1,21.72789158295822,-16.944335653701113,-11.86390407220311,1,-24.191243469681012,-20.585170858963377,-17.200771123255528,-14.466075546130076,-13.082415852647763,-12.118186743602106,-10.814091078096972,/b/src/336291305/17885438845871586615.webm,1.4882766008377075,6.481703962201701,-18.003842990236716,-16.63234872763049,1.3714942626062268,-17.62930349069528,,0.0,transition,-16.734339561096746,4.252931981895411,0.5012389879278514,8.25765931372549,0.1525735294117647,1.1813725490196079,3.754901960784314,0.00046936527842960437,0.10703804003981875,0.19056542478929842,0.205461865707453,0.9500000000000001,-4.5557767644529505,0.0,-25.37363071480928,0.0,3.7672030766862465e-06,0.043908088608740486,ok,False,0.00046936527842960437,4.901960784313726,0.0,0.0,0.0
16,785,20.0,10.187067197026222,9.004981551767871,19.389302023092032,-2.9612205731971812,-36.806532392064966,5.348180517259303,-1.1583305255962184,9.004981551767871,53.985860742395076,48.790156229469375,47.773529435787154,39.77791205866848,24.422685085771633,normal,25.35792050081827,transition,0.0,transition,16.4861875,13.15,-4.1195510987934,-24.349636950399542,0.0,0.0,-8.11681842803955,0.0,0.012991332389277792,0.19336670838548187,17885218471271042798.mp4,12.456895441665424,provisional negative (user-reviewed thread),0.42013877753045825,9a44affb926c9b1fe79f806f3fc1bea3,normal,20.952856445816863,0.1,41.96432340920416,-36.957768510639156,-16.004912064822292,2,-46.23027772471729,-40.92361813987782,-36.56760020293125,-28.810175493187433,-24.294215133512647,-21.666410154484826,-18.638766704521,/b/src/336291305/17885218471271042798.mp4,-3.7690696716308594,22.92846357152206,-38.53167128438906,-25.639172497093767,12.892498787295295,-38.0778362148812,,0.0,transition,-29.12699017244913,7.929212434888642,1.5710129529201304,0.23556231003039513,0.0,0.016337386018237084,0.08966565349544073,0.0004625859796330652,0.11753789877750088,0.17693296371748357,0.4168204093711448,1.0,0.43664796591263755,0.0,-39.43278206752492,0.0,1.7550632965995066e-09,0.356847395131619,ok,False,0.0004625859796330652,0.0,0.0,0.0,0.0
61,10129,80.0,15.787911181005375,12.99068701207609,17.277775884462862,-3.7823098093552447,-35.56859501301861,6.488869925807258,0.39867746748408806,12.99068701207609,23.86508537750221,21.270683967858893,23.429553288464234,29.053260327971934,13.423277352659234,normal,18.552837857724782,transition,0.0,transition,61.5,27.0,-3.3836323418711567,-23.890756730381106,0.0,0.0,-11.808490753173828,0.0,0.19095810394423707,0.19336670838548184,17885473265681123608.webm,11.677838282637502,provisional negative (user-reviewed thread),0.5289839460682583,33383546c2b0c36d3da2aac4d671b34b,normal,9.587661589261579,54.800000000000004,21.55760145959197,-30.958927423712396,-21.371265834450817,1,-42.028895892653225,-36.2799153847418,-31.007156095782562,-27.38609484225071,-25.106882123629678,-23.968223661794415,-21.87405512055803,/b/src/336291305/17885473265681123608.webm,-10.60165023803711,11.809155658535936,-36.45195058751949,-24.747147052878425,11.704803534641066,-31.858314814317467,,0.0,transition,-29.15448809576189,9.62039855200184,1.2138622136613608,0.0012703252032520325,0.0,0.0,0.0,0.0004620434062080926,0.10976371039330325,0.3819066919728741,0.301625256183311,0.4,-10.944843399729208,0.0,-33.048424628282284,0.0,5.110200521821755e-08,0.019678276597215213,ok,False,0.0004620434062080926,0.0,0.0,0.0,0.0
6,763,30.0,0.7159374147094981,-8.72614816394147,8.46090632802013,-10.404386938014355,-17.705012398546167,1.4701426077635364,-0.2631395184649641,-8.72614816394147,63.597334765778264,67.34865351193069,74.63967301579271,66.68113960131473,35.74187038251043,normal,10.130999310808924,transition,0.0,loud-start,6.8034375,5.3500000000000005,-10.667526456479319,-16.533482371226306,0.0,0.0,-6.047058582305908,0.0,0.00990762204307781,0.08010012515644555,17884645517252218137.mp4,1.1715300273198608,provisional negative (user-reviewed thread),0.48974117350074053,f4bd4ba04fb2b4bb8cf31fcba6fc1e3f,normal,2.6058544767512615,0.1,68.87398046594103,-15.33571773501341,-12.72986325826215,1,-26.07392502411807,-20.250719535457538,-17.708476934714888,-16.46855755713886,-15.140657243040256,-14.803550997817773,-14.497451355291593,/b/src/336291305/17884645517252218137.mp4,-5.355812072753906,3.615742914425379,-15.107114285498408,-14.500112576357289,0.6070017091411195,-15.489400855389277,,0.0,loud-start,-15.48681138356283,2.179633430270219,0.537489474629053,15.529871323529413,0.0,0.01056985294117647,4.140165441176471,0.00044510556024037644,0.27874542823575416,0.41291311628897026,0.38548525972884645,0.15000000000000002,-11.23581007255742,0.0,-16.534869408946538,0.0,0.00044510556024037644,0.017901520467535764,ok,False,0.00031124388215330104,0.0,0.0,0.0,0.0
12,2395,250.0,-1.177257712853283,16.538677690813497,1.9131547644655342,-12.101148241797688,-22.122998194696798,2.698384902829112,4.100079052650786,-1.177257712853283,73.78121892528407,62.30442879593421,70.23497669808079,75.13452720508033,33.8035768884916,normal,11.741306590993752,transition,0.0,transition,12.4373125,1.8,-8.001069189146902,-18.868413196646124,0.05,0.0,-3.7558960914611816,0.1,0.01750451719322269,0.11702127659574468,17884645516971173708.mp4,3.2545849980506745,provisional negative (user-reviewed thread),0.5553402940954608,6d1fa14f695d768c02d20a63586b2d4c,normal,10.529177107802113,0.30000000000000004,67.19092868885878,-19.10182192398561,-8.572644816183498,1,-26.166382524308368,-22.718305266517017,-20.71889564474619,-18.77089226127336,-14.161630150230723,-12.72490620605082,-12.027943923953954,/b/src/336291305/17884645516971173708.mp4,-3.01615571975708,9.238611551983718,-20.15272517525238,-17.705489248765268,2.4472359264871137,-19.24343705196732,,0.0,transition,-14.757462310750832,4.000625456934441,0.8135190442307901,13.474798387096772,0.0,3.961189516129032,8.56703629032258,0.00042815814622563614,0.38106088528947424,0.4008560787305894,0.34021552527088716,0.4,-10.840645367332755,0.0,-19.910328694048893,0.0,6.941892979067013e-05,0.012946379903407863,ok,False,0.00042815814622563614,1.2096774193548387,0.0,0.0,0.0
17,545,,-0.684448305410541,4.4224584055705805,-0.9191590479202716,-17.322228523129056,-21.904637121676977,1.30282408562819,-0.871415343403477,-0.9191590479202716,65.98152807695479,36.85441452083467,53.884683137963094,65.52937811573405,19.742207287407012,normal,12.628561435988782,transition,0.0,transition,17.879375,10.4,-18.193643866532533,-17.988340141067344,0.0,0.0,-9.239472389221191,0.0,2.7498799976300467e-06,0.03504380475594493,17885226180882531524.mp4,3.9162969806096335,provisional negative (user-reviewed thread),0.6426277865754926,3968c3d15c73976d65c49ee6101bd951,normal,4.987966463108922,0.1,39.17028461255625,-21.270195638761813,-16.28222917565289,1,-25.515053880142602,-23.451628109766215,-22.28467575438422,-21.247852450767198,-20.199412951137592,-19.29040936427398,-17.814574750436257,/b/src/336291305/17885226180882531524.mp4,-8.650187492370605,5.512839349530747,-21.13201232660868,-17.26712488034001,3.8648874462686713,-21.366594807258522,,0.0,transition,-21.278748928359388,2.0,1.9581484903048167,0.39250700280112044,0.0,0.0,0.0019257703081232494,0.0004130075692062006,0.13894386225548944,0.13894386225548944,0.4037715881588524,0.6000000000000001,-11.654943896937686,0.0,-23.25120097272751,0.0,1.0798016783819603e-05,2.2801328124429348e-05,ok,False,0.0004130075692062006,0.0,0.0,0.0,0.0
15,1799,20.0,-4.728830406587278,-6.311936136722682,-7.176488078794913,-6.214971100092776,-29.317588285964266,14.642907877489431,0.628093010859982,-7.176488078794913,52.09214810170414,49.111755257815815,50.66906259350458,49.84157996395667,26.16922516258231,normal,23.429056840037013,transition,0.0,transition,15.0186875,2.0500000000000003,-5.586878089232794,-21.512032673383324,0.0,0.00625,-0.8431583642959595,0.1,0.01545620097309197,0.17240300375469336,17884684343022136338.mp4,7.805555612580942,provisional negative (user-reviewed thread),0.48568310067661613,44d4b7d293f87c5584c7e3505f379298,normal,36.23212392997234,2.1,33.727916503693606,-47.15531856556986,-10.923194635597518,2,-59.9447518006116,-55.42986939057407,-48.16679096123556,-34.41912908047825,-22.871511253543623,-14.472632186035458,-10.487688358547375,/b/src/336291305/17884684343022136338.mp4,-0.732018232345581,38.43982708930335,-30.028395747675663,-22.111687403355333,7.91670834432033,-48.1514735823121,,0.0,transition,-24.161075072382594,21.70957521916583,0.3595443731063874,1.6185416666666668,0.04104166666666667,0.27958333333333335,0.795625,0.00039095763588169484,0.07901191010219615,0.2161622768788081,0.3262701633390506,0.5,-6.214971100092776,0.0,-22.31409011228513,0.0,1.9106051583205172e-05,0.012629219435675906,ok,False,0.00039095763588169484,3.0,0.0,0.0,0.0
12,1365,,1.0146197828766632,8.120512952998649,1.3704266795740496,-3.992732083878601,-17.853922272449008,2.119889403332606,-3.0336005618605135,1.0146197828766632,39.84117974737349,43.52176386586982,39.08595932107601,38.21123605951988,35.77554443250222,normal,11.358272633907529,transition,0.0,transition,12.0746875,2.1,-7.026332645739115,-16.41151667032237,0.0,0.0,-5.739057540893555,0.0,0.040762035673476346,0.13047559449311638,17885220110682766412.mp4,1.4424056021266374,provisional negative (user-reviewed thread),0.5313426445257041,a81f4f14f67ed25b2bf04a796c49b5df,normal,4.277892590451465,0.1,17.162480007465515,-16.860514556566805,-12.58262196611534,1,-21.325001403942217,-19.716584820536383,-17.828551952156154,-16.74116089886893,-15.316560509262066,-14.695258539774303,-13.754438188767676,/b/src/336291305/17885220110682766412.mp4,-4.9356369972229,4.187725792447802,-18.60088653778396,-16.127120560777772,2.473765977006188,-16.799348294970823,,0.0,transition,-16.29390963113043,3.1429480293809218,0.4589339653862343,11.315871369294605,0.0,0.009854771784232365,1.907935684647303,0.00038526874596113935,0.3824090240475209,0.3824090240475209,0.41384479397180907,0.6000000000000001,-4.675723969260199,0.0,-18.902262546214125,0.0,0.00013808983432819013,0.10748456738877979,ok,False,0.00038526874596113935,0.0,0.0,0.0,0.0
10,2509,20.0,11.318950111853193,8.131528809617425,-0.2915723402751573,-9.704037104894802,-19.730944082611835,3.6878591797602436,1.1459375412693795,-0.2915723402751573,16.765146594388455,16.97465198523133,14.76684769329163,16.067244094106726,9.527158208211691,normal,15.301441161456513,transition,0.0,transition,10.2864375,5.0,-8.558099563625422,-17.151387112947774,0.0,0.0,-1.263493537902832,0.0,0.025780304240555652,0.10325406758448061,17885475523673020372.mp4,2.5795569696640612,provisional negative (user-reviewed thread),0.5523744766144213,f715b18206721fefdaf763d5de2f3f1c,normal,6.922112000150179,8.1,8.985532275057789,-16.173314364266766,-9.251202364116587,0,-25.84916768183138,-22.66777972773529,-19.027869404479453,-16.36196534503397,-13.71735983905607,-12.580035665966562,-11.017541773167054,/b/src/336291305/17885475523673020372.mp4,0.3603612780570984,8.132731737417867,-17.88972736605794,-15.784175813959349,2.105551552098591,-17.213852884898458,,0.0,transition,-14.941079883399414,5.467620019912537,0.47178790045203717,14.077439024390243,0.29298780487804876,2.0902439024390245,6.608536585365854,0.000378171572500005,0.20565547081241758,0.20565547081241758,0.3817060483006942,0.1,-9.660036371670875,0.0,-18.15166690753734,0.021875000000000002,0.0001849247581243658,0.016839077502197073,ok,False,0.000378171572500005,3.414634146341464,0.0,0.0,0.0
129,10252,,4.274940466337247,3.693941706674361,12.456073385284538,1.1514032287751257,-30.87704396626897,4.278005041171459,-3.7158903015006044,3.693941706674361,60.17215884241538,61.315308485603026,61.3371485984039,58.556302048586225,31.119521769098565,normal,17.316537114104346,transition,0.0,transition,129.637,8.700000000000001,-2.5644870727254787,-22.23420278210348,0.0,0.0,-13.020776748657227,0.0,0.03640915004349322,0.19899874843554444,17884679669892221599.mp4,8.64284118416549,provisional negative (user-reviewed thread),0.45363689017642705,7eee7a954d96cbce05e9958d38f73204,normal,6.143202263540992,0.30000000000000004,58.59790048331111,-27.472065432731256,-21.328863169190264,1,-38.989665355723,-30.957502496489383,-25.935913632418618,-23.121087745872856,-21.979457016488123,-21.304481591579208,-20.500549683967545,/b/src/336291305/17884679669892221599.mp4,-9.335150718688965,6.695579275201229,-33.2811204034485,-23.019767671721716,10.261352731726781,-27.5009563431433,,0.0,transition,-26.65168783279331,6.342570274040805,1.3626717262462744,0.013406635802469136,0.0,0.0,0.0,0.0003734583984189264,0.03598986495586724,0.13035079788314793,0.4367088588103874,0.25,1.2349184662751376,0.0,-36.489152650710345,0.0,8.106309889617407e-09,0.018214561654584675,ok,False,0.0003734583984189264,0.0,0.0,0.0,0.0
10,4113,30.0,-4.331565709190473,12.859134354842944,4.61436785607856,-4.510749924277276,-20.41940731496546,3.2925459735441205,2.1202219104307005,-4.331565709190473,29.707120817031008,28.107363058814318,31.587345182903324,28.256957382758493,17.453711719748455,normal,16.495116992411553,transition,0.0,transition,10.005375,3.85,-2.390528013846575,-17.44275525267693,0.0,0.0,-4.915520668029785,0.0,0.025889413410866088,0.240613266583229,17885385269862635309.mp4,2.976652062288533,provisional negative (user-reviewed thread),0.39503083043817844,0d6fc845eb3dd87332a9cab7602f9e3e,normal,3.8233688386438995,0.1,10.949388231937544,-19.763267844278694,-15.939899005634794,0,-36.53560415541691,-26.83527897591401,-19.826209759118385,-17.002573465805654,-15.366844498433212,-15.008904290304224,-14.24804779647259,/b/src/336291305/17885385269862635309.mp4,-3.4628355503082275,5.815495942135316,-21.00755971848885,-18.97700243464085,2.030557283848001,-20.92146485476874,,0.0,transition,-19.95795254271978,4.881528660376513,0.6097786716792406,3.6934375,0.0,0.0303125,0.7171875,0.0003715050990617102,0.1625078820595851,0.36167431319387777,0.4684990316822972,0.1,-5.497537865629162,0.0,-18.575744323188758,0.0,0.00015076565080050124,0.016955550940669858,ok,False,0.0003715050990617102,0.0,0.0,0.0,0.0
6,1613,,1.2030163134639906,4.08809559265033,-0.08228638342513461,-19.657099512713756,-18.466204309987543,0.7305325971798009,0.08859511976450207,-0.08228638342513461,6.523822130701994,5.049224259224797,5.319197710430121,8.862617623617481,4.858207264838086,normal,10.268099092712593,transition,0.0,loud-start,6.8963125,3.95,-19.568504392949254,-17.868291517874233,0.0,0.0,-4.570797920227051,0.0,0.000575556536580051,0.03504380475594493,17885113262680127342.mp4,0.5979127921133092,provisional negative (user-reviewed thread),0.45718257986851657,a77420e540aa89def646ec3537af5674,normal,0.9971370693353716,0.1,2.8127823405411156,-13.631101453659753,-12.633964384324381,0,-20.571304445983348,-19.84734857910811,-18.726827971100633,-17.781910028873572,-16.975465732996213,-16.62415942049693,-16.015561820493016,/b/src/336291305/17885113262680127342.mp4,-3.5272531509399414,3.1216031165416744,-13.470905359400508,-13.964786212619979,-0.49388085321947095,-13.667232661226134,,0.0,loud-start,-13.795352243652534,2.0,0.2989563960566546,25.61222627737226,0.0,0.11678832116788322,5.601277372262774,0.0003132334493222064,0.0634553902233211,0.0634553902233211,0.30498757430025364,0.4,-19.38396766371845,0.0,-17.096936081972586,0.0,0.0003132334493222064,0.0004408878536076591,ok,False,0.00012779388782273505,0.0,0.0,0.0,0.0
8,1271,,2.691779735705235,0.44023756687315085,1.8529051259438676,-6.041416454979474,-17.227865460105402,0.6751473761959055,0.9520957760737687,0.44023756687315085,5.642722847623865,4.1808212331932495,4.727756352057682,5.5984935919411605,2.1133068179757295,normal,11.322129814816051,transition,0.0,transition,8.8,4.4,-5.089320678905706,-15.955265730336851,0.0,0.0,-4.936871528625488,0.0,0.14186690936317253,0.17459324155193992,17885466753003986885.webm,1.272599729768551,provisional negative (user-reviewed thread),0.3881373983556971,ffcc3447c7828413c68bb224894fde04,normal,2.1967493591895213,0.1,3.9375014713688508,-16.11306559054953,-13.91631623136001,0,-18.69681316807965,-17.836756161779856,-16.96839110135753,-16.321351764722174,-15.947622258641085,-15.770135779596302,-15.453213329197371,/b/src/336291305/17885466753003986885.webm,-4.654078960418701,2.050707014622814,-16.52856455920142,-15.825911261766006,0.7026532974354147,-16.06864312239614,,0.0,transition,-15.976208775234753,2.0,0.6362998648842755,11.60546875,0.0,0.05610795454545455,2.4076704545454546,0.0003039058955995429,0.06388356020810332,0.30719193351969276,0.2544763054761012,0.9,-7.436625099036949,0.0,-17.500167548418887,0.0,0.00029084537417677764,0.08199838827268272,ok,False,0.0003039058955995429,0.0,0.0,0.0,0.0
5,1948,180.0,1.2547307047589236,2.811746118650012,19.681495027957993,-12.217820636602115,-21.840858731251032,6.736639816666524,1.8236823637582145,1.2547307047589236,28.382379100077255,17.21525363051677,29.5752822663746,27.77642827336847,9.909425653160653,normal,17.690975810787783,transition,0.0,transition,5.8514375,4.800000000000001,-10.3941382728439,-18.61268238068571,0.0,0.0,-4.626167297363281,0.0,0.0005245679537807682,0.09762202753441802,17885162999263250700.mp4,3.228176350565324,provisional negative (user-reviewed thread),0.5361973223033856,0884655624f7ed703ea06cc90642b59c,normal,9.713050161432554,4.1000000000000005,13.423730744017202,-20.78462750187161,-11.071577340439058,1,-35.57243700746809,-27.592587142076106,-21.47434663270421,-17.237218734688913,-14.650785072609285,-13.090695955771515,-9.671301736687834,/b/src/336291305/17885162999263250700.mp4,-0.5529034733772278,12.841597142439118,-21.295558691907093,-18.244935933318487,3.050622758588606,-21.01044476727655,,0.0,transition,-18.24387928416501,9.987742192189788,0.32321382435058166,5.573717948717949,0.10950854700854701,0.6127136752136753,2.0251068376068373,0.00030245281443116073,0.24288802239392168,0.38557834955175285,0.574548295191226,0.4,-10.383879967700182,0.0,-19.262752410050958,0.0,9.750843704233207e-05,0.0009229411300737676,ok,False,0.00030245281443116073,2.564102564102564,0.0,0.0,0.8547008547008548
31,9400,10.0,19.60776771846308,26.334540627234293,30.43921780138939,-8.856596297487041,-56.09462676122598,0.6831840271791343,-2.762489170782512,19.60776771846308,30.030481017821117,29.096218781699466,29.90684896967164,30.16280371071745,15.922428201013162,normal,22.81378539606733,transition,0.0,transition,31.575,1.1,-11.619085468269553,-28.86293115895051,0.0,0.0,-19.287647247314453,0.0,0.0018680996529284355,0.09230287859824782,17885467484691055317.webm,27.231695602275472,provisional negative (user-reviewed thread),0.5447840237619621,016ec4cf35cca9828c1baf37da0c6108,normal,13.275512066271052,1.1,27.743750459396995,-38.3497636071007,-25.074251540829646,1,-56.90726912061643,-47.55320141949719,-39.33727373742241,-34.39859240939217,-31.62871560759409,-30.10449441229642,-27.33641795026109,/b/src/336291305/17885467484691055317.webm,-13.028568267822266,15.645102924212939,-54.89827313858363,-28.452872765682592,26.44540037290104,-40.06264461846192,,0.0,transition,-35.8423536638896,2.0,13.615847801137736,0.0,0.0,0.0,0.0,0.00025708979658252906,0.18973939176948812,0.3805179054270367,0.6785593111247191,1.0,-11.619085468269553,0.0,-40.369305313904555,0.0,8.849568132847343e-10,0.003633093693818752,ok,False,0.00025708979658252906,0.0,0.0,0.0,0.0
4,566,,9.940366147719955,8.282240875566599,0.8834466875903519,-9.692254438752427,-21.638326335449953,3.9078077806507405,1.4482241917124714,0.8834466875903519,67.33609089192286,64.32684780933907,68.21512943000202,70.310953639851,34.41942811953713,normal,13.063551460451642,transition,0.0,transition,4.4118125,1.2000000000000002,-8.244030247039955,-18.816181194675302,0.0,0.0,-6.215935707092285,0.0,0.005535627660070078,0.13266583229036294,17885221249340263227.mp4,2.8221451407746514,provisional negative (user-reviewed thread),0.5445057251893185,b62fd373fb288ebc3a83d86acf0fa4d2,normal,2.7860921666232166,0.1,67.02155112121453,-19.128861651594676,-16.34276948497146,1,-23.980586231168704,-20.299509145197156,-18.551012521252286,-17.83530307060756,-17.198926474705104,-16.95286880306057,-16.57355565677455,/b/src/336291305/17885221249340263227.mp4,-6.193881034851074,2.4939597522562664,-21.43898352746761,-19.66297793553794,1.7760055919296711,-19.048896590928308,,0.0,transition,-19.257432495302716,5.793715815592788,0.4871045164450997,2.4254261363636362,0.0,0.0,0.07670454545454546,0.00024373712090804839,0.23702942616600384,0.28273609774529274,0.38616445583471964,0.65,-7.839217765428614,0.0,-18.592903775090384,0.0,0.00014437317114391856,0.005481073616520633,ok,False,0.00024373712090804839,0.0,0.0,0.0,0.0
2,3421,90.0,-1.367880585932383,14.816001222501532,12.110655791581468,-8.369755679388296,-32.60596524167155,7.402174720495545,-3.6338488737641423,-1.367880585932383,42.54082426137641,25.823383543000837,20.99305122218628,22.94219860436946,24.755527486233156,normal,15.996980435303094,transition,0.0,transition,2.432,1.6500000000000001,-12.003604553152439,-24.28535174539993,0.0,0.0,-11.997236251831055,0.0,0.003331322072763757,0.07008760951188986,17885522212550089879.mp4,8.32061349627162,provisional negative (user-reviewed thread),0.550607596529498,16190339736f86e1dc606cc5d344ca4d,normal,14.467211572939448,0.7000000000000001,16.212838267282013,-32.266757672899004,-17.799546099959556,2,-41.148341816268946,-38.44097320803806,-32.60115938782708,-23.948450313989124,-20.761744542906815,-18.547159688687337,-17.612851655246928,/b/src/336291305/17885522212550089879.mp4,-9.620620727539062,15.118265750859482,-32.492896012852725,-23.85618946831461,8.636706544538114,-32.57296344208112,,0.0,transition,-25.617601162842156,10.974464240606693,0.7581794713480826,0.23307291666666669,0.0,0.0,0.0,0.0002107274883353555,0.26818174196103806,0.49186600690982357,0.5801760305772052,0.6000000000000001,-5.296286240786941,0.0,-29.753576533085322,0.0,3.2150559289894836e-07,0.013367664220493326,ok,False,0.0002107274883353555,0.0,0.0,0.0,0.0
10,9380,,8.700527693434987,7.28490993845109,0.38192770393481457,-10.123903564833276,-21.258035860769454,2.2325293722735697,1.3603794542195207,0.38192770393481457,11.351426681873129,11.031101181339476,10.65918932157642,6.949216401880378,6.935732225965644,normal,9.839637773781309,transition,0.0,transition,10.6565,7.8500000000000005,-8.763524110613755,-19.26877229694245,0.0,0.0,-8.572351455688477,0.0,0.026409845709183106,0.09574468085106383,17885011056550945643.mp4,1.9892635638270022,provisional negative (user-reviewed thread),0.47872484031467133,4dadcc0fa0fd538b9ab0261e630921a2,normal,6.8426137928867625,5.1000000000000005,8.192728167676606,-20.397569372738076,-13.554955579851313,0,-24.39809647103261,-22.723851785537114,-20.908110993742927,-18.550770140778045,-15.284306561979756,-14.955441908417837,-14.678605693395154,/b/src/336291305/17885011056550945643.mp4,-8.391033172607422,6.640037483436458,-21.827651258347167,-18.766644101615118,3.0610071567320496,-20.688446881579182,,0.0,transition,-18.23067094638873,3.3099480473327945,0.6009954039701562,7.130281690140845,0.0,0.0,0.03051643192488263,0.00016663551021058655,0.29102265873413824,0.391775200997811,0.41313441340449486,0.45,-6.859610512508478,0.0,-20.059638777520863,0.0,6.935563974267714e-05,0.046824982035936685,ok,False,0.00016663551021058655,0.0,0.0,0.0,0.0
130,15615,80.0,-8.9242282743636,6.698907187127326,-17.45199677787839,-17.413499218518943,-25.495483728055213,2.542600860067415,-1.9642729495480182,-17.45199677787839,62.84175447581877,68.05693094029718,68.71507034657867,64.82235298230634,34.75414407200292,normal,10.521753024082656,transition,0.0,transition,130.738625,3.4000000000000004,-19.37777216806696,-21.567695611278918,0.0,0.0,-11.338743209838867,0.0,0.0031361707055942854,0.026282853566958697,17885485243610675746.webm,3.927788116776295,provisional negative (user-reviewed thread),0.5761214396731589,82a1848b8459a8452cba25d0e6cbbd7b,normal,3.8784862174039567,0.5,73.19364932814187,-20.000043734774984,-16.121557517371027,1,-24.890659575860017,-23.670963224242126,-22.445776604374167,-21.553493381532647,-20.809505758096265,-20.391650412892925,-19.574002267535537,/b/src/336291305/17885485243610675746.webm,-9.509720802307129,4.4239541249637355,-19.546754759155974,-19.02987435670661,0.5168804024493632,-20.04148605561511,,0.0,transition,-20.031473826389785,3.769660035135949,1.041947570912623,0.13439651874521807,0.0,0.0,0.0,0.00015772502916538714,0.45703275007608124,0.45703275007608124,0.4066764752488512,0.7000000000000001,-21.671736383733112,0.0,-25.085413763366148,0.0,3.887971214082054e-06,0.0010549434177485177,ok,False,0.00015772502916538714,0.0,0.0,0.0,0.0
52,4032,220.0,9.056787541719231,-0.023191789371537652,12.058057685919483,-13.769101336600642,-30.87961491534399,3.5583902255388526,2.1718309003536014,-0.023191789371537652,20.598256803142935,16.773915312690647,19.52930905217094,17.389907958671962,9.5726511081604,normal,29.23073340189774,transition,0.0,transition,52.5003125,9.65,-11.59727043624704,-23.758647090852826,0.0,0.0,-12.401744842529297,0.0,0.0007320983486651366,0.07133917396745931,17885016836681835546.mp4,7.120967824491164,provisional negative (user-reviewed thread),0.5508367818084029,cf419835aedc1df40966d0496a4ddb6c,normal,11.331591194272129,1.2000000000000002,16.039406111714683,-29.660008300932333,-18.328417106660204,1,-37.17357906862609,-33.984204173227354,-30.526960811209598,-27.04291050243412,-24.252217347266626,-23.177046326801605,-21.161209509390005,/b/src/336291305/17885016836681835546.mp4,1.625365138053894,17.486290189492124,-30.173305749711588,-23.315243697620772,6.8580620520908155,-29.832515345032128,,0.0,transition,-27.605368263843847,5.275669348383903,1.3497752331033657,0.03958333333333333,0.00505952380952381,0.01130952380952381,0.02095238095238095,0.00015461182452811874,0.1540168007178146,0.4693287322592919,0.6818205378758153,0.1,-4.797556244717164,0.0,-40.01819294579607,0.0,1.1905270843820632e-09,0.040999058955854185,ok,False,0.00015461182452811874,0.0,0.0,0.0,0.0
19,1319,30.0,24.783571140658907,7.499390571573384,24.354230411405894,-15.32283197390876,-41.522861031699904,2.37858328679415,9.285684251822897,7.499390571573384,58.623979968929476,58.177577164199434,57.43873428498179,55.318308697561086,30.74048926310644,normal,12.107687067966317,transition,0.0,transition,19.040375,15.700000000000001,-6.037147722085865,-28.304483212974638,0.0,0.0,-19.11224365234375,0.0,0.012761489617399919,0.15394242803504382,17885508655270690588.mp4,13.218377818725266,provisional negative (user-reviewed thread),0.5174841147146764,52d21c354eb19ac3f6d318fe8b90a0db,normal,5.216156857374639,0.1,10.670160194509005,-30.67162841695069,-25.45547155957605,0,-43.11758378220479,-35.001553210066426,-30.951961876946662,-28.7477066797362,-27.49205097634556,-27.025146904075626,-26.01922789569631,/b/src/336291305/17885508655270690588.mp4,-18.415302276611328,6.219172979154557,-40.41373864115743,-28.490722247179882,11.923016393977548,-30.99657962198526,,0.0,transition,-30.522989344577645,3.526487581001007,3.7483125957792764,0.0,0.0,0.0,0.0,0.00014160613646948744,0.19722566054800872,0.28707466683596294,0.6350446861158645,0.1,-7.428277294031534,0.0,-29.965799070118024,0.0,2.808751833725715e-07,0.010534428851351236,ok,False,0.00014160613646948744,0.0,0.0,0.0,0.0
33,4788,10.0,2.5132005148779015,4.4737680534645445,1.248622176737772,-11.823750977279921,-37.05010241218481,2.1074060512440767,-11.629319251066491,1.248622176737772,62.436067789095006,52.13708769571455,59.36451388050856,61.12380110897789,32.74445297361113,normal,16.20923865395161,transition,0.0,transition,33.5993125,29.700000000000003,-23.453070228346412,-26.758368562123547,0.0,0.0,-12.441749572753906,0.0,0.0015012681081130281,0.023779724655819776,17885113569762459885.mp4,10.291733850061267,provisional negative (user-reviewed thread),0.5040656240232626,05cd468a6e17e6a14f0a96851dad7ae7,normal,16.641141596395116,0.1,49.92478886413288,-33.15211861395102,-16.510977017555902,2,-38.92989619043004,-37.16820377803886,-34.86462741217997,-31.48659239118735,-26.27493808768652,-24.438704425442324,-22.926698301265976,/b/src/336291305/17885113569762459885.mp4,-10.425922393798828,12.572076019509996,-35.28907200480022,-24.017915301301517,11.2711567034987,-33.44596353126985,,0.0,transition,-26.635161047750437,3.124440211574468,3.2939448839301217,0.03464977645305514,0.0,0.0,0.0,0.00011671529209181738,0.07481360749135942,0.4122886058167363,0.2705361423688196,0.7000000000000001,-18.84056780241767,0.0,-30.750229418138566,0.0,1.7369424132474449e-07,0.005397606809761198,ok,False,0.00011671529209181738,0.0,0.0,0.0,0.0
12,572,,7.737841227043628,0.8778719232051042,4.429801833855507,-11.988793483825917,-24.632773526991016,2.221788154413632,1.8919377271562965,0.8778719232051042,54.29185801814976,49.65683512902734,50.9474732591974,52.095555827038325,27.14766844302099,normal,14.659526465067607,transition,0.0,transition,12.5013125,10.350000000000001,-10.09685575666962,-21.108743193846472,0.0,0.0,-8.210317611694336,0.0,0.04681042599039143,0.08823529411764706,17884625465790438383.mp4,3.5240303331445446,provisional negative (user-reviewed thread),0.40952298144449784,29aa1b9ee14aa66051e0a8a67dcdd42a,normal,8.71393469817268,0.1,54.42577458532668,-24.56942755215919,-15.85549285398651,1,-31.651793247866422,-29.76673781981135,-27.723266745043855,-23.636997921175123,-21.355720603851,-19.59884532041031,-18.642995337593415,/b/src/336291305/17884625465790438383.mp4,-7.351074695587158,9.272916567065185,-24.16590553877734,-18.569874769643228,5.596030769134114,-24.550436541882537,,0.0,transition,-22.010601160654765,3.294023117733651,1.0698256227081804,0.89625,0.0,0.0,0.01175,0.00011598052065166485,0.0834504750419014,0.1533639539695543,0.45903688104463786,0.9,-13.92870057627902,0.0,-30.116648791132782,0.0,2.4792318097991024e-07,0.006526489466251971,ok,False,0.00011598052065166485,0.0,0.0,0.0,0.0
8,673,50.0,18.05354367360406,5.615254234545563,23.658408005091758,-8.393455602978767,-45.06194298630355,5.124302592850327,2.3270310621203585,5.615254234545563,33.358548079476215,29.731008370505926,28.3092816304343,35.33977332629704,18.441441555453984,normal,21.351379066035577,transition,0.0,transition,8.0573125,2.95,-6.066424540858408,-30.395255868305153,0.0,0.0,-13.461421966552734,0.0,0.007367840311509941,0.16739674593241552,17885339537270550076.mp4,14.666687117998396,provisional negative (user-reviewed thread),0.4760075245261778,492ca4f81835e190643c9d89fc97710c,normal,18.43910383700854,2.0,17.776210457478225,-41.7202239496885,-23.281120112679965,2,-56.00019712115932,-49.94747197753122,-43.13026347804816,-34.76239448634519,-30.39765459713863,-28.001219203973278,-24.690369323520667,/b/src/336291305/17885339537270550076.mp4,-13.461421966552734,20.776592937639712,-44.62499134765735,-30.893226363157677,13.731764984499673,-43.283848171902015,,0.0,transition,-34.81280103258831,7.597291024159895,1.930515373355759,0.0,0.0,0.0,0.0,9.202584817734193e-05,0.27375992370660546,0.4760075245261778,0.7179041765474217,0.0,-9.273586530512647,0.0,-47.88391259772524,0.0,1.4344005862895018e-11,0.0013998256495191225,ok,False,9.202584817734193e-05,0.0,0.0,0.0,0.0
12,24187,,4.2665800829025535,4.704603226803096,0.5251253875742566,-9.408843030860222,-24.841710065923245,0.8557219407751582,-3.2294906943582173,0.5251253875742566,6.390210631653087,5.686991729448586,5.008905345588346,4.425918935563995,3.455547870060215,normal,6.554002711557082,transition,0.0,transition,12.9320625,2.6500000000000004,-12.63833372521844,-21.59996637752966,0.0,0.0,-12.691117286682129,0.0,0.017727975477134505,0.05944931163954943,17885501936261238337.mp4,3.2417436883935835,provisional negative (user-reviewed thread),0.42859348779508244,4370062ad2a254411829c07ec140efda,normal,1.8177261228629007,2.5,7.629978356728088,-18.29847738162271,-16.48075125875981,0,-24.870461065938464,-23.95489192086048,-22.938048976712082,-21.593524261208472,-20.913528520318522,-20.664329341329612,-20.170258157263365,/b/src/336291305/17885501936261238337.mp4,-12.004755020141602,2.8490046474627277,-24.665288545361243,-18.974981372061087,5.690307173300155,-18.401986401484397,,0.0,transition,-18.558757731698684,2.0,1.6208718441967918,0.0,0.0,0.0,0.0,9.021681346470975e-05,0.10365477046562444,0.10482421891755053,0.5073804813244208,0.65,-9.974055364505187,0.0,-24.711033233935158,0.0,5.017726896851268e-06,0.017171042484666867,ok,False,9.021681346470975e-05,0.0,0.0,0.0,0.0
8,1084,20.0,-2.775162753077595,-0.0813948799059605,-1.798900771603499,-11.978721623369182,-38.49288961834294,0.8483269405654177,7.296366907569396,-2.775162753077595,28.468673935804407,30.15269371536295,27.016081477591634,29.797103453423425,15.898448026010406,normal,20.230182739816872,transition,0.0,transition,8.9396875,1.5,-4.682354715799786,-28.459402316143194,0.0,0.01875,-0.6864560842514038,0.2,0.017015353395429263,0.18147684605757197,17885458992433135555.mp4,10.033487302199749,provisional negative (user-reviewed thread),0.37484127211088836,d61c0d3225f5bbffc669d0c1f867c87d,normal,27.23073557415767,1.6,25.61270443507502,-36.21256163162617,-8.981826057468501,2,-41.191223978691426,-39.362543329235386,-37.35433301675623,-23.761787844771014,-14.963964557637262,-11.68606788249611,-9.264718063808802,/b/src/336291305/17885458992433135555.mp4,-0.6864560842514038,29.100831969901556,-37.220764582267094,-29.502074381490893,7.7186902007762015,-36.60403125798483,,0.0,transition,-20.916638824068276,2.0,5.016743651099874,3.2201544943820224,0.14325842696629212,0.682935393258427,1.6825842696629214,7.172003259487745e-05,0.2372002611515776,0.2372002611515776,0.5934927246543567,0.2,-11.60280006240967,0.0,-38.457774271471806,0.0,2.5495131262976565e-09,0.007978194373388302,ok,False,7.172003259487745e-05,6.179775280898876,0.0,0.0,1.1235955056179776
24,2670,50.0,0.34497273028307873,0.6559551715914296,0.03184233528193836,-9.395949005391659,-25.876838422545198,1.7083245479198474,-0.33093881762991195,0.03184233528193836,66.80587011343748,55.5218842526839,68.23000545332309,69.28226004053313,31.615114539763603,normal,14.642933591863653,transition,0.0,transition,24.5899375,7.95,-9.72688782302157,-22.712944673196002,0.0,0.0,-11.517163276672363,0.0,0.00798376617586983,0.08760951188986232,17885113964663932339.mp4,3.163893749349196,provisional negative (user-reviewed thread),0.48181900278529144,9d1dae2ffea2babd8b5d636b93a9cc8a,normal,4.334119270960279,0.2,42.60871136774695,-23.970750455907627,-19.636631184947348,1,-28.157601642740328,-26.51141109022123,-24.714950889047298,-23.19791487442968,-22.106177285954065,-21.458067829881422,-20.664761374539875,/b/src/336291305/17885113964663932339.mp4,-9.179878234863281,4.947579263706032,-24.9981556393466,-22.064459973482045,2.9336956658645548,-24.225958956532292,,0.0,transition,-23.822811826726934,2.5327619747459655,1.249187164406372,0.06670061099796334,0.0,0.0,0.0,6.958880492268371e-05,0.2353163732602359,0.43715697931275205,0.5033791081335022,0.8,-10.957527701538869,0.0,-23.380745628316383,0.0,1.016955441321853e-05,0.00527046367975058,ok,False,6.958880492268371e-05,0.0,0.0,0.0,0.0
12,2710,10.0,-9.772007860732415,-16.89986226220436,-8.938130964475242,-4.482951599350388,-44.867894523223725,3.814195430708832,-0.8750466096420908,-16.89986226220436,44.469069109825476,22.11820285580373,28.56695509212988,28.02236493862803,13.724298963150709,normal,21.829074940311855,transition,0.0,transition,12.70275,11.9,-5.357998208992479,-30.986356024382545,0.0,0.0,-19.521635055541992,0.0,0.0004582664116757053,0.17146433041301629,17885444468880050947.mp4,13.88153849884118,provisional negative (user-reviewed thread),0.5024257693789932,077e3de8f76c21731cd89697352fa199,normal,17.76177275223161,0.1,24.4689020174947,-47.96131716198549,-30.19954440975388,2,-64.76423531225825,-60.87483158192576,-48.67271753415475,-42.07022111798213,-36.029867499496554,-32.06298278001429,-29.613103376181535,/b/src/336291305/17885444468880050947.mp4,-19.521635055541992,20.77410566712646,-45.930420542587946,-31.88909127975109,14.041329262836857,-49.340801296076854,,0.0,transition,-41.35070999585385,5.654926145568914,2.454769194416177,0.0,0.0,0.0,0.0,6.651376787715984e-05,0.27654332999192105,0.27654332999192105,0.6001897061455049,0.8,0.1814593504906531,0.0,-46.902270146470826,0.0,2.6654952054362367e-11,0.024749330834380166,ok,False,6.651376787715984e-05,0.0,0.0,0.0,0.0
14,2801,20.0,10.390059944258217,-1.1036062022087627,3.581504028206992,-4.474052681525754,-34.21263616399457,3.336880878626804,-2.8363911180903276,-1.1036062022087627,26.3014447934381,19.489735427657784,18.299037801134922,34.43955342283736,10.335466915085675,normal,21.942956824864005,transition,0.0,transition,14.8143125,11.5,-7.310443799616082,-26.60376284955328,0.0,0.0,-14.929800033569336,0.0,0.040884944738090026,0.142991239048811,17885452076890814594.mp4,7.608873314441286,provisional negative (user-reviewed thread),0.501293473036957,683564be96dcf8d396b2a948a2205595,normal,14.0370211555608,0.6000000000000001,23.055876258440755,-33.75688223360969,-19.719861078048886,2,-47.24887779540449,-39.591367937040246,-36.0015619150344,-29.98815926523507,-27.165798772061027,-26.04390655690153,-22.176440116997103,/b/src/336291305/17885452076890814594.mp4,-9.417292594909668,17.371322231642687,-33.7885307374157,-27.089366094708552,6.699164642707146,-34.07575382773683,,0.0,transition,-31.360249419773673,4.9472595906520995,1.5379975873548934,0.016891891891891893,0.0,0.0,0.0,5.9783491455930774e-05,0.07885522695289761,0.2767896043907268,0.48863180361895964,0.55,-8.646706827509803,0.0,-33.73606366043918,0.0,3.4971415147973545e-08,0.010057223401326518,ok,False,5.9783491455930774e-05,0.0,0.0,0.0,0.0
9,307,130.0,0.20774596639022747,2.980240255755403,3.5766500595690927,-15.64245076418402,-30.88077753926298,1.262495404373455,-0.16752331241142393,0.20774596639022747,59.29890520422701,48.64630888923543,59.79681189113793,60.36129960829778,29.34507296198084,normal,16.503584801478137,transition,0.0,transition,9.589875,5.300000000000001,-15.809974076595443,-25.288620478648085,0.0,0.0,-12.581191062927246,0.0,0.002030205099501212,0.046620775969962454,17885458130042358591.mp4,5.592157060614895,provisional negative (user-reviewed thread),0.41514305078155694,653d74fed09c14af40ae981b791e0cf2,normal,7.524713275949075,0.1,57.01958392511012,-28.584484261181174,-21.0597709852321,1,-32.31088087867465,-31.30902850237223,-29.909980991627975,-27.0962839350723,-25.203620023487893,-24.34825947263889,-22.800382655975937,/b/src/336291305/17885458130042358591.mp4,-10.600176811218262,11.131881859429637,-28.99996890080576,-24.02663882416057,4.9733300766451904,-28.558439979180797,,0.0,transition,-27.1037616126964,2.0,2.7960785303074474,0.011125654450261781,0.0,0.0,0.0,5.2845630608339046e-05,0.10843196977182347,0.2214309983622165,0.4464099336559481,0.30000000000000004,-14.749513599933842,0.0,-30.122280844220093,0.0,2.457420503131251e-07,0.003928111395818343,ok,False,5.2845630608339046e-05,0.0,0.0,0.0,0.0
2,1457,,-4.086201859915193,2.7215434783098047,2.5083139375764505,-6.670353516632629,-22.053632573929864,1.5157224416685118,-2.719583654411922,-4.086201859915193,10.479701991335247,11.872819532387123,14.347650271922312,7.486127897313104,8.156711249979498,normal,11.678804538265407,transition,0.0,transition,7.082125,1.1,-9.38993717104455,-21.512252771127397,0.0,0.0,-9.743143081665039,0.0,0.023052199482554846,0.10200250312891114,17885475522751350905.mp4,0.5413798028024672,provisional negative (user-reviewed thread),0.47104412415578717,6706afc75ba7fd189c801580e1069456,normal,7.043808389756478,0.2,9.161068727909553,-22.329107957243576,-15.285299567487098,0,-26.48670596134451,-24.59937088877589,-22.761292552882747,-20.71919553001518,-17.24801283408378,-16.757838063010592,-16.15438384374657,/b/src/336291305/17885475522751350905.mp4,-8.441883087158203,7.377606976678459,-21.658377285891973,-20.866529912206627,0.7918473736853464,-22.465448634980206,,0.0,transition,-20.12068762542361,2.2472100920177356,0.24091196667614223,2.6923758865248226,0.0,0.0,0.010638297872340425,3.6449006313366865e-05,0.09815586918804171,0.35477053545096887,0.41471599816495014,0.65,-6.909391732770123,0.0,-21.48429127160652,0.0,3.140592753699688e-05,0.04057012601087856,ok,False,3.6449006313366865e-05,0.0,0.0,0.0,0.0
58,3211,10.0,18.777467894398782,16.018892670932797,20.873939525336567,-6.862436022193348,-51.85156774896677,7.9548511548393215,0.047767143507446264,16.018892670932797,32.57317960952608,23.79042486698748,28.868644643455355,30.739684370433714,16.121388012362836,normal,18.833043729272667,transition,0.0,transition,58.5375,35.35,-6.814668878685902,-33.51590018575404,0.0,0.0,-21.508193969726562,0.0,0.02172413081656642,0.13078848560700876,17884626302380118409.mp4,18.33566756321273,provisional negative (user-reviewed thread),0.4894624475221651,6180c1c641964cb1dcb295dd92f005b2,normal,12.866428034292735,12.8,28.794418922507276,-42.763616301084966,-29.89718826679223,1,-59.665481495226054,-54.38758660092843,-43.40538810892653,-37.229196035414134,-33.53068837116227,-32.18875076107389,-30.608297843419656,/b/src/336291305/17884626302380118409.mp4,-19.780595779418945,13.815309684176313,-52.114076449275615,-34.877270541544625,17.23680590773099,-43.693426167676385,,0.0,transition,-38.61363950869161,11.793862322164777,1.5546787865035208,0.0,0.0,0.0,0.0,3.522586249455747e-05,0.11676652342953962,0.32999567577779615,0.3545516979872377,0.9,-9.420762659111233,0.0,-33.00773237313589,0.0,5.1910897161652126e-08,0.010022787410722094,ok,False,3.522586249455747e-05,0.0,0.0,0.0,0.0
261,22340,10.0,20.85684025808986,41.37341627292283,47.31251999040972,-4.51502927377171,-52.31767082148853,15.42599972963313,-2.8209370055881893,20.85684025808986,57.75565582960317,57.45879724877216,57.9078758696289,57.9078758696289,29.504252532328493,normal,20.27119587020895,transition,0.0,transition,261.2266875,44.800000000000004,-7.3359662793599,-34.967509401874565,0.0,0.0,-21.353660583496094,0.0,0.00786730412976306,0.11952440550688362,17885405815230175980.mp4,17.35016141961396,provisional negative (user-reviewed thread),0.6003350161144541,68e85e2fa929a090a5477d42a387266f,normal,9.439913598573327,175.8,57.65001786147542,-40.25139403507669,-30.811480436503366,1,-85.07173722466972,-55.02971657897736,-40.868257901863615,-36.92704004869305,-34.95994718875892,-33.990312071370454,-32.515665242980916,/b/src/336291305/17885405815230175980.mp4,-18.95799446105957,11.445682288752153,-53.855376041696914,-34.989021529018274,18.86635451267864,-41.11275135158118,,0.0,transition,-39.22919033126852,22.870587199154077,0.7586233474694387,0.0,0.0,0.0,0.0,2.462386613875648e-05,0.31452799209367616,0.35307678349560817,0.6684026947925235,0.15000000000000002,-4.363450948985378,0.0,-36.60319170792833,0.0,7.441923631197553e-09,0.011329037897135387,ok,False,2.462386613875648e-05,0.0,0.0,0.0,0.0
15,1813,10.0,2.791772185621266,-0.5140365281191626,8.740189991966448,-17.03864774590413,-29.315927146065604,0.9713727171051385,2.101885642525559,-0.5140365281191626,6.0286165059294206,6.783605951713248,5.4980760217502045,5.839251332303913,7.466848485333728,normal,12.971999804971517,transition,0.0,transition,15.68,11.05,-14.93676210337857,-26.831432545592676,0.0,0.0,-13.955950736999512,0.0,0.009493640544297329,0.04192740926157697,17885421609170171414.webm,2.484494600472928,provisional negative (user-reviewed thread),0.3322351825441882,08a82d2c9d3a8aebae26cd59b6e4b82a,normal,3.1094222736865404,6.2,6.523998075232193,-26.44699533126264,-23.3375730575761,0,-34.27953894752326,-32.85045764855309,-30.46831116505959,-29.10573708094277,-27.63237350019319,-26.943410849645634,-26.17658670099041,/b/src/336291305/17885421609170171414.webm,-13.955950736999512,5.270527101689041,-25.403586087278825,-23.511406342213967,1.8921797450648583,-26.654045123163854,,0.0,transition,-26.92795054197103,2.0,1.242247300236464,0.0,0.0,0.0,0.0,1.0343579202005833e-05,0.04779782948938451,0.06293093165047507,0.23888905544533512,1.0,-7.2277864949354775,0.0,-34.4832411138284,0.0,2.3093973115839177e-08,0.0003144448277451075,ok,False,1.0343579202005833e-05,0.0,0.0,0.0,0.0
6,1616,20.0,-5.341712201599336,4.24460576929333,-0.35614410915076533,-19.970959493502193,-33.04701771547045,1.7984693059910093,-1.4902194696835132,-5.341712201599336,5.612098242102132,6.596368174077124,6.102446945943857,4.937123094430547,7.181906072177242,normal,13.587937638916674,transition,0.0,transition,6.106875,4.3500000000000005,-21.461178963185706,-31.12505956841045,0.0,0.0,-17.42252540588379,0.0,0.0004431697876022874,0.025657071339173967,17885458992092730820.mp4,1.9219581470600033,provisional negative (user-reviewed thread),0.4075675997055908,84cd860bbf7142288a666e2fd79f0ad7,normal,3.322280531269424,4.6000000000000005,3.542938113230271,-30.848396709017408,-27.526116177747983,0,-35.551923018766146,-33.808912906014385,-32.37721763118237,-31.02236028381469,-30.10276217365383,-29.144223142523312,-28.456252720010063,/b/src/336291305/17885458992092730820.mp4,-17.276704788208008,4.108798626779905,-31.783300092790814,-29.984113324476482,1.7991867683143319,-31.217025568392003,,0.0,transition,-30.864642427124682,2.6664105930622704,0.7208035221809962,0.0,0.0,0.0,0.0,2.4063334953295854e-06,0.29818485897647273,0.29818485897647273,0.18826135861234347,0.05,-22.23589061113374,0.0,-31.368313598201993,0.0,1.225946295858701e-07,0.0002448896099581198,ok,False,2.4063334953295854e-06,0.0,0.0,0.0,0.0
5,2895,10.0,-0.4235296844827907,0.205885276453599,-0.32359988817818675,-7.04822491509014,-41.68519213678721,1.3580507163849163,-1.711079866006898,-0.4235296844827907,8.19876756401574,19.334373761160336,16.26395533865658,9.618569519263374,18.729423984525745,normal,20.452612171192165,transition,0.0,loud-start,5.108375,4.3500000000000005,-8.759304781097038,-40.600650734228,0.0,0.0,-22.960309982299805,0.0,0.05511091393685239,0.10826032540675845,17885368797561154965.mp4,1.0845414025592106,provisional negative (user-reviewed thread),0.2978055625860736,c0baa27a3961cb7eccfe9ca829bce9f0,normal,14.101914217788398,4.5,7.623220104663893,-39.505203813956285,-25.403289596167888,1,-43.19302806706807,-42.46768028226384,-40.69666029044443,-37.04908297879733,-33.483104986793634,-29.895269954487503,-26.207445117807197,/b/src/336291305/17885368797561154965.mp4,-15.16590690612793,14.8971524499649,-41.23426148735615,-39.98578378332519,1.248477704030961,-40.22241473782573,,0.0,loud-start,-35.618519077320094,2.0134459921122767,0.5386493637315963,0.0,0.0,0.0,0.0,7.701585414912432e-07,0.17265723368160157,0.17265723368160157,0.23309290146015624,0.0,-10.357617997101542,0.0,-28.099439622878606,0.0,7.701585414912432e-07,0.012255950783271827,ok,False,5.1116338341604994e-08,0.0,0.0,0.0,0.0
6,437,10.0,-1.367753801901003,6.871612987512455,1.2778917531372045,-9.688472130956564,-53.03441440173946,0.40846278493667043,-7.304788583391586,-1.367753801901003,8.569993264228017,8.432181475372694,8.853614502610334,8.551206869822963,7.740334614383407,normal,13.931583747168688,transition,0.0,transition,6.8266875,3.25,-16.99326071434815,-47.75218283804767,0.0,0.0,-35.229515075683594,0.0,0.009724520751236537,0.04380475594493116,17885459037572474680.mp4,5.282231563691788,provisional negative (user-reviewed thread),0.32768059098049207,a93279cb3dba6d9ca89606a7469abf31,normal,4.32017268847909,3.4000000000000004,7.856846658765264,-48.68426169727445,-44.36408900879536,0,-53.567287309525796,-52.95372719952526,-49.921376330042506,-47.72409560887521,-46.736309055674894,-45.73057227270427,-44.54602221097372,/b/src/336291305/17885459037572474680.mp4,-34.434993743896484,5.6306566385217,-52.28657892828344,-46.83300103541761,5.45357789286583,-48.926051048162876,,0.0,transition,-48.36657749106517,2.0,2.641115781845894,0.0,0.0,0.0,0.0,1.7431694590094617e-08,0.24001141704841786,0.2540222694963223,0.33265223127539273,0.05,-11.179950240667713,0.0,-52.885755665587,0.0,9.67159686996663e-13,0.04188025200557215,ok,False,1.7431694590094617e-08,0.0,0.0,0.0,0.0
20,2145,10.0,0.0,0.0,0.0,-90.0,-90.0,0.0,0.0,0.0,0.0,0.0,0.0,0.0,0.0,normal,0.0,transition,0.0,transition,20.0620625,1.1,-90.0,-90.0,0.0,0.0,-90.0,0.0,0.9999999999997906,0.0,17885511715610836909.mp4,0.0,provisional negative (user-reviewed thread),0.0,9faeea0e20099534632d6e60cbf0aec8,normal,0.0,0.1,0.0,-90.0,-90.0,0,-90.0,-90.0,-90.0,-90.0,-90.0,-90.0,-90.0,/b/src/336291305/17885511715610836909.mp4,-90.0,0.0,-90.0,-90.0,0.0,-90.0,,0.0,transition,-90.0,2.0,0.0,0.0,0.0,0.0,0.0,2.904113993330004e-15,0.0,0.0,1.097135458930219e-16,0.0,-90.0,0.0,-90.0,0.0,7.419293235158119e-16,0.9999999999997906,ok,False,2.904113993330004e-15,0.0,0.0,0.0,0.0
8,2565,,,,,,,,,,,,,,,no audio,,,,,,,,,,,,,,,17884617441641085303.mp4,,provisional negative (user-reviewed thread),,80b034de2f754bbaa5d08facaf20c31d,,,,,,,0,,,,,,,,/b/src/336291305/17884617441641085303.mp4,,,,,,,,,,,,,,,,,0.0,,,,,,,,,,,no-audio,,,,,,
5,1232,,,,,,,,,,,,,,,no audio,,,,,,,,,,,,,,,17884684342561811904.mp4,,provisional negative (user-reviewed thread),,45cdcf20debd3d70865f206c9ca7012d,,,,,,,0,,,,,,,,/b/src/336291305/17884684342561811904.mp4,,,,,,,,,,,,,,,,,0.0,,,,,,,,,,,no-audio,,,,,,
8,66,,,,,,,,,,,,,,,no audio,,,,,,,,,,,,,,,17884684343213778120.mp4,,provisional negative (user-reviewed thread),,adbda347c7ebd5aa8e94966e79eee920,,,,,,,0,,,,,,,,/b/src/336291305/17884684343213778120.mp4,,,,,,,,,,,,,,,,,0.0,,,,,,,,,,,no-audio,,,,,,
3,217,,,,,,,,,,,,,,,no audio,,,,,,,,,,,,,,,17885380684842180134.mp4,,provisional negative (user-reviewed thread),,110f97a0cc77066ed24d9b4152af39d2,,,,,,,0,,,,,,,,/b/src/336291305/17885380684842180134.mp4,,,,,,,,,,,,,,,,,0.0,,,,,,,,,,,no-audio,,,,,,
7,155,,,,,,,,,,,,,,,no audio,,,,,,,,,,,,,,,17885380685003450864.mp4,,provisional negative (user-reviewed thread),,ce51f867f3abc7e3970f5f16c3be21e4,,,,,,,0,,,,,,,,/b/src/336291305/17885380685003450864.mp4,,,,,,,,,,,,,,,,,0.0,,,,,,,,,,,no-audio,,,,,,
10,486,,,,,,,,,,,,,,,no audio,,,,,,,,,,,,,,,17885385270103431550.webm,,provisional negative (user-reviewed thread),,9c6f11b5d1d9f56e123eaad312601b91,,,,,,,0,,,,,,,,/b/src/336291305/17885385270103431550.webm,,,,,,,,,,,,,,,,,0.0,,,,,,,,,,,no-audio,,,,,,
14,1303,,,,,,,,,,,,,,,no audio,,,,,,,,,,,,,,,17885458129731737836.mp4,,provisional negative (user-reviewed thread),,17e31c0670dc659c6bd164acccba7f02,,,,,,,0,,,,,,,,/b/src/336291305/17885458129731737836.mp4,,,,,,,,,,,,,,,,,0.0,,,,,,,,,,,no-audio,,,,,,
2,946,,,,,,,,,,,,,,,no audio,,,,,,,,,,,,,,,17885492490230647385.webm,,provisional negative (user-reviewed thread),,4a66597324191b1512ae6939d8fdd9fe,,,,,,,0,,,,,,,,/b/src/336291305/17885492490230647385.webm,,,,,,,,,,,,,,,,,0.0,,,,,,,,,,,no-audio,,,,,,
